Date,Close,High,Low,Open,Volume
2008-04-07,1372.54,1386.74,1369.02,1373.69,3747780000
2008-04-08,1365.54,1370.16,1360.62,1370.16,3602500000
2008-04-09,1354.49,1368.39,1349.97,1365.5,3556670000
2008-04-10,1360.55,1367.24,1350.11,1355.37,3686150000
2008-04-11,1332.83,1357.98,1331.21,1357.98,3723790000
2008-04-14,1328.32,1335.64,1326.16,1332.2,3565020000
2008-04-15,1334.43,1337.72,1324.35,1331.72,3581230000
2008-04-16,1364.71,1365.49,1337.02,1337.02,4260370000
2008-04-17,1365.56,1368.6,1357.25,1363.37,3713880000
2008-04-18,1390.33,1395.9,1369.0,1369.0,4222380000
2008-04-21,1388.17,1390.23,1379.25,1387.72,3420570000
2008-04-22,1375.94,1386.43,1369.84,1386.43,3821900000
2008-04-23,1379.93,1387.87,1372.24,1378.4,4103610000
2008-04-24,1388.82,1397.72,1371.09,1380.52,4461660000
2008-04-25,1397.84,1399.11,1379.98,1387.88,3891150000
2008-04-28,1396.37,1402.9,1394.4,1397.96,3607000000
2008-04-29,1390.94,1397.0,1386.7,1395.61,3815320000
2008-04-30,1385.59,1404.57,1384.25,1391.22,4508890000
2008-05-01,1409.34,1410.07,1383.07,1385.97,4448780000
2008-05-02,1413.9,1422.72,1406.25,1409.16,3953030000
2008-05-05,1407.49,1415.34,1404.37,1415.34,3410090000
2008-05-06,1418.26,1421.57,1397.1,1405.6,3924100000
2008-05-07,1392.57,1419.54,1391.16,1417.49,4075860000
2008-05-08,1397.68,1402.35,1389.39,1394.29,3827550000
2008-05-09,1388.28,1394.9,1384.11,1394.9,3518620000
2008-05-12,1403.58,1404.06,1386.2,1389.4,3370630000
2008-05-13,1403.04,1406.3,1396.26,1404.4,4018590000
2008-05-14,1408.66,1420.19,1405.65,1405.65,3979370000
2008-05-15,1423.57,1424.4,1406.87,1408.36,3836480000
2008-05-16,1425.35,1425.82,1414.35,1423.89,3842590000
2008-05-19,1426.63,1440.24,1421.63,1425.28,3683970000
2008-05-20,1413.4,1424.49,1409.09,1424.49,3854320000
2008-05-21,1390.71,1419.12,1388.81,1414.06,4517990000
2008-05-22,1394.35,1399.07,1390.23,1390.83,3955960000
2008-05-23,1375.93,1392.2,1373.72,1392.2,3516380000
2008-05-27,1385.35,1387.4,1373.07,1375.97,3588860000
2008-05-28,1390.84,1391.25,1378.16,1386.54,3927240000
2008-05-29,1398.26,1406.32,1388.59,1390.5,3894440000
2008-05-30,1400.38,1404.46,1398.08,1398.36,3845630000
2008-06-02,1385.67,1399.62,1377.79,1399.62,3714320000
2008-06-03,1377.65,1393.12,1370.12,1386.42,4396380000
2008-06-04,1377.2,1388.18,1371.74,1376.26,4338640000
2008-06-05,1404.05,1404.05,1377.48,1377.48,4350790000
2008-06-06,1360.68,1400.06,1359.9,1400.06,4771660000
2008-06-09,1361.76,1370.63,1350.62,1360.83,4404570000
2008-06-10,1358.44,1366.84,1351.56,1358.98,4635070000
2008-06-11,1335.49,1357.09,1335.47,1357.09,4779980000
2008-06-12,1339.87,1353.03,1331.29,1335.78,4734240000
2008-06-13,1360.03,1360.03,1341.71,1341.81,4080420000
2008-06-16,1360.14,1364.7,1352.07,1358.85,3706940000
2008-06-17,1350.93,1366.59,1350.54,1360.71,3801960000
2008-06-18,1337.81,1349.59,1333.4,1349.59,4573570000
2008-06-19,1342.83,1347.66,1330.5,1336.89,4811670000
2008-06-20,1317.93,1341.02,1314.46,1341.02,5324900000
2008-06-23,1318.0,1323.78,1315.31,1319.77,4186370000
2008-06-24,1314.29,1326.02,1304.42,1317.23,4705050000
2008-06-25,1321.97,1335.63,1314.54,1314.54,4825640000
2008-06-26,1283.15,1316.29,1283.15,1316.29,5231280000
2008-06-27,1278.38,1289.45,1272.0,1283.6,6208260000
2008-06-30,1280.0,1290.31,1274.86,1278.06,5032330000
2008-07-01,1284.91,1285.31,1260.68,1276.69,5846290000
2008-07-02,1261.52,1292.17,1261.51,1285.82,5276090000
2008-07-03,1262.9,1271.48,1252.01,1262.96,3247590000
2008-07-07,1252.31,1273.95,1240.68,1262.9,5265420000
2008-07-08,1273.7,1274.17,1242.84,1251.84,6034110000
2008-07-09,1244.69,1277.36,1244.57,1273.38,5181000000
2008-07-10,1253.39,1257.65,1236.76,1245.25,5840430000
2008-07-11,1239.49,1257.27,1225.35,1248.66,6742200000
2008-07-14,1228.3,1253.5,1225.01,1241.61,5434860000
2008-07-15,1214.91,1234.35,1200.44,1226.83,7363640000
2008-07-16,1245.36,1245.52,1211.39,1214.65,6738630000
2008-07-17,1260.32,1262.31,1241.49,1246.31,7365210000
2008-07-18,1260.68,1262.23,1251.81,1258.22,5653280000
2008-07-21,1260.0,1267.74,1255.7,1261.82,4630640000
2008-07-22,1277.0,1277.42,1248.83,1257.08,6180230000
2008-07-23,1282.19,1291.17,1276.06,1278.87,6705830000
2008-07-24,1252.54,1283.22,1251.48,1283.22,6127980000
2008-07-25,1257.76,1263.23,1251.75,1253.51,4672560000
2008-07-28,1234.37,1260.09,1234.37,1257.76,4282960000
2008-07-29,1263.2,1263.2,1236.38,1236.38,5414240000
2008-07-30,1284.26,1284.33,1264.52,1264.52,5631330000
2008-07-31,1267.38,1284.93,1265.97,1281.37,5346050000
2008-08-01,1260.31,1270.52,1254.54,1269.42,4684870000
2008-08-04,1249.01,1260.49,1247.45,1253.27,4562280000
2008-08-05,1284.88,1284.88,1254.67,1254.87,1219310000
2008-08-06,1289.19,1291.67,1276.0,1283.99,4873420000
2008-08-07,1266.07,1286.51,1264.29,1286.51,5319380000
2008-08-08,1296.32,1297.85,1262.11,1266.29,4966810000
2008-08-11,1305.32,1313.15,1291.41,1294.42,5067310000
2008-08-12,1289.59,1304.79,1285.64,1304.79,4711290000
2008-08-13,1285.83,1294.03,1274.86,1288.64,4787600000
2008-08-14,1292.93,1300.11,1276.84,1282.11,4064000000
2008-08-15,1298.2,1302.05,1290.74,1293.85,4041820000
2008-08-18,1278.6,1300.22,1274.51,1298.14,3829290000
2008-08-19,1266.69,1276.65,1263.11,1276.65,4159760000
2008-08-20,1274.54,1276.01,1261.16,1267.34,4555030000
2008-08-21,1277.72,1281.4,1265.22,1271.07,4032590000
2008-08-22,1292.2,1293.09,1277.59,1277.59,3741070000
2008-08-25,1266.84,1290.47,1264.87,1290.47,3420600000
2008-08-26,1271.51,1275.65,1263.21,1267.03,3587570000
2008-08-27,1281.66,1285.05,1270.03,1271.29,3499610000
2008-08-28,1300.68,1300.68,1283.79,1283.79,3854280000
2008-08-29,1282.83,1297.59,1282.74,1296.49,3288120000
2008-09-02,1277.58,1303.04,1272.2,1287.83,4783560000
2008-09-03,1274.98,1280.6,1265.59,1276.61,5056980000
2008-09-04,1236.83,1271.8,1232.83,1271.8,5212500000
2008-09-05,1242.31,1244.94,1217.23,1233.21,5017080000
2008-09-08,1267.79,1274.42,1247.12,1249.5,7351340000
2008-09-09,1224.51,1268.66,1224.51,1267.98,7380630000
2008-09-10,1232.04,1243.9,1221.6,1227.5,6543440000
2008-09-11,1249.05,1249.98,1211.54,1229.04,6869250000
2008-09-12,1251.7,1255.09,1233.81,1245.88,6273260000
2008-09-15,1192.7,1250.92,1192.7,1250.92,8279510000
2008-09-16,1213.6,1214.84,1169.28,1188.31,9459830000
2008-09-17,1156.39,1210.34,1155.88,1210.34,9431870000
2008-09-18,1206.51,1211.14,1133.5,1157.08,10082690000
2008-09-19,1255.08,1265.12,1213.11,1213.11,9387170000
2008-09-22,1207.09,1255.37,1205.61,1255.37,5368130000
2008-09-23,1188.22,1221.15,1187.06,1207.61,5185730000
2008-09-24,1185.87,1197.41,1179.79,1188.79,4820360000
2008-09-25,1209.18,1220.03,1187.87,1187.87,5877640000
2008-09-26,1213.27,1215.77,1187.54,1204.47,5383610000
2008-09-29,1106.42,1209.07,1106.42,1209.07,7305060000
2008-09-30,1166.36,1168.03,1113.78,1113.78,4937680000
2008-10-01,1161.06,1167.03,1140.77,1164.17,5782130000
2008-10-02,1114.28,1160.64,1111.43,1160.64,6285640000
2008-10-03,1099.23,1153.82,1098.14,1115.16,6716120000
2008-10-06,1056.89,1097.56,1007.97,1097.56,7956020000
2008-10-07,996.23,1072.91,996.23,1057.6,7069210000
2008-10-08,984.94,1021.06,970.97,988.91,8716330000
2008-10-09,909.92,1005.25,909.19,988.42,6819000000
2008-10-10,899.22,936.36,839.8,902.31,11456230000
2008-10-13,1003.35,1006.93,912.75,912.75,7263370000
2008-10-14,998.01,1044.31,972.07,1009.97,8161990000
2008-10-15,907.84,994.6,903.99,994.6,6542330000
2008-10-16,946.43,947.71,865.83,909.53,7984500000
2008-10-17,940.55,984.64,918.74,942.29,6581780000
2008-10-20,985.4,985.4,943.51,943.51,5175640000
2008-10-21,955.05,985.44,952.47,980.4,5121830000
2008-10-22,896.78,951.67,875.81,951.67,6147980000
2008-10-23,908.11,922.83,858.44,899.08,7189900000
2008-10-24,876.77,896.3,852.85,895.22,6550050000
2008-10-27,848.92,893.78,846.75,874.28,5558050000
2008-10-28,940.51,940.51,845.27,848.92,7096950000
2008-10-29,930.09,969.97,922.26,939.51,7077800000
2008-10-30,954.09,963.23,928.5,939.38,6175830000
2008-10-31,968.75,984.38,944.59,953.11,6394350000
2008-11-03,966.3,975.57,958.82,968.67,4492280000
2008-11-04,1005.75,1007.51,971.31,971.31,5531290000
2008-11-05,952.77,1001.84,949.86,1001.84,5426640000
2008-11-06,904.88,952.4,899.73,952.4,6102230000
2008-11-07,930.99,931.46,906.9,907.44,4931640000
2008-11-10,919.21,951.95,907.47,936.75,4572000000
2008-11-11,898.95,917.15,884.9,917.15,4998340000
2008-11-12,852.3,893.39,850.48,893.39,5764180000
2008-11-13,911.29,913.01,818.69,853.13,7849120000
2008-11-14,873.29,916.88,869.88,904.36,5881030000
2008-11-17,850.75,882.29,848.98,873.23,4927490000
2008-11-18,859.12,865.9,826.84,852.34,6679470000
2008-11-19,806.58,864.57,806.18,859.03,6548600000
2008-11-20,752.44,820.52,747.78,805.87,9093740000
2008-11-21,800.03,801.2,741.02,755.84,9495900000
2008-11-24,851.81,865.6,801.2,801.2,7879440000
2008-11-25,857.39,868.94,834.99,853.4,6952700000
2008-11-26,887.68,887.68,841.37,852.9,5793260000
2008-11-28,896.24,896.25,881.21,886.89,2740860000
2008-12-01,816.21,888.61,815.69,888.61,6052010000
2008-12-02,848.81,850.54,817.94,817.94,6170100000
2008-12-03,870.74,873.12,827.6,843.6,6221880000
2008-12-04,845.22,875.6,833.6,869.75,5860390000
2008-12-05,876.07,879.42,818.41,844.43,6165370000
2008-12-08,909.7,918.57,882.71,882.71,6553600000
2008-12-09,888.67,916.26,885.38,906.48,5693110000
2008-12-10,899.24,908.27,885.45,892.17,5942130000
2008-12-11,873.59,904.63,868.73,898.35,5513840000
2008-12-12,879.73,883.24,851.35,871.79,5959590000
2008-12-15,868.57,884.63,857.72,881.07,4982390000
2008-12-16,913.18,914.66,871.53,871.53,6009780000
2008-12-17,904.42,918.85,895.94,908.16,5907380000
2008-12-18,885.28,911.02,877.44,905.98,5675000000
2008-12-19,887.88,905.47,883.02,886.96,6705310000
2008-12-22,871.63,887.37,857.09,887.2,4869850000
2008-12-23,863.16,880.44,860.1,874.31,4051970000
2008-12-24,868.15,869.79,861.44,863.87,1546550000
2008-12-26,872.8,873.74,866.52,869.51,1880050000
2008-12-29,869.42,873.7,857.07,872.37,3323430000
2008-12-30,890.64,891.12,870.58,870.58,3627800000
2008-12-31,903.25,910.32,889.67,890.59,4172940000
2009-01-02,931.8,934.73,899.35,902.99,4048270000
2009-01-05,927.45,936.63,919.53,929.17,5413910000
2009-01-06,934.7,943.85,927.28,931.17,5392620000
2009-01-07,906.65,927.45,902.37,927.45,4704940000
2009-01-08,909.73,910.0,896.81,905.73,4991550000
2009-01-09,890.35,911.93,888.31,909.91,4716500000
2009-01-12,870.26,890.4,864.32,890.4,4725050000
2009-01-13,871.79,877.02,862.02,869.79,5567460000
2009-01-14,842.62,867.28,836.93,867.28,5407880000
2009-01-15,843.74,851.59,817.04,841.99,7807350000
2009-01-16,850.12,858.13,830.66,844.45,6786040000
2009-01-20,805.22,849.64,804.47,849.64,6375230000
2009-01-21,840.24,841.72,804.3,806.77,6467830000
2009-01-22,827.5,839.74,811.29,839.74,5843830000
2009-01-23,831.95,838.61,806.07,822.16,5832160000
2009-01-26,836.57,852.53,827.69,832.5,6039940000
2009-01-27,845.71,850.45,835.4,837.3,5353260000
2009-01-28,874.09,877.86,845.73,845.73,6199180000
2009-01-29,845.14,868.89,844.15,868.89,5067060000
2009-01-30,825.88,851.66,821.67,845.69,5350580000
2009-02-02,825.44,830.78,812.87,823.09,5673270000
2009-02-03,838.51,842.6,821.98,825.69,5886310000
2009-02-04,832.23,851.85,829.18,837.77,6420450000
2009-02-05,845.85,850.55,819.91,831.75,6624030000
2009-02-06,868.6,870.75,845.42,846.09,6484100000
2009-02-09,869.89,875.01,861.65,868.24,5574370000
2009-02-10,827.16,868.05,822.99,866.87,6770170000
2009-02-11,833.74,838.22,822.3,827.41,5926460000
2009-02-12,835.19,835.48,808.06,829.91,6476460000
2009-02-13,826.84,839.43,825.21,833.95,5296650000
2009-02-17,789.17,818.61,789.17,818.61,5907820000
2009-02-18,788.42,796.17,780.43,791.06,5740710000
2009-02-19,778.94,797.58,777.03,787.91,5746940000
2009-02-20,770.05,778.69,754.25,775.87,8210590000
2009-02-23,743.33,777.85,742.37,773.25,6509300000
2009-02-24,773.14,775.49,744.69,744.69,7234490000
2009-02-25,764.9,780.12,752.89,770.64,7483640000
2009-02-26,752.83,779.42,751.75,765.76,7599970000
2009-02-27,735.09,751.27,734.52,749.93,8926480000
2009-03-02,700.82,729.57,699.7,729.57,7868290000
2009-03-03,696.33,711.67,692.3,704.44,7583230000
2009-03-04,712.87,724.12,698.6,698.6,7673620000
2009-03-05,682.55,708.27,677.93,708.27,7507250000
2009-03-06,683.38,699.09,666.79,684.04,7331830000
2009-03-09,676.53,695.27,672.88,680.76,7277320000
2009-03-10,719.6,719.6,679.28,679.28,8618330000
2009-03-11,721.36,731.92,713.85,719.59,7287810000
2009-03-12,750.74,752.63,714.76,720.89,7326630000
2009-03-13,756.55,758.29,742.46,751.97,6787090000
2009-03-16,753.89,774.53,753.37,758.84,7883540000
2009-03-17,778.12,778.12,749.93,753.88,6156800000
2009-03-18,794.35,803.04,765.64,776.01,9098450000
2009-03-19,784.04,803.24,781.82,797.92,9033870000
2009-03-20,768.54,788.91,766.2,784.58,7643720000
2009-03-23,822.92,823.37,772.31,772.31,7715770000
2009-03-24,806.12,823.65,805.48,820.6,6767980000
2009-03-25,813.88,826.78,791.37,806.81,7687180000
2009-03-26,832.86,832.98,814.06,814.06,6992960000
2009-03-27,815.94,828.68,813.43,828.68,5600210000
2009-03-30,787.53,809.07,779.81,809.07,5912660000
2009-03-31,797.87,810.48,790.88,790.88,6089100000
2009-04-01,811.08,813.62,783.32,793.59,6034140000
2009-04-02,834.38,845.61,814.53,814.53,7542810000
2009-04-03,842.5,842.5,826.7,835.13,5855640000
2009-04-06,835.48,839.75,822.79,839.75,6210000000
2009-04-07,815.55,834.12,814.53,834.12,5155580000
2009-04-08,825.16,828.42,814.84,816.76,5938460000
2009-04-09,856.56,856.91,829.29,829.29,7600710000
2009-04-13,858.73,864.31,845.35,855.33,6434890000
2009-04-14,841.5,856.88,840.25,856.88,7569840000
2009-04-15,852.06,852.93,835.58,839.44,6241100000
2009-04-16,865.3,870.35,847.04,854.54,6598670000
2009-04-17,869.6,875.63,860.87,865.18,7352010000
2009-04-20,832.39,868.27,832.39,868.27,6973960000
2009-04-21,850.08,850.09,826.83,831.25,7436490000
2009-04-22,843.55,861.78,840.57,847.26,7327860000
2009-04-23,851.92,852.87,835.45,844.62,6563100000
2009-04-24,866.23,871.8,853.91,853.91,7114440000
2009-04-27,857.51,868.83,854.65,862.82,5613460000
2009-04-28,855.16,864.48,847.12,854.48,6328000000
2009-04-29,873.64,882.06,856.85,856.85,6101620000
2009-04-30,872.81,888.7,868.51,876.59,6862540000
2009-05-01,877.52,880.48,866.1,872.74,5312170000
2009-05-04,907.24,907.85,879.21,879.21,7038840000
2009-05-05,903.8,907.7,897.34,906.1,6882860000
2009-05-06,919.53,920.28,903.95,903.95,8555040000
2009-05-07,907.39,929.58,901.36,919.58,9120100000
2009-05-08,929.23,930.17,909.03,909.03,8163280000
2009-05-11,909.24,922.99,908.68,922.99,6150600000
2009-05-12,908.35,915.57,896.46,910.52,6871750000
2009-05-13,883.92,905.4,882.8,905.4,7091820000
2009-05-14,893.07,898.36,882.52,884.24,6134870000
2009-05-15,882.88,896.97,878.94,892.76,5439720000
2009-05-18,909.71,910.0,886.07,886.07,5702150000
2009-05-19,908.13,916.39,905.22,909.67,6616270000
2009-05-20,903.47,924.6,901.37,908.62,8205060000
2009-05-21,888.33,900.42,879.61,900.42,6019840000
2009-05-22,887.0,896.65,883.75,888.68,5155320000
2009-05-26,910.33,911.76,881.46,887.0,5667050000
2009-05-27,893.06,913.84,891.87,909.95,5698800000
2009-05-28,906.83,909.45,887.6,892.96,5738980000
2009-05-29,919.14,920.02,903.56,907.02,6050420000
2009-06-01,942.87,947.77,923.26,923.26,6370440000
2009-06-02,944.74,949.38,938.46,942.87,5987340000
2009-06-03,931.76,942.51,923.85,942.51,5323770000
2009-06-04,942.46,942.47,929.32,932.49,5352890000
2009-06-05,940.09,951.69,934.13,945.67,5277910000
2009-06-08,939.14,946.33,926.44,938.12,4483430000
2009-06-09,942.43,946.92,936.15,940.35,4439950000
2009-06-10,939.15,949.77,927.97,942.73,5379420000
2009-06-11,944.89,956.23,939.04,939.04,5500840000
2009-06-12,946.21,946.3,935.66,943.44,4528120000
2009-06-15,923.72,942.45,919.65,942.45,4697880000
2009-06-16,911.97,928.0,911.6,925.6,4951200000
2009-06-17,910.71,918.44,903.78,911.89,5523650000
2009-06-18,918.37,921.93,907.94,910.86,4684010000
2009-06-19,921.23,927.09,915.8,919.96,5713390000
2009-06-22,893.04,918.13,893.04,918.13,4903940000
2009-06-23,895.1,898.69,888.86,893.46,5071020000
2009-06-24,900.94,910.85,896.31,896.31,4636720000
2009-06-25,920.26,921.42,896.27,899.45,4911240000
2009-06-26,918.9,922.0,913.03,918.84,6076660000
2009-06-29,927.23,927.99,916.18,919.86,4211760000
2009-06-30,919.32,930.01,912.86,927.15,4627570000
2009-07-01,923.33,931.92,920.82,920.82,3919400000
2009-07-02,896.42,921.24,896.42,921.24,3931000000
2009-07-06,898.72,898.72,886.36,894.27,4712580000
2009-07-07,881.03,898.6,879.93,898.6,4673300000
2009-07-08,879.56,886.8,869.32,881.9,5721780000
2009-07-09,882.68,887.86,878.45,881.28,4347170000
2009-07-10,879.13,883.57,872.81,880.03,3912080000
2009-07-13,901.05,901.05,875.32,879.57,4499440000
2009-07-14,905.84,905.84,896.5,900.77,4149030000
2009-07-15,932.68,933.95,910.15,910.15,5238830000
2009-07-16,940.74,943.96,927.45,930.17,4898640000
2009-07-17,940.38,941.89,934.65,940.56,5141380000
2009-07-20,951.13,951.62,940.99,942.07,4853150000
2009-07-21,954.58,956.53,943.22,951.97,5309300000
2009-07-22,954.07,959.83,947.75,953.4,4634100000
2009-07-23,976.29,979.42,953.27,954.07,5761650000
2009-07-24,979.26,979.79,965.95,972.16,4458300000
2009-07-27,982.18,982.49,972.29,978.63,4631290000
2009-07-28,979.62,982.35,969.35,981.48,5490350000
2009-07-29,975.15,977.76,968.65,977.66,5178770000
2009-07-30,986.75,996.68,976.01,976.01,6035180000
2009-07-31,987.48,993.18,982.85,986.8,5139070000
2009-08-03,1002.63,1003.61,990.22,990.22,5603440000
2009-08-04,1005.65,1007.12,996.68,1001.41,5713700000
2009-08-05,1002.72,1006.64,994.31,1005.41,7242120000
2009-08-06,997.08,1008.0,992.49,1004.06,6753380000
2009-08-07,1010.48,1018.0,999.83,999.83,6827090000
2009-08-10,1007.1,1010.12,1000.99,1008.89,5406080000
2009-08-11,994.35,1005.77,992.4,1005.77,5773160000
2009-08-12,1005.81,1012.78,993.36,994.0,5498170000
2009-08-13,1012.73,1013.14,1000.82,1005.86,5250660000
2009-08-14,1004.09,1012.6,994.6,1012.23,4940750000
2009-08-17,979.73,998.18,978.51,998.18,4088570000
2009-08-18,989.67,991.2,980.62,980.62,4198970000
2009-08-19,996.46,999.61,980.62,986.88,4257000000
2009-08-20,1007.37,1008.92,996.39,996.41,4893160000
2009-08-21,1026.13,1027.59,1009.06,1009.06,5885550000
2009-08-24,1025.57,1035.82,1022.48,1026.59,6302450000
2009-08-25,1028.0,1037.75,1026.21,1026.63,5768740000
2009-08-26,1028.12,1032.47,1021.57,1027.35,5080060000
2009-08-27,1030.98,1033.33,1016.2,1027.81,5785880000
2009-08-28,1028.93,1039.47,1023.13,1031.62,5785780000
2009-08-31,1020.62,1025.21,1014.62,1025.21,5004560000
2009-09-01,998.04,1028.45,996.28,1019.52,6862360000
2009-09-02,994.75,1000.34,991.97,996.07,5842730000
2009-09-03,1003.24,1003.43,992.25,996.12,4624280000
2009-09-04,1016.4,1016.48,1001.65,1003.84,4097370000
2009-09-08,1025.39,1026.07,1018.67,1018.67,5235160000
2009-09-09,1033.37,1036.34,1023.97,1025.36,5202550000
2009-09-10,1044.14,1044.14,1028.04,1032.99,5191380000
2009-09-11,1042.73,1048.18,1038.4,1043.92,4922600000
2009-09-14,1049.34,1049.74,1035.0,1040.15,4979610000
2009-09-15,1052.63,1056.04,1043.42,1049.03,6185620000
2009-09-16,1068.76,1068.76,1052.87,1053.99,6793530000
2009-09-17,1065.49,1074.77,1061.2,1067.87,6668110000
2009-09-18,1068.3,1071.52,1064.27,1066.6,5607970000
2009-09-21,1064.66,1067.28,1057.46,1067.14,4615280000
2009-09-22,1071.66,1073.81,1066.35,1066.35,5246600000
2009-09-23,1060.87,1080.15,1060.39,1072.69,5531930000
2009-09-24,1050.78,1066.29,1045.85,1062.56,5505610000
2009-09-25,1044.38,1053.47,1041.17,1049.48,4507090000
2009-09-28,1062.98,1065.13,1045.38,1045.38,3726950000
2009-09-29,1060.61,1069.62,1057.83,1063.69,4949900000
2009-09-30,1057.08,1063.4,1046.47,1061.02,5998860000
2009-10-01,1029.85,1054.91,1029.45,1054.91,5791450000
2009-10-02,1025.21,1030.6,1019.95,1029.71,5583240000
2009-10-05,1040.46,1042.58,1025.92,1026.87,4313310000
2009-10-06,1054.72,1060.55,1042.02,1042.02,5029840000
2009-10-07,1057.58,1058.02,1050.1,1053.65,4238220000
2009-10-08,1065.48,1070.67,1060.03,1060.03,4988400000
2009-10-09,1071.49,1071.51,1063.0,1065.28,3763780000
2009-10-12,1076.19,1079.46,1071.63,1071.63,3710430000
2009-10-13,1073.19,1075.3,1066.71,1074.96,4320480000
2009-10-14,1092.02,1093.17,1078.68,1078.68,5406420000
2009-10-15,1096.56,1096.56,1086.41,1090.36,5369780000
2009-10-16,1087.68,1094.67,1081.53,1094.67,4894740000
2009-10-19,1097.91,1100.17,1086.48,1088.22,4619240000
2009-10-20,1091.06,1098.64,1086.16,1098.64,5396930000
2009-10-21,1081.4,1101.36,1080.77,1090.36,5616290000
2009-10-22,1092.91,1095.21,1074.31,1080.96,5192410000
2009-10-23,1079.6,1095.83,1075.49,1095.62,4767460000
2009-10-26,1066.95,1091.75,1065.23,1080.36,6363380000
2009-10-27,1063.41,1072.48,1060.62,1067.54,5337380000
2009-10-28,1042.63,1063.26,1042.19,1061.51,6600350000
2009-10-29,1066.11,1066.83,1043.69,1043.69,5595040000
2009-10-30,1036.19,1065.41,1033.38,1065.41,6512420000
2009-11-02,1042.88,1052.18,1029.38,1036.18,6202640000
2009-11-03,1045.41,1046.36,1033.94,1040.92,5487500000
2009-11-04,1046.5,1061.0,1045.15,1047.14,5635510000
2009-11-05,1066.63,1066.65,1047.3,1047.3,4848350000
2009-11-06,1069.3,1071.48,1059.32,1064.95,4277130000
2009-11-09,1093.08,1093.19,1072.31,1072.31,4460030000
2009-11-10,1093.01,1096.42,1087.4,1091.86,4394770000
2009-11-11,1098.51,1105.37,1093.81,1096.04,4286700000
2009-11-12,1087.24,1101.97,1084.9,1098.31,4160250000
2009-11-13,1093.48,1097.79,1085.33,1087.59,3792610000
2009-11-16,1109.3,1113.69,1094.13,1094.13,4565850000
2009-11-17,1110.32,1110.52,1102.19,1109.22,3824070000
2009-11-18,1109.8,1111.1,1102.7,1109.44,4293340000
2009-11-19,1094.9,1106.44,1088.4,1106.44,4178030000
2009-11-20,1091.38,1094.66,1086.81,1094.66,3751230000
2009-11-23,1106.24,1112.38,1094.86,1094.86,3827920000
2009-11-24,1105.65,1107.56,1097.63,1105.83,3700820000
2009-11-25,1110.63,1111.18,1104.75,1106.49,3036350000
2009-11-27,1091.49,1105.47,1083.74,1105.47,2362910000
2009-11-30,1095.63,1097.24,1086.25,1091.07,3895520000
2009-12-01,1108.86,1112.28,1098.89,1098.89,4249310000
2009-12-02,1109.24,1115.58,1105.29,1109.03,3941340000
2009-12-03,1099.92,1117.28,1098.74,1110.59,4810030000
2009-12-04,1105.98,1119.13,1096.52,1100.43,5781140000
2009-12-07,1103.25,1110.72,1100.83,1105.52,4103360000
2009-12-08,1091.94,1103.04,1088.61,1103.04,4748030000
2009-12-09,1095.95,1097.04,1085.89,1091.07,4115410000
2009-12-10,1102.35,1106.25,1098.69,1098.69,3996490000
2009-12-11,1106.41,1108.5,1101.34,1103.96,3791090000
2009-12-14,1114.11,1114.76,1107.84,1107.84,4548490000
2009-12-15,1107.93,1114.11,1105.35,1114.11,5045100000
2009-12-16,1109.18,1116.21,1107.96,1108.61,4829820000
2009-12-17,1096.08,1106.36,1095.88,1106.36,7615070000
2009-12-18,1102.47,1103.74,1093.88,1097.86,6325890000
2009-12-21,1114.05,1117.68,1105.31,1105.31,3977340000
2009-12-22,1118.02,1120.27,1114.51,1114.51,3641130000
2009-12-23,1120.59,1121.58,1116.0,1118.84,3166870000
2009-12-24,1126.48,1126.48,1121.08,1121.08,1267710000
2009-12-28,1127.78,1130.38,1123.51,1127.53,2716400000
2009-12-29,1126.2,1130.38,1126.08,1128.55,2491020000
2009-12-30,1126.42,1126.42,1121.94,1125.53,2277300000
2009-12-31,1115.1,1127.64,1114.81,1126.6,2076990000
2010-01-04,1132.99,1133.87,1116.56,1116.56,3991400000
2010-01-05,1136.52,1136.63,1129.66,1132.66,2491020000
2010-01-06,1137.14,1139.19,1133.95,1135.71,4972660000
2010-01-07,1141.69,1142.46,1131.32,1136.27,5270680000
2010-01-08,1144.98,1145.39,1136.22,1140.52,4389590000
2010-01-11,1146.98,1149.74,1142.02,1145.96,4255780000
2010-01-12,1136.22,1143.81,1131.77,1143.81,4716160000
2010-01-13,1145.68,1148.4,1133.18,1137.31,4170360000
2010-01-14,1148.46,1150.41,1143.8,1145.68,3915200000
2010-01-15,1136.03,1147.77,1131.39,1147.72,4758730000
2010-01-19,1150.23,1150.45,1135.77,1136.03,4724830000
2010-01-20,1138.04,1147.95,1129.25,1147.95,4810560000
2010-01-21,1116.48,1141.58,1114.84,1138.68,6874290000
2010-01-22,1091.76,1115.49,1090.18,1115.49,6208650000
2010-01-25,1096.78,1102.97,1092.4,1092.4,4481390000
2010-01-26,1092.17,1103.69,1089.86,1095.8,4731910000
2010-01-27,1097.5,1099.51,1083.11,1091.94,5319120000
2010-01-28,1084.53,1100.22,1078.46,1096.93,5452400000
2010-01-29,1073.87,1096.45,1071.59,1087.61,5412850000
2010-02-01,1089.19,1089.38,1073.89,1073.89,4077610000
2010-02-02,1103.32,1104.73,1087.96,1090.05,4749540000
2010-02-03,1097.28,1102.72,1093.97,1100.67,4285450000
2010-02-04,1063.11,1097.25,1062.78,1097.25,5859690000
2010-02-05,1066.19,1067.13,1044.5,1064.12,6438900000
2010-02-08,1056.74,1071.2,1056.51,1065.51,4089820000
2010-02-09,1070.52,1079.28,1060.06,1060.06,5114260000
2010-02-10,1068.13,1073.67,1059.34,1069.68,4251450000
2010-02-11,1078.47,1080.04,1060.59,1067.1,4400870000
2010-02-12,1075.51,1077.81,1062.97,1075.95,4160680000
2010-02-16,1094.87,1095.67,1079.13,1079.13,4080770000
2010-02-17,1099.51,1101.03,1094.72,1096.14,4259230000
2010-02-18,1106.75,1108.24,1097.48,1099.03,3878620000
2010-02-19,1109.17,1112.42,1100.8,1105.49,3944280000
2010-02-22,1108.01,1112.29,1105.38,1110.0,3814440000
2010-02-23,1094.6,1108.58,1092.18,1107.49,4521050000
2010-02-24,1105.24,1106.42,1095.5,1095.89,4168360000
2010-02-25,1102.94,1103.5,1086.02,1101.24,4521130000
2010-02-26,1104.49,1107.24,1097.56,1103.1,3945190000
2010-03-01,1115.71,1116.11,1105.36,1105.36,3847640000
2010-03-02,1118.31,1123.46,1116.51,1117.01,4134680000
2010-03-03,1118.79,1125.64,1116.58,1119.36,3951320000
2010-03-04,1122.97,1123.73,1116.66,1119.12,3945010000
2010-03-05,1138.7,1139.38,1125.12,1125.12,4133000000
2010-03-08,1138.5,1141.05,1136.77,1138.4,3774680000
2010-03-09,1140.45,1145.37,1134.9,1137.56,5185570000
2010-03-10,1145.61,1148.26,1140.09,1140.22,5469120000
2010-03-11,1150.24,1150.24,1138.99,1143.96,4669060000
2010-03-12,1149.99,1153.41,1146.97,1151.71,4928160000
2010-03-15,1150.51,1150.98,1141.45,1148.53,4164110000
2010-03-16,1159.46,1160.28,1150.35,1150.83,4369770000
2010-03-17,1166.21,1169.84,1159.94,1159.94,4963200000
2010-03-18,1165.83,1167.77,1161.16,1166.13,4234510000
2010-03-19,1159.9,1169.2,1155.33,1166.68,5212410000
2010-03-22,1165.81,1167.82,1152.88,1157.25,4261680000
2010-03-23,1174.17,1174.72,1163.83,1166.47,4411640000
2010-03-24,1167.72,1173.04,1166.01,1172.7,4705750000
2010-03-25,1165.73,1180.69,1165.09,1170.03,5668900000
2010-03-26,1166.59,1173.93,1161.48,1167.58,4708420000
2010-03-29,1173.22,1174.85,1167.71,1167.71,4375580000
2010-03-30,1173.27,1177.83,1168.92,1173.75,4085000000
2010-03-31,1169.43,1174.56,1165.77,1171.75,4484340000
2010-04-01,1178.1,1181.43,1170.69,1171.23,4006870000
2010-04-05,1187.44,1187.73,1178.71,1178.71,3881620000
2010-04-06,1189.44,1191.8,1182.77,1186.01,4086180000
2010-04-07,1182.45,1189.6,1177.25,1188.23,5101430000
2010-04-08,1186.44,1188.55,1175.12,1181.75,4726970000
2010-04-09,1194.37,1194.66,1187.15,1187.47,4511570000
2010-04-12,1196.48,1199.2,1194.71,1194.94,4607090000
2010-04-13,1197.3,1199.04,1188.82,1195.94,5403580000
2010-04-14,1210.65,1210.65,1198.69,1198.69,5760040000
2010-04-15,1211.67,1213.92,1208.5,1210.77,5995330000
2010-04-16,1192.13,1210.17,1186.77,1210.17,8108470000
2010-04-19,1197.52,1197.87,1183.68,1192.06,6597740000
2010-04-20,1207.17,1208.58,1199.04,1199.04,5316590000
2010-04-21,1205.94,1210.99,1198.85,1207.16,5724310000
2010-04-22,1208.67,1210.27,1190.19,1202.52,6035780000
2010-04-23,1217.28,1217.28,1205.1,1207.87,5326060000
2010-04-26,1212.05,1219.8,1211.07,1217.07,5647760000
2010-04-27,1183.71,1211.38,1181.62,1209.92,7454540000
2010-04-28,1191.36,1195.05,1181.81,1184.59,6342310000
2010-04-29,1206.78,1209.36,1193.3,1193.3,6059410000
2010-04-30,1186.69,1207.99,1186.32,1206.77,6048260000
2010-05-03,1202.26,1205.13,1188.58,1188.58,4938050000
2010-05-04,1173.6,1197.5,1168.12,1197.5,6594720000
2010-05-05,1165.87,1175.95,1158.15,1169.24,6795940000
2010-05-06,1128.15,1167.58,1065.79,1164.38,10617810000
2010-05-07,1110.88,1135.13,1094.15,1127.04,9472910000
2010-05-10,1159.73,1163.85,1122.27,1122.27,6893700000
2010-05-11,1155.79,1170.48,1147.71,1156.39,5842550000
2010-05-12,1171.67,1172.87,1155.43,1155.43,5225460000
2010-05-13,1157.44,1173.57,1156.14,1170.04,4870640000
2010-05-14,1135.68,1157.19,1126.14,1157.19,6126400000
2010-05-17,1136.94,1141.88,1114.96,1136.52,5922920000
2010-05-18,1120.8,1148.66,1117.2,1138.78,6170840000
2010-05-19,1115.05,1124.27,1100.66,1119.57,6765800000
2010-05-20,1071.59,1107.34,1071.58,1107.34,8328570000
2010-05-21,1087.69,1090.16,1055.9,1067.26,5452130000
2010-05-24,1073.65,1089.95,1072.7,1084.78,5224040000
2010-05-25,1074.03,1074.75,1040.78,1067.42,7329580000
2010-05-26,1067.95,1090.75,1065.59,1075.51,4521050000
2010-05-27,1103.06,1103.52,1074.27,1074.27,5698460000
2010-05-28,1089.41,1102.59,1084.78,1102.59,4871210000
2010-06-01,1070.71,1094.77,1069.89,1087.3,5271480000
2010-06-02,1098.38,1098.56,1072.03,1073.01,5026360000
2010-06-03,1102.83,1105.67,1091.81,1098.82,4995970000
2010-06-04,1064.88,1098.43,1060.5,1098.43,6180580000
2010-06-07,1050.47,1071.36,1049.86,1065.84,5467560000
2010-06-08,1062.0,1063.15,1042.17,1050.81,6192750000
2010-06-09,1055.69,1077.74,1052.25,1062.75,5983200000
2010-06-10,1086.84,1087.85,1058.77,1058.77,5144780000
2010-06-11,1091.6,1092.25,1077.12,1082.65,4059280000
2010-06-14,1089.63,1105.91,1089.03,1095.0,4425830000
2010-06-15,1115.23,1115.59,1091.21,1091.21,4644490000
2010-06-16,1114.61,1118.74,1107.13,1114.02,5002600000
2010-06-17,1116.04,1117.72,1105.87,1115.98,4557760000
2010-06-18,1117.51,1121.01,1113.93,1116.16,4555360000
2010-06-21,1113.2,1131.23,1108.24,1122.79,4514360000
2010-06-22,1095.31,1118.5,1094.18,1113.9,4514380000
2010-06-23,1092.04,1099.64,1085.31,1095.57,4526150000
2010-06-24,1073.69,1090.93,1071.6,1090.93,4814830000
2010-06-25,1076.76,1083.56,1067.89,1075.1,5128840000
2010-06-28,1074.57,1082.6,1071.45,1077.5,3896410000
2010-06-29,1041.24,1071.1,1035.18,1071.1,6136700000
2010-06-30,1030.71,1048.08,1028.33,1040.56,5067080000
2010-07-01,1027.37,1033.58,1010.91,1031.1,6435770000
2010-07-02,1022.58,1032.95,1015.93,1027.65,3968500000
2010-07-06,1028.06,1042.5,1018.35,1028.09,4691240000
2010-07-07,1060.27,1060.89,1028.54,1028.54,4931220000
2010-07-08,1070.25,1071.25,1058.24,1062.92,4548460000
2010-07-09,1077.96,1078.16,1068.1,1070.5,3506570000
2010-07-12,1078.75,1080.78,1070.45,1077.23,3426990000
2010-07-13,1095.34,1099.46,1080.65,1080.65,4640460000
2010-07-14,1095.17,1099.08,1087.68,1095.61,4521050000
2010-07-15,1096.48,1098.66,1080.53,1094.46,4552470000
2010-07-16,1064.88,1093.85,1063.32,1093.85,5297350000
2010-07-19,1071.25,1074.7,1061.11,1066.85,4089500000
2010-07-20,1083.48,1083.94,1056.88,1064.53,4713280000
2010-07-21,1069.59,1088.96,1065.25,1086.67,4747180000
2010-07-22,1093.67,1097.5,1072.14,1072.14,4826900000
2010-07-23,1102.66,1103.73,1087.88,1092.17,4524570000
2010-07-26,1115.01,1115.01,1101.3,1102.89,4009650000
2010-07-27,1113.84,1120.95,1109.78,1117.36,4725690000
2010-07-28,1106.13,1114.66,1103.11,1112.84,4002390000
2010-07-29,1101.53,1115.9,1092.82,1108.07,4612420000
2010-07-30,1101.6,1106.44,1088.01,1098.44,4006450000
2010-08-02,1125.86,1127.3,1107.53,1107.53,4144180000
2010-08-03,1120.46,1125.44,1116.76,1125.34,4071820000
2010-08-04,1127.24,1128.75,1119.46,1121.06,4057850000
2010-08-05,1125.81,1126.56,1118.81,1125.78,3685560000
2010-08-06,1121.64,1123.06,1107.17,1122.07,3857890000
2010-08-09,1127.79,1129.24,1120.91,1122.8,3979360000
2010-08-10,1121.06,1127.16,1111.58,1122.92,3979360000
2010-08-11,1089.47,1116.89,1088.55,1116.89,4511860000
2010-08-12,1083.61,1086.72,1076.69,1081.48,4521050000
2010-08-13,1079.25,1086.25,1079.0,1082.22,3328890000
2010-08-16,1079.38,1082.62,1069.49,1077.49,3142450000
2010-08-17,1092.54,1100.14,1081.16,1081.16,3968210000
2010-08-18,1094.16,1099.77,1085.76,1092.08,3724260000
2010-08-19,1075.63,1092.44,1070.66,1092.44,4290540000
2010-08-20,1071.69,1075.63,1063.91,1075.63,3761570000
2010-08-23,1067.36,1081.58,1067.08,1073.36,3210950000
2010-08-24,1051.87,1063.2,1046.68,1063.2,4436330000
2010-08-25,1055.33,1059.38,1039.83,1048.98,4360190000
2010-08-26,1047.22,1061.45,1045.4,1056.28,3646710000
2010-08-27,1064.59,1065.21,1039.7,1049.27,4102460000
2010-08-30,1048.92,1064.4,1048.79,1062.9,2917990000
2010-08-31,1049.33,1055.14,1040.88,1046.88,4038770000
2010-09-01,1080.29,1081.3,1049.72,1049.72,4396880000
2010-09-02,1090.1,1090.1,1080.39,1080.66,3704210000
2010-09-03,1104.51,1105.1,1093.61,1093.61,3534500000
2010-09-07,1091.84,1102.6,1091.15,1102.6,3107380000
2010-09-08,1098.87,1103.26,1092.36,1092.36,3224640000
2010-09-09,1104.18,1110.27,1101.15,1101.15,3387770000
2010-09-10,1109.55,1110.88,1103.92,1104.57,3061160000
2010-09-13,1121.9,1123.87,1113.38,1113.38,4521050000
2010-09-14,1121.1,1127.36,1115.58,1121.16,4521050000
2010-09-15,1125.07,1126.46,1114.63,1119.43,3369840000
2010-09-16,1124.66,1125.44,1118.88,1123.89,3364080000
2010-09-17,1125.59,1131.47,1122.43,1126.39,4086140000
2010-09-20,1142.71,1144.86,1126.57,1126.57,3364080000
2010-09-21,1139.78,1148.59,1136.22,1142.82,4175660000
2010-09-22,1134.28,1144.38,1131.58,1139.49,3911070000
2010-09-23,1124.83,1136.77,1122.79,1131.1,3847850000
2010-09-24,1148.67,1148.9,1131.69,1131.69,4123950000
2010-09-27,1142.16,1149.92,1142.0,1148.64,3587860000
2010-09-28,1147.7,1150.0,1132.09,1142.31,4025840000
2010-09-29,1144.73,1148.63,1140.26,1146.75,3990280000
2010-09-30,1141.2,1157.16,1136.08,1145.97,4284160000
2010-10-01,1146.24,1150.3,1139.42,1143.49,4298910000
2010-10-04,1137.03,1148.16,1131.87,1144.96,3604110000
2010-10-05,1160.75,1162.76,1140.68,1140.68,4068840000
2010-10-06,1159.97,1162.33,1154.85,1159.81,4073160000
2010-10-07,1158.06,1163.87,1151.41,1161.57,3910550000
2010-10-08,1165.15,1167.73,1155.58,1158.36,3871420000
2010-10-11,1165.32,1168.68,1162.02,1165.32,2505900000
2010-10-12,1169.77,1172.58,1155.71,1164.28,4076170000
2010-10-13,1178.1,1184.38,1171.32,1171.32,4969410000
2010-10-14,1173.81,1178.89,1166.71,1177.82,4969410000
2010-10-15,1176.19,1181.2,1167.12,1177.47,5724910000
2010-10-18,1184.71,1185.53,1174.55,1176.83,4450050000
2010-10-19,1165.9,1178.64,1159.71,1178.64,5600120000
2010-10-20,1178.17,1182.94,1166.74,1166.74,5027880000
2010-10-21,1180.26,1189.43,1171.17,1179.82,4625470000
2010-10-22,1183.08,1183.93,1178.99,1180.52,3177890000
2010-10-25,1185.62,1196.14,1184.74,1184.74,4221380000
2010-10-26,1185.64,1187.11,1177.72,1184.88,4203680000
2010-10-27,1182.45,1183.84,1171.7,1183.84,4335670000
2010-10-28,1183.78,1189.53,1177.1,1184.47,4283460000
2010-10-29,1183.26,1185.46,1179.7,1183.87,3537880000
2010-11-01,1184.38,1195.81,1177.65,1185.71,4129180000
2010-11-02,1193.57,1195.88,1187.86,1187.86,3866200000
2010-11-03,1197.96,1198.3,1183.56,1193.79,4665480000
2010-11-04,1221.06,1221.25,1198.34,1198.34,5695470000
2010-11-05,1225.85,1227.08,1220.29,1221.2,5637460000
2010-11-08,1223.25,1224.57,1217.55,1223.24,3937230000
2010-11-09,1213.4,1226.84,1208.94,1223.59,4848040000
2010-11-10,1218.71,1218.75,1204.33,1213.14,4561300000
2010-11-11,1213.54,1215.45,1204.49,1213.04,3931120000
2010-11-12,1199.21,1210.5,1194.08,1209.07,4213620000
2010-11-15,1197.75,1207.43,1197.15,1200.44,3503370000
2010-11-16,1178.34,1194.79,1173.0,1194.79,5116380000
2010-11-17,1178.59,1183.56,1175.82,1178.33,3904780000
2010-11-18,1196.69,1200.29,1183.75,1183.75,4687260000
2010-11-19,1199.73,1199.97,1189.44,1196.12,3675390000
2010-11-22,1197.84,1198.94,1184.58,1198.07,3689500000
2010-11-23,1180.73,1192.51,1176.91,1192.51,4133070000
2010-11-24,1198.35,1198.62,1183.7,1183.7,3384250000
2010-11-26,1189.4,1194.16,1186.93,1194.16,1613820000
2010-11-29,1187.76,1190.34,1173.64,1189.08,3673450000
2010-11-30,1180.55,1187.4,1174.14,1182.96,4284700000
2010-12-01,1206.07,1207.61,1186.6,1186.6,4548110000
2010-12-02,1221.53,1221.89,1206.81,1206.81,4970800000
2010-12-03,1224.71,1225.57,1216.82,1219.93,3735780000
2010-12-06,1223.12,1225.8,1220.67,1223.87,3527370000
2010-12-07,1223.75,1235.05,1223.25,1227.25,6970630000
2010-12-08,1228.28,1228.93,1219.5,1225.02,4607590000
2010-12-09,1233.0,1234.71,1226.85,1230.14,4522510000
2010-12-10,1240.4,1240.4,1232.58,1233.85,4547310000
2010-12-13,1240.46,1246.73,1240.34,1242.52,4361240000
2010-12-14,1241.59,1246.59,1238.17,1241.84,4132350000
2010-12-15,1235.23,1244.25,1234.01,1241.58,4407340000
2010-12-16,1242.87,1243.75,1232.85,1236.34,4736820000
2010-12-17,1243.91,1245.81,1239.87,1243.63,4632470000
2010-12-20,1247.08,1250.2,1241.51,1245.76,3548140000
2010-12-21,1254.6,1255.82,1249.43,1249.43,3479670000
2010-12-22,1258.84,1259.39,1254.94,1254.94,1285590000
2010-12-23,1256.77,1258.59,1254.05,1257.53,2515020000
2010-12-27,1257.54,1258.43,1251.48,1254.66,1992470000
2010-12-28,1258.51,1259.9,1256.22,1259.1,2478450000
2010-12-29,1259.78,1262.6,1258.78,1258.78,2214380000
2010-12-30,1257.88,1261.09,1256.32,1259.44,1970720000
2010-12-31,1257.64,1259.34,1254.19,1256.76,1799770000
2011-01-03,1271.87,1276.17,1257.62,1257.62,4286670000
2011-01-04,1270.2,1274.12,1262.66,1272.95,4796420000
2011-01-05,1276.56,1277.63,1265.36,1268.78,4764920000
2011-01-06,1273.85,1278.17,1270.43,1276.29,4844100000
2011-01-07,1271.5,1276.83,1261.7,1274.41,4963110000
2011-01-10,1269.75,1271.52,1262.18,1270.84,4036450000
2011-01-11,1274.48,1277.25,1269.62,1272.58,4050750000
2011-01-12,1285.96,1286.87,1275.65,1275.65,4226940000
2011-01-13,1283.76,1286.7,1280.47,1285.78,4310840000
2011-01-14,1293.24,1293.24,1281.24,1282.9,4661590000
2011-01-18,1295.02,1296.06,1290.16,1293.22,5284990000
2011-01-19,1281.92,1294.6,1278.92,1294.52,4743710000
2011-01-20,1280.26,1283.35,1271.26,1280.85,4935320000
2011-01-21,1283.35,1291.21,1282.07,1283.63,4935320000
2011-01-24,1290.84,1291.93,1282.47,1283.29,3902470000
2011-01-25,1291.18,1291.26,1281.07,1288.17,4595380000
2011-01-26,1296.63,1299.74,1291.97,1291.97,4730980000
2011-01-27,1299.54,1301.29,1294.41,1297.51,4309190000
2011-01-28,1276.34,1302.67,1275.1,1299.63,5618630000
2011-01-31,1286.12,1287.17,1276.5,1276.5,4167160000
2011-02-01,1307.59,1308.86,1289.14,1289.14,5164500000
2011-02-02,1304.03,1307.61,1302.62,1305.91,4098260000
2011-02-03,1307.1,1308.6,1294.83,1302.77,4370990000
2011-02-04,1310.87,1311.0,1301.67,1307.01,3925950000
2011-02-07,1319.05,1322.85,1311.85,1311.85,3902270000
2011-02-08,1324.57,1324.87,1316.03,1318.76,3881530000
2011-02-09,1320.88,1324.54,1314.89,1322.48,3922240000
2011-02-10,1321.87,1322.78,1311.74,1318.13,4184610000
2011-02-11,1329.15,1330.79,1316.08,1318.66,4219300000
2011-02-14,1332.32,1332.96,1326.9,1328.73,3567040000
2011-02-15,1328.01,1330.43,1324.61,1330.43,3926860000
2011-02-16,1336.32,1337.61,1329.51,1329.51,1966450000
2011-02-17,1340.43,1341.5,1331.0,1334.37,1966450000
2011-02-18,1343.01,1344.07,1338.12,1340.38,1162310000
2011-02-22,1315.44,1338.91,1312.33,1338.91,1322780000
2011-02-23,1307.4,1317.91,1299.55,1315.44,1330340000
2011-02-24,1306.1,1310.91,1294.26,1307.09,1222900000
2011-02-25,1319.88,1320.61,1307.34,1307.34,3836030000
2011-02-28,1327.22,1329.38,1320.55,1321.61,1252850000
2011-03-01,1306.33,1332.09,1306.14,1328.64,1180420000
2011-03-02,1308.44,1314.19,1302.58,1305.47,1025000000
2011-03-03,1330.97,1332.28,1312.37,1312.37,4340470000
2011-03-04,1321.15,1331.08,1312.59,1330.73,4223740000
2011-03-07,1310.13,1327.68,1303.99,1322.72,3964730000
2011-03-08,1321.82,1325.74,1306.86,1311.05,4531420000
2011-03-09,1320.02,1323.21,1312.27,1319.92,3709520000
2011-03-10,1295.11,1315.72,1294.21,1315.72,4723020000
2011-03-11,1304.28,1308.35,1291.99,1293.43,3740400000
2011-03-14,1296.39,1301.19,1286.37,1301.19,4050370000
2011-03-15,1281.87,1288.46,1261.12,1288.46,5201400000
2011-03-16,1256.88,1280.91,1249.05,1279.46,5833000000
2011-03-17,1273.72,1278.88,1261.61,1261.61,4134950000
2011-03-18,1279.21,1288.88,1276.18,1276.71,4685500000
2011-03-21,1298.38,1300.58,1281.65,1281.65,4223730000
2011-03-22,1293.77,1299.35,1292.7,1298.29,3576550000
2011-03-23,1297.54,1300.51,1284.05,1292.19,3842350000
2011-03-24,1309.66,1311.34,1297.74,1300.61,4223740000
2011-03-25,1313.8,1319.18,1310.15,1311.8,4223740000
2011-03-28,1310.19,1319.74,1310.19,1315.45,3215170000
2011-03-29,1319.44,1319.45,1305.26,1309.37,3482580000
2011-03-30,1328.26,1331.74,1321.89,1321.89,3809570000
2011-03-31,1325.83,1329.77,1325.03,1327.44,3566270000
2011-04-01,1332.41,1337.85,1328.89,1329.48,4223740000
2011-04-04,1332.87,1336.74,1329.1,1333.56,4223740000
2011-04-05,1332.63,1338.21,1330.03,1332.03,3852280000
2011-04-06,1335.54,1339.38,1331.09,1335.94,4223740000
2011-04-07,1333.51,1338.8,1326.56,1334.82,4005600000
2011-04-08,1328.17,1339.46,1322.94,1336.16,3582810000
2011-04-11,1324.46,1333.77,1321.06,1329.01,3478970000
2011-04-12,1314.16,1321.96,1309.51,1321.96,4275490000
2011-04-13,1314.41,1321.35,1309.19,1314.03,3850860000
2011-04-14,1314.52,1316.79,1302.42,1311.13,3872630000
2011-04-15,1319.68,1322.88,1313.68,1314.54,4223740000
2011-04-18,1305.14,1313.35,1294.7,1313.35,4223740000
2011-04-19,1312.62,1312.7,1303.97,1305.99,3886300000
2011-04-20,1330.36,1332.66,1319.12,1319.12,4236280000
2011-04-21,1337.38,1337.49,1332.83,1333.23,3587240000
2011-04-25,1335.25,1337.55,1331.47,1337.14,2142130000
2011-04-26,1347.24,1349.55,1336.75,1336.75,3908060000
2011-04-27,1355.66,1357.49,1344.25,1348.43,4051570000
2011-04-28,1360.48,1361.71,1353.6,1353.86,4036820000
2011-04-29,1363.61,1364.56,1358.69,1360.14,3479070000
2011-05-02,1361.22,1370.58,1358.59,1365.21,3846250000
2011-05-03,1356.62,1360.84,1349.52,1359.76,4223740000
2011-05-04,1347.32,1355.9,1341.5,1355.9,4223740000
2011-05-05,1335.1,1348.0,1329.17,1344.16,3846250000
2011-05-06,1340.2,1354.36,1335.58,1340.24,4223740000
2011-05-09,1346.29,1349.44,1338.64,1340.2,4265250000
2011-05-10,1357.16,1359.44,1348.34,1348.34,4223740000
2011-05-11,1342.08,1354.51,1336.36,1354.51,3846250000
2011-05-12,1348.65,1351.05,1332.03,1339.39,3777210000
2011-05-13,1337.77,1350.47,1333.36,1348.69,3426660000
2011-05-16,1329.47,1343.33,1327.32,1334.77,3846250000
2011-05-17,1328.98,1330.42,1318.51,1326.1,4053970000
2011-05-18,1340.68,1341.82,1326.59,1328.54,3922030000
2011-05-19,1343.6,1346.82,1336.36,1342.4,3626110000
2011-05-20,1333.27,1342.0,1330.67,1342.0,4066020000
2011-05-23,1317.37,1333.07,1312.88,1333.07,3255580000
2011-05-24,1316.28,1323.72,1313.87,1317.7,3846250000
2011-05-25,1320.47,1325.86,1311.8,1316.36,4109670000
2011-05-26,1325.69,1328.51,1314.41,1320.64,3259470000
2011-05-27,1331.1,1334.62,1325.69,1325.69,3124560000
2011-05-31,1345.2,1345.2,1331.1,1331.1,4696240000
2011-06-01,1314.55,1345.2,1313.71,1345.2,4241090000
2011-06-02,1312.94,1318.03,1305.61,1314.55,3762170000
2011-06-03,1300.16,1312.94,1297.9,1312.94,3505030000
2011-06-06,1286.17,1300.26,1284.72,1300.26,3555980000
2011-06-07,1284.94,1296.22,1284.74,1286.31,3846250000
2011-06-08,1279.56,1287.04,1277.42,1284.63,3970810000
2011-06-09,1289.0,1294.54,1279.63,1279.63,3332510000
2011-06-10,1270.98,1288.6,1268.28,1288.6,3846250000
2011-06-13,1271.83,1277.04,1265.64,1271.31,4132520000
2011-06-14,1287.87,1292.5,1272.22,1272.22,3500280000
2011-06-15,1265.42,1287.87,1261.9,1287.87,4070500000
2011-06-16,1267.64,1274.11,1258.07,1265.53,3846250000
2011-06-17,1271.5,1279.82,1267.4,1268.58,4916460000
2011-06-20,1278.36,1280.42,1267.56,1271.5,3464660000
2011-06-21,1295.52,1297.62,1278.4,1278.4,4056150000
2011-06-22,1287.14,1298.61,1286.79,1295.48,3718420000
2011-06-23,1283.5,1286.6,1262.87,1286.6,4983450000
2011-06-24,1268.45,1283.93,1267.24,1283.04,3665340000
2011-06-27,1280.1,1284.91,1267.53,1268.44,3479070000
2011-06-28,1296.67,1296.8,1280.21,1280.21,3681500000
2011-06-29,1307.41,1309.21,1296.85,1296.85,4347540000
2011-06-30,1320.64,1321.97,1307.64,1307.64,4200500000
2011-07-01,1339.67,1341.01,1318.18,1320.64,3796930000
2011-07-05,1337.88,1340.89,1334.3,1339.59,3722320000
2011-07-06,1339.22,1340.94,1330.92,1337.56,3564190000
2011-07-07,1353.22,1356.48,1339.62,1339.62,4069530000
2011-07-08,1343.8,1352.39,1333.71,1352.39,3594360000
2011-07-11,1319.49,1343.31,1316.42,1343.31,3879130000
2011-07-12,1313.64,1327.17,1313.33,1319.61,4227890000
2011-07-13,1317.72,1331.48,1314.45,1314.45,4060080000
2011-07-14,1308.87,1326.88,1306.51,1317.74,4358570000
2011-07-15,1316.14,1317.7,1307.52,1308.87,4242760000
2011-07-18,1305.44,1315.94,1295.92,1315.94,4118160000
2011-07-19,1326.73,1328.14,1307.07,1307.07,4304600000
2011-07-20,1325.84,1330.43,1323.65,1328.66,3767420000
2011-07-21,1343.8,1347.0,1325.65,1325.65,4837430000
2011-07-22,1345.02,1346.1,1336.95,1343.8,3522830000
2011-07-25,1337.43,1344.32,1331.09,1344.32,3536890000
2011-07-26,1331.94,1338.51,1329.59,1337.39,4007050000
2011-07-27,1304.89,1331.91,1303.49,1331.91,3479040000
2011-07-28,1300.67,1316.32,1299.16,1304.84,4951800000
2011-07-29,1292.28,1304.16,1282.86,1300.12,5061190000
2011-08-01,1286.94,1307.38,1274.73,1292.59,4967390000
2011-08-02,1254.05,1286.56,1254.03,1286.56,5206290000
2011-08-03,1260.34,1261.2,1234.56,1254.25,6446940000
2011-08-04,1200.07,1260.23,1199.54,1260.23,4266530000
2011-08-05,1199.38,1218.11,1168.09,1200.28,5454590000
2011-08-08,1119.46,1198.48,1119.28,1198.48,2615150000
2011-08-09,1172.53,1172.88,1101.54,1120.23,2366660000
2011-08-10,1120.76,1171.77,1118.01,1171.77,5018070000
2011-08-11,1172.64,1186.29,1121.3,1121.3,3685050000
2011-08-12,1178.81,1189.04,1170.74,1172.87,5640380000
2011-08-15,1204.49,1204.49,1178.86,1178.86,4272850000
2011-08-16,1192.76,1204.22,1180.53,1204.22,5071600000
2011-08-17,1193.89,1208.47,1184.36,1192.89,4388340000
2011-08-18,1140.65,1189.62,1131.03,1189.62,3234810000
2011-08-19,1123.53,1154.54,1122.05,1140.47,5167560000
2011-08-22,1123.82,1145.49,1121.09,1123.55,5436260000
2011-08-23,1162.35,1162.35,1124.36,1124.36,5013170000
2011-08-24,1177.6,1178.56,1156.3,1162.16,5315310000
2011-08-25,1159.27,1190.68,1155.47,1176.69,5748420000
2011-08-26,1176.8,1181.23,1135.91,1158.85,5035320000
2011-08-29,1210.08,1210.28,1177.91,1177.91,4228070000
2011-08-30,1212.92,1220.1,1195.77,1209.76,4572570000
2011-08-31,1218.89,1230.71,1209.35,1213.0,5267840000
2011-09-01,1204.42,1229.29,1203.85,1219.12,4780410000
2011-09-02,1173.97,1203.9,1170.56,1203.9,4401740000
2011-09-06,1165.24,1173.97,1140.13,1173.97,5103980000
2011-09-07,1198.62,1198.62,1165.85,1165.85,4441040000
2011-09-08,1185.9,1204.4,1183.34,1197.98,4465170000
2011-09-09,1154.23,1185.37,1148.37,1185.37,4586370000
2011-09-12,1162.27,1162.52,1136.07,1153.5,5168550000
2011-09-13,1172.87,1176.41,1157.44,1162.59,4681370000
2011-09-14,1188.68,1202.38,1162.73,1173.32,4986740000
2011-09-15,1209.11,1209.11,1189.44,1189.44,4479730000
2011-09-16,1216.01,1220.06,1204.46,1209.21,5248890000
2011-09-19,1204.09,1214.99,1188.36,1214.99,4254190000
2011-09-20,1202.09,1220.39,1201.29,1204.5,4315610000
2011-09-21,1166.76,1206.3,1166.21,1203.63,4728550000
2011-09-22,1129.56,1164.55,1114.22,1164.55,6703140000
2011-09-23,1136.43,1141.72,1121.36,1128.82,5639930000
2011-09-26,1162.95,1164.19,1131.07,1136.91,4762830000
2011-09-27,1175.38,1195.86,1163.32,1163.32,5548130000
2011-09-28,1151.06,1184.71,1150.4,1175.39,4787920000
2011-09-29,1160.4,1175.87,1139.93,1151.74,5285740000
2011-09-30,1131.42,1159.93,1131.34,1159.93,4416790000
2011-10-03,1099.23,1138.99,1098.92,1131.21,5670340000
2011-10-04,1123.95,1125.12,1074.77,1097.42,3714670000
2011-10-05,1144.03,1146.07,1115.68,1124.03,2510620000
2011-10-06,1164.97,1165.55,1134.95,1144.11,5098330000
2011-10-07,1155.46,1171.4,1150.26,1165.03,5580380000
2011-10-10,1194.89,1194.91,1158.15,1158.15,4446800000
2011-10-11,1195.54,1199.24,1187.3,1194.6,4424500000
2011-10-12,1207.25,1220.25,1196.19,1196.19,5355360000
2011-10-13,1203.66,1207.46,1190.58,1206.96,4436270000
2011-10-14,1224.58,1224.61,1205.65,1205.65,4116690000
2011-10-17,1200.86,1224.47,1198.55,1224.47,4300700000
2011-10-18,1225.38,1233.1,1191.48,1200.75,4840170000
2011-10-19,1209.88,1229.64,1206.31,1223.46,4846390000
2011-10-20,1215.39,1219.53,1197.34,1209.92,4870290000
2011-10-21,1238.25,1239.03,1215.39,1215.39,4980770000
2011-10-24,1254.19,1256.55,1238.72,1238.72,4309380000
2011-10-25,1229.05,1254.19,1226.79,1254.19,4473970000
2011-10-26,1242.0,1246.28,1221.06,1229.17,4873530000
2011-10-27,1284.59,1292.66,1243.97,1243.97,6367610000
2011-10-28,1285.09,1287.08,1277.01,1284.39,4536690000
2011-10-31,1253.3,1284.96,1253.16,1284.96,4310210000
2011-11-01,1218.28,1251.0,1215.42,1251.0,5645540000
2011-11-02,1237.9,1242.48,1219.62,1219.62,4110530000
2011-11-03,1261.15,1263.21,1234.81,1238.25,4849140000
2011-11-04,1253.23,1260.82,1238.92,1260.82,3830650000
2011-11-07,1261.12,1261.7,1240.75,1253.21,3429740000
2011-11-08,1275.92,1277.55,1254.99,1261.12,3908490000
2011-11-09,1229.1,1275.18,1226.64,1275.18,4659740000
2011-11-10,1239.7,1246.22,1227.7,1229.59,4002760000
2011-11-11,1263.85,1266.98,1240.12,1240.12,3370180000
2011-11-14,1251.78,1263.85,1246.68,1263.85,3219680000
2011-11-15,1257.81,1264.25,1244.34,1251.7,3599300000
2011-11-16,1236.91,1259.61,1235.67,1257.81,4085010000
2011-11-17,1216.13,1237.73,1209.43,1236.56,4596450000
2011-11-18,1215.65,1223.51,1211.36,1216.19,3827610000
2011-11-21,1192.98,1215.62,1183.16,1215.62,4050070000
2011-11-22,1188.04,1196.81,1181.65,1192.98,3911710000
2011-11-23,1161.79,1187.48,1161.79,1187.48,3798940000
2011-11-25,1158.67,1172.66,1158.66,1161.41,1664200000
2011-11-28,1192.55,1197.35,1158.67,1158.67,3920750000
2011-11-29,1195.19,1203.67,1191.8,1192.56,3992650000
2011-11-30,1246.96,1247.11,1196.72,1196.72,5801910000
2011-12-01,1244.58,1251.09,1239.73,1246.91,3818680000
2011-12-02,1244.28,1260.08,1243.35,1246.03,4144310000
2011-12-05,1257.08,1266.73,1244.33,1244.33,4148060000
2011-12-06,1258.47,1266.03,1253.03,1257.19,3734230000
2011-12-07,1261.01,1267.06,1244.8,1258.14,4160540000
2011-12-08,1234.35,1260.87,1231.47,1260.87,4298370000
2011-12-09,1255.19,1258.25,1234.48,1234.48,3830610000
2011-12-12,1236.47,1255.05,1227.25,1255.05,3600570000
2011-12-13,1225.73,1249.86,1219.43,1236.83,4121570000
2011-12-14,1211.82,1225.73,1209.47,1225.73,4298290000
2011-12-15,1215.75,1225.6,1212.12,1212.12,3810340000
2011-12-16,1219.66,1231.04,1215.2,1216.09,5345800000
2011-12-19,1205.35,1224.57,1202.37,1219.74,3659820000
2011-12-20,1241.3,1242.82,1205.72,1205.72,4055590000
2011-12-21,1243.72,1245.09,1229.51,1241.25,2959020000
2011-12-22,1254.0,1255.22,1243.72,1243.72,3492250000
2011-12-23,1265.33,1265.42,1254.0,1254.0,2233830000
2011-12-27,1265.43,1269.37,1262.3,1265.02,2130590000
2011-12-28,1249.64,1265.85,1248.64,1265.38,2349980000
2011-12-29,1263.02,1263.54,1249.75,1249.75,2278130000
2011-12-30,1257.6,1264.12,1257.46,1262.82,2271850000
2012-01-03,1277.06,1284.62,1258.86,1258.86,3943710000
2012-01-04,1277.3,1278.73,1268.1,1277.03,3592580000
2012-01-05,1281.06,1283.05,1265.26,1277.3,4315950000
2012-01-06,1277.81,1281.84,1273.34,1280.93,3656830000
2012-01-09,1280.7,1281.99,1274.55,1277.83,3371600000
2012-01-10,1292.08,1296.46,1280.77,1280.77,4221960000
2012-01-11,1292.48,1293.8,1285.41,1292.02,3968120000
2012-01-12,1295.5,1296.82,1285.77,1292.48,4019890000
2012-01-13,1289.09,1294.82,1277.58,1294.82,3692370000
2012-01-17,1293.67,1303.0,1290.22,1290.22,4010490000
2012-01-18,1308.04,1308.11,1290.99,1293.65,4096160000
2012-01-19,1314.5,1315.49,1308.07,1308.07,4465890000
2012-01-20,1315.38,1315.38,1309.17,1314.49,3912620000
2012-01-23,1316.0,1322.28,1309.89,1315.29,3770910000
2012-01-24,1314.65,1315.96,1306.06,1315.96,3693560000
2012-01-25,1326.06,1328.3,1307.65,1314.4,4410910000
2012-01-26,1318.43,1333.47,1313.6,1326.28,4522070000
2012-01-27,1316.33,1320.06,1311.72,1318.25,4007380000
2012-01-30,1313.01,1316.16,1300.49,1316.16,3659010000
2012-01-31,1312.41,1321.41,1306.69,1313.53,4235550000
2012-02-01,1324.09,1330.52,1312.45,1312.45,4504360000
2012-02-02,1325.54,1329.19,1321.57,1324.24,4120920000
2012-02-03,1344.9,1345.34,1326.21,1326.21,4608550000
2012-02-06,1344.33,1344.36,1337.52,1344.32,3379700000
2012-02-07,1347.05,1349.24,1335.92,1344.33,3742460000
2012-02-08,1349.96,1351.0,1341.95,1347.04,4096730000
2012-02-09,1351.95,1354.32,1344.63,1349.97,4209890000
2012-02-10,1342.64,1351.21,1337.35,1351.21,3877580000
2012-02-13,1351.77,1353.35,1343.06,1343.06,3618040000
2012-02-14,1350.5,1351.3,1340.83,1351.3,3889520000
2012-02-15,1343.23,1355.87,1340.8,1350.52,4080340000
2012-02-16,1358.04,1359.02,1341.22,1342.61,4108880000
2012-02-17,1361.23,1363.4,1357.24,1358.06,3717640000
2012-02-21,1362.21,1367.76,1358.11,1361.22,3795200000
2012-02-22,1357.66,1362.7,1355.53,1362.11,3633710000
2012-02-23,1363.46,1364.24,1352.28,1357.53,3786450000
2012-02-24,1365.74,1368.92,1363.46,1363.46,3505360000
2012-02-27,1367.59,1371.94,1354.92,1365.2,3648890000
2012-02-28,1372.18,1373.09,1365.97,1367.56,3579120000
2012-02-29,1365.68,1378.04,1363.81,1372.2,4482370000
2012-03-01,1374.09,1376.17,1365.9,1365.9,3919240000
2012-03-02,1369.63,1374.53,1366.42,1374.09,3283490000
2012-03-05,1364.33,1369.59,1359.13,1369.59,3429480000
2012-03-06,1343.36,1363.63,1340.03,1363.63,4191060000
2012-03-07,1352.63,1354.85,1343.39,1343.39,3580380000
2012-03-08,1365.91,1368.72,1352.65,1352.65,3543060000
2012-03-09,1370.87,1374.76,1365.97,1365.97,3639470000
2012-03-12,1371.09,1373.04,1366.69,1370.78,3081870000
2012-03-13,1395.95,1396.13,1371.92,1371.92,4386470000
2012-03-14,1394.28,1399.42,1389.97,1395.95,4502280000
2012-03-15,1402.6,1402.63,1392.78,1394.17,4271650000
2012-03-16,1404.17,1405.88,1401.47,1402.55,5163950000
2012-03-19,1409.75,1414.0,1402.43,1404.17,3932570000
2012-03-20,1405.52,1409.59,1397.68,1409.59,3695280000
2012-03-21,1402.89,1407.75,1400.64,1405.52,3573590000
2012-03-22,1392.78,1402.89,1388.73,1402.89,3740590000
2012-03-23,1397.11,1399.18,1386.87,1392.78,3472950000
2012-03-26,1416.51,1416.58,1397.11,1397.11,3576950000
2012-03-27,1412.52,1419.15,1411.95,1416.55,3513640000
2012-03-28,1405.54,1413.65,1397.2,1412.52,3892800000
2012-03-29,1403.28,1405.39,1391.56,1405.39,3832000000
2012-03-30,1408.47,1410.89,1401.42,1403.31,3676890000
2012-04-02,1419.04,1422.38,1404.46,1408.47,3572010000
2012-04-03,1413.38,1419.0,1404.62,1418.98,3822090000
2012-04-04,1398.96,1413.09,1394.09,1413.09,3938290000
2012-04-05,1398.08,1401.6,1392.92,1398.79,3303740000
2012-04-09,1382.2,1397.45,1378.24,1397.45,3468980000
2012-04-10,1358.59,1383.01,1357.38,1382.18,4631730000
2012-04-11,1368.71,1374.71,1358.98,1358.98,3743040000
2012-04-12,1387.57,1388.13,1368.77,1368.77,3618280000
2012-04-13,1370.26,1387.61,1369.85,1387.61,3631160000
2012-04-16,1369.57,1379.66,1365.38,1370.27,3574780000
2012-04-17,1390.78,1392.76,1369.57,1369.57,3456200000
2012-04-18,1385.14,1390.78,1383.29,1390.78,3463140000
2012-04-19,1376.92,1390.46,1370.3,1385.08,4180020000
2012-04-20,1378.53,1387.4,1376.96,1376.96,3833320000
2012-04-23,1366.94,1378.53,1358.79,1378.53,3654860000
2012-04-24,1371.97,1375.57,1366.82,1366.97,3617100000
2012-04-25,1390.69,1391.37,1372.11,1372.11,3998430000
2012-04-26,1399.98,1402.09,1387.28,1390.64,4034700000
2012-04-27,1403.36,1406.64,1397.31,1400.19,3645830000
2012-04-30,1397.91,1403.26,1394.0,1403.26,3574010000
2012-05-01,1405.82,1415.32,1395.73,1397.86,3807950000
2012-05-02,1402.31,1405.5,1393.92,1405.5,3803860000
2012-05-03,1391.57,1403.07,1388.71,1402.32,4004910000
2012-05-04,1369.1,1391.51,1367.96,1391.51,3975140000
2012-05-07,1369.58,1373.91,1363.94,1368.79,3559390000
2012-05-08,1363.72,1369.16,1347.75,1369.16,4261670000
2012-05-09,1354.58,1363.73,1343.13,1363.2,4288540000
2012-05-10,1357.99,1365.88,1354.58,1354.58,3727990000
2012-05-11,1353.39,1365.66,1348.89,1358.11,3869070000
2012-05-14,1338.35,1351.93,1336.61,1351.93,3688120000
2012-05-15,1330.66,1344.94,1328.41,1338.36,4114040000
2012-05-16,1324.8,1341.78,1324.79,1330.78,4280420000
2012-05-17,1304.86,1326.36,1304.86,1324.82,4664280000
2012-05-18,1295.22,1312.24,1291.98,1305.05,4512470000
2012-05-21,1315.99,1316.39,1295.73,1295.73,3786750000
2012-05-22,1316.63,1328.49,1310.04,1316.09,4123680000
2012-05-23,1318.86,1320.71,1296.53,1316.02,4108330000
2012-05-24,1320.68,1324.14,1310.5,1318.72,3937670000
2012-05-25,1317.82,1324.2,1314.23,1320.81,2872660000
2012-05-29,1332.42,1334.93,1318.9,1318.9,3441640000
2012-05-30,1313.32,1331.25,1310.76,1331.25,3534290000
2012-05-31,1310.33,1319.74,1298.9,1313.09,4557620000
2012-06-01,1278.04,1309.87,1277.25,1309.87,4669350000
2012-06-04,1278.18,1282.55,1266.74,1278.29,4011960000
2012-06-05,1285.5,1287.62,1274.16,1277.82,3403230000
2012-06-06,1315.13,1315.13,1285.61,1285.61,4268360000
2012-06-07,1314.99,1329.05,1312.68,1316.15,4258140000
2012-06-08,1325.66,1325.81,1307.77,1314.99,3497190000
2012-06-11,1308.93,1335.52,1307.73,1325.72,3537530000
2012-06-12,1324.18,1324.31,1306.62,1309.4,3442920000
2012-06-13,1314.88,1327.28,1310.51,1324.02,3506510000
2012-06-14,1329.1,1333.68,1314.14,1314.88,3687720000
2012-06-15,1342.84,1343.32,1329.19,1329.19,4401570000
2012-06-18,1344.78,1348.22,1334.46,1342.42,3259430000
2012-06-19,1357.98,1363.46,1344.83,1344.83,3815350000
2012-06-20,1355.69,1361.57,1346.45,1358.04,3695700000
2012-06-21,1325.51,1358.27,1324.41,1355.43,4094470000
2012-06-22,1335.02,1337.82,1325.92,1325.92,5271490000
2012-06-25,1313.72,1334.9,1309.27,1334.9,3501820000
2012-06-26,1319.99,1324.24,1310.3,1314.09,3412940000
2012-06-27,1331.85,1334.4,1320.71,1320.71,3286910000
2012-06-28,1329.04,1331.52,1313.29,1331.52,3969370000
2012-06-29,1362.16,1362.17,1330.12,1330.12,4590480000
2012-07-02,1365.51,1366.35,1355.7,1362.33,3301650000
2012-07-03,1374.02,1374.81,1363.53,1365.75,2116390000
2012-07-05,1367.58,1373.85,1363.02,1373.72,3041520000
2012-07-06,1354.68,1367.09,1348.03,1367.09,2745140000
2012-07-09,1352.46,1354.87,1346.65,1354.66,2904860000
2012-07-10,1341.47,1361.54,1336.27,1352.96,3470600000
2012-07-11,1341.45,1345.0,1333.25,1341.4,3426290000
2012-07-12,1334.76,1341.29,1325.41,1341.29,3654440000
2012-07-13,1356.78,1357.7,1334.81,1334.81,3212930000
2012-07-16,1353.64,1357.26,1348.51,1356.5,2862720000
2012-07-17,1363.67,1365.36,1345.07,1353.68,3566680000
2012-07-18,1372.78,1375.26,1358.96,1363.58,3642630000
2012-07-19,1376.51,1380.39,1371.21,1373.01,4043360000
2012-07-20,1362.66,1376.51,1362.19,1376.51,3925020000
2012-07-23,1350.52,1362.34,1337.56,1362.34,3717180000
2012-07-24,1338.31,1351.53,1329.24,1350.52,3891290000
2012-07-25,1337.89,1343.98,1331.5,1338.35,3719170000
2012-07-26,1360.02,1363.13,1338.17,1338.17,4429300000
2012-07-27,1385.97,1389.19,1360.05,1360.05,4399010000
2012-07-30,1385.3,1391.74,1381.37,1385.94,3212060000
2012-07-31,1379.32,1387.16,1379.17,1385.27,3821570000
2012-08-01,1375.32,1385.03,1373.35,1379.32,4440920000
2012-08-02,1365.0,1375.13,1354.65,1375.13,4193740000
2012-08-03,1390.99,1394.16,1365.45,1365.45,3751170000
2012-08-06,1394.23,1399.63,1391.04,1391.04,3122050000
2012-08-07,1401.35,1407.14,1394.46,1394.46,3682490000
2012-08-08,1402.22,1404.14,1396.13,1401.23,3221790000
2012-08-09,1402.8,1405.95,1398.8,1402.26,3119610000
2012-08-10,1405.87,1405.98,1395.62,1402.58,2767980000
2012-08-13,1404.11,1405.87,1397.32,1405.87,2499990000
2012-08-14,1403.93,1410.03,1400.6,1404.36,2930900000
2012-08-15,1405.53,1407.73,1401.83,1403.89,2655750000
2012-08-16,1415.51,1417.44,1404.15,1405.57,3114100000
2012-08-17,1418.16,1418.71,1414.67,1415.84,2922990000
2012-08-20,1418.13,1418.13,1412.12,1417.85,2766320000
2012-08-21,1413.17,1426.68,1410.86,1418.13,3282950000
2012-08-22,1413.49,1416.12,1406.78,1413.09,3062690000
2012-08-23,1402.08,1413.49,1400.5,1413.49,3008240000
2012-08-24,1411.13,1413.46,1398.04,1401.99,2598790000
2012-08-27,1410.44,1416.17,1409.11,1411.13,2472500000
2012-08-28,1409.3,1413.63,1405.59,1410.44,2629090000
2012-08-29,1410.49,1413.95,1406.57,1409.32,2571220000
2012-08-30,1399.48,1410.08,1397.01,1410.08,2530280000
2012-08-31,1406.58,1413.09,1398.96,1400.07,2938250000
2012-09-04,1404.94,1409.31,1396.56,1406.54,3200310000
2012-09-05,1403.44,1408.81,1401.25,1404.94,3389110000
2012-09-06,1432.12,1432.12,1403.74,1403.74,3952870000
2012-09-07,1437.92,1437.92,1431.45,1432.12,3717620000
2012-09-10,1429.08,1438.74,1428.98,1437.92,3223670000
2012-09-11,1433.56,1437.76,1429.13,1429.13,3509630000
2012-09-12,1436.56,1439.15,1432.99,1433.56,3641200000
2012-09-13,1459.99,1463.76,1435.34,1436.56,4606550000
2012-09-14,1465.77,1474.51,1460.07,1460.07,5041990000
2012-09-17,1461.19,1465.63,1457.55,1465.42,3482430000
2012-09-18,1459.32,1461.47,1456.13,1461.19,3377390000
2012-09-19,1461.05,1465.15,1457.88,1459.5,3451360000
2012-09-20,1460.26,1461.23,1449.98,1461.05,3382520000
2012-09-21,1460.15,1467.07,1459.51,1460.34,4833870000
2012-09-24,1456.89,1460.72,1452.06,1459.76,3008920000
2012-09-25,1441.59,1463.24,1441.59,1456.94,3739900000
2012-09-26,1433.32,1441.6,1430.53,1441.6,3565380000
2012-09-27,1447.15,1450.2,1433.36,1433.36,3150330000
2012-09-28,1440.67,1447.13,1435.6,1447.13,3509230000
2012-10-01,1444.49,1457.14,1440.9,1440.9,3505080000
2012-10-02,1445.75,1451.52,1439.01,1444.99,3321790000
2012-10-03,1450.99,1454.3,1441.99,1446.05,3531640000
2012-10-04,1461.4,1463.14,1451.08,1451.08,3615860000
2012-10-05,1460.93,1470.96,1456.89,1461.4,3172940000
2012-10-08,1455.88,1460.93,1453.1,1460.93,2328720000
2012-10-09,1441.48,1455.9,1441.18,1455.9,3216320000
2012-10-10,1432.56,1442.52,1430.64,1441.48,3225060000
2012-10-11,1432.84,1443.9,1432.82,1432.82,3672540000
2012-10-12,1428.59,1438.43,1425.53,1432.84,3134750000
2012-10-15,1440.13,1441.31,1427.24,1428.75,3483810000
2012-10-16,1454.92,1455.51,1440.31,1440.31,3568770000
2012-10-17,1460.91,1462.2,1453.35,1454.22,3655320000
2012-10-18,1457.34,1464.02,1452.63,1460.94,3880030000
2012-10-19,1433.19,1457.34,1429.85,1457.34,3875170000
2012-10-22,1433.82,1435.46,1422.06,1433.21,3216220000
2012-10-23,1413.11,1433.74,1407.56,1433.74,3587670000
2012-10-24,1408.75,1420.04,1407.1,1413.2,3385970000
2012-10-25,1412.97,1421.12,1405.14,1409.74,3512640000
2012-10-26,1411.94,1417.09,1403.28,1412.97,3284910000
2012-10-31,1412.16,1418.76,1405.95,1410.99,3577110000
2012-11-01,1427.59,1428.35,1412.2,1412.2,3929890000
2012-11-02,1414.2,1434.27,1412.91,1427.59,3732480000
2012-11-05,1417.26,1419.9,1408.13,1414.02,2921040000
2012-11-06,1428.39,1433.38,1417.26,1417.26,3306970000
2012-11-07,1394.53,1428.27,1388.14,1428.27,4356490000
2012-11-08,1377.51,1401.23,1377.51,1394.53,3779520000
2012-11-09,1379.85,1391.39,1373.03,1377.55,3647350000
2012-11-12,1380.03,1384.87,1377.19,1379.86,2567540000
2012-11-13,1374.53,1388.81,1371.39,1380.03,3455550000
2012-11-14,1355.49,1380.13,1352.5,1374.64,4109510000
2012-11-15,1353.33,1360.62,1348.05,1355.41,3928870000
2012-11-16,1359.88,1362.03,1343.35,1353.36,4045910000
2012-11-19,1386.89,1386.89,1359.88,1359.88,3374800000
2012-11-20,1387.81,1389.77,1377.04,1386.82,3207160000
2012-11-21,1391.03,1391.25,1386.39,1387.79,2667090000
2012-11-23,1409.15,1409.16,1391.03,1391.03,1504960000
2012-11-26,1406.29,1409.15,1397.68,1409.15,2948960000
2012-11-27,1398.94,1409.01,1398.03,1406.29,3323120000
2012-11-28,1409.93,1410.31,1385.43,1398.77,3359250000
2012-11-29,1415.95,1419.7,1409.04,1409.96,3356850000
2012-11-30,1416.18,1418.86,1411.63,1415.95,3966000000
2012-12-03,1409.46,1423.73,1408.46,1416.34,3074280000
2012-12-04,1407.05,1413.14,1403.65,1409.46,3247710000
2012-12-05,1409.28,1415.56,1398.23,1407.05,4253920000
2012-12-06,1413.94,1413.95,1405.93,1409.43,3229700000
2012-12-07,1418.07,1420.34,1410.9,1413.95,3125160000
2012-12-10,1418.55,1421.64,1415.64,1418.07,2999430000
2012-12-11,1427.84,1434.27,1418.55,1418.55,3650230000
2012-12-12,1428.48,1438.59,1426.76,1427.84,3709050000
2012-12-13,1419.45,1431.36,1416.0,1428.48,3349960000
2012-12-14,1413.58,1419.45,1411.88,1419.45,3210170000
2012-12-17,1430.36,1430.67,1413.54,1413.54,3455610000
2012-12-18,1446.79,1448.0,1430.47,1430.47,4302240000
2012-12-19,1435.81,1447.75,1435.8,1446.79,3869800000
2012-12-20,1443.69,1443.7,1432.82,1435.81,3686580000
2012-12-21,1430.15,1443.67,1422.58,1443.67,5229160000
2012-12-24,1426.66,1430.15,1424.66,1430.15,1248960000
2012-12-26,1419.83,1429.42,1416.43,1426.66,2285030000
2012-12-27,1418.1,1422.8,1401.8,1419.83,2830180000
2012-12-28,1402.43,1418.1,1401.58,1418.1,2426680000
2012-12-31,1426.19,1426.74,1398.11,1402.43,3204330000
2013-01-02,1462.42,1462.43,1426.19,1426.19,4202600000
2013-01-03,1459.37,1465.47,1455.53,1462.42,3829730000
2013-01-04,1466.47,1467.94,1458.99,1459.37,3424290000
2013-01-07,1461.89,1466.47,1456.62,1466.47,3304970000
2013-01-08,1457.15,1461.89,1451.64,1461.89,3601600000
2013-01-09,1461.02,1464.73,1457.15,1457.15,3674390000
2013-01-10,1472.12,1472.3,1461.02,1461.02,4081840000
2013-01-11,1472.05,1472.75,1467.58,1472.12,3340650000
2013-01-14,1470.68,1472.05,1465.69,1472.05,3003010000
2013-01-15,1472.34,1473.31,1463.76,1470.67,3135350000
2013-01-16,1472.63,1473.96,1467.6,1472.33,3384080000
2013-01-17,1480.94,1485.16,1472.63,1472.63,3706710000
2013-01-18,1485.98,1485.98,1475.81,1480.95,3795740000
2013-01-22,1492.56,1492.56,1481.16,1485.98,3570950000
2013-01-23,1494.81,1496.13,1489.9,1492.56,3552010000
2013-01-24,1494.82,1502.27,1489.46,1494.81,3699430000
2013-01-25,1502.96,1503.26,1494.82,1494.82,3476290000
2013-01-28,1500.18,1503.23,1496.33,1502.96,3388540000
2013-01-29,1507.84,1509.35,1498.09,1500.18,3949640000
2013-01-30,1501.96,1509.94,1500.11,1507.84,3726810000
2013-01-31,1498.11,1504.19,1496.76,1501.96,3999880000
2013-02-01,1513.17,1514.41,1498.11,1498.11,3836320000
2013-02-04,1495.71,1513.17,1495.02,1513.17,3390000000
2013-02-05,1511.29,1514.96,1495.71,1495.71,3618360000
2013-02-06,1512.12,1512.53,1504.71,1511.29,3611570000
2013-02-07,1509.39,1512.9,1498.49,1512.12,3614580000
2013-02-08,1517.93,1518.31,1509.39,1509.39,2986150000
2013-02-11,1517.01,1518.31,1513.61,1517.93,2684100000
2013-02-12,1519.43,1522.29,1515.61,1517.01,3414370000
2013-02-13,1520.33,1524.69,1515.93,1519.43,3385880000
2013-02-14,1521.38,1523.14,1514.02,1520.33,3759740000
2013-02-15,1519.79,1524.24,1514.14,1521.38,3838510000
2013-02-19,1530.94,1530.94,1519.79,1519.79,3748910000
2013-02-20,1511.95,1530.94,1511.41,1530.94,4240570000
2013-02-21,1502.42,1511.95,1497.29,1511.95,4274600000
2013-02-22,1515.6,1515.64,1502.42,1502.42,3419320000
2013-02-25,1487.85,1525.84,1487.85,1515.6,4011050000
2013-02-26,1496.94,1498.99,1485.01,1487.85,3975280000
2013-02-27,1515.99,1520.08,1494.88,1496.94,3551850000
2013-02-28,1514.68,1525.34,1514.46,1515.99,3912320000
2013-03-01,1518.2,1519.99,1501.48,1514.68,3695610000
2013-03-04,1525.2,1525.27,1512.29,1518.2,3414430000
2013-03-05,1539.79,1543.47,1525.2,1525.2,3610690000
2013-03-06,1541.46,1545.25,1538.11,1539.79,3676890000
2013-03-07,1544.26,1545.78,1541.46,1541.46,3634710000
2013-03-08,1551.18,1552.48,1542.94,1544.26,3652260000
2013-03-11,1556.22,1556.27,1547.36,1551.15,3091080000
2013-03-12,1552.48,1556.77,1548.24,1556.22,3274910000
2013-03-13,1554.52,1556.39,1548.25,1552.48,3073830000
2013-03-14,1563.23,1563.32,1554.52,1554.52,3459260000
2013-03-15,1560.7,1563.62,1555.74,1563.21,5175850000
2013-03-18,1552.1,1560.7,1545.13,1560.7,3164560000
2013-03-19,1548.34,1557.25,1538.57,1552.1,3796210000
2013-03-20,1558.71,1561.56,1548.34,1548.34,3349090000
2013-03-21,1545.8,1558.71,1543.55,1558.71,3243270000
2013-03-22,1556.89,1557.74,1545.9,1545.9,2948380000
2013-03-25,1551.69,1564.91,1546.22,1556.89,3178170000
2013-03-26,1563.77,1563.95,1551.69,1551.69,2869260000
2013-03-27,1562.85,1564.07,1551.9,1563.75,2914210000
2013-03-28,1569.19,1570.28,1561.08,1562.86,3304440000
2013-04-01,1562.17,1570.57,1558.47,1569.18,2753110000
2013-04-02,1570.25,1573.66,1562.17,1562.17,3312160000
2013-04-03,1553.69,1571.47,1549.8,1570.25,4060610000
2013-04-04,1559.98,1562.6,1552.52,1553.69,3350670000
2013-04-05,1553.28,1559.98,1539.5,1559.98,3515410000
2013-04-08,1563.07,1563.07,1548.63,1553.26,2887120000
2013-04-09,1568.61,1573.89,1560.92,1563.11,3252780000
2013-04-10,1587.73,1589.07,1568.61,1568.61,3453350000
2013-04-11,1593.37,1597.35,1586.17,1587.73,3393950000
2013-04-12,1588.85,1593.3,1579.97,1593.3,3206290000
2013-04-15,1552.36,1588.84,1552.28,1588.84,4660130000
2013-04-16,1574.57,1575.35,1552.36,1552.36,3654700000
2013-04-17,1552.01,1574.57,1543.69,1574.57,4250310000
2013-04-18,1541.61,1554.38,1536.03,1552.03,3890800000
2013-04-19,1555.25,1555.89,1539.4,1541.61,3569870000
2013-04-22,1562.5,1565.55,1548.19,1555.25,2979880000
2013-04-23,1578.78,1579.58,1562.5,1562.5,3565150000
2013-04-24,1578.79,1583.0,1575.8,1578.78,3598240000
2013-04-25,1585.16,1592.64,1578.93,1578.93,3908580000
2013-04-26,1582.24,1585.78,1577.56,1585.16,3198620000
2013-04-29,1593.61,1596.65,1582.34,1582.34,2891200000
2013-04-30,1597.57,1597.57,1586.5,1593.58,3745070000
2013-05-01,1582.7,1597.55,1581.28,1597.55,3530320000
2013-05-02,1597.59,1598.6,1582.77,1582.77,3366950000
2013-05-03,1614.42,1618.46,1597.6,1597.6,3603910000
2013-05-06,1617.5,1619.77,1614.21,1614.4,3062240000
2013-05-07,1625.96,1626.03,1616.64,1617.55,3309580000
2013-05-08,1632.69,1632.78,1622.7,1625.95,3554700000
2013-05-09,1626.67,1635.01,1623.09,1632.69,3457400000
2013-05-10,1633.7,1633.7,1623.71,1626.69,3086470000
2013-05-13,1633.77,1636.0,1626.74,1632.1,2910600000
2013-05-14,1650.34,1651.1,1633.75,1633.75,3457790000
2013-05-15,1658.78,1661.49,1646.68,1649.13,3657440000
2013-05-16,1650.47,1660.51,1648.6,1658.07,3513130000
2013-05-17,1667.47,1667.47,1652.45,1652.45,3440710000
2013-05-20,1666.29,1672.84,1663.52,1665.71,3275080000
2013-05-21,1669.16,1674.93,1662.67,1666.2,3513560000
2013-05-22,1655.35,1687.18,1648.86,1669.39,4361020000
2013-05-23,1650.51,1655.5,1635.53,1651.62,3945510000
2013-05-24,1649.6,1649.78,1636.88,1646.67,2758080000
2013-05-28,1660.06,1674.21,1652.63,1652.63,3457400000
2013-05-29,1648.36,1656.57,1640.05,1656.57,3587140000
2013-05-30,1654.41,1661.91,1648.61,1649.14,3498620000
2013-05-31,1630.74,1658.99,1630.74,1652.13,4099600000
2013-06-03,1640.42,1640.42,1622.72,1631.71,3952070000
2013-06-04,1631.38,1646.53,1623.62,1640.73,3653840000
2013-06-05,1608.9,1629.31,1607.09,1629.05,3632350000
2013-06-06,1622.56,1622.56,1598.23,1609.29,3547380000
2013-06-07,1643.38,1644.4,1625.27,1625.27,3371990000
2013-06-10,1642.81,1648.69,1639.26,1644.67,2978730000
2013-06-11,1626.13,1640.13,1622.92,1638.64,3435710000
2013-06-12,1612.52,1637.71,1610.92,1629.94,3202550000
2013-06-13,1636.36,1639.25,1608.07,1612.15,3378620000
2013-06-14,1626.73,1640.8,1623.96,1635.52,2939400000
2013-06-17,1639.04,1646.5,1630.34,1630.64,3137080000
2013-06-18,1651.81,1654.19,1639.77,1639.77,3120980000
2013-06-19,1628.93,1652.45,1628.91,1651.83,3545060000
2013-06-20,1588.19,1624.62,1584.32,1624.62,4858850000
2013-06-21,1592.43,1599.19,1577.7,1588.62,5797280000
2013-06-24,1573.09,1588.77,1560.33,1588.77,4733660000
2013-06-25,1588.03,1593.79,1577.09,1577.52,3761170000
2013-06-26,1603.26,1606.83,1592.27,1592.27,3558340000
2013-06-27,1613.2,1620.07,1606.44,1606.44,3364540000
2013-06-28,1606.28,1615.94,1601.06,1611.12,4977190000
2013-07-01,1614.96,1626.61,1609.78,1609.78,3104690000
2013-07-02,1614.08,1624.26,1606.77,1614.29,3317130000
2013-07-03,1615.41,1618.97,1604.57,1611.48,1966050000
2013-07-05,1631.89,1632.07,1614.71,1618.65,2634140000
2013-07-08,1640.46,1644.68,1634.2,1634.2,3514590000
2013-07-09,1652.32,1654.18,1642.89,1642.89,3155360000
2013-07-10,1652.62,1657.92,1647.66,1651.56,3011010000
2013-07-11,1675.02,1676.63,1657.41,1657.41,3446340000
2013-07-12,1680.19,1680.19,1672.33,1675.26,3039070000
2013-07-15,1682.5,1684.51,1677.89,1679.59,2623200000
2013-07-16,1676.26,1683.73,1671.84,1682.7,3081710000
2013-07-17,1680.91,1684.75,1677.91,1677.91,3153440000
2013-07-18,1689.37,1693.12,1681.05,1681.05,3452370000
2013-07-19,1692.09,1692.09,1684.08,1686.15,3302580000
2013-07-22,1695.53,1697.61,1690.67,1694.41,2779130000
2013-07-23,1692.39,1698.78,1691.13,1696.63,3096180000
2013-07-24,1685.94,1698.38,1682.57,1696.06,3336120000
2013-07-25,1690.25,1690.94,1680.07,1685.21,3322500000
2013-07-26,1691.65,1691.85,1676.03,1687.31,2762770000
2013-07-29,1685.33,1690.92,1681.86,1690.32,2840520000
2013-07-30,1685.96,1693.19,1682.42,1687.92,3320530000
2013-07-31,1685.73,1698.43,1684.94,1687.76,3847390000
2013-08-01,1706.87,1707.85,1689.42,1689.42,3775170000
2013-08-02,1709.67,1709.67,1700.68,1706.1,3136630000
2013-08-05,1707.14,1709.24,1703.55,1708.01,2529300000
2013-08-06,1697.37,1705.79,1693.29,1705.79,3141210000
2013-08-07,1690.91,1695.3,1684.91,1695.3,3010230000
2013-08-08,1697.48,1700.18,1688.38,1693.35,3271660000
2013-08-09,1691.42,1699.42,1686.02,1696.1,2957670000
2013-08-12,1689.47,1691.49,1683.35,1688.37,2789160000
2013-08-13,1694.16,1696.81,1682.62,1690.65,3035560000
2013-08-14,1685.39,1695.52,1684.83,1693.88,2871430000
2013-08-15,1661.32,1679.61,1658.59,1679.61,3426690000
2013-08-16,1655.83,1663.6,1652.61,1661.22,3211450000
2013-08-19,1646.06,1659.18,1645.84,1655.25,2904530000
2013-08-20,1652.35,1658.92,1646.08,1646.81,2994090000
2013-08-21,1642.8,1656.99,1639.43,1650.66,2932180000
2013-08-22,1656.96,1659.55,1645.03,1645.03,2537460000
2013-08-23,1663.5,1664.85,1654.81,1659.92,2582670000
2013-08-26,1656.78,1669.51,1656.02,1664.29,2430670000
2013-08-27,1630.48,1652.54,1629.05,1652.54,3219190000
2013-08-28,1634.96,1641.18,1627.47,1630.25,2784010000
2013-08-29,1638.17,1646.41,1630.88,1633.5,2527550000
2013-08-30,1632.97,1640.08,1628.05,1638.89,2734300000
2013-09-03,1639.77,1651.35,1633.41,1635.95,3731610000
2013-09-04,1653.08,1655.72,1637.41,1640.72,3312150000
2013-09-05,1655.08,1659.17,1653.07,1653.28,2957110000
2013-09-06,1655.17,1664.83,1640.62,1657.44,3123880000
2013-09-09,1671.71,1672.4,1656.85,1656.85,3102780000
2013-09-10,1683.99,1684.09,1675.11,1675.11,3691800000
2013-09-11,1689.13,1689.13,1678.7,1681.04,3135460000
2013-09-12,1683.42,1689.97,1681.96,1689.21,3106290000
2013-09-13,1687.99,1688.73,1682.22,1685.04,2736500000
2013-09-16,1697.6,1704.95,1691.7,1691.7,3079800000
2013-09-17,1704.76,1705.52,1697.73,1697.73,2774240000
2013-09-18,1725.52,1729.44,1700.35,1705.74,3989760000
2013-09-19,1722.34,1729.86,1720.2,1727.34,3740130000
2013-09-20,1709.91,1725.23,1708.89,1722.44,5074030000
2013-09-23,1701.84,1711.44,1697.1,1711.44,3126950000
2013-09-24,1697.42,1707.63,1694.9,1702.6,3268930000
2013-09-25,1692.77,1701.71,1691.88,1698.02,3148730000
2013-09-26,1698.67,1703.85,1693.11,1694.05,2813930000
2013-09-27,1691.75,1695.52,1687.11,1695.52,2951700000
2013-09-30,1681.55,1687.26,1674.99,1687.26,3308630000
2013-10-01,1695.0,1696.55,1682.07,1682.41,3238690000
2013-10-02,1693.87,1693.87,1680.34,1691.9,3148600000
2013-10-03,1678.66,1692.35,1670.36,1692.35,3279650000
2013-10-04,1690.5,1691.94,1677.33,1678.79,2880270000
2013-10-07,1676.12,1687.15,1674.7,1687.15,2678490000
2013-10-08,1655.45,1676.79,1655.03,1676.22,3569230000
2013-10-09,1656.4,1662.47,1646.47,1656.99,3577840000
2013-10-10,1692.56,1692.56,1660.88,1660.88,3362300000
2013-10-11,1703.2,1703.44,1688.52,1691.09,2944670000
2013-10-14,1710.14,1711.03,1692.13,1699.86,2580580000
2013-10-15,1698.06,1711.57,1695.93,1709.17,3327740000
2013-10-16,1721.54,1721.76,1700.49,1700.49,3486180000
2013-10-17,1733.15,1733.45,1714.12,1720.17,3453590000
2013-10-18,1744.5,1745.31,1735.74,1736.72,3664890000
2013-10-21,1744.66,1747.79,1740.67,1745.2,3052710000
2013-10-22,1754.67,1759.33,1746.48,1746.48,3850840000
2013-10-23,1746.38,1752.27,1740.5,1752.27,3713380000
2013-10-24,1752.07,1753.94,1745.5,1747.48,3671700000
2013-10-25,1759.77,1759.82,1752.45,1756.01,3175720000
2013-10-28,1762.11,1764.99,1757.67,1759.42,3282300000
2013-10-29,1771.95,1772.09,1762.93,1762.93,3358460000
2013-10-30,1763.31,1775.22,1757.24,1772.27,3523040000
2013-10-31,1756.54,1768.53,1755.72,1763.24,3826530000
2013-11-01,1761.64,1765.67,1752.7,1758.7,3686290000
2013-11-04,1767.93,1768.78,1761.56,1763.4,3194870000
2013-11-05,1762.97,1767.03,1755.76,1765.67,3516680000
2013-11-06,1770.49,1773.74,1764.4,1765.0,3322100000
2013-11-07,1747.15,1774.54,1746.2,1770.74,4143200000
2013-11-08,1770.61,1770.78,1747.63,1748.37,3837170000
2013-11-11,1771.89,1773.44,1767.85,1769.96,2534060000
2013-11-12,1767.69,1771.78,1762.29,1769.51,3221030000
2013-11-13,1782.0,1782.0,1760.64,1764.37,3327480000
2013-11-14,1790.62,1791.53,1780.22,1782.75,3139060000
2013-11-15,1798.18,1798.22,1790.66,1790.66,3254820000
2013-11-18,1791.53,1802.33,1788.0,1798.82,3168520000
2013-11-19,1787.87,1795.51,1784.72,1790.79,3224450000
2013-11-20,1781.37,1795.73,1777.23,1789.59,3109140000
2013-11-21,1795.85,1797.16,1783.52,1783.52,3256630000
2013-11-22,1804.76,1804.84,1794.7,1797.21,3055140000
2013-11-25,1802.48,1808.1,1800.58,1806.33,2998540000
2013-11-26,1802.75,1808.42,1800.77,1802.87,3427120000
2013-11-27,1807.23,1808.27,1802.77,1803.48,2613590000
2013-11-29,1805.81,1813.55,1803.98,1808.69,1598300000
2013-12-02,1800.9,1810.02,1798.6,1806.55,3095430000
2013-12-03,1795.15,1800.1,1787.85,1800.1,3475680000
2013-12-04,1792.81,1799.8,1779.09,1793.15,3610540000
2013-12-05,1785.03,1792.82,1783.38,1792.82,3336880000
2013-12-06,1805.09,1806.04,1788.36,1788.36,3150030000
2013-12-09,1808.37,1811.52,1806.21,1806.21,3129500000
2013-12-10,1802.62,1808.52,1801.75,1807.6,3117150000
2013-12-11,1782.22,1802.97,1780.09,1802.76,3472240000
2013-12-12,1775.5,1782.99,1772.28,1781.71,3306640000
2013-12-13,1775.32,1780.92,1772.45,1777.98,3061070000
2013-12-16,1786.54,1792.22,1777.48,1777.48,3209890000
2013-12-17,1781.0,1786.77,1777.05,1786.47,3270030000
2013-12-18,1810.65,1811.08,1767.99,1781.46,4327770000
2013-12-19,1809.6,1810.88,1801.35,1809.0,3497210000
2013-12-20,1818.32,1823.75,1810.25,1810.39,5097700000
2013-12-23,1827.99,1829.75,1822.92,1822.92,2851540000
2013-12-24,1833.32,1833.32,1828.02,1828.02,1307630000
2013-12-26,1842.02,1842.84,1834.96,1834.96,1982270000
2013-12-27,1841.4,1844.89,1839.81,1842.97,2052920000
2013-12-30,1841.07,1842.47,1838.77,1841.47,2293860000
2013-12-31,1848.36,1849.44,1842.41,1842.61,2312840000
2014-01-02,1831.98,1845.86,1827.74,1845.86,3080600000
2014-01-03,1831.37,1838.24,1829.13,1833.21,2774270000
2014-01-06,1826.77,1837.16,1823.73,1832.31,3294850000
2014-01-07,1837.88,1840.1,1828.71,1828.71,3511750000
2014-01-08,1837.49,1840.02,1831.4,1837.9,3652140000
2014-01-09,1838.13,1843.23,1830.38,1839.0,3581150000
2014-01-10,1842.37,1843.15,1832.43,1840.06,3335710000
2014-01-13,1819.2,1843.45,1815.52,1841.26,3591350000
2014-01-14,1838.88,1839.26,1821.36,1821.36,3353270000
2014-01-15,1848.38,1850.84,1840.52,1840.52,3777800000
2014-01-16,1845.89,1847.99,1840.3,1847.99,3491310000
2014-01-17,1838.7,1846.04,1835.23,1844.23,3626120000
2014-01-21,1843.8,1849.31,1832.38,1841.05,3782470000
2014-01-22,1844.86,1846.87,1840.88,1844.71,3374170000
2014-01-23,1828.46,1842.29,1820.06,1842.29,3972250000
2014-01-24,1790.29,1826.96,1790.29,1826.96,4618450000
2014-01-27,1781.56,1795.98,1772.88,1791.03,4045200000
2014-01-28,1792.5,1793.87,1779.49,1783.0,3437830000
2014-01-29,1774.2,1790.15,1770.45,1790.15,3964020000
2014-01-30,1794.19,1798.77,1777.17,1777.17,3547510000
2014-01-31,1782.59,1793.88,1772.26,1790.88,4059690000
2014-02-03,1741.89,1784.83,1739.66,1782.68,4726040000
2014-02-04,1755.2,1758.73,1743.82,1743.82,4068410000
2014-02-05,1751.64,1755.79,1737.92,1753.38,3984290000
2014-02-06,1773.43,1774.06,1752.99,1752.99,3825410000
2014-02-07,1797.02,1798.03,1776.01,1776.01,3775990000
2014-02-10,1799.84,1799.94,1791.83,1796.2,3312160000
2014-02-11,1819.75,1823.54,1800.41,1800.45,3699380000
2014-02-12,1819.26,1826.55,1815.97,1820.12,3326380000
2014-02-13,1829.83,1830.25,1809.22,1814.82,3289510000
2014-02-14,1838.63,1841.65,1825.59,1828.46,3114750000
2014-02-18,1840.76,1842.87,1835.01,1839.03,3421110000
2014-02-19,1828.75,1847.5,1826.99,1838.9,3661570000
2014-02-20,1839.78,1842.79,1824.58,1829.24,3404980000
2014-02-21,1836.25,1846.13,1835.6,1841.07,3403880000
2014-02-24,1847.61,1858.71,1836.78,1836.78,4014530000
2014-02-25,1845.12,1852.91,1840.19,1847.66,3515560000
2014-02-26,1845.16,1852.65,1840.66,1845.79,3716730000
2014-02-27,1854.29,1854.53,1841.13,1844.9,3547460000
2014-02-28,1859.45,1867.92,1847.67,1855.12,3917450000
2014-03-03,1845.73,1857.68,1834.44,1857.68,3428220000
2014-03-04,1873.91,1876.23,1849.23,1849.23,3765770000
2014-03-05,1873.81,1876.53,1871.11,1874.05,3392990000
2014-03-06,1877.03,1881.94,1874.18,1874.18,3360450000
2014-03-07,1878.04,1883.57,1870.56,1878.52,3564740000
2014-03-10,1877.17,1877.87,1867.04,1877.86,3021350000
2014-03-11,1867.63,1882.35,1863.88,1878.26,3392400000
2014-03-12,1868.2,1868.38,1854.38,1866.15,3270860000
2014-03-13,1846.34,1874.4,1841.86,1869.06,3670990000
2014-03-14,1841.13,1852.44,1839.57,1845.07,3285460000
2014-03-17,1858.83,1862.3,1842.81,1842.81,2860490000
2014-03-18,1872.25,1873.76,1858.92,1858.92,2930190000
2014-03-19,1860.77,1874.14,1850.35,1872.25,3289210000
2014-03-20,1872.01,1873.49,1854.63,1860.09,3327540000
2014-03-21,1866.52,1883.97,1863.46,1874.53,5270710000
2014-03-24,1857.44,1873.34,1849.69,1867.67,3409000000
2014-03-25,1865.62,1871.87,1855.96,1859.48,3200560000
2014-03-26,1852.56,1875.92,1852.56,1867.09,3480850000
2014-03-27,1849.04,1855.55,1842.11,1852.11,3733430000
2014-03-28,1857.62,1866.63,1850.07,1850.07,2955520000
2014-03-31,1872.34,1875.18,1859.16,1859.16,3274300000
2014-04-01,1885.52,1885.84,1873.96,1873.96,3336190000
2014-04-02,1890.9,1893.17,1883.79,1886.61,3131660000
2014-04-03,1888.77,1893.8,1882.65,1891.43,3055600000
2014-04-04,1865.09,1897.28,1863.26,1890.25,3583750000
2014-04-07,1845.04,1864.04,1841.48,1863.92,3801540000
2014-04-08,1851.96,1854.95,1837.49,1845.48,3721450000
2014-04-09,1872.18,1872.43,1852.38,1852.64,3308650000
2014-04-10,1833.08,1872.53,1830.87,1872.28,3758780000
2014-04-11,1815.69,1835.07,1814.36,1830.65,3743460000
2014-04-14,1830.61,1834.19,1815.8,1818.18,3111540000
2014-04-15,1842.98,1844.02,1816.29,1831.45,3736440000
2014-04-16,1862.31,1862.31,1846.01,1846.01,3155080000
2014-04-17,1864.85,1869.63,1856.72,1861.73,3341430000
2014-04-21,1871.89,1871.89,1863.18,1865.79,2642500000
2014-04-22,1879.55,1884.89,1872.57,1872.57,3215440000
2014-04-23,1875.39,1879.75,1873.91,1879.32,3085720000
2014-04-24,1878.61,1884.06,1870.24,1881.97,3191830000
2014-04-25,1863.4,1877.72,1859.7,1877.72,3213020000
2014-04-28,1869.43,1877.01,1850.61,1865.0,4034680000
2014-04-29,1878.33,1880.6,1870.78,1870.78,3647820000
2014-04-30,1883.95,1885.2,1872.69,1877.1,3779230000
2014-05-01,1883.68,1888.59,1878.04,1884.39,3416740000
2014-05-02,1881.14,1891.33,1878.5,1885.3,3159560000
2014-05-05,1884.66,1885.51,1866.77,1879.45,2733730000
2014-05-06,1867.72,1883.69,1867.72,1883.69,3327260000
2014-05-07,1878.21,1878.83,1859.79,1868.53,3632950000
2014-05-08,1875.63,1889.07,1870.05,1877.39,3393420000
2014-05-09,1878.48,1878.57,1867.02,1875.27,3025020000
2014-05-12,1896.65,1897.13,1880.03,1880.03,3005740000
2014-05-13,1897.45,1902.17,1896.06,1896.75,2915680000
2014-05-14,1888.53,1897.13,1885.77,1897.13,2822060000
2014-05-15,1870.85,1888.16,1862.36,1888.16,3552640000
2014-05-16,1877.86,1878.28,1864.82,1871.19,3173650000
2014-05-19,1885.08,1886.0,1872.42,1876.66,2664250000
2014-05-20,1872.83,1884.88,1868.14,1884.88,3007700000
2014-05-21,1888.03,1888.8,1873.34,1873.34,2777140000
2014-05-22,1892.49,1896.33,1885.39,1888.19,2759800000
2014-05-23,1900.53,1901.26,1893.32,1893.32,2396280000
2014-05-27,1911.91,1912.28,1902.01,1902.01,2911020000
2014-05-28,1909.78,1914.46,1907.3,1911.77,2976450000
2014-05-29,1920.03,1920.03,1909.82,1910.6,2709050000
2014-05-30,1923.57,1924.03,1916.64,1920.33,3263490000
2014-06-02,1924.97,1925.88,1915.98,1923.87,2509020000
2014-06-03,1924.24,1925.07,1918.79,1923.07,2867180000
2014-06-04,1927.88,1928.63,1918.6,1923.06,2793920000
2014-06-05,1940.46,1941.74,1922.93,1928.52,3113270000
2014-06-06,1949.44,1949.44,1942.41,1942.41,2864300000
2014-06-09,1951.27,1955.55,1947.16,1948.97,2812180000
2014-06-10,1950.79,1950.86,1944.64,1950.34,2702360000
2014-06-11,1943.89,1949.37,1940.08,1949.37,2710620000
2014-06-12,1930.11,1943.35,1925.78,1943.35,3040480000
2014-06-13,1936.16,1937.3,1927.69,1930.8,2598230000
2014-06-16,1937.78,1941.15,1930.91,1934.84,2926130000
2014-06-17,1941.99,1943.69,1933.55,1937.15,2971260000
2014-06-18,1956.98,1957.74,1939.29,1942.73,3065220000
2014-06-19,1959.48,1959.87,1952.26,1957.5,2952150000
2014-06-20,1962.87,1963.91,1959.17,1960.45,4336240000
2014-06-23,1962.61,1963.74,1958.89,1962.92,2717630000
2014-06-24,1949.98,1968.17,1948.34,1961.97,3089700000
2014-06-25,1959.53,1960.83,1947.49,1949.27,3106710000
2014-06-26,1957.22,1959.89,1944.69,1959.89,2778840000
2014-06-27,1960.96,1961.47,1952.18,1956.56,4290590000
2014-06-30,1960.23,1964.24,1958.22,1960.79,3037350000
2014-07-01,1973.32,1978.58,1962.29,1962.29,3188240000
2014-07-02,1974.62,1976.67,1972.58,1973.06,2851480000
2014-07-03,1985.44,1985.59,1975.88,1975.88,1998090000
2014-07-07,1977.65,1984.22,1974.88,1984.22,2681260000
2014-07-08,1963.71,1976.39,1959.46,1976.39,3302430000
2014-07-09,1972.83,1974.15,1965.1,1965.1,2858800000
2014-07-10,1964.68,1969.84,1952.86,1966.67,3165690000
2014-07-11,1967.57,1968.67,1959.63,1965.76,2684630000
2014-07-14,1977.1,1979.85,1969.86,1969.86,2744920000
2014-07-15,1973.28,1982.52,1965.34,1977.36,3328740000
2014-07-16,1981.57,1983.94,1975.67,1976.35,3390950000
2014-07-17,1958.12,1981.8,1955.59,1979.75,3381680000
2014-07-18,1978.22,1979.91,1960.82,1961.54,3106060000
2014-07-21,1973.63,1976.93,1965.77,1976.93,2611160000
2014-07-22,1983.53,1986.24,1975.65,1975.65,2890480000
2014-07-23,1987.01,1989.23,1982.44,1985.32,2869720000
2014-07-24,1987.98,1991.39,1985.79,1988.07,3203530000
2014-07-25,1978.34,1984.6,1974.37,1984.6,2638960000
2014-07-28,1978.91,1981.52,1967.31,1978.25,2803320000
2014-07-29,1969.95,1984.85,1969.95,1980.03,3183300000
2014-07-30,1970.07,1978.9,1962.42,1973.21,3448250000
2014-07-31,1930.67,1965.14,1930.67,1965.14,4193000000
2014-08-01,1925.15,1937.35,1916.37,1929.8,3789660000
2014-08-04,1938.99,1942.92,1921.2,1926.62,3072920000
2014-08-05,1920.21,1936.34,1913.77,1936.34,3462520000
2014-08-06,1920.24,1927.91,1911.45,1917.29,3539150000
2014-08-07,1909.57,1928.89,1904.78,1923.03,3230520000
2014-08-08,1931.59,1932.38,1909.01,1910.35,2902280000
2014-08-11,1936.92,1944.9,1933.43,1933.43,2784890000
2014-08-12,1933.75,1939.65,1928.29,1935.73,2611700000
2014-08-13,1946.72,1948.41,1935.6,1935.6,2718020000
2014-08-14,1955.18,1955.23,1947.41,1947.41,2609460000
2014-08-15,1955.06,1964.04,1941.5,1958.87,3023380000
2014-08-18,1971.74,1971.99,1958.36,1958.36,2638160000
2014-08-19,1981.6,1982.57,1972.73,1972.73,2656430000
2014-08-20,1986.51,1988.57,1977.68,1980.46,2579560000
2014-08-21,1992.37,1994.76,1986.82,1986.82,2638920000
2014-08-22,1988.4,1993.54,1984.76,1992.6,2301860000
2014-08-25,1997.92,2001.95,1991.74,1991.74,2233880000
2014-08-26,2000.02,2005.04,1998.59,1998.59,2451950000
2014-08-27,2000.12,2002.14,1996.2,2000.54,2344350000
2014-08-28,1996.74,1998.55,1990.52,1997.42,2282400000
2014-08-29,2003.37,2003.38,1994.65,1998.45,2259130000
2014-09-02,2002.28,2006.12,1994.85,2004.07,2819980000
2014-09-03,2000.72,2009.28,1998.14,2003.57,2809980000
2014-09-04,1997.65,2011.17,1992.54,2001.67,3072410000
2014-09-05,2007.71,2007.71,1990.1,1998.0,2818300000
2014-09-08,2001.54,2007.17,1995.6,2007.17,2789090000
2014-09-09,1988.44,2001.01,1984.61,2000.73,2882830000
2014-09-10,1995.69,1996.66,1982.99,1988.41,2912430000
2014-09-11,1997.45,1997.65,1985.93,1992.85,2941690000
2014-09-12,1985.54,1996.74,1980.26,1996.74,3206570000
2014-09-15,1984.13,1987.18,1978.48,1986.04,2776530000
2014-09-16,1998.98,2002.28,1979.06,1981.93,3160310000
2014-09-17,2001.57,2010.74,1993.29,1999.3,3209420000
2014-09-18,2011.36,2012.34,2003.07,2003.07,3235340000
2014-09-19,2010.4,2019.26,2006.59,2012.74,4880220000
2014-09-22,1994.29,2009.08,1991.01,2009.08,3349670000
2014-09-23,1982.77,1995.41,1982.77,1992.78,3279350000
2014-09-24,1998.3,1999.79,1978.63,1983.34,3313850000
2014-09-25,1965.99,1997.32,1965.99,1997.32,3273050000
2014-09-26,1982.85,1986.37,1966.22,1966.22,2929440000
2014-09-29,1977.8,1981.28,1964.04,1978.96,3094440000
2014-09-30,1972.29,1985.17,1968.96,1978.21,3951100000
2014-10-01,1946.16,1971.44,1941.72,1971.44,4188590000
2014-10-02,1946.17,1952.32,1926.03,1945.83,4012510000
2014-10-03,1967.9,1971.19,1948.12,1948.12,3560970000
2014-10-06,1964.82,1977.84,1958.43,1970.01,3358220000
2014-10-07,1935.1,1962.36,1934.87,1962.36,3687870000
2014-10-08,1968.89,1970.36,1925.25,1935.55,4441890000
2014-10-09,1928.21,1967.68,1927.56,1967.68,4344020000
2014-10-10,1906.13,1936.98,1906.05,1925.63,4550540000
2014-10-13,1874.74,1912.09,1874.14,1905.65,4352580000
2014-10-14,1877.7,1898.71,1871.79,1877.11,4812010000
2014-10-15,1862.49,1874.18,1820.66,1874.18,6090800000
2014-10-16,1862.76,1876.01,1835.02,1855.95,5073150000
2014-10-17,1886.76,1898.16,1864.91,1864.91,4482120000
2014-10-20,1904.01,1905.03,1882.3,1885.62,3331210000
2014-10-21,1941.28,1942.45,1909.38,1909.38,3987090000
2014-10-22,1927.11,1949.31,1926.83,1941.29,3761930000
2014-10-23,1950.82,1961.95,1931.02,1931.02,3789250000
2014-10-24,1964.58,1965.27,1946.27,1951.59,3078380000
2014-10-27,1961.63,1964.64,1951.37,1962.97,3538860000
2014-10-28,1985.05,1985.05,1964.14,1964.14,3653260000
2014-10-29,1982.3,1991.4,1969.04,1983.29,3740350000
2014-10-30,1994.65,1999.4,1974.75,1979.49,3586150000
2014-10-31,2018.05,2018.19,2001.2,2001.2,4292290000
2014-11-03,2017.81,2024.46,2013.68,2018.21,3555440000
2014-11-04,2012.1,2015.98,2001.01,2015.81,3956260000
2014-11-05,2023.57,2023.77,2014.42,2015.29,3766590000
2014-11-06,2031.21,2031.61,2015.86,2023.33,3669770000
2014-11-07,2031.92,2034.26,2025.07,2032.36,3704280000
2014-11-10,2038.26,2038.7,2030.17,2032.01,3284940000
2014-11-11,2039.68,2041.28,2035.28,2038.2,2958320000
2014-11-12,2038.25,2040.33,2031.95,2037.75,3246650000
2014-11-13,2039.33,2046.18,2030.44,2039.21,3455270000
2014-11-14,2039.82,2042.22,2035.2,2039.74,3227130000
2014-11-17,2041.32,2043.07,2034.46,2038.29,3152890000
2014-11-18,2051.8,2056.08,2041.48,2041.48,3416190000
2014-11-19,2048.72,2052.14,2040.37,2051.16,3390850000
2014-11-20,2052.75,2053.84,2040.49,2045.87,3128290000
2014-11-21,2063.5,2071.46,2056.75,2057.46,3916420000
2014-11-24,2069.41,2070.17,2065.07,2065.07,3128060000
2014-11-25,2067.03,2074.21,2064.75,2070.15,3392940000
2014-11-26,2072.83,2073.29,2066.62,2067.36,2745260000
2014-11-28,2067.56,2075.76,2065.06,2074.78,2504640000
2014-12-01,2053.44,2065.78,2049.57,2065.78,4159010000
2014-12-02,2066.55,2068.77,2053.77,2053.77,3686650000
2014-12-03,2074.33,2076.28,2066.65,2067.45,3612680000
2014-12-04,2071.92,2077.34,2062.34,2073.64,3408340000
2014-12-05,2075.37,2079.47,2070.81,2072.78,3419620000
2014-12-08,2060.31,2075.78,2054.27,2074.84,3800990000
2014-12-09,2059.82,2060.6,2034.17,2056.55,3970150000
2014-12-10,2026.14,2058.86,2024.26,2058.86,4114440000
2014-12-11,2035.33,2055.53,2027.92,2027.92,3917950000
2014-12-12,2002.33,2032.25,2002.33,2030.36,4157650000
2014-12-15,1989.63,2018.69,1982.26,2005.03,4361990000
2014-12-16,1972.74,2016.89,1972.56,1986.71,4958680000
2014-12-17,2012.89,2016.75,1973.77,1973.77,4942370000
2014-12-18,2061.23,2061.23,2018.98,2018.98,4703380000
2014-12-19,2070.65,2077.85,2061.03,2061.04,6465530000
2014-12-22,2078.54,2078.76,2069.28,2069.28,3369520000
2014-12-23,2082.17,2086.73,2079.77,2081.48,3043950000
2014-12-24,2081.88,2087.56,2081.86,2083.25,1416980000
2014-12-26,2088.77,2092.7,2084.3,2084.3,1735230000
2014-12-29,2090.57,2093.55,2085.75,2087.63,2452360000
2014-12-30,2080.35,2088.49,2079.53,2088.49,2440280000
2014-12-31,2058.9,2085.58,2057.94,2082.11,2606070000
2015-01-02,2058.2,2072.36,2046.04,2058.9,2708700000
2015-01-05,2020.58,2054.44,2017.34,2054.44,3799120000
2015-01-06,2002.61,2030.25,1992.44,2022.15,4460110000
2015-01-07,2025.9,2029.61,2005.55,2005.55,3805480000
2015-01-08,2062.14,2064.08,2030.61,2030.61,3934010000
2015-01-09,2044.81,2064.43,2038.33,2063.45,3364140000
2015-01-12,2028.26,2049.3,2022.58,2046.13,3456460000
2015-01-13,2023.03,2056.93,2008.25,2031.58,4107300000
2015-01-14,2011.27,2018.4,1988.44,2018.4,4378680000
2015-01-15,1992.67,2021.35,1991.47,2013.75,4276720000
2015-01-16,2019.42,2020.46,1988.12,1992.25,4056410000
2015-01-20,2022.55,2028.94,2004.49,2020.76,3944340000
2015-01-21,2032.12,2038.29,2012.04,2020.19,3730070000
2015-01-22,2063.15,2064.62,2026.38,2034.3,4176050000
2015-01-23,2051.82,2062.98,2050.54,2062.98,3573560000
2015-01-26,2057.09,2057.62,2040.97,2050.42,3465760000
2015-01-27,2029.55,2047.86,2019.91,2047.86,3329810000
2015-01-28,2002.16,2042.49,2001.49,2032.34,4067530000
2015-01-29,2021.25,2024.64,1989.18,2002.45,4127140000
2015-01-30,1994.99,2023.32,1993.38,2019.35,4568650000
2015-02-02,2020.85,2021.66,1980.9,1996.67,4008330000
2015-02-03,2050.03,2050.3,2022.71,2022.71,4615900000
2015-02-04,2041.51,2054.74,2036.72,2048.86,4141920000
2015-02-05,2062.52,2063.55,2043.45,2043.45,3821990000
2015-02-06,2055.47,2072.4,2049.97,2062.28,4232970000
2015-02-09,2046.74,2056.16,2041.88,2053.47,3549540000
2015-02-10,2068.59,2070.86,2048.62,2049.38,3669850000
2015-02-11,2068.53,2073.48,2057.99,2068.55,3596860000
2015-02-12,2088.48,2088.53,2069.98,2069.98,3788350000
2015-02-13,2096.99,2097.03,2086.7,2088.78,3527450000
2015-02-17,2100.34,2101.3,2089.8,2096.47,3361750000
2015-02-18,2099.68,2100.23,2092.15,2099.16,3370020000
2015-02-19,2097.45,2102.13,2090.79,2099.25,3247100000
2015-02-20,2110.3,2110.61,2085.44,2097.65,3281600000
2015-02-23,2109.66,2110.05,2103.0,2109.83,3093680000
2015-02-24,2115.48,2117.94,2105.87,2109.1,3199840000
2015-02-25,2113.86,2119.59,2109.89,2115.3,3312340000
2015-02-26,2110.74,2113.91,2103.76,2113.91,3408690000
2015-02-27,2104.5,2112.74,2103.75,2110.88,3547380000
2015-03-02,2117.39,2117.52,2104.5,2105.23,3409490000
2015-03-03,2107.78,2115.76,2098.26,2115.76,3262300000
2015-03-04,2098.53,2107.72,2094.49,2107.72,3421110000
2015-03-05,2101.04,2104.25,2095.22,2098.54,3103030000
2015-03-06,2071.26,2100.91,2067.27,2100.91,3853570000
2015-03-09,2079.43,2083.49,2072.21,2072.25,3349090000
2015-03-10,2044.16,2076.14,2044.16,2076.14,3668900000
2015-03-11,2040.24,2050.08,2039.69,2044.69,3406570000
2015-03-12,2065.95,2066.41,2041.1,2041.1,3405860000
2015-03-13,2053.4,2064.56,2041.17,2064.56,3498560000
2015-03-16,2081.19,2081.41,2055.35,2055.35,3295600000
2015-03-17,2074.28,2080.59,2065.08,2080.59,3221840000
2015-03-18,2099.5,2106.85,2061.23,2072.84,4128210000
2015-03-19,2089.27,2098.69,2085.56,2098.69,3305220000
2015-03-20,2108.1,2113.92,2090.32,2090.32,5554120000
2015-03-23,2104.42,2114.86,2104.42,2107.99,3267960000
2015-03-24,2091.5,2107.63,2091.5,2103.94,3189820000
2015-03-25,2061.05,2097.43,2061.05,2093.1,3521140000
2015-03-26,2056.15,2067.15,2045.5,2059.94,3510670000
2015-03-27,2061.02,2062.83,2052.96,2055.78,3008550000
2015-03-30,2086.24,2088.97,2064.11,2064.11,2917690000
2015-03-31,2067.89,2084.05,2067.04,2084.05,3376550000
2015-04-01,2059.69,2067.63,2048.38,2067.63,3543270000
2015-04-02,2066.96,2072.17,2057.32,2060.03,3095960000
2015-04-06,2080.62,2086.99,2056.52,2064.87,3302970000
2015-04-07,2076.33,2089.81,2076.1,2080.79,3065510000
2015-04-08,2081.9,2086.69,2073.3,2076.94,3265330000
2015-04-09,2091.18,2093.31,2074.29,2081.29,3172360000
2015-04-10,2102.06,2102.61,2091.51,2091.51,3156200000
2015-04-13,2092.43,2107.65,2092.33,2102.03,2908420000
2015-04-14,2095.84,2098.62,2083.24,2092.28,3301270000
2015-04-15,2106.63,2111.91,2097.82,2097.82,4013760000
2015-04-16,2104.99,2111.3,2100.02,2105.96,3434120000
2015-04-17,2081.18,2102.58,2072.37,2102.58,3627600000
2015-04-20,2100.4,2103.94,2084.11,2084.11,3000160000
2015-04-21,2097.29,2109.64,2094.38,2102.82,3243410000
2015-04-22,2107.96,2109.98,2091.05,2098.27,3348480000
2015-04-23,2112.93,2120.49,2103.19,2107.21,3636670000
2015-04-24,2117.69,2120.92,2112.8,2112.8,3375780000
2015-04-27,2108.92,2125.92,2107.04,2119.29,3438750000
2015-04-28,2114.76,2116.04,2094.89,2108.35,3546270000
2015-04-29,2106.85,2113.65,2097.41,2112.49,4074970000
2015-04-30,2085.51,2105.52,2077.59,2105.52,4509680000
2015-05-01,2108.29,2108.41,2087.38,2087.38,3379390000
2015-05-04,2114.49,2120.95,2110.23,2110.23,3091580000
2015-05-05,2089.46,2115.24,2088.46,2112.63,3793950000
2015-05-06,2080.15,2098.42,2067.93,2091.26,3792210000
2015-05-07,2088.0,2092.9,2074.99,2079.96,3676640000
2015-05-08,2116.1,2117.66,2092.13,2092.13,3399440000
2015-05-11,2105.33,2117.69,2104.58,2115.56,2992670000
2015-05-12,2099.12,2105.06,2085.57,2102.87,3139520000
2015-05-13,2098.48,2110.19,2096.04,2099.62,3374260000
2015-05-14,2121.1,2121.45,2100.43,2100.43,3225740000
2015-05-15,2122.73,2123.89,2116.81,2122.07,3092080000
2015-05-18,2129.2,2131.78,2120.01,2121.3,2888190000
2015-05-19,2127.83,2133.02,2124.5,2129.45,3296030000
2015-05-20,2125.85,2134.72,2122.59,2127.79,3025880000
2015-05-21,2130.82,2134.28,2122.95,2125.55,3070460000
2015-05-22,2126.06,2132.15,2126.06,2130.36,2571860000
2015-05-26,2104.2,2125.34,2099.18,2125.34,3342130000
2015-05-27,2123.48,2126.22,2105.13,2105.13,3127960000
2015-05-28,2120.79,2122.27,2112.86,2122.27,2980350000
2015-05-29,2107.39,2120.66,2104.89,2120.66,3927390000
2015-06-01,2111.73,2119.15,2102.54,2108.64,3011710000
2015-06-02,2109.6,2117.59,2099.14,2110.41,3049350000
2015-06-03,2114.07,2121.92,2109.61,2110.64,3099980000
2015-06-04,2095.84,2112.89,2093.23,2112.35,3200050000
2015-06-05,2092.83,2100.99,2085.67,2095.09,3243690000
2015-06-08,2079.28,2093.01,2079.11,2092.34,2917150000
2015-06-09,2080.15,2085.62,2072.14,2079.07,3034580000
2015-06-10,2105.2,2108.5,2081.12,2081.12,3414320000
2015-06-11,2108.86,2115.02,2106.24,2106.24,3128600000
2015-06-12,2094.11,2107.43,2091.33,2107.43,2719400000
2015-06-15,2084.43,2091.34,2072.49,2091.34,3061570000
2015-06-16,2096.29,2097.4,2082.1,2084.26,2919900000
2015-06-17,2100.44,2106.79,2088.86,2097.4,3222240000
2015-06-18,2121.24,2126.65,2101.58,2101.58,3520360000
2015-06-19,2109.99,2121.64,2109.45,2121.06,4449810000
2015-06-22,2122.85,2129.87,2112.5,2112.5,3030020000
2015-06-23,2124.2,2128.03,2119.89,2123.16,3091190000
2015-06-24,2108.58,2125.1,2108.58,2123.65,3102480000
2015-06-25,2102.31,2116.04,2101.78,2109.96,3214610000
2015-06-26,2101.49,2108.92,2095.38,2102.62,5025470000
2015-06-29,2057.64,2098.63,2056.64,2098.63,3678960000
2015-06-30,2063.11,2074.28,2056.32,2061.19,4078540000
2015-07-01,2077.42,2082.78,2067.0,2067.0,3727260000
2015-07-02,2076.78,2085.06,2071.02,2078.03,2996540000
2015-07-06,2068.76,2078.61,2058.4,2073.95,3486360000
2015-07-07,2081.34,2083.74,2044.02,2069.52,4458660000
2015-07-08,2046.68,2077.66,2044.66,2077.66,3608780000
2015-07-09,2051.31,2074.28,2049.73,2049.73,3446810000
2015-07-10,2076.62,2081.31,2052.74,2052.74,3065070000
2015-07-13,2099.6,2100.67,2080.03,2080.03,3096730000
2015-07-14,2108.95,2111.98,2098.18,2099.72,3002120000
2015-07-15,2107.4,2114.14,2102.49,2109.01,3261810000
2015-07-16,2124.29,2124.42,2110.55,2110.55,3227080000
2015-07-17,2126.64,2128.91,2119.88,2126.8,3362750000
2015-07-20,2128.28,2132.82,2123.66,2126.85,3245870000
2015-07-21,2119.21,2128.49,2115.4,2127.55,3343690000
2015-07-22,2114.15,2118.51,2110.0,2118.21,3694070000
2015-07-23,2102.15,2116.87,2098.63,2114.16,3772810000
2015-07-24,2079.65,2106.01,2077.09,2102.24,3870040000
2015-07-27,2067.64,2078.19,2063.52,2078.19,3836750000
2015-07-28,2093.25,2095.6,2069.09,2070.75,4117740000
2015-07-29,2108.57,2110.6,2094.08,2094.7,4038900000
2015-07-30,2108.63,2110.48,2094.97,2106.78,3579410000
2015-07-31,2103.84,2114.24,2102.07,2111.6,3681340000
2015-08-03,2098.04,2105.7,2087.31,2104.49,3476770000
2015-08-04,2093.32,2102.51,2088.6,2097.68,3546710000
2015-08-05,2099.84,2112.66,2095.27,2095.27,3968680000
2015-08-06,2083.56,2103.32,2075.53,2100.75,4246570000
2015-08-07,2077.57,2082.61,2067.91,2082.61,3602320000
2015-08-10,2104.18,2105.35,2080.98,2080.98,3514460000
2015-08-11,2084.07,2102.66,2076.49,2102.66,3708880000
2015-08-12,2086.05,2089.06,2052.09,2081.1,4269130000
2015-08-13,2083.39,2092.93,2078.26,2086.19,3221300000
2015-08-14,2091.54,2092.45,2080.61,2083.15,2795590000
2015-08-17,2102.44,2102.87,2079.3,2089.7,2867690000
2015-08-18,2096.92,2103.47,2094.14,2101.99,2949990000
2015-08-19,2079.61,2096.17,2070.53,2095.69,3512920000
2015-08-20,2035.73,2076.61,2035.73,2076.61,3922470000
2015-08-21,1970.89,2034.08,1970.89,2034.08,5018240000
2015-08-24,1893.21,1965.15,1867.01,1965.15,6612690000
2015-08-25,1867.61,1948.04,1867.08,1898.08,5183560000
2015-08-26,1940.51,1943.09,1872.75,1872.75,5338250000
2015-08-27,1987.66,1989.6,1942.77,1942.77,5006390000
2015-08-28,1988.87,1993.48,1975.19,1986.06,3949080000
2015-08-31,1972.18,1986.73,1965.98,1986.73,3915100000
2015-09-01,1913.85,1970.09,1903.07,1970.09,4371850000
2015-09-02,1948.86,1948.91,1916.52,1916.52,3742620000
2015-09-03,1951.13,1975.01,1944.72,1950.79,3520700000
2015-09-04,1921.22,1947.76,1911.21,1947.76,3167090000
2015-09-08,1969.41,1970.42,1927.3,1927.3,3548650000
2015-09-09,1942.04,1988.63,1937.88,1971.45,3652120000
2015-09-10,1952.29,1965.29,1937.19,1941.59,3626320000
2015-09-11,1961.05,1961.05,1939.19,1951.45,3218590000
2015-09-14,1953.03,1963.06,1948.27,1963.06,3000200000
2015-09-15,1978.09,1983.19,1954.3,1955.1,3239860000
2015-09-16,1995.31,1997.26,1977.93,1978.02,3630680000
2015-09-17,1990.2,2020.86,1986.73,1995.33,4183790000
2015-09-18,1958.03,1989.66,1953.45,1989.66,6021240000
2015-09-21,1966.97,1979.64,1955.8,1960.84,3269350000
2015-09-22,1942.74,1961.39,1929.22,1961.39,3808260000
2015-09-23,1938.76,1949.52,1932.57,1943.24,3190530000
2015-09-24,1932.24,1937.17,1908.92,1934.81,4091530000
2015-09-25,1931.34,1952.89,1921.5,1935.93,3721870000
2015-09-28,1881.77,1929.18,1879.21,1929.18,4326660000
2015-09-29,1884.09,1899.48,1871.91,1881.9,4132390000
2015-09-30,1920.03,1920.53,1887.14,1887.14,4525070000
2015-10-01,1923.82,1927.21,1900.7,1919.65,3983600000
2015-10-02,1951.36,1951.36,1893.7,1921.77,4378570000
2015-10-05,1987.05,1989.17,1954.33,1954.33,4334490000
2015-10-06,1979.92,1991.62,1971.99,1986.63,4202400000
2015-10-07,1995.83,1999.31,1976.44,1982.34,4666470000
2015-10-08,2013.43,2016.5,1987.53,1994.01,3939140000
2015-10-09,2014.89,2020.13,2007.61,2013.73,3706900000
2015-10-12,2017.46,2018.66,2010.55,2015.65,2893250000
2015-10-13,2003.69,2022.34,2001.78,2015.0,3401920000
2015-10-14,1994.24,2009.56,1990.73,2003.66,3644590000
2015-10-15,2023.86,2024.15,1996.47,1996.47,3746290000
2015-10-16,2033.11,2033.54,2020.46,2024.37,3595430000
2015-10-19,2033.66,2034.45,2022.31,2031.73,3287320000
2015-10-20,2030.77,2039.12,2026.61,2033.13,3331500000
2015-10-21,2018.94,2037.97,2017.22,2033.47,3627790000
2015-10-22,2052.51,2055.2,2021.88,2021.88,4430850000
2015-10-23,2075.15,2079.74,2058.19,2058.19,4108460000
2015-10-26,2071.18,2075.14,2066.53,2075.08,3385800000
2015-10-27,2065.89,2070.37,2058.84,2068.75,4216880000
2015-10-28,2090.35,2090.35,2063.11,2066.48,4698110000
2015-10-29,2089.41,2092.52,2082.63,2088.35,4008940000
2015-10-30,2079.36,2094.32,2079.34,2090.0,4256200000
2015-11-02,2104.05,2106.2,2080.76,2080.76,3760020000
2015-11-03,2109.79,2116.48,2097.51,2102.63,4272060000
2015-11-04,2102.31,2114.59,2096.98,2110.6,4078870000
2015-11-05,2099.93,2108.78,2090.41,2101.68,4051890000
2015-11-06,2099.2,2101.91,2083.74,2098.6,4369020000
2015-11-09,2078.58,2096.56,2068.24,2096.56,3882350000
2015-11-10,2081.72,2083.67,2069.91,2077.19,3821440000
2015-11-11,2075.0,2086.94,2074.85,2083.41,3692410000
2015-11-12,2045.97,2072.29,2045.66,2072.29,4016370000
2015-11-13,2023.04,2044.64,2022.02,2044.64,4278750000
2015-11-16,2053.19,2053.22,2019.39,2022.08,3741240000
2015-11-17,2050.44,2066.69,2045.9,2053.67,4427350000
2015-11-18,2083.58,2085.31,2051.99,2051.99,3926390000
2015-11-19,2081.24,2086.74,2078.76,2083.7,3628110000
2015-11-20,2089.17,2097.06,2082.82,2082.82,3929600000
2015-11-23,2086.59,2095.61,2081.39,2089.41,3587980000
2015-11-24,2089.14,2094.12,2070.29,2084.42,3884930000
2015-11-25,2088.87,2093.0,2086.3,2089.3,2852940000
2015-11-27,2090.11,2093.29,2084.13,2088.82,1466840000
2015-11-30,2080.41,2093.81,2080.41,2090.95,4275030000
2015-12-01,2102.63,2103.37,2082.93,2082.93,3712120000
2015-12-02,2079.51,2104.27,2077.11,2101.71,3950640000
2015-12-03,2049.62,2085.0,2042.35,2080.71,4306490000
2015-12-04,2091.69,2093.84,2051.24,2051.24,4214910000
2015-12-07,2077.07,2090.42,2066.78,2090.42,4043820000
2015-12-08,2063.59,2073.85,2052.32,2073.39,4173570000
2015-12-09,2047.62,2080.33,2036.53,2061.17,4385250000
2015-12-10,2052.23,2067.65,2045.67,2047.93,3715150000
2015-12-11,2012.37,2047.27,2008.8,2047.27,4301060000
2015-12-14,2021.94,2022.92,1993.26,2013.37,4612440000
2015-12-15,2043.41,2053.87,2025.55,2025.55,4353540000
2015-12-16,2073.07,2076.72,2042.43,2046.5,4635450000
2015-12-17,2041.89,2076.37,2041.66,2073.76,4327390000
2015-12-18,2005.55,2040.81,2005.33,2040.81,6683070000
2015-12-21,2021.15,2022.9,2005.93,2010.27,3760280000
2015-12-22,2038.97,2042.74,2020.49,2023.15,3520860000
2015-12-23,2064.29,2064.73,2042.2,2042.2,3484090000
2015-12-24,2060.99,2067.36,2058.73,2063.52,1411860000
2015-12-28,2056.5,2057.77,2044.2,2057.77,2492510000
2015-12-29,2078.36,2081.56,2060.54,2060.54,2542000000
2015-12-30,2063.36,2077.34,2061.97,2077.34,2367430000
2015-12-31,2043.94,2062.54,2043.62,2060.59,2655330000
2016-01-04,2012.66,2038.2,1989.68,2038.2,4304880000
2016-01-05,2016.71,2021.94,2004.17,2013.78,3706620000
2016-01-06,1990.26,2011.71,1979.05,2011.71,4336660000
2016-01-07,1943.09,1985.32,1938.83,1985.32,5076590000
2016-01-08,1922.03,1960.4,1918.46,1945.97,4664940000
2016-01-11,1923.67,1935.65,1901.1,1926.12,4607290000
2016-01-12,1938.68,1947.38,1914.35,1927.83,4887260000
2016-01-13,1890.28,1950.33,1886.41,1940.34,5087030000
2016-01-14,1921.84,1934.47,1878.93,1891.68,5241110000
2016-01-15,1880.33,1916.68,1857.83,1916.68,5468460000
2016-01-19,1881.33,1901.44,1864.6,1888.66,4928350000
2016-01-20,1859.33,1876.18,1812.29,1876.18,6416070000
2016-01-21,1868.99,1889.85,1848.98,1861.46,5078810000
2016-01-22,1906.9,1908.85,1877.4,1877.4,4901760000
2016-01-25,1877.08,1906.28,1875.97,1906.28,4401380000
2016-01-26,1903.63,1906.73,1878.79,1878.79,4357940000
2016-01-27,1882.95,1916.99,1872.7,1902.52,4754040000
2016-01-28,1893.36,1902.96,1873.65,1885.22,4693010000
2016-01-29,1940.24,1940.24,1894.0,1894.0,5497570000
2016-02-01,1939.38,1947.2,1920.3,1936.94,4322530000
2016-02-02,1903.03,1935.26,1897.29,1935.26,4463190000
2016-02-03,1912.53,1918.01,1872.23,1907.07,5172950000
2016-02-04,1915.45,1927.35,1900.52,1911.67,5193320000
2016-02-05,1880.05,1913.07,1872.65,1913.07,4929940000
2016-02-08,1853.44,1873.25,1828.46,1873.25,5636460000
2016-02-09,1852.21,1868.25,1834.94,1848.46,5183220000
2016-02-10,1851.86,1881.6,1850.32,1857.1,4471170000
2016-02-11,1829.08,1847.0,1810.1,1847.0,5500800000
2016-02-12,1864.78,1864.78,1833.4,1833.4,4696920000
2016-02-16,1895.58,1895.77,1871.44,1871.44,4570670000
2016-02-17,1926.82,1930.68,1898.8,1898.8,5011540000
2016-02-18,1917.83,1930.0,1915.09,1927.57,4436490000
2016-02-19,1917.78,1918.78,1902.17,1916.74,4142850000
2016-02-22,1945.5,1946.7,1924.44,1924.44,4054710000
2016-02-23,1921.27,1942.38,1919.44,1942.38,3890650000
2016-02-24,1929.8,1932.08,1891.0,1917.56,4317250000
2016-02-25,1951.7,1951.83,1925.41,1931.87,4118210000
2016-02-26,1948.05,1962.96,1945.78,1954.95,4348510000
2016-02-29,1932.23,1958.27,1931.81,1947.13,4588180000
2016-03-01,1978.35,1978.35,1937.09,1937.09,4819750000
2016-03-02,1986.45,1986.51,1968.8,1976.6,4666610000
2016-03-03,1993.4,1993.69,1977.37,1985.6,5081700000
2016-03-04,1999.99,2009.13,1986.77,1994.01,6049930000
2016-03-07,2001.76,2006.12,1989.38,1996.11,4968180000
2016-03-08,1979.26,1996.88,1977.43,1996.88,4641650000
2016-03-09,1989.26,1992.69,1979.84,1981.44,4038120000
2016-03-10,1989.57,2005.08,1969.25,1990.97,4376790000
2016-03-11,2022.19,2022.37,1994.71,1994.71,4078620000
2016-03-14,2019.64,2024.57,2012.05,2019.27,3487850000
2016-03-15,2015.93,2015.94,2005.23,2015.27,3560280000
2016-03-16,2027.22,2032.02,2010.04,2014.24,4057020000
2016-03-17,2040.59,2046.24,2022.16,2026.9,4530480000
2016-03-18,2049.58,2052.36,2041.16,2041.16,6503140000
2016-03-21,2051.6,2053.91,2043.14,2047.88,3376600000
2016-03-22,2049.8,2056.6,2040.57,2048.64,3418460000
2016-03-23,2036.71,2048.55,2034.86,2048.55,3639510000
2016-03-24,2035.94,2036.04,2022.49,2032.48,3407720000
2016-03-28,2037.05,2042.67,2031.96,2037.89,2809090000
2016-03-29,2055.01,2055.91,2028.31,2035.75,3822330000
2016-03-30,2063.95,2072.21,2058.27,2058.27,3590310000
2016-03-31,2059.74,2067.92,2057.46,2063.77,3715280000
2016-04-01,2072.78,2075.07,2043.98,2056.62,3749990000
2016-04-04,2066.13,2074.02,2062.57,2073.19,3485710000
2016-04-05,2045.17,2062.5,2042.56,2062.5,4154920000
2016-04-06,2066.66,2067.33,2043.09,2045.56,3750800000
2016-04-07,2041.91,2063.01,2033.8,2063.01,3801250000
2016-04-08,2047.6,2060.63,2041.69,2045.54,3359530000
2016-04-11,2041.99,2062.93,2041.88,2050.23,3567840000
2016-04-12,2061.72,2065.05,2039.74,2043.72,4239740000
2016-04-13,2082.42,2083.18,2065.92,2065.92,4191830000
2016-04-14,2082.78,2087.84,2078.13,2082.89,3765870000
2016-04-15,2080.73,2083.22,2076.31,2083.1,3701450000
2016-04-18,2094.34,2094.66,2073.65,2078.83,3316880000
2016-04-19,2100.8,2104.05,2091.68,2096.05,3896830000
2016-04-20,2102.4,2111.05,2096.32,2101.52,4184880000
2016-04-21,2091.48,2103.78,2088.52,2102.09,4175290000
2016-04-22,2091.58,2094.32,2081.2,2091.49,3790580000
2016-04-25,2087.79,2089.37,2077.52,2089.37,3319740000
2016-04-26,2091.7,2096.87,2085.8,2089.84,3557190000
2016-04-27,2095.15,2099.89,2082.31,2092.33,4100110000
2016-04-28,2075.81,2099.3,2071.62,2090.93,4309840000
2016-04-29,2065.3,2073.85,2052.28,2071.82,4704720000
2016-05-02,2081.43,2083.42,2066.11,2067.17,3841110000
2016-05-03,2063.37,2077.18,2054.89,2077.18,4173390000
2016-05-04,2051.12,2060.3,2045.55,2060.3,4058560000
2016-05-05,2050.63,2060.23,2045.77,2052.95,4008530000
2016-05-06,2057.14,2057.72,2039.45,2047.77,3796350000
2016-05-09,2058.69,2064.15,2054.31,2057.55,3788620000
2016-05-10,2084.39,2084.87,2062.63,2062.63,3600200000
2016-05-11,2064.46,2083.29,2064.46,2083.29,3821980000
2016-05-12,2064.11,2073.99,2053.13,2067.17,3782390000
2016-05-13,2046.61,2066.79,2043.13,2062.5,3579880000
2016-05-16,2066.66,2071.88,2046.53,2046.53,3501360000
2016-05-17,2047.21,2065.69,2040.82,2065.04,4108960000
2016-05-18,2047.63,2060.61,2034.49,2044.38,4101320000
2016-05-19,2040.04,2044.21,2025.91,2044.21,3846770000
2016-05-20,2052.32,2058.35,2041.88,2041.88,3507650000
2016-05-23,2048.04,2055.58,2047.26,2052.23,3055480000
2016-05-24,2076.06,2079.67,2052.65,2052.65,3627340000
2016-05-25,2090.54,2094.73,2078.93,2078.93,3859160000
2016-05-26,2090.1,2094.3,2087.08,2091.44,3230990000
2016-05-27,2099.06,2099.06,2090.06,2090.06,3079150000
2016-05-31,2096.95,2103.48,2088.66,2100.13,4514410000
2016-06-01,2099.33,2100.97,2085.1,2093.94,3525170000
2016-06-02,2105.26,2105.26,2088.59,2097.71,3632720000
2016-06-03,2099.13,2104.07,2085.36,2104.07,3627780000
2016-06-06,2109.41,2113.36,2100.83,2100.83,3442020000
2016-06-07,2112.13,2119.22,2110.18,2110.18,3534730000
2016-06-08,2119.12,2120.55,2112.71,2112.71,3562060000
2016-06-09,2115.48,2117.64,2107.73,2115.65,3290320000
2016-06-10,2096.07,2109.57,2089.96,2109.57,3515010000
2016-06-13,2079.06,2098.12,2078.46,2091.75,3392030000
2016-06-14,2075.32,2081.3,2064.1,2076.65,3759770000
2016-06-15,2071.5,2085.65,2069.8,2077.6,3544720000
2016-06-16,2077.99,2079.62,2050.37,2066.36,3628280000
2016-06-17,2071.22,2078.2,2062.84,2078.2,4952630000
2016-06-20,2083.25,2100.66,2075.58,2075.58,3467440000
2016-06-21,2088.9,2093.66,2083.02,2085.19,3232880000
2016-06-22,2085.45,2099.71,2084.36,2089.75,3168160000
2016-06-23,2113.32,2113.32,2092.8,2092.8,3297940000
2016-06-24,2037.41,2103.81,2032.57,2103.81,7597450000
2016-06-27,2000.54,2031.45,1991.68,2031.45,5431220000
2016-06-28,2036.09,2036.09,2006.67,2006.67,4385810000
2016-06-29,2070.77,2073.13,2042.69,2042.69,4241740000
2016-06-30,2098.86,2098.94,2070.0,2073.17,4622820000
2016-07-01,2102.95,2108.71,2097.9,2099.34,3458890000
2016-07-05,2088.55,2095.05,2080.86,2095.05,3658380000
2016-07-06,2099.73,2100.72,2074.02,2084.43,3909380000
2016-07-07,2097.9,2109.08,2089.39,2100.42,3604550000
2016-07-08,2129.9,2131.71,2106.97,2106.97,3607500000
2016-07-11,2137.16,2143.16,2131.72,2131.72,3253340000
2016-07-12,2152.14,2155.4,2139.5,2139.5,4097820000
2016-07-13,2152.43,2156.45,2146.21,2153.81,3502320000
2016-07-14,2163.75,2168.99,2157.88,2157.88,3465610000
2016-07-15,2161.74,2169.05,2155.79,2165.13,3122600000
2016-07-18,2166.89,2168.35,2159.63,2162.04,3009310000
2016-07-19,2163.78,2164.63,2159.01,2163.79,2968340000
2016-07-20,2173.02,2175.63,2164.89,2166.1,3211860000
2016-07-21,2165.17,2174.56,2159.75,2172.91,3438900000
2016-07-22,2175.03,2175.11,2163.24,2166.47,3023280000
2016-07-25,2168.48,2173.71,2161.95,2173.71,3057240000
2016-07-26,2169.18,2173.54,2160.18,2168.97,3442350000
2016-07-27,2166.58,2174.98,2159.07,2169.81,3995500000
2016-07-28,2170.06,2172.85,2159.74,2166.05,3664240000
2016-07-29,2173.6,2177.09,2163.49,2168.83,4038840000
2016-08-01,2170.84,2178.29,2166.21,2173.15,3505990000
2016-08-02,2157.03,2170.2,2147.58,2169.94,3848750000
2016-08-03,2163.79,2163.79,2152.56,2156.81,3786530000
2016-08-04,2164.25,2168.19,2159.07,2163.51,3709200000
2016-08-05,2182.87,2182.87,2168.79,2168.79,3663070000
2016-08-08,2180.89,2185.44,2177.85,2183.76,3327550000
2016-08-09,2181.74,2187.66,2178.61,2182.24,3334300000
2016-08-10,2175.49,2183.41,2172.0,2182.81,3254950000
2016-08-11,2185.79,2188.45,2177.97,2177.97,3423160000
2016-08-12,2184.05,2186.28,2179.42,2183.74,3000660000
2016-08-15,2190.15,2193.81,2186.08,2186.08,3078530000
2016-08-16,2178.15,2186.24,2178.14,2186.24,3196400000
2016-08-17,2182.22,2183.08,2168.5,2177.84,3388910000
2016-08-18,2187.02,2187.03,2180.46,2181.9,3300570000
2016-08-19,2183.87,2185.0,2175.13,2184.24,3084800000
2016-08-22,2182.64,2185.15,2175.96,2181.58,2777550000
2016-08-23,2186.9,2193.42,2186.8,2187.81,3041490000
2016-08-24,2175.44,2186.66,2171.25,2185.09,3148280000
2016-08-25,2172.47,2179.0,2169.74,2173.29,2969310000
2016-08-26,2169.04,2187.94,2160.39,2175.1,3342340000
2016-08-29,2180.38,2183.48,2170.19,2170.19,2654780000
2016-08-30,2176.12,2182.27,2170.41,2179.45,3006800000
2016-08-31,2170.95,2173.79,2161.35,2173.56,3766390000
2016-09-01,2170.86,2173.56,2157.09,2171.33,3392120000
2016-09-02,2179.98,2184.87,2173.59,2177.49,3091120000
2016-09-06,2186.48,2186.57,2175.1,2181.61,3447650000
2016-09-07,2186.16,2187.87,2179.07,2185.17,3319420000
2016-09-08,2181.3,2184.94,2177.49,2182.76,3727840000
2016-09-09,2127.81,2169.08,2127.81,2169.08,4233960000
2016-09-12,2159.04,2163.3,2119.12,2120.86,4010480000
2016-09-13,2127.02,2150.47,2120.27,2150.47,4141670000
2016-09-14,2125.77,2141.33,2119.9,2127.86,3664100000
2016-09-15,2147.26,2151.31,2122.36,2125.36,3373720000
2016-09-16,2139.16,2146.48,2131.2,2146.48,5014360000
2016-09-19,2139.12,2153.61,2135.91,2143.99,3141820000
2016-09-20,2139.76,2150.8,2139.17,2145.94,3117380000
2016-09-21,2163.12,2165.11,2139.57,2144.58,3685450000
2016-09-22,2177.18,2179.99,2170.94,2170.94,3523860000
2016-09-23,2164.69,2173.75,2163.97,2173.29,3289860000
2016-09-26,2146.1,2158.54,2145.04,2158.54,3199910000
2016-09-27,2159.93,2161.13,2141.55,2146.04,3414090000
2016-09-28,2171.37,2172.4,2151.79,2161.85,3860390000
2016-09-29,2151.13,2172.67,2145.2,2168.9,4215620000
2016-09-30,2168.27,2175.3,2156.51,2156.51,4158800000
2016-10-03,2161.2,2164.41,2154.77,2164.33,3113850000
2016-10-04,2150.49,2165.46,2144.01,2163.37,3716100000
2016-10-05,2159.73,2163.95,2155.15,2155.15,3883710000
2016-10-06,2160.77,2162.93,2150.28,2158.22,3438040000
2016-10-07,2153.74,2165.86,2144.85,2164.19,3578770000
2016-10-10,2163.66,2169.6,2160.39,2160.39,2881970000
2016-10-11,2136.73,2161.56,2128.84,2161.35,3393060000
2016-10-12,2139.18,2145.36,2132.77,2137.67,2959510000
2016-10-13,2132.55,2138.19,2114.72,2130.26,3538030000
2016-10-14,2132.98,2149.19,2132.98,2139.68,3187910000
2016-10-17,2126.5,2135.61,2124.43,2132.95,2832440000
2016-10-18,2139.6,2144.38,2135.49,2138.31,3172940000
2016-10-19,2144.29,2148.44,2138.15,2140.81,3364990000
2016-10-20,2141.34,2147.18,2133.44,2142.51,3339320000
2016-10-21,2141.16,2142.63,2130.09,2139.43,3456390000
2016-10-24,2151.33,2154.79,2146.91,2148.5,3359950000
2016-10-25,2143.16,2151.44,2141.93,2149.72,3756200000
2016-10-26,2139.43,2145.73,2131.59,2136.97,3778120000
2016-10-27,2133.04,2147.13,2132.52,2144.06,4209400000
2016-10-28,2126.41,2140.72,2119.36,2132.23,4028270000
2016-10-31,2126.15,2133.25,2125.53,2129.78,3926560000
2016-11-01,2111.72,2131.45,2097.85,2128.68,4539190000
2016-11-02,2097.94,2111.76,2094.0,2109.43,4289120000
2016-11-03,2088.66,2102.56,2085.23,2098.8,3892100000
2016-11-04,2085.18,2099.07,2083.79,2083.79,3841910000
2016-11-07,2131.52,2132.0,2100.59,2100.59,3739720000
2016-11-08,2139.56,2146.87,2123.56,2129.92,3921850000
2016-11-09,2163.26,2170.1,2125.35,2131.56,6267590000
2016-11-10,2167.48,2182.3,2151.17,2167.49,6458450000
2016-11-11,2164.45,2165.92,2152.49,2162.71,4993990000
2016-11-14,2164.2,2171.36,2156.08,2165.64,5373670000
2016-11-15,2180.39,2180.84,2166.38,2168.29,4548110000
2016-11-16,2176.94,2179.22,2172.2,2177.53,3847900000
2016-11-17,2187.12,2188.06,2176.65,2178.61,3811730000
2016-11-18,2181.9,2189.89,2180.38,2186.85,3580900000
2016-11-21,2198.18,2198.7,2186.43,2186.43,3611500000
2016-11-22,2202.94,2204.8,2194.51,2201.56,3960520000
2016-11-23,2204.72,2204.72,2194.51,2198.55,3419850000
2016-11-25,2213.35,2213.35,2206.27,2206.27,1584590000
2016-11-28,2201.72,2211.14,2200.36,2210.21,3515100000
2016-11-29,2204.66,2210.46,2198.15,2200.76,3709190000
2016-11-30,2198.81,2214.1,2198.81,2204.97,5538400000
2016-12-01,2191.08,2202.6,2187.44,2200.17,5067470000
2016-12-02,2191.95,2197.95,2188.37,2191.12,3782370000
2016-12-05,2204.71,2209.42,2199.97,2200.65,3898530000
2016-12-06,2212.23,2212.78,2202.21,2207.26,3857290000
2016-12-07,2241.35,2241.63,2208.93,2210.72,4504070000
2016-12-08,2246.19,2251.69,2237.57,2241.13,4203270000
2016-12-09,2259.53,2259.8,2249.23,2249.73,3886460000
2016-12-12,2256.96,2264.03,2252.37,2258.83,4038850000
2016-12-13,2271.72,2277.53,2263.32,2263.32,3875630000
2016-12-14,2253.28,2276.2,2248.44,2268.35,4409670000
2016-12-15,2262.03,2272.12,2253.77,2253.77,4173360000
2016-12-16,2258.07,2268.05,2254.24,2266.81,5928980000
2016-12-19,2262.53,2267.47,2258.21,2259.24,3252840000
2016-12-20,2270.76,2272.56,2266.14,2266.5,3306250000
2016-12-21,2265.18,2271.23,2265.15,2270.54,2854880000
2016-12-22,2260.96,2263.18,2256.08,2262.93,2880670000
2016-12-23,2263.79,2263.79,2258.84,2260.25,2021230000
2016-12-27,2268.88,2273.82,2266.15,2266.23,1989730000
2016-12-28,2249.92,2271.31,2249.11,2270.23,2402750000
2016-12-29,2249.26,2254.51,2244.56,2249.5,2338700000
2016-12-30,2238.83,2253.58,2233.62,2251.61,2671550000
2017-01-03,2257.83,2263.88,2245.13,2251.57,3773010000
2017-01-04,2270.75,2272.82,2261.6,2261.6,3768890000
2017-01-05,2269.0,2271.5,2260.45,2268.18,3785080000
2017-01-06,2276.98,2282.1,2264.06,2271.14,3342080000
2017-01-09,2268.9,2275.49,2268.9,2273.59,3219730000
2017-01-10,2268.9,2279.27,2265.27,2269.72,3640560000
2017-01-11,2275.32,2275.32,2260.83,2268.6,3625080000
2017-01-12,2270.44,2271.78,2254.25,2271.14,3466220000
2017-01-13,2274.64,2278.68,2271.51,2272.74,3090680000
2017-01-17,2267.89,2272.08,2262.81,2269.14,3586950000
2017-01-18,2271.89,2272.01,2263.35,2269.14,3317670000
2017-01-19,2263.69,2274.33,2258.41,2271.9,3168390000
2017-01-20,2271.31,2276.96,2265.01,2269.96,3536850000
2017-01-23,2265.2,2271.78,2257.02,2267.78,3155240000
2017-01-24,2280.07,2284.63,2266.68,2267.88,3816950000
2017-01-25,2298.37,2299.55,2288.88,2288.88,3849340000
2017-01-26,2296.68,2300.99,2294.08,2298.63,3611510000
2017-01-27,2294.69,2299.02,2291.62,2299.02,3137420000
2017-01-30,2280.9,2286.01,2268.04,2286.01,3595040000
2017-01-31,2278.87,2279.09,2267.21,2274.02,4089730000
2017-02-01,2279.55,2289.14,2272.44,2285.59,3919190000
2017-02-02,2280.85,2283.97,2271.65,2276.69,3809760000
2017-02-03,2297.42,2298.31,2287.88,2288.54,3605970000
2017-02-06,2292.56,2296.18,2288.57,2294.28,3112390000
2017-02-07,2293.08,2299.4,2290.16,2295.87,3452460000
2017-02-08,2294.67,2295.91,2285.38,2289.55,3611950000
2017-02-09,2307.87,2311.08,2296.61,2296.7,3681600000
2017-02-10,2316.1,2319.23,2311.1,2312.27,3496600000
2017-02-13,2328.25,2331.58,2321.42,2321.72,3352370000
2017-02-14,2337.58,2337.58,2322.17,2326.12,3528040000
2017-02-15,2349.25,2351.3,2334.81,2335.58,3785870000
2017-02-16,2347.22,2351.31,2338.87,2349.64,3675900000
2017-02-17,2351.16,2351.16,2339.58,2343.01,3516830000
2017-02-21,2365.38,2366.71,2354.91,2354.91,3587520000
2017-02-22,2362.82,2365.13,2358.34,2361.11,3473170000
2017-02-23,2363.81,2368.26,2355.09,2367.5,4021770000
2017-02-24,2367.34,2367.34,2352.87,2355.73,3832410000
2017-02-27,2369.75,2371.54,2361.87,2365.23,3584680000
2017-02-28,2363.64,2367.79,2358.96,2366.08,4212460000
2017-03-01,2395.96,2400.98,2380.13,2380.13,4347630000
2017-03-02,2381.92,2394.75,2380.17,2394.75,3824030000
2017-03-03,2383.12,2383.89,2375.39,2380.92,3556670000
2017-03-06,2375.31,2378.8,2367.98,2375.23,3251800000
2017-03-07,2368.39,2375.12,2365.51,2370.74,3526300000
2017-03-08,2362.98,2373.09,2361.01,2369.81,3814080000
2017-03-09,2364.87,2369.08,2354.54,2363.49,3718450000
2017-03-10,2372.6,2376.86,2363.04,2372.52,3434400000
2017-03-13,2373.47,2374.42,2368.52,2371.56,3166650000
2017-03-14,2365.45,2368.55,2358.18,2368.55,3173760000
2017-03-15,2385.26,2390.01,2368.94,2370.34,3909490000
2017-03-16,2381.38,2388.1,2377.18,2387.71,3368880000
2017-03-17,2378.25,2385.71,2377.64,2383.71,5179820000
2017-03-20,2373.47,2379.55,2369.66,2378.24,3061560000
2017-03-21,2344.02,2381.93,2341.9,2379.32,4278890000
2017-03-22,2348.45,2351.81,2336.45,2343.0,3575160000
2017-03-23,2345.96,2358.92,2342.13,2345.97,3262400000
2017-03-24,2343.98,2356.22,2335.74,2350.42,2978530000
2017-03-27,2341.59,2344.9,2322.25,2329.11,3242300000
2017-03-28,2358.57,2363.78,2337.63,2339.79,3369120000
2017-03-29,2361.13,2363.36,2352.94,2356.54,3107670000
2017-03-30,2368.06,2370.42,2358.58,2361.31,3159680000
2017-03-31,2362.72,2370.35,2362.6,2364.82,3356740000
2017-04-03,2358.84,2365.87,2344.73,2362.34,3418730000
2017-04-04,2360.16,2360.53,2350.72,2354.76,3208340000
2017-04-05,2352.95,2378.36,2350.52,2366.59,3780650000
2017-04-06,2357.49,2364.16,2348.9,2353.79,3203250000
2017-04-07,2355.54,2363.76,2350.74,2356.59,3054700000
2017-04-10,2357.16,2366.37,2351.5,2357.16,2792570000
2017-04-11,2353.78,2355.22,2337.25,2353.92,3120900000
2017-04-12,2344.93,2352.72,2341.18,2352.15,3201300000
2017-04-13,2328.95,2348.26,2328.95,2341.98,3146380000
2017-04-17,2349.01,2349.14,2332.51,2332.62,2826890000
2017-04-18,2342.19,2348.35,2334.54,2342.53,3272210000
2017-04-19,2338.17,2352.63,2335.05,2346.79,3521160000
2017-04-20,2355.84,2361.37,2340.91,2342.69,3648990000
2017-04-21,2348.69,2356.18,2344.51,2354.74,3524160000
2017-04-24,2374.15,2376.98,2369.19,2370.33,3711170000
2017-04-25,2388.61,2392.48,2381.15,2381.51,4005820000
2017-04-26,2387.45,2398.16,2386.78,2388.98,4111350000
2017-04-27,2388.77,2392.1,2382.68,2389.7,4099940000
2017-04-28,2384.2,2393.68,2382.36,2393.68,3721350000
2017-05-01,2388.33,2394.49,2384.83,2388.5,3201500000
2017-05-02,2391.17,2392.93,2385.82,2391.05,3861360000
2017-05-03,2388.13,2389.82,2379.75,2386.5,3896760000
2017-05-04,2389.52,2391.43,2380.35,2389.79,4367860000
2017-05-05,2399.29,2399.29,2389.38,2392.37,3543240000
2017-05-08,2399.38,2401.36,2393.92,2399.94,3429990000
2017-05-09,2396.92,2403.87,2392.44,2401.58,3657840000
2017-05-10,2399.63,2399.74,2392.79,2396.79,3649370000
2017-05-11,2394.44,2395.72,2381.74,2394.84,3727710000
2017-05-12,2390.9,2392.44,2387.19,2392.44,3304620000
2017-05-15,2402.32,2404.05,2393.94,2393.98,3490080000
2017-05-16,2400.67,2405.77,2396.05,2404.55,3421810000
2017-05-17,2357.03,2384.87,2356.21,2382.95,4164760000
2017-05-18,2365.72,2375.74,2352.72,2354.69,4319440000
2017-05-19,2381.73,2389.06,2370.43,2371.37,3831700000
2017-05-22,2394.02,2395.46,2386.92,2387.21,3176580000
2017-05-23,2398.42,2400.85,2393.88,2397.04,3216560000
2017-05-24,2404.39,2405.58,2397.99,2401.41,3389240000
2017-05-25,2415.07,2418.71,2408.01,2409.54,3538210000
2017-05-26,2415.82,2416.68,2412.2,2414.5,2806930000
2017-05-30,2412.91,2415.26,2409.43,2411.67,3205860000
2017-05-31,2411.8,2415.99,2403.59,2415.63,4518040000
2017-06-01,2430.06,2430.06,2413.54,2415.65,3860620000
2017-06-02,2439.07,2440.23,2427.71,2431.28,3465500000
2017-06-05,2436.1,2439.55,2434.32,2437.83,2916720000
2017-06-06,2429.33,2436.21,2428.12,2431.92,3376750000
2017-06-07,2433.14,2435.28,2424.75,2432.03,3576220000
2017-06-08,2433.79,2439.27,2427.94,2434.27,3735980000
2017-06-09,2431.77,2446.2,2415.7,2436.39,4029860000
2017-06-12,2429.39,2430.38,2419.97,2425.88,4031840000
2017-06-13,2440.35,2441.49,2431.28,2434.15,3278240000
2017-06-14,2437.92,2443.75,2428.34,2443.75,3558640000
2017-06-15,2432.46,2433.95,2418.53,2424.14,3371980000
2017-06-16,2433.15,2433.15,2422.88,2431.24,5299380000
2017-06-19,2453.46,2453.82,2441.79,2442.55,3271480000
2017-06-20,2437.03,2450.66,2436.6,2450.66,3422700000
2017-06-21,2435.61,2442.23,2430.74,2439.31,3599190000
2017-06-22,2434.5,2441.62,2433.27,2437.4,3477250000
2017-06-23,2438.3,2441.4,2431.11,2434.65,5282460000
2017-06-26,2439.07,2450.42,2437.03,2443.32,3243660000
2017-06-27,2419.38,2440.15,2419.38,2436.34,3564770000
2017-06-28,2440.69,2442.97,2428.02,2428.7,3479980000
2017-06-29,2419.7,2442.73,2405.7,2442.38,3869560000
2017-06-30,2423.41,2432.71,2421.65,2429.2,3366030000
2017-07-03,2429.01,2439.17,2428.69,2431.39,1901480000
2017-07-05,2432.54,2434.9,2422.05,2430.78,3368150000
2017-07-06,2409.75,2424.28,2407.7,2423.44,3368710000
2017-07-07,2425.18,2426.92,2413.52,2413.52,2929390000
2017-07-10,2427.43,2432.0,2422.27,2424.51,3009880000
2017-07-11,2425.53,2429.3,2412.79,2427.35,3108800000
2017-07-12,2443.25,2445.76,2435.75,2435.75,3176900000
2017-07-13,2447.83,2449.32,2441.69,2444.99,3068510000
2017-07-14,2459.27,2463.54,2446.69,2449.16,2738460000
2017-07-17,2459.14,2462.82,2457.16,2459.5,2800580000
2017-07-18,2460.61,2460.92,2450.34,2455.88,2974090000
2017-07-19,2473.83,2473.83,2463.85,2463.85,3063810000
2017-07-20,2473.45,2477.62,2468.43,2475.56,3223820000
2017-07-21,2472.54,2472.54,2465.06,2467.4,3066880000
2017-07-24,2469.91,2473.1,2466.32,2472.04,3019920000
2017-07-25,2477.13,2481.24,2474.91,2477.88,4116360000
2017-07-26,2477.83,2481.69,2474.94,2479.97,3597830000
2017-07-27,2475.42,2484.04,2459.93,2482.76,4035740000
2017-07-28,2472.1,2473.53,2464.66,2469.12,3302850000
2017-07-31,2470.3,2477.96,2468.53,2475.94,3475930000
2017-08-01,2476.35,2478.51,2471.14,2477.1,3470260000
2017-08-02,2477.57,2480.38,2466.48,2480.38,3487150000
2017-08-03,2472.16,2476.03,2468.85,2476.03,3662410000
2017-08-04,2476.83,2480.0,2472.08,2476.88,3239980000
2017-08-07,2480.91,2480.95,2475.88,2477.14,2935130000
2017-08-08,2474.92,2490.87,2470.32,2478.35,3347480000
2017-08-09,2474.02,2474.41,2462.08,2465.35,3310960000
2017-08-10,2438.21,2465.38,2437.75,2465.38,3635820000
2017-08-11,2441.32,2448.09,2437.85,2441.04,3161830000
2017-08-14,2465.84,2468.22,2454.96,2454.96,2824320000
2017-08-15,2464.61,2468.9,2461.61,2468.66,2922430000
2017-08-16,2468.11,2474.93,2463.86,2468.63,2956570000
2017-08-17,2430.01,2465.02,2430.01,2462.95,3164950000
2017-08-18,2425.55,2440.27,2420.69,2427.64,3426970000
2017-08-21,2428.37,2430.58,2417.35,2425.5,2803650000
2017-08-22,2452.51,2454.77,2433.67,2433.75,2780990000
2017-08-23,2444.04,2448.91,2441.42,2444.88,2796950000
2017-08-24,2438.97,2450.39,2436.19,2447.91,2849680000
2017-08-25,2443.05,2453.96,2442.22,2444.72,2593350000
2017-08-28,2444.24,2449.12,2439.03,2447.35,2682920000
2017-08-29,2446.3,2449.19,2428.2,2431.94,2739460000
2017-08-30,2457.59,2460.31,2443.77,2446.06,2637780000
2017-08-31,2471.65,2475.01,2462.65,2462.65,3353860000
2017-09-01,2476.55,2480.38,2473.85,2474.42,2712780000
2017-09-05,2457.85,2471.97,2446.55,2470.35,3502190000
2017-09-06,2465.54,2469.64,2459.2,2463.83,3400200000
2017-09-07,2465.1,2468.62,2460.29,2468.06,3365780000
2017-09-08,2461.43,2467.11,2459.4,2462.25,3308360000
2017-09-11,2488.11,2488.95,2474.52,2474.52,3293460000
2017-09-12,2496.48,2496.77,2490.37,2491.94,3234280000
2017-09-13,2498.37,2498.37,2492.14,2493.89,3371370000
2017-09-14,2495.62,2498.43,2491.35,2494.56,3422470000
2017-09-15,2500.23,2500.23,2493.16,2495.67,4862970000
2017-09-18,2503.87,2508.32,2499.92,2502.51,3204700000
2017-09-19,2506.65,2507.84,2503.19,2506.29,3253760000
2017-09-20,2508.24,2508.85,2496.67,2506.84,3584570000
2017-09-21,2500.6,2507.16,2499.0,2507.16,2965590000
2017-09-22,2502.22,2503.47,2496.54,2497.26,2877980000
2017-09-25,2496.66,2502.54,2488.03,2499.39,3314530000
2017-09-26,2496.84,2503.51,2495.12,2501.04,3070770000
2017-09-27,2507.04,2511.75,2495.91,2503.3,3485070000
2017-09-28,2510.06,2510.81,2502.93,2503.41,3173030000
2017-09-29,2519.36,2519.44,2507.99,2509.96,3220260000
2017-10-02,2529.12,2529.23,2520.4,2521.2,3226370000
2017-10-03,2534.58,2535.13,2528.85,2530.34,3073480000
2017-10-04,2537.74,2540.53,2531.8,2533.48,3020770000
2017-10-05,2552.07,2552.51,2540.02,2540.86,3059730000
2017-10-06,2549.33,2549.41,2543.79,2547.44,2898270000
2017-10-09,2544.73,2551.82,2541.6,2551.39,2486940000
2017-10-10,2550.64,2555.23,2544.86,2549.99,2962610000
2017-10-11,2555.24,2555.24,2547.95,2550.62,2991320000
2017-10-12,2550.93,2555.33,2548.31,2552.88,3157280000
2017-10-13,2553.17,2557.65,2552.09,2555.66,3150470000
2017-10-16,2557.64,2559.47,2552.64,2555.57,2918030000
2017-10-17,2559.36,2559.71,2554.69,2557.17,2901890000
2017-10-18,2561.26,2564.11,2559.67,2562.87,2999320000
2017-10-19,2562.1,2562.36,2547.92,2553.39,3019520000
2017-10-20,2575.21,2575.44,2567.56,2567.56,3394450000
2017-10-23,2564.98,2578.29,2564.33,2578.08,3214470000
2017-10-24,2569.13,2572.18,2565.58,2568.66,3435660000
2017-10-25,2557.15,2567.4,2544.0,2566.52,3885470000
2017-10-26,2560.4,2567.07,2559.8,2560.08,3891750000
2017-10-27,2581.07,2582.98,2565.94,2570.26,3896100000
2017-10-30,2572.83,2580.03,2568.25,2577.75,3660230000
2017-10-31,2575.26,2578.29,2572.15,2575.99,3844420000
2017-11-01,2579.36,2588.4,2574.92,2583.21,3841200000
2017-11-02,2579.85,2581.11,2566.17,2579.46,4050140000
2017-11-03,2587.84,2588.42,2576.77,2581.93,3568710000
2017-11-06,2591.13,2593.38,2585.66,2587.47,3541970000
2017-11-07,2590.64,2597.02,2584.35,2592.11,3815190000
2017-11-08,2594.38,2595.47,2585.02,2588.71,3898450000
2017-11-09,2584.62,2586.5,2566.33,2584.0,3844100000
2017-11-10,2582.3,2583.81,2575.57,2580.18,3489740000
2017-11-13,2584.84,2587.66,2574.48,2576.53,3405200000
2017-11-14,2578.87,2579.66,2566.56,2577.75,3643580000
2017-11-15,2564.62,2572.84,2557.45,2569.45,3586590000
2017-11-16,2585.64,2590.09,2572.95,2572.95,3329730000
2017-11-17,2578.85,2583.96,2577.62,2582.94,3309800000
2017-11-20,2582.14,2584.64,2578.24,2579.49,3023940000
2017-11-21,2599.03,2601.19,2589.17,2589.17,3351230000
2017-11-22,2597.08,2600.94,2595.23,2600.31,2764110000
2017-11-24,2602.42,2604.21,2600.42,2600.42,1385890000
2017-11-27,2601.42,2606.41,2598.87,2602.66,3017720000
2017-11-28,2627.04,2627.69,2605.44,2605.94,3493340000
2017-11-29,2626.07,2634.89,2620.32,2627.82,4090630000
2017-11-30,2647.58,2657.74,2633.93,2633.93,4965700000
2017-12-01,2642.22,2650.62,2605.52,2645.1,3950930000
2017-12-04,2639.44,2665.19,2639.03,2657.19,4025840000
2017-12-05,2629.57,2648.72,2627.73,2639.78,3547570000
2017-12-06,2629.27,2634.41,2624.75,2626.24,3253080000
2017-12-07,2636.98,2640.99,2626.53,2628.38,3297060000
2017-12-08,2651.5,2651.65,2644.1,2646.21,3126750000
2017-12-11,2659.99,2660.33,2651.47,2652.19,3141480000
2017-12-12,2664.11,2669.72,2659.78,2661.73,3568910000
2017-12-13,2662.85,2671.88,2662.85,2667.59,3568360000
2017-12-14,2652.01,2668.09,2652.01,2665.87,3442760000
2017-12-15,2675.81,2679.63,2659.14,2660.63,5736910000
2017-12-18,2690.16,2694.97,2685.92,2685.92,3727770000
2017-12-19,2681.47,2694.44,2680.74,2692.71,3407680000
2017-12-20,2679.25,2691.01,2676.11,2688.18,3246230000
2017-12-21,2684.57,2692.64,2682.4,2683.02,3293130000
2017-12-22,2683.34,2685.35,2678.13,2684.22,2401030000
2017-12-26,2680.5,2682.74,2677.96,2679.09,1970660000
2017-12-27,2682.62,2685.64,2678.91,2682.1,2202900000
2017-12-28,2687.54,2687.66,2682.69,2686.1,2174890000
2017-12-29,2673.61,2692.12,2673.61,2689.15,2447760000
2018-01-02,2695.81,2695.89,2682.36,2683.73,3397430000
2018-01-03,2713.06,2714.37,2697.77,2697.85,3544030000
2018-01-04,2723.99,2729.29,2719.07,2719.31,3697340000
2018-01-05,2743.15,2743.45,2727.92,2731.33,3239280000
2018-01-08,2747.71,2748.51,2737.6,2742.67,3246160000
2018-01-09,2751.29,2759.14,2747.86,2751.15,3467460000
2018-01-10,2748.23,2750.8,2736.06,2745.55,3579900000
2018-01-11,2767.56,2767.56,2752.78,2752.97,3645690000
2018-01-12,2786.24,2787.85,2769.64,2770.18,3587220000
2018-01-16,2776.42,2807.54,2768.64,2798.96,4362880000
2018-01-17,2802.56,2807.04,2778.38,2784.99,3790340000
2018-01-18,2798.03,2805.83,2792.56,2802.4,3703300000
2018-01-19,2810.3,2810.33,2798.08,2802.6,3724230000
2018-01-22,2832.97,2833.03,2808.12,2809.16,3489480000
2018-01-23,2839.13,2842.24,2830.59,2835.05,3541140000
2018-01-24,2837.54,2852.97,2824.81,2845.42,4079270000
2018-01-25,2839.25,2848.56,2830.94,2846.24,3873100000
2018-01-26,2872.87,2872.87,2846.18,2847.48,3474680000
2018-01-29,2853.53,2870.62,2851.48,2867.23,3587420000
2018-01-30,2822.43,2837.75,2818.27,2832.74,4012070000
2018-01-31,2823.81,2839.26,2813.04,2832.41,4276270000
2018-02-01,2821.98,2835.96,2812.7,2816.45,3977380000
2018-02-02,2762.13,2808.92,2759.97,2808.92,4340220000
2018-02-05,2648.94,2763.39,2638.17,2741.06,5310840000
2018-02-06,2695.14,2701.04,2593.07,2614.78,5917350000
2018-02-07,2681.66,2727.67,2681.33,2690.95,4646300000
2018-02-08,2581.0,2685.27,2580.56,2685.01,5333840000
2018-02-09,2619.55,2638.67,2532.69,2601.78,5690110000
2018-02-12,2656.0,2672.61,2622.45,2636.75,4069220000
2018-02-13,2662.94,2668.84,2637.08,2646.27,3503540000
2018-02-14,2698.63,2702.1,2648.87,2651.21,4011940000
2018-02-15,2731.2,2731.51,2689.82,2713.46,3696140000
2018-02-16,2732.22,2754.42,2725.11,2727.14,3646920000
2018-02-20,2716.26,2737.6,2706.76,2722.99,3646920000
2018-02-21,2701.33,2747.75,2701.29,2720.53,3789040000
2018-02-22,2703.96,2731.26,2697.77,2710.42,3720620000
2018-02-23,2747.3,2747.76,2713.74,2715.8,3200360000
2018-02-26,2779.6,2780.64,2753.78,2757.37,3436590000
2018-02-27,2744.28,2789.15,2744.22,2780.45,3752070000
2018-02-28,2713.83,2761.52,2713.54,2753.78,4244570000
2018-03-01,2677.67,2730.89,2659.65,2715.22,4514490000
2018-03-02,2691.25,2696.25,2647.32,2658.89,3891250000
2018-03-05,2720.94,2728.09,2675.75,2681.06,3733640000
2018-03-06,2728.12,2732.08,2711.26,2730.18,3389030000
2018-03-07,2726.8,2730.6,2701.74,2710.18,3406690000
2018-03-08,2738.97,2740.45,2722.65,2732.75,3206040000
2018-03-09,2786.57,2786.57,2751.54,2752.91,3376870000
2018-03-12,2783.02,2796.98,2779.26,2790.54,3216960000
2018-03-13,2765.31,2801.9,2758.68,2792.31,3324290000
2018-03-14,2749.48,2777.11,2744.38,2774.06,3394630000
2018-03-15,2747.33,2763.03,2741.47,2754.27,3543710000
2018-03-16,2752.01,2761.85,2749.97,2750.57,5429140000
2018-03-19,2712.92,2741.38,2694.59,2741.38,3327460000
2018-03-20,2716.94,2724.22,2710.05,2715.05,3272590000
2018-03-21,2711.93,2739.14,2709.79,2714.99,3434780000
2018-03-22,2643.69,2695.68,2641.59,2691.36,3765460000
2018-03-23,2588.26,2657.67,2585.89,2646.71,3829380000
2018-03-26,2658.55,2661.36,2601.81,2619.35,3538080000
2018-03-27,2612.62,2674.78,2596.12,2667.57,3761320000
2018-03-28,2605.0,2632.65,2593.06,2611.3,3875720000
2018-03-29,2640.87,2659.07,2609.72,2614.41,3572360000
2018-04-02,2581.88,2638.3,2553.8,2633.45,3635780000
2018-04-03,2614.45,2619.14,2575.49,2592.17,3395840000
2018-04-04,2644.69,2649.86,2573.61,2584.04,3369230000
2018-04-05,2662.84,2672.08,2649.58,2657.36,3230430000
2018-04-06,2604.47,2656.88,2586.27,2645.82,3312390000
2018-04-09,2613.16,2653.55,2610.79,2617.18,3076140000
2018-04-10,2656.87,2665.45,2635.78,2638.41,3579130000
2018-04-11,2642.19,2661.43,2639.25,2643.89,3054520000
2018-04-12,2663.99,2674.72,2653.83,2653.83,3045330000
2018-04-13,2656.3,2680.26,2645.05,2676.9,2988540000
2018-04-16,2677.84,2686.49,2665.16,2670.1,3020740000
2018-04-17,2706.39,2713.34,2692.05,2692.74,3286190000
2018-04-18,2708.64,2717.49,2703.63,2710.11,3412030000
2018-04-19,2693.13,2702.84,2681.9,2701.16,3375120000
2018-04-20,2670.14,2693.94,2660.61,2692.56,3428260000
2018-04-23,2670.29,2682.86,2657.99,2675.4,3030390000
2018-04-24,2634.56,2683.55,2617.32,2680.8,3716020000
2018-04-25,2639.4,2645.3,2612.67,2634.92,3563680000
2018-04-26,2666.94,2676.48,2647.16,2651.65,3690920000
2018-04-27,2669.91,2677.35,2659.01,2675.47,3234510000
2018-04-30,2648.05,2682.87,2648.04,2682.51,3749510000
2018-05-01,2654.8,2655.27,2625.41,2642.96,3562820000
2018-05-02,2635.67,2660.87,2631.7,2654.24,4047020000
2018-05-03,2629.73,2637.14,2594.62,2628.08,3867530000
2018-05-04,2663.42,2670.93,2615.32,2621.45,3335260000
2018-05-07,2672.63,2683.35,2664.7,2680.34,3266810000
2018-05-08,2671.92,2676.34,2655.2,2670.26,3745100000
2018-05-09,2697.79,2701.27,2674.14,2678.12,3913650000
2018-05-10,2723.07,2726.11,2704.54,2705.02,3380640000
2018-05-11,2727.72,2732.86,2717.45,2722.7,2874850000
2018-05-14,2730.13,2742.1,2725.47,2738.47,2994360000
2018-05-15,2711.45,2718.59,2701.91,2718.59,3291190000
2018-05-16,2722.46,2727.76,2712.17,2712.62,3248480000
2018-05-17,2720.13,2731.96,2711.36,2719.71,3478150000
2018-05-18,2712.97,2719.5,2709.18,2717.35,3383270000
2018-05-21,2733.01,2739.19,2725.7,2735.39,3053480000
2018-05-22,2724.44,2742.24,2721.88,2738.34,3384140000
2018-05-23,2733.29,2733.33,2709.54,2713.98,3333160000
2018-05-24,2727.76,2731.97,2707.38,2730.94,3285750000
2018-05-25,2721.33,2727.36,2714.99,2723.6,3015260000
2018-05-29,2689.86,2710.67,2676.81,2705.11,3743310000
2018-05-30,2724.01,2729.34,2702.43,2702.43,3566490000
2018-05-31,2705.27,2722.5,2700.68,2720.98,4241100000
2018-06-01,2734.62,2736.93,2718.7,2718.7,3694310000
2018-06-04,2746.87,2749.16,2740.54,2741.67,3410090000
2018-06-05,2748.8,2752.61,2739.51,2748.46,3523550000
2018-06-06,2772.35,2772.39,2748.46,2753.25,3662780000
2018-06-07,2770.37,2779.9,2760.16,2774.84,3742080000
2018-06-08,2779.03,2779.39,2763.59,2765.84,3138850000
2018-06-11,2782.0,2790.21,2780.17,2780.18,3262130000
2018-06-12,2786.85,2789.8,2778.78,2785.6,3435700000
2018-06-13,2775.63,2791.47,2774.65,2787.94,3820770000
2018-06-14,2782.49,2789.06,2776.52,2783.21,3540930000
2018-06-15,2779.66,2782.81,2761.73,2777.78,5451990000
2018-06-18,2773.75,2774.99,2757.12,2765.79,3316120000
2018-06-19,2762.59,2765.05,2743.19,2752.01,3671160000
2018-06-20,2767.32,2774.86,2763.91,2769.73,3332140000
2018-06-21,2749.76,2769.28,2744.39,2769.28,3336580000
2018-06-22,2754.88,2764.17,2752.68,2760.79,5468110000
2018-06-25,2717.07,2742.94,2698.67,2742.94,3663280000
2018-06-26,2723.06,2732.91,2715.6,2722.12,3568900000
2018-06-27,2699.63,2746.09,2699.38,2728.45,3803990000
2018-06-28,2716.31,2724.34,2691.99,2698.69,3461100000
2018-06-29,2718.37,2743.26,2718.03,2727.13,3586800000
2018-07-02,2726.71,2727.26,2698.95,2704.95,3095040000
2018-07-03,2713.22,2736.58,2711.16,2733.27,1911460000
2018-07-05,2736.61,2737.83,2716.02,2724.19,2980160000
2018-07-06,2759.82,2764.41,2733.52,2737.68,2590250000
2018-07-09,2784.17,2784.65,2770.73,2775.62,3070060000
2018-07-10,2793.84,2795.58,2786.24,2788.56,3080140000
2018-07-11,2774.02,2785.91,2770.77,2779.82,2986180000
2018-07-12,2798.29,2799.22,2781.53,2783.14,2834230000
2018-07-13,2801.31,2804.53,2791.69,2796.93,2619790000
2018-07-16,2798.43,2801.19,2793.39,2797.36,2819860000
2018-07-17,2809.55,2814.19,2789.24,2789.34,3064920000
2018-07-18,2815.62,2816.76,2805.89,2811.35,3111560000
2018-07-19,2804.49,2812.05,2799.77,2809.37,3278360000
2018-07-20,2801.83,2809.7,2800.01,2804.55,3243250000
2018-07-23,2806.98,2808.61,2795.14,2799.17,2928490000
2018-07-24,2820.4,2829.99,2811.12,2820.68,3430410000
2018-07-25,2846.07,2848.03,2817.73,2817.73,3584400000
2018-07-26,2837.44,2845.57,2835.26,2835.49,3667290000
2018-07-27,2818.82,2843.17,2808.34,2842.35,3434370000
2018-07-30,2802.6,2821.74,2798.11,2819.0,3261190000
2018-07-31,2816.29,2824.46,2808.06,2809.73,3906890000
2018-08-01,2813.36,2825.83,2805.85,2821.17,3501350000
2018-08-02,2827.22,2829.91,2796.34,2800.48,3501380000
2018-08-03,2840.35,2840.38,2827.37,2829.62,3043690000
2018-08-06,2850.4,2853.29,2835.98,2840.29,2879020000
2018-08-07,2858.45,2863.43,2855.92,2855.92,3185440000
2018-08-08,2857.7,2862.44,2853.09,2856.79,2978070000
2018-08-09,2853.58,2862.48,2851.98,2857.19,3066180000
2018-08-10,2833.28,2842.2,2825.81,2838.9,3265590000
2018-08-13,2821.93,2843.4,2819.88,2835.46,3173630000
2018-08-14,2839.96,2843.11,2826.58,2827.88,2986500000
2018-08-15,2818.37,2827.95,2802.49,2827.95,3656680000
2018-08-16,2840.69,2850.49,2831.44,2831.44,3232000000
2018-08-17,2850.13,2855.63,2833.73,2838.32,3037640000
2018-08-20,2857.05,2859.76,2850.62,2853.93,2757150000
2018-08-21,2862.96,2873.23,2861.32,2861.51,3174010000
2018-08-22,2861.82,2867.54,2856.05,2860.99,2701250000
2018-08-23,2856.98,2868.78,2854.03,2860.29,2724450000
2018-08-24,2874.69,2876.16,2862.35,2862.35,2603010000
2018-08-27,2896.74,2898.25,2884.69,2884.69,2865070000
2018-08-28,2897.52,2903.77,2893.5,2901.45,2687770000
2018-08-29,2914.04,2916.5,2898.4,2900.62,2805520000
2018-08-30,2901.13,2912.46,2895.22,2908.94,2810450000
2018-08-31,2901.52,2906.32,2891.73,2898.37,2887220000
2018-09-04,2896.72,2900.18,2885.13,2896.96,3087420000
2018-09-05,2888.6,2894.21,2876.92,2891.59,3248780000
2018-09-06,2878.05,2892.05,2867.29,2888.64,3144240000
2018-09-07,2871.68,2883.81,2864.12,2868.26,2976580000
2018-09-10,2877.13,2886.93,2875.94,2881.39,2751100000
2018-09-11,2887.89,2892.52,2866.78,2871.57,2904500000
2018-09-12,2888.92,2894.65,2879.2,2888.29,3341280000
2018-09-13,2904.18,2906.76,2896.39,2896.85,3274090000
2018-09-14,2904.98,2908.3,2895.77,2906.38,3179410000
2018-09-17,2888.8,2904.65,2886.16,2903.83,2967980000
2018-09-18,2904.31,2911.17,2890.43,2890.74,3091190000
2018-09-19,2907.95,2912.36,2903.82,2906.6,3302460000
2018-09-20,2930.75,2934.8,2919.73,2919.73,3406520000
2018-09-21,2929.67,2940.91,2927.11,2936.76,5652470000
2018-09-24,2919.37,2923.79,2912.63,2921.83,3392030000
2018-09-25,2915.56,2923.95,2913.7,2921.75,3330880000
2018-09-26,2905.97,2931.15,2903.28,2916.98,3417540000
2018-09-27,2914.0,2927.22,2909.27,2911.65,3101360000
2018-09-28,2913.98,2920.53,2907.5,2910.03,3461680000
2018-10-01,2924.59,2937.06,2917.91,2926.29,3375890000
2018-10-02,2923.43,2931.42,2919.37,2923.8,3432620000
2018-10-03,2925.51,2939.86,2921.36,2931.69,3625510000
2018-10-04,2901.61,2919.78,2883.92,2919.35,3510370000
2018-10-05,2885.57,2909.64,2869.29,2902.54,3340820000
2018-10-08,2884.43,2889.45,2862.08,2877.53,3381820000
2018-10-09,2880.34,2894.83,2874.27,2882.51,3531690000
2018-10-10,2785.68,2874.02,2784.86,2873.9,4554260000
2018-10-11,2728.37,2795.14,2710.51,2776.87,4914090000
2018-10-12,2767.13,2775.77,2729.44,2770.54,4024010000
2018-10-15,2750.79,2775.99,2749.03,2763.83,3327160000
2018-10-16,2809.92,2813.46,2766.91,2767.05,3460260000
2018-10-17,2809.21,2816.94,2781.81,2811.67,3347090000
2018-10-18,2768.78,2806.04,2755.18,2802.0,3639300000
2018-10-19,2767.78,2797.77,2760.27,2775.66,3593940000
2018-10-22,2755.88,2778.94,2749.22,2773.94,3331270000
2018-10-23,2740.69,2753.59,2691.43,2721.03,4373710000
2018-10-24,2656.1,2742.59,2651.89,2737.87,4738670000
2018-10-25,2705.57,2722.7,2667.84,2674.88,4663930000
2018-10-26,2658.69,2692.38,2628.16,2667.86,4804330000
2018-10-29,2641.25,2706.85,2603.54,2682.65,4701260000
2018-10-30,2682.63,2685.43,2635.34,2640.68,5125600000
2018-10-31,2711.74,2736.69,2705.6,2705.6,5133380000
2018-11-01,2740.37,2741.67,2708.85,2717.58,4730250000
2018-11-02,2723.06,2756.55,2700.44,2745.45,4261230000
2018-11-05,2738.31,2744.27,2717.94,2726.37,3650910000
2018-11-06,2755.45,2756.82,2737.08,2738.4,3543800000
2018-11-07,2813.89,2815.15,2774.13,2774.13,3929080000
2018-11-08,2806.83,2814.75,2794.99,2806.38,3673550000
2018-11-09,2781.01,2794.1,2764.24,2794.1,4029030000
2018-11-12,2726.22,2775.99,2722.0,2773.93,3701570000
2018-11-13,2722.18,2754.6,2714.98,2730.05,4112820000
2018-11-14,2701.58,2746.8,2685.75,2737.9,4449060000
2018-11-15,2730.2,2735.38,2670.75,2693.52,4204960000
2018-11-16,2736.27,2746.75,2712.16,2718.54,3996970000
2018-11-19,2690.73,2733.16,2681.09,2730.74,3806940000
2018-11-20,2641.89,2669.44,2631.52,2654.6,4370820000
2018-11-21,2649.93,2670.73,2649.82,2657.74,3237400000
2018-11-23,2632.56,2647.55,2631.09,2633.36,1651680000
2018-11-26,2673.45,2674.35,2649.97,2649.97,3523520000
2018-11-27,2682.17,2682.53,2655.89,2663.75,3494380000
2018-11-28,2743.79,2744.0,2684.38,2691.45,3984540000
2018-11-29,2737.8,2753.75,2722.94,2736.97,3599200000
2018-11-30,2760.17,2760.88,2732.76,2737.76,4668310000
2018-12-03,2790.37,2800.18,2773.38,2790.5,4221580000
2018-12-04,2700.06,2785.93,2697.18,2782.43,4515710000
2018-12-06,2695.95,2696.15,2621.53,2663.51,5180430000
2018-12-07,2633.08,2708.54,2623.14,2691.26,4242240000
2018-12-10,2637.72,2647.51,2583.23,2630.86,4162880000
2018-12-11,2636.78,2674.35,2621.3,2664.44,3963440000
2018-12-12,2651.07,2685.44,2650.26,2658.23,4029300000
2018-12-13,2650.54,2670.19,2637.27,2658.7,3978340000
2018-12-14,2599.95,2635.07,2593.84,2629.68,4064370000
2018-12-17,2545.94,2601.13,2530.54,2590.75,4661420000
2018-12-18,2546.16,2573.99,2528.71,2559.9,4519190000
2018-12-19,2506.96,2585.29,2488.96,2547.05,5152830000
2018-12-20,2467.42,2509.63,2441.18,2496.77,5619780000
2018-12-21,2416.62,2504.41,2408.55,2465.38,7657890000
2018-12-24,2351.1,2410.34,2351.1,2400.56,2613670000
2018-12-26,2467.7,2467.76,2346.58,2363.12,4249740000
2018-12-27,2488.83,2489.1,2397.94,2442.5,4139010000
2018-12-28,2485.74,2520.27,2472.89,2498.77,3728440000
2018-12-31,2506.85,2509.24,2482.82,2498.94,3461920000
2019-01-02,2510.03,2519.49,2467.47,2476.96,3733160000
2019-01-03,2447.89,2493.14,2443.96,2491.92,3858830000
2019-01-04,2531.94,2538.07,2474.33,2474.33,4234140000
2019-01-07,2549.69,2566.16,2524.56,2535.61,4133120000
2019-01-08,2574.41,2579.82,2547.56,2568.11,4120060000
2019-01-09,2584.96,2595.32,2568.89,2580.0,4088740000
2019-01-10,2596.64,2597.82,2562.02,2573.51,3721300000
2019-01-11,2596.26,2596.27,2577.4,2588.11,3447460000
2019-01-14,2582.61,2589.32,2570.41,2580.31,3689370000
2019-01-15,2610.3,2613.08,2585.1,2585.1,3601180000
2019-01-16,2616.1,2625.76,2612.68,2614.75,3882180000
2019-01-17,2635.96,2645.06,2606.36,2609.28,3802410000
2019-01-18,2670.71,2675.47,2647.58,2651.27,4009010000
2019-01-22,2632.9,2657.88,2617.27,2657.88,3923950000
2019-01-23,2638.7,2653.19,2612.86,2643.48,3358770000
2019-01-24,2642.33,2647.2,2627.01,2638.84,3449230000
2019-01-25,2664.76,2672.38,2657.33,2657.44,3821000000
2019-01-28,2643.85,2644.97,2624.06,2644.97,3630820000
2019-01-29,2640.0,2650.93,2631.05,2644.89,3518070000
2019-01-30,2681.05,2690.44,2648.34,2653.62,3883270000
2019-01-31,2704.1,2708.95,2678.65,2685.49,4953800000
2019-02-01,2706.53,2716.66,2696.88,2702.32,3782490000
2019-02-04,2724.87,2724.99,2698.75,2706.49,3369450000
2019-02-05,2737.7,2738.98,2724.03,2728.34,3597620000
2019-02-06,2731.61,2738.08,2724.15,2735.05,3486590000
2019-02-07,2706.05,2719.32,2687.26,2717.53,4114040000
2019-02-08,2707.88,2708.07,2681.83,2692.36,3649510000
2019-02-11,2709.8,2718.05,2703.79,2712.4,3395330000
2019-02-12,2744.73,2748.19,2722.61,2722.61,3843020000
2019-02-13,2753.03,2761.85,2748.63,2750.3,3684910000
2019-02-14,2745.73,2757.9,2731.23,2743.5,3845390000
2019-02-15,2775.6,2775.66,2760.24,2760.24,3648680000
2019-02-19,2779.76,2787.33,2767.29,2769.28,3535270000
2019-02-20,2784.7,2789.88,2774.06,2779.05,3904830000
2019-02-21,2774.88,2781.58,2764.55,2780.24,3598260000
2019-02-22,2792.67,2794.2,2779.11,2780.67,3429350000
2019-02-25,2796.11,2813.49,2794.99,2804.35,3860260000
2019-02-26,2793.9,2803.12,2789.47,2792.36,3676200000
2019-02-27,2792.38,2795.76,2775.13,2787.5,3771790000
2019-02-28,2784.49,2793.73,2782.51,2788.11,4445780000
2019-03-01,2803.69,2808.02,2787.38,2798.22,3994950000
2019-03-04,2792.81,2816.88,2767.66,2814.37,3949730000
2019-03-05,2789.65,2796.44,2782.97,2794.41,3631380000
2019-03-06,2771.45,2790.27,2768.69,2790.27,3800180000
2019-03-07,2748.93,2767.25,2739.09,2766.53,3932150000
2019-03-08,2743.07,2744.13,2722.27,2730.79,3424300000
2019-03-11,2783.3,2784.0,2747.61,2747.61,3764850000
2019-03-12,2791.52,2798.32,2786.73,2787.34,3432340000
2019-03-13,2810.92,2821.24,2799.78,2799.78,3782250000
2019-03-14,2808.48,2815.0,2803.46,2810.38,3505670000
2019-03-15,2822.48,2830.73,2810.79,2810.79,5969780000
2019-03-18,2832.94,2835.41,2821.99,2822.61,3620770000
2019-03-19,2832.57,2852.42,2823.27,2840.76,3650740000
2019-03-20,2824.23,2843.54,2812.43,2831.34,3779160000
2019-03-21,2854.88,2860.31,2817.38,2819.72,3612620000
2019-03-22,2800.71,2846.16,2800.47,2844.52,4253730000
2019-03-25,2798.36,2809.79,2785.02,2796.01,3406110000
2019-03-26,2818.46,2829.87,2803.99,2812.66,3288570000
2019-03-27,2805.37,2825.56,2787.72,2819.72,3422400000
2019-03-28,2815.44,2819.71,2798.77,2809.4,3185460000
2019-03-29,2834.4,2836.03,2819.23,2828.27,3752520000
2019-04-01,2867.19,2869.4,2848.63,2848.63,3560090000
2019-04-02,2867.24,2872.9,2858.75,2868.24,3267210000
2019-04-03,2873.4,2885.25,2865.17,2876.09,3570000000
2019-04-04,2879.39,2881.28,2867.14,2873.99,3038740000
2019-04-05,2892.74,2893.24,2882.99,2884.16,3155970000
2019-04-08,2895.77,2895.95,2880.78,2888.46,3056460000
2019-04-09,2878.2,2886.88,2873.33,2886.58,3032480000
2019-04-10,2888.21,2889.71,2879.13,2881.37,3092230000
2019-04-11,2888.32,2893.42,2881.99,2891.92,2970650000
2019-04-12,2907.41,2910.54,2898.37,2900.86,3726050000
2019-04-15,2905.58,2909.6,2896.48,2908.32,3114530000
2019-04-16,2907.06,2916.06,2900.71,2912.26,3403120000
2019-04-17,2900.45,2918.0,2895.45,2916.04,3648100000
2019-04-18,2905.03,2908.4,2891.9,2904.81,3507100000
2019-04-22,2907.97,2909.51,2896.35,2898.78,3010130000
2019-04-23,2933.68,2936.31,2908.53,2909.99,3674480000
2019-04-24,2927.25,2936.83,2926.05,2934.0,3468480000
2019-04-25,2926.17,2933.1,2912.84,2928.99,3440010000
2019-04-26,2939.88,2939.88,2917.56,2925.81,3264390000
2019-04-29,2943.03,2949.52,2939.35,2940.58,3150390000
2019-04-30,2945.83,2948.22,2924.11,2937.14,3939760000
2019-05-01,2923.73,2954.13,2923.36,2952.33,3669330000
2019-05-02,2917.52,2931.68,2900.5,2922.16,3802290000
2019-05-03,2945.64,2947.85,2929.21,2929.21,3357180000
2019-05-06,2932.47,2937.32,2898.21,2908.89,3203260000
2019-05-07,2884.05,2913.03,2862.6,2913.03,3793060000
2019-05-08,2879.42,2897.96,2873.28,2879.61,3543110000
2019-05-09,2870.72,2875.97,2836.4,2859.84,3659050000
2019-05-10,2881.4,2891.31,2825.39,2863.1,3566780000
2019-05-13,2811.87,2840.19,2801.43,2840.19,3900270000
2019-05-14,2834.41,2852.54,2820.12,2820.12,3354860000
2019-05-15,2850.96,2858.68,2815.08,2820.38,3140900000
2019-05-16,2876.32,2892.15,2855.8,2855.8,3338470000
2019-05-17,2859.53,2885.48,2854.23,2858.6,3316040000
2019-05-20,2840.23,2853.86,2831.29,2841.94,3293750000
2019-05-21,2864.36,2868.88,2854.02,2854.02,3223050000
2019-05-22,2856.27,2865.47,2851.11,2856.06,3194000000
2019-05-23,2822.24,2836.7,2805.49,2836.7,3899320000
2019-05-24,2826.06,2841.36,2820.19,2832.41,2889230000
2019-05-28,2802.39,2840.51,2801.58,2830.03,4146980000
2019-05-29,2783.02,2792.03,2766.06,2790.25,3701110000
2019-05-30,2788.86,2799.0,2776.74,2786.94,3276030000
2019-05-31,2752.06,2768.98,2750.52,2766.15,3982670000
2019-06-03,2744.45,2763.07,2728.81,2751.53,3952360000
2019-06-04,2803.27,2804.49,2762.64,2762.64,3814130000
2019-06-05,2826.15,2827.28,2800.92,2818.09,3570760000
2019-06-06,2843.49,2852.1,2822.45,2828.51,3445140000
2019-06-07,2873.34,2884.97,2852.87,2852.87,3244380000
2019-06-10,2886.73,2904.77,2885.51,2885.83,3209890000
2019-06-11,2885.72,2910.61,2878.53,2903.27,3551000000
2019-06-12,2879.84,2888.57,2874.68,2882.73,3039870000
2019-06-13,2891.64,2895.24,2881.99,2886.24,3100640000
2019-06-14,2886.98,2894.45,2879.62,2886.82,2992810000
2019-06-17,2889.67,2897.27,2887.3,2889.75,2828400000
2019-06-18,2917.75,2930.79,2905.44,2906.71,3441540000
2019-06-19,2926.46,2931.74,2911.43,2920.55,3300220000
2019-06-20,2954.18,2958.06,2931.5,2949.6,3943060000
2019-06-21,2950.46,2964.15,2946.87,2952.71,5003540000
2019-06-24,2945.35,2954.92,2944.05,2951.42,3136960000
2019-06-25,2917.38,2946.52,2916.01,2945.78,3579430000
2019-06-26,2913.78,2932.59,2912.99,2926.07,3511350000
2019-06-27,2924.92,2929.3,2918.57,2919.66,3162500000
2019-06-28,2941.76,2943.98,2929.05,2932.94,5422650000
2019-07-01,2964.33,2977.93,2952.22,2971.41,3524860000
2019-07-02,2973.01,2973.21,2955.92,2964.66,3224490000
2019-07-03,2995.82,2995.84,2977.96,2978.08,1963570000
2019-07-05,2990.41,2994.03,2967.97,2984.25,2434680000
2019-07-08,2975.95,2980.76,2970.09,2979.77,2922360000
2019-07-09,2979.63,2981.9,2963.44,2965.52,3033330000
2019-07-10,2993.07,3002.98,2984.62,2989.3,3157800000
2019-07-11,2999.91,3002.33,2988.8,2999.62,3155710000
2019-07-12,3013.77,3013.92,3001.87,3003.36,2984140000
2019-07-15,3014.3,3017.8,3008.77,3017.8,2876100000
2019-07-16,3004.04,3015.02,3001.15,3012.13,3297030000
2019-07-17,2984.42,3005.26,2984.25,3005.1,3185650000
2019-07-18,2995.11,2998.28,2973.09,2978.87,3369820000
2019-07-19,2976.61,3006.02,2975.86,3004.26,3285890000
2019-07-22,2985.03,2990.71,2976.65,2981.93,3016200000
2019-07-23,3005.47,3005.9,2988.56,2994.74,3333810000
2019-07-24,3019.56,3019.59,2996.82,2998.77,3433220000
2019-07-25,3003.67,3016.31,2997.24,3016.26,3657050000
2019-07-26,3025.86,3027.98,3012.59,3013.25,3260170000
2019-07-29,3020.97,3025.61,3014.3,3024.47,3224490000
2019-07-30,3013.18,3017.19,3000.94,3007.66,3632770000
2019-07-31,2980.38,3017.4,2958.08,3016.22,4626330000
2019-08-01,2953.56,3013.59,2945.23,2980.32,4793810000
2019-08-02,2932.05,2945.5,2914.11,2943.9,3882810000
2019-08-05,2844.74,2898.07,2822.12,2898.07,4542850000
2019-08-06,2881.77,2884.4,2847.42,2861.18,4156640000
2019-08-07,2883.98,2892.17,2825.71,2858.65,4512720000
2019-08-08,2938.09,2938.72,2894.47,2896.21,4118530000
2019-08-09,2918.65,2935.75,2900.15,2930.51,3356850000
2019-08-12,2882.7,2907.58,2873.14,2907.07,3328570000
2019-08-13,2926.32,2943.31,2877.05,2880.72,3857190000
2019-08-14,2840.6,2894.15,2839.64,2894.15,4325150000
2019-08-15,2847.6,2856.67,2825.51,2846.2,4041720000
2019-08-16,2888.68,2893.63,2864.74,2864.74,3524080000
2019-08-19,2923.65,2931.0,2913.48,2913.48,3221050000
2019-08-20,2900.51,2923.63,2899.6,2919.01,3067710000
2019-08-21,2924.43,2928.73,2917.91,2922.04,3016540000
2019-08-22,2922.95,2939.08,2904.51,2930.94,2893660000
2019-08-23,2847.11,2927.01,2834.97,2911.07,3942520000
2019-08-26,2878.38,2879.27,2856.0,2866.7,2859790000
2019-08-27,2869.16,2898.79,2860.59,2893.14,3537490000
2019-08-28,2887.94,2890.03,2853.05,2861.28,3102480000
2019-08-29,2924.58,2930.5,2905.67,2910.37,3177150000
2019-08-30,2926.46,2940.43,2913.32,2937.09,3009910000
2019-09-03,2906.27,2914.39,2891.85,2909.01,3427830000
2019-09-04,2937.78,2938.84,2921.86,2924.67,3167900000
2019-09-05,2976.0,2985.86,2960.6,2960.6,3902600000
2019-09-06,2978.71,2985.03,2972.51,2980.33,3209340000
2019-09-09,2978.43,2989.43,2969.39,2988.43,4031120000
2019-09-10,2979.39,2979.39,2957.01,2971.01,4393040000
2019-09-11,3000.93,3000.93,2975.31,2981.41,3934370000
2019-09-12,3009.57,3020.74,3000.92,3009.08,3796990000
2019-09-13,3007.39,3017.33,3002.9,3012.21,3557010000
2019-09-16,2997.96,3002.19,2990.67,2996.41,4285860000
2019-09-17,3005.7,3006.21,2993.73,2995.67,3673250000
2019-09-18,3006.73,3007.83,2978.57,3001.5,3458800000
2019-09-19,3006.79,3021.99,3003.16,3010.36,3265660000
2019-09-20,2992.07,3016.37,2984.68,3008.42,6103440000
2019-09-23,2991.78,2999.15,2982.23,2983.5,3187250000
2019-09-24,2966.6,3007.98,2957.73,3002.43,3872800000
2019-09-25,2984.87,2989.82,2952.86,2968.35,3331200000
2019-09-26,2977.62,2987.28,2963.71,2985.73,3084910000
2019-09-27,2961.79,2987.31,2945.53,2985.47,3246480000
2019-09-30,2976.74,2983.85,2967.07,2967.07,3249130000
2019-10-01,2940.25,2992.53,2938.7,2983.69,3560750000
2019-10-02,2887.61,2924.78,2874.93,2924.78,3914180000
2019-10-03,2910.63,2911.13,2855.94,2885.38,3515130000
2019-10-04,2952.01,2953.74,2918.56,2918.56,3005600000
2019-10-07,2938.79,2959.75,2935.68,2944.23,2959050000
2019-10-08,2893.06,2925.47,2892.66,2920.4,3370700000
2019-10-09,2919.4,2929.32,2907.41,2911.1,2735350000
2019-10-10,2938.13,2948.46,2917.12,2918.55,3234400000
2019-10-11,2970.27,2993.28,2963.07,2963.07,3581320000
2019-10-14,2966.15,2972.84,2962.94,2965.81,2559270000
2019-10-15,2995.68,3003.28,2973.61,2973.61,3345090000
2019-10-16,2989.69,2997.54,2985.2,2989.68,3230320000
2019-10-17,2997.95,3008.29,2991.79,3000.77,3103470000
2019-10-18,2986.2,3000.0,2976.31,2996.84,3268970000
2019-10-21,3006.72,3007.33,2995.35,2996.48,3271960000
2019-10-22,2995.99,3014.57,2995.04,3010.73,3527540000
2019-10-23,3004.52,3004.78,2991.21,2994.01,3413600000
2019-10-24,3010.29,3016.07,3000.42,3014.78,3696510000
2019-10-25,3022.55,3027.39,3001.94,3003.32,3379060000
2019-10-28,3039.42,3044.08,3032.12,3032.12,3524970000
2019-10-29,3036.89,3047.87,3034.81,3035.39,3594430000
2019-10-30,3046.77,3050.1,3025.96,3039.74,3779660000
2019-10-31,3037.56,3046.9,3023.19,3046.9,4149310000
2019-11-01,3066.91,3066.95,3050.72,3050.72,3956290000
2019-11-04,3078.27,3085.2,3074.87,3078.96,4178040000
2019-11-05,3074.62,3083.95,3072.15,3080.8,4490590000
2019-11-06,3076.78,3078.34,3065.89,3075.1,4465510000
2019-11-07,3085.18,3097.77,3080.23,3087.02,4151990000
2019-11-08,3093.08,3093.09,3073.58,3081.25,3508160000
2019-11-11,3087.01,3088.33,3075.82,3080.33,3041120000
2019-11-12,3091.84,3102.61,3084.73,3089.28,3495560000
2019-11-13,3094.04,3098.06,3078.8,3084.18,3513720000
2019-11-14,3096.63,3098.2,3083.26,3090.75,3282090000
2019-11-15,3120.46,3120.46,3104.6,3107.92,3359800000
2019-11-18,3122.03,3124.17,3112.06,3117.91,3440140000
2019-11-19,3120.18,3127.64,3113.47,3127.45,3613670000
2019-11-20,3108.46,3118.97,3091.41,3114.66,4041010000
2019-11-21,3103.54,3110.11,3094.55,3108.49,3744010000
2019-11-22,3110.29,3112.87,3099.26,3111.41,3235270000
2019-11-25,3133.64,3133.83,3117.44,3117.44,3514310000
2019-11-26,3140.52,3142.69,3131.0,3134.85,4600450000
2019-11-27,3153.63,3154.26,3143.41,3145.49,3035470000
2019-11-29,3140.98,3150.3,3139.34,3147.18,1743420000
2019-12-02,3113.87,3144.31,3110.78,3143.85,3285750000
2019-12-03,3093.2,3094.97,3070.33,3087.41,3671580000
2019-12-04,3112.76,3119.38,3102.53,3103.5,3702980000
2019-12-05,3117.43,3119.45,3103.76,3119.21,3360480000
2019-12-06,3145.91,3150.6,3134.62,3134.62,3483310000
2019-12-09,3135.96,3148.87,3135.46,3141.86,3400470000
2019-12-10,3132.52,3142.12,3126.09,3135.36,3346310000
2019-12-11,3141.63,3143.98,3133.21,3135.75,3257650000
2019-12-12,3168.57,3176.28,3138.47,3141.23,4003200000
2019-12-13,3168.8,3182.68,3156.51,3166.65,3757650000
2019-12-16,3191.45,3197.71,3183.63,3183.63,4070200000
2019-12-17,3192.52,3198.22,3191.03,3195.4,3842940000
2019-12-18,3191.14,3198.48,3191.14,3195.21,4029950000
2019-12-19,3205.37,3205.48,3192.32,3192.32,3784360000
2019-12-20,3221.22,3225.65,3216.03,3223.33,6457480000
2019-12-23,3224.01,3227.78,3222.3,3226.05,3064530000
2019-12-24,3223.38,3226.43,3220.51,3225.45,1296530000
2019-12-26,3239.91,3240.08,3227.2,3227.2,2164540000
2019-12-27,3240.02,3247.93,3234.37,3247.23,2429150000
2019-12-30,3221.29,3240.92,3216.57,3240.09,3021720000
2019-12-31,3230.78,3231.72,3212.03,3215.18,2894760000
2020-01-02,3257.85,3258.14,3235.53,3244.67,3459930000
2020-01-03,3234.85,3246.15,3222.34,3226.36,3484700000
2020-01-06,3246.28,3246.84,3214.64,3217.55,3702460000
2020-01-07,3237.18,3244.91,3232.43,3241.86,3435910000
2020-01-08,3253.05,3267.07,3236.67,3238.59,3726840000
2020-01-09,3274.7,3275.58,3263.67,3266.03,3641230000
2020-01-10,3265.35,3282.99,3260.86,3281.81,3214580000
2020-01-13,3288.13,3288.13,3268.43,3271.13,3459390000
2020-01-14,3283.15,3294.25,3277.19,3285.35,3687620000
2020-01-15,3289.29,3298.66,3280.69,3282.27,3721490000
2020-01-16,3316.81,3317.11,3302.82,3302.97,3540580000
2020-01-17,3329.62,3329.88,3318.86,3323.66,3726220000
2020-01-21,3320.79,3329.79,3316.61,3321.03,4104840000
2020-01-22,3321.75,3337.77,3320.04,3330.02,3623780000
2020-01-23,3325.54,3326.88,3301.87,3315.77,3766710000
2020-01-24,3295.47,3333.18,3281.53,3333.1,3708780000
2020-01-27,3243.63,3258.85,3234.5,3247.16,3831050000
2020-01-28,3276.24,3285.78,3253.22,3255.35,3531570000
2020-01-29,3273.4,3293.47,3271.89,3289.46,3600250000
2020-01-30,3283.66,3285.91,3242.8,3256.45,3790350000
2020-01-31,3225.52,3282.33,3214.68,3282.33,4529700000
2020-02-03,3248.92,3268.44,3235.66,3235.66,3760460000
2020-02-04,3297.59,3306.92,3280.61,3280.61,3996900000
2020-02-05,3334.69,3337.58,3313.75,3324.91,4121480000
2020-02-06,3345.78,3347.96,3334.39,3344.92,3887250000
2020-02-07,3327.71,3341.42,3322.12,3335.54,3733920000
2020-02-10,3352.09,3352.26,3317.77,3318.28,3462730000
2020-02-11,3357.75,3375.63,3352.72,3365.87,3762940000
2020-02-12,3379.45,3381.47,3369.72,3370.5,3930910000
2020-02-13,3373.94,3385.09,3360.52,3365.9,3500890000
2020-02-14,3380.16,3380.69,3366.15,3378.08,3419700000
2020-02-18,3370.29,3375.01,3355.61,3369.04,3750400000
2020-02-19,3386.15,3393.52,3378.83,3380.39,3614200000
2020-02-20,3373.23,3389.15,3341.02,3380.45,4019180000
2020-02-21,3337.75,3360.76,3328.45,3360.5,3908780000
2020-02-24,3225.89,3259.81,3214.65,3257.61,4851160000
2020-02-25,3128.21,3246.99,3118.77,3238.94,5596760000
2020-02-26,3116.39,3182.51,3108.99,3139.9,5484650000
2020-02-27,2978.76,3097.07,2977.39,3062.54,7064710000
2020-02-28,2954.22,2959.72,2855.84,2916.9,8569570000
2020-03-02,3090.23,3090.96,2945.19,2974.28,6381330000
2020-03-03,3003.37,3136.72,2976.63,3096.46,6376510000
2020-03-04,3130.12,3130.97,3034.38,3045.75,5073020000
2020-03-05,3023.94,3083.04,2999.83,3075.7,5579290000
2020-03-06,2972.37,2985.93,2901.54,2954.2,6555240000
2020-03-09,2746.56,2863.89,2734.43,2863.89,8441290000
2020-03-10,2882.23,2882.59,2734.0,2813.48,7642040000
2020-03-11,2741.38,2825.6,2707.22,2825.6,7431200000
2020-03-12,2480.64,2660.95,2478.86,2630.86,8850810000
2020-03-13,2711.02,2711.33,2492.37,2569.99,8299070000
2020-03-16,2386.13,2562.98,2380.94,2508.59,7805450000
2020-03-17,2529.19,2553.93,2367.04,2425.66,8370250000
2020-03-18,2398.1,2453.57,2280.52,2436.5,8799300000
2020-03-19,2409.39,2466.97,2319.78,2393.48,7956100000
2020-03-20,2304.92,2453.01,2295.56,2431.94,9053950000
2020-03-23,2237.4,2300.73,2191.86,2290.71,7411380000
2020-03-24,2447.33,2449.71,2344.44,2344.44,7563150000
2020-03-25,2475.56,2571.42,2407.53,2457.77,8300010000
2020-03-26,2630.07,2637.01,2500.72,2501.29,7766990000
2020-03-27,2541.47,2615.91,2520.02,2555.87,6201670000
2020-03-30,2626.65,2631.8,2545.28,2558.98,5751120000
2020-03-31,2584.59,2641.39,2571.15,2614.69,6576210000
2020-04-01,2470.5,2522.75,2447.49,2498.08,5964000000
2020-04-02,2526.9,2533.22,2455.79,2458.54,6464190000
2020-04-03,2488.65,2538.18,2459.96,2514.92,6096970000
2020-04-06,2663.68,2676.85,2574.57,2578.28,6403840000
2020-04-07,2659.41,2756.89,2657.67,2738.65,7050410000
2020-04-08,2749.98,2760.75,2663.3,2685.0,5875710000
2020-04-09,2789.82,2818.57,2762.36,2776.99,7899550000
2020-04-13,2761.63,2782.46,2721.17,2782.46,5319530000
2020-04-14,2846.06,2851.85,2805.1,2805.1,5615730000
2020-04-15,2783.36,2801.88,2761.54,2795.64,5208000000
2020-04-16,2799.55,2806.51,2764.32,2799.34,5228810000
2020-04-17,2874.56,2879.22,2830.88,2842.43,5804810000
2020-04-20,2823.16,2868.98,2820.43,2845.62,5228630000
2020-04-21,2736.56,2785.54,2727.1,2784.81,5121010000
2020-04-22,2799.31,2815.1,2775.95,2787.89,5084920000
2020-04-23,2797.8,2844.9,2794.26,2810.42,5773530000
2020-04-24,2836.74,2842.71,2791.76,2812.64,5382810000
2020-04-27,2878.48,2887.72,2852.89,2854.65,5203930000
2020-04-28,2863.39,2921.15,2860.71,2909.96,5691160000
2020-04-29,2939.51,2954.86,2912.16,2918.46,6645640000
2020-04-30,2912.43,2930.91,2892.47,2930.91,6544980000
2020-05-01,2830.71,2869.09,2821.61,2869.09,4759810000
2020-05-04,2842.74,2844.24,2797.85,2815.01,4735930000
2020-05-05,2868.44,2898.23,2863.55,2868.88,5140290000
2020-05-06,2848.42,2891.11,2847.65,2883.14,4892570000
2020-05-07,2881.19,2901.92,2876.48,2878.26,5178790000
2020-05-08,2929.8,2932.16,2902.88,2908.83,4876030000
2020-05-11,2930.19,2944.25,2903.44,2915.46,4819730000
2020-05-12,2870.12,2945.82,2869.59,2939.5,5119630000
2020-05-13,2820.0,2874.14,2793.15,2865.86,6151650000
2020-05-14,2852.5,2852.8,2766.64,2794.54,5651130000
2020-05-15,2863.7,2865.01,2816.78,2829.95,5507700000
2020-05-18,2953.91,2968.09,2913.86,2913.86,6373670000
2020-05-19,2922.94,2964.21,2922.35,2948.59,4984330000
2020-05-20,2971.61,2980.29,2953.63,2953.63,5005380000
2020-05-21,2948.51,2978.5,2938.57,2969.95,4976620000
2020-05-22,2955.45,2956.76,2933.59,2948.05,3970860000
2020-05-26,2991.77,3021.72,2988.17,3004.08,5848500000
2020-05-27,3036.13,3036.25,2969.75,3015.65,6398000000
2020-05-28,3029.73,3068.67,3023.4,3046.61,5447020000
2020-05-29,3044.31,3049.17,2998.61,3025.17,7297550000
2020-06-01,3055.73,3062.18,3031.54,3038.78,4684170000
2020-06-02,3080.82,3081.07,3051.64,3064.78,5197150000
2020-06-03,3122.87,3130.94,3098.9,3098.9,6005560000
2020-06-04,3112.35,3128.91,3090.41,3111.56,6451290000
2020-06-05,3193.93,3211.72,3163.84,3163.84,8639300000
2020-06-08,3232.39,3233.13,3196.0,3199.92,8498300000
2020-06-09,3207.18,3222.71,3193.11,3213.32,6410930000
2020-06-10,3190.14,3223.27,3181.49,3213.42,6598870000
2020-06-11,3002.1,3123.53,2999.49,3123.53,7037320000
2020-06-12,3041.31,3088.42,2984.47,3071.04,5845330000
2020-06-15,3066.59,3079.76,2965.66,2993.76,5757480000
2020-06-16,3124.74,3153.45,3076.06,3131.0,5845810000
2020-06-17,3113.49,3141.16,3108.03,3136.13,4560450000
2020-06-18,3115.34,3120.0,3093.51,3101.64,4448690000
2020-06-19,3097.74,3155.53,3083.11,3140.29,8346650000
2020-06-22,3117.86,3120.92,3079.39,3094.42,4686690000
2020-06-23,3131.29,3154.9,3127.12,3138.7,4711850000
2020-06-24,3050.33,3115.01,3032.13,3114.4,5597680000
2020-06-25,3083.76,3086.25,3024.01,3046.6,4847690000
2020-06-26,3009.05,3073.73,3004.63,3073.2,8107850000
2020-06-29,3053.24,3053.89,2999.74,3018.59,4473970000
2020-06-30,3100.29,3111.51,3047.83,3050.2,4705850000
2020-07-01,3115.86,3128.44,3101.17,3105.92,4449230000
2020-07-02,3130.01,3165.81,3124.52,3143.64,4197720000
2020-07-06,3179.72,3182.59,3155.29,3155.29,4759160000
2020-07-07,3145.32,3184.15,3142.93,3166.44,4571330000
2020-07-08,3169.94,3171.8,3136.53,3153.07,4937310000
2020-07-09,3152.05,3179.78,3115.7,3176.17,4843650000
2020-07-10,3185.04,3186.82,3136.22,3152.47,4524190000
2020-07-13,3155.22,3235.32,3149.43,3205.08,4902440000
2020-07-14,3197.52,3200.95,3127.66,3141.11,4507140000
2020-07-15,3226.56,3238.28,3200.76,3225.98,4686830000
2020-07-16,3215.57,3220.39,3198.59,3208.36,3972860000
2020-07-17,3224.73,3233.52,3205.65,3224.21,4012850000
2020-07-20,3251.84,3258.61,3215.16,3224.29,3979340000
2020-07-21,3257.3,3277.29,3247.77,3268.52,4556610000
2020-07-22,3276.02,3279.32,3253.1,3254.86,4267160000
2020-07-23,3235.66,3279.99,3222.66,3271.64,4296760000
2020-07-24,3215.63,3227.26,3200.05,3218.58,3689410000
2020-07-27,3239.41,3241.43,3214.25,3219.84,3970310000
2020-07-28,3218.44,3243.72,3216.17,3234.27,4053180000
2020-07-29,3258.44,3264.74,3227.22,3227.22,4478200000
2020-07-30,3246.22,3250.92,3204.13,3231.76,4264920000
2020-07-31,3271.12,3272.17,3220.26,3270.45,5007530000
2020-08-03,3294.61,3302.73,3284.53,3288.26,4438940000
2020-08-04,3306.51,3306.84,3286.37,3289.92,4414380000
2020-08-05,3327.77,3330.77,3317.37,3317.37,4535060000
2020-08-06,3349.16,3351.03,3318.14,3323.17,4278930000
2020-08-07,3351.28,3352.54,3328.72,3340.05,4110030000
2020-08-10,3360.47,3363.29,3335.44,3356.04,4327920000
2020-08-11,3333.69,3381.01,3326.44,3370.34,4880540000
2020-08-12,3380.35,3387.89,3355.46,3355.46,3772250000
2020-08-13,3373.43,3387.24,3363.35,3372.95,3438730000
2020-08-14,3372.85,3378.51,3361.64,3368.66,3200060000
2020-08-17,3381.99,3387.59,3379.22,3380.86,3460330000
2020-08-18,3389.78,3395.06,3370.15,3387.04,3669550000
2020-08-19,3374.85,3399.54,3369.66,3392.51,3679480000
2020-08-20,3385.51,3390.8,3354.69,3360.48,3431040000
2020-08-21,3397.16,3399.96,3379.31,3386.01,3505010000
2020-08-24,3431.28,3432.09,3413.13,3418.09,3743410000
2020-08-25,3443.62,3444.21,3425.84,3435.95,3627650000
2020-08-26,3478.73,3481.07,3444.15,3449.97,3780530000
2020-08-27,3484.55,3501.38,3468.35,3485.14,3955890000
2020-08-28,3508.01,3509.23,3484.32,3494.69,3868510000
2020-08-31,3500.31,3514.77,3493.25,3509.73,4348280000
2020-09-01,3526.65,3528.03,3494.6,3507.44,4101490000
2020-09-02,3580.84,3588.11,3535.23,3543.76,4295640000
2020-09-03,3455.06,3564.85,3427.41,3564.74,4911830000
2020-09-04,3426.96,3479.15,3349.63,3453.6,4438720000
2020-09-08,3331.84,3379.97,3329.27,3371.88,4694330000
2020-09-09,3398.96,3424.77,3366.84,3369.82,3932520000
2020-09-10,3339.19,3425.55,3329.25,3412.56,4208630000
2020-09-11,3340.97,3368.95,3310.47,3352.7,3710090000
2020-09-14,3383.54,3402.93,3363.56,3363.56,3839580000
2020-09-15,3401.2,3419.48,3389.25,3407.73,4057190000
2020-09-16,3385.49,3428.92,3384.45,3411.23,4718900000
2020-09-17,3357.01,3375.17,3328.82,3346.86,4379840000
2020-09-18,3319.47,3362.27,3292.4,3357.38,7076400000
2020-09-21,3281.06,3285.57,3229.1,3285.57,4836070000
2020-09-22,3315.57,3320.31,3270.95,3295.75,3974510000
2020-09-23,3236.92,3323.35,3232.57,3320.11,4378650000
2020-09-24,3246.59,3278.7,3209.45,3226.14,4601920000
2020-09-25,3298.46,3306.88,3228.44,3236.66,3803330000
2020-09-28,3351.6,3360.74,3332.91,3333.9,3950910000
2020-09-29,3335.47,3357.92,3327.54,3350.92,3661590000
2020-09-30,3363.0,3393.56,3340.47,3341.21,4738640000
2020-10-01,3380.8,3397.18,3361.39,3385.87,4076340000
2020-10-02,3348.42,3369.1,3323.69,3338.94,3975180000
2020-10-05,3408.6,3409.57,3367.27,3367.27,3692720000
2020-10-06,3360.97,3431.56,3354.54,3408.74,4453390000
2020-10-07,3419.44,3426.26,3384.56,3384.56,3814750000
2020-10-08,3446.83,3447.28,3428.15,3434.28,3867640000
2020-10-09,3477.14,3482.34,3458.07,3459.67,3944090000
2020-10-12,3534.22,3549.85,3499.61,3500.02,3435760000
2020-10-13,3511.93,3534.01,3500.86,3534.01,3611100000
2020-10-14,3488.67,3527.94,3480.55,3515.47,3858510000
2020-10-15,3483.34,3489.08,3440.89,3453.72,3724550000
2020-10-16,3483.81,3515.76,3480.45,3493.5,4688030000
2020-10-19,3426.92,3502.42,3419.93,3493.66,4091080000
2020-10-20,3443.12,3476.93,3435.65,3439.38,3917850000
2020-10-21,3435.56,3464.86,3433.06,3439.91,4103960000
2020-10-22,3453.49,3460.53,3415.34,3438.5,4172060000
2020-10-23,3465.39,3466.46,3440.45,3464.9,3651600000
2020-10-26,3400.97,3441.42,3364.86,3441.42,4002210000
2020-10-27,3390.68,3409.51,3388.71,3403.15,3962400000
2020-10-28,3271.03,3342.48,3268.89,3342.48,5139970000
2020-10-29,3310.11,3341.05,3259.82,3277.17,4911860000
2020-10-30,3269.96,3304.93,3233.94,3293.59,4843930000
2020-11-02,3310.24,3330.14,3279.74,3296.2,4314690000
2020-11-03,3369.16,3389.49,3336.25,3336.25,4241380000
2020-11-04,3443.44,3486.25,3405.17,3406.46,4790400000
2020-11-05,3510.45,3529.05,3485.74,3485.74,4858150000
2020-11-06,3509.44,3521.58,3484.34,3508.34,4842460000
2020-11-09,3550.5,3645.99,3547.48,3583.04,8570510000
2020-11-10,3545.53,3557.22,3511.91,3543.26,6037470000
2020-11-11,3572.66,3581.16,3557.0,3563.22,4635560000
2020-11-12,3537.01,3569.02,3518.58,3562.67,4909660000
2020-11-13,3585.15,3593.66,3552.57,3552.57,4719580000
2020-11-16,3626.91,3628.51,3600.16,3600.16,5295510000
2020-11-17,3609.53,3623.11,3588.68,3610.31,4812180000
2020-11-18,3567.79,3619.09,3567.33,3612.09,5284810000
2020-11-19,3581.87,3585.22,3543.84,3559.41,4363370000
2020-11-20,3557.54,3581.23,3556.85,3579.31,4236370000
2020-11-23,3577.59,3589.81,3552.77,3566.82,5057550000
2020-11-24,3635.41,3642.31,3594.52,3594.52,6280290000
2020-11-25,3629.65,3635.5,3617.76,3635.5,4910440000
2020-11-27,3638.35,3644.31,3629.33,3638.55,2778390000
2020-11-30,3621.63,3634.18,3594.39,3634.18,6308410000
2020-12-01,3662.45,3678.45,3645.87,3645.87,5418480000
2020-12-02,3669.01,3670.96,3644.84,3653.78,5041250000
2020-12-03,3666.72,3682.73,3657.17,3668.28,5065340000
2020-12-04,3699.12,3699.2,3670.94,3670.94,5099620000
2020-12-07,3691.96,3697.41,3678.88,3694.73,4804500000
2020-12-08,3702.25,3708.45,3678.83,3683.05,4584390000
2020-12-09,3672.82,3712.39,3660.54,3705.98,5232800000
2020-12-10,3668.1,3678.49,3645.18,3659.13,4658480000
2020-12-11,3663.46,3665.91,3633.4,3656.08,4375470000
2020-12-14,3647.49,3697.61,3645.84,3675.27,4623850000
2020-12-15,3694.62,3695.29,3659.62,3666.41,4387080000
2020-12-16,3701.17,3711.27,3688.57,3696.25,4067040000
2020-12-17,3722.48,3725.12,3710.87,3713.65,4192810000
2020-12-18,3709.41,3726.7,3685.84,3722.39,7097100000
2020-12-21,3694.92,3702.9,3636.48,3684.28,4748580000
2020-12-22,3687.26,3698.26,3676.16,3698.08,4053310000
2020-12-23,3690.01,3711.24,3689.28,3693.42,3779160000
2020-12-24,3703.06,3703.82,3689.32,3694.03,1883780000
2020-12-28,3735.36,3740.51,3723.03,3723.03,3535460000
2020-12-29,3727.04,3756.12,3723.31,3750.01,3393290000
2020-12-30,3732.04,3744.63,3730.21,3736.19,3154850000
2020-12-31,3756.07,3760.2,3726.88,3733.27,3179040000
2021-01-04,3700.65,3769.99,3662.71,3764.61,5015000000
2021-01-05,3726.86,3737.83,3695.07,3698.02,4591020000
2021-01-06,3748.14,3783.04,3705.34,3712.2,6064110000
2021-01-07,3803.79,3811.55,3764.71,3764.71,5099160000
2021-01-08,3824.68,3826.69,3783.6,3815.05,4773040000
2021-01-11,3799.61,3817.86,3789.02,3803.14,4465430000
2021-01-12,3801.19,3810.78,3776.51,3801.62,4994950000
2021-01-13,3809.84,3820.96,3791.5,3802.23,4602510000
2021-01-14,3795.54,3823.6,3792.86,3814.98,5198480000
2021-01-15,3768.25,3788.73,3749.62,3788.73,5369820000
2021-01-19,3798.91,3804.53,3780.37,3781.88,5014440000
2021-01-20,3851.85,3859.75,3816.22,3816.22,4566190000
2021-01-21,3853.07,3861.45,3845.05,3857.46,4501760000
2021-01-22,3841.47,3852.31,3830.41,3844.24,5110890000
2021-01-25,3855.36,3859.23,3797.16,3851.68,7000840000
2021-01-26,3849.62,3870.9,3847.78,3862.96,6137500000
2021-01-27,3750.77,3836.83,3732.48,3836.83,9976520000
2021-01-28,3787.38,3830.5,3755.75,3755.75,6992770000
2021-01-29,3714.24,3778.05,3694.12,3778.05,6643370000
2021-02-01,3773.86,3784.32,3725.62,3731.17,5436230000
2021-02-02,3826.31,3843.09,3791.84,3791.84,5514090000
2021-02-03,3830.17,3847.51,3816.68,3840.27,4864870000
2021-02-04,3871.74,3872.42,3836.66,3836.66,4879240000
2021-02-05,3886.83,3894.56,3874.93,3878.3,4879470000
2021-02-08,3915.59,3915.77,3892.59,3892.59,4648360000
2021-02-09,3911.23,3918.35,3902.64,3910.49,4568320000
2021-02-10,3909.88,3931.5,3884.94,3920.78,4837070000
2021-02-11,3916.38,3925.99,3890.39,3916.4,4590960000
2021-02-12,3934.83,3937.23,3905.78,3911.65,4135060000
2021-02-16,3932.59,3950.43,3923.85,3939.61,5058990000
2021-02-17,3931.33,3933.61,3900.43,3918.5,4730650000
2021-02-18,3913.97,3921.98,3885.03,3915.86,4793650000
2021-02-19,3906.71,3930.41,3903.07,3921.16,4845320000
2021-02-22,3876.5,3902.92,3874.71,3885.55,5917100000
2021-02-23,3881.37,3895.98,3805.59,3857.07,6296610000
2021-02-24,3925.43,3928.65,3859.6,3873.71,6012790000
2021-02-25,3829.34,3925.02,3814.04,3915.8,6547470000
2021-02-26,3811.15,3861.08,3789.54,3839.66,6526070000
2021-03-01,3901.82,3914.5,3842.51,3842.51,5114820000
2021-03-02,3870.29,3906.41,3868.57,3903.64,5536010000
2021-03-03,3819.72,3874.47,3818.86,3863.99,6173660000
2021-03-04,3768.47,3843.67,3723.34,3818.53,7195400000
2021-03-05,3841.94,3851.69,3730.19,3793.58,6851070000
2021-03-08,3821.35,3881.06,3819.25,3844.39,5871710000
2021-03-09,3875.44,3903.76,3851.93,3851.93,5513560000
2021-03-10,3898.81,3917.35,3885.73,3891.99,5847380000
2021-03-11,3939.34,3960.27,3915.54,3915.54,5312880000
2021-03-12,3943.34,3944.99,3915.21,3924.52,4476280000
2021-03-15,3968.94,3970.08,3923.54,3942.96,4900100000
2021-03-16,3962.71,3981.04,3953.44,3973.59,4613080000
2021-03-17,3974.12,3983.87,3935.74,3949.57,4561660000
2021-03-18,3915.46,3969.62,3910.86,3953.5,5118590000
2021-03-19,3913.1,3930.12,3886.75,3913.14,7757420000
2021-03-22,3940.59,3955.31,3914.16,3916.48,4316260000
2021-03-23,3910.52,3949.13,3901.57,3937.6,4669010000
2021-03-24,3889.14,3942.08,3889.07,3919.93,4783020000
2021-03-25,3909.52,3919.54,3853.5,3879.34,4948340000
2021-03-26,3974.54,3978.19,3917.12,3917.12,5483160000
2021-03-29,3971.09,3981.83,3943.25,3969.31,4628180000
2021-03-30,3958.55,3968.01,3944.35,3963.34,4121510000
2021-03-31,3972.89,3994.41,3966.98,3967.25,4578050000
2021-04-01,4019.87,4020.63,3992.78,3992.78,4162130000
2021-04-05,4077.91,4083.42,4034.44,4034.44,4005030000
2021-04-06,4073.94,4086.23,4068.14,4075.57,4081270000
2021-04-07,4079.95,4083.13,4068.31,4074.29,4120810000
2021-04-08,4097.17,4098.19,4082.54,4089.95,3907100000
2021-04-09,4128.8,4129.48,4095.51,4096.11,3640390000
2021-04-12,4127.99,4131.76,4114.82,4124.71,3588900000
2021-04-13,4141.59,4148.0,4124.43,4130.1,3734720000
2021-04-14,4124.66,4151.69,4120.87,4141.58,3985350000
2021-04-15,4170.42,4173.49,4139.76,4139.76,4033420000
2021-04-16,4185.47,4191.31,4170.75,4174.14,4163820000
2021-04-19,4163.26,4180.81,4150.47,4179.8,3810290000
2021-04-20,4134.94,4159.18,4118.38,4159.18,4342650000
2021-04-21,4173.42,4175.02,4126.35,4128.42,3887250000
2021-04-22,4134.98,4179.57,4123.69,4170.46,4245140000
2021-04-23,4180.17,4194.17,4138.78,4138.78,3569880000
2021-04-26,4187.62,4194.19,4182.36,4185.03,3748320000
2021-04-27,4186.72,4193.35,4176.22,4188.25,3710700000
2021-04-28,4183.18,4201.53,4181.78,4185.14,3787360000
2021-04-29,4211.47,4218.78,4176.81,4206.14,4298680000
2021-04-30,4181.17,4198.1,4174.85,4198.1,4300880000
2021-05-03,4192.66,4209.39,4188.03,4191.98,4070220000
2021-05-04,4164.66,4179.04,4128.59,4179.04,4452460000
2021-05-05,4167.59,4187.72,4160.94,4177.06,4230920000
2021-05-06,4201.62,4202.7,4147.33,4169.14,4511000000
2021-05-07,4232.6,4238.04,4201.64,4210.34,4016080000
2021-05-10,4188.43,4236.39,4188.13,4228.29,4560700000
2021-05-11,4152.1,4162.04,4111.53,4150.34,4870710000
2021-05-12,4063.04,4134.73,4056.88,4130.55,4733070000
2021-05-13,4112.5,4131.58,4074.99,4074.99,4779540000
2021-05-14,4173.85,4183.13,4129.58,4129.58,4008880000
2021-05-17,4163.29,4171.92,4142.69,4169.92,4125050000
2021-05-18,4127.83,4169.15,4125.99,4165.94,4398150000
2021-05-19,4115.68,4116.93,4061.41,4098.45,4247450000
2021-05-20,4159.12,4172.8,4121.97,4121.97,3978880000
2021-05-21,4155.86,4188.72,4151.72,4168.61,3995250000
2021-05-24,4197.05,4209.52,4170.16,4170.16,3684800000
2021-05-25,4188.13,4213.42,4182.52,4205.94,4182250000
2021-05-26,4195.99,4202.61,4184.11,4191.59,4420890000
2021-05-27,4200.88,4213.38,4197.78,4201.94,6406310000
2021-05-28,4204.11,4218.36,4203.57,4210.77,4649250000
2021-06-01,4202.04,4234.12,4197.59,4216.52,5074670000
2021-06-02,4208.12,4217.37,4198.27,4206.82,5833670000
2021-06-03,4192.85,4204.39,4167.93,4191.43,5587970000
2021-06-04,4229.89,4233.45,4206.05,4206.05,4139790000
2021-06-07,4226.52,4232.34,4215.66,4229.34,4476920000
2021-06-08,4227.26,4236.74,4208.41,4233.81,4659620000
2021-06-09,4219.55,4237.09,4218.74,4232.99,4713260000
2021-06-10,4239.18,4249.74,4220.34,4228.56,4408210000
2021-06-11,4247.44,4248.38,4232.25,4242.9,3815010000
2021-06-14,4255.15,4255.59,4234.07,4248.31,4151200000
2021-06-15,4246.59,4257.16,4238.35,4255.28,4048940000
2021-06-16,4223.7,4251.89,4202.45,4248.87,4538350000
2021-06-17,4221.86,4232.29,4196.05,4220.37,5312680000
2021-06-18,4166.45,4204.78,4164.4,4204.78,6817010000
2021-06-21,4224.79,4226.24,4173.4,4173.4,4128950000
2021-06-22,4246.44,4255.84,4217.27,4224.61,3828390000
2021-06-23,4241.84,4256.6,4241.43,4249.27,3730350000
2021-06-24,4266.49,4271.28,4256.97,4256.97,3816660000
2021-06-25,4280.7,4286.12,4271.16,4274.45,7341450000
2021-06-28,4290.61,4292.14,4274.67,4284.9,4147890000
2021-06-29,4291.8,4300.52,4287.04,4293.21,3707150000
2021-06-30,4297.5,4302.43,4287.96,4290.65,4266040000
2021-07-01,4319.94,4320.66,4300.73,4300.73,3788230000
2021-07-02,4352.34,4355.43,4326.6,4326.6,3225840000
2021-07-06,4343.54,4356.46,4314.37,4356.46,4309570000
2021-07-07,4358.13,4361.88,4329.79,4351.01,4037380000
2021-07-08,4320.82,4330.88,4289.37,4321.07,4347500000
2021-07-09,4369.55,4371.6,4329.38,4329.38,3531120000
2021-07-12,4384.63,4386.68,4364.03,4372.41,3384460000
2021-07-13,4369.21,4392.37,4366.92,4381.07,3695430000
2021-07-14,4374.3,4393.68,4362.36,4380.11,4006370000
2021-07-15,4360.03,4369.02,4340.7,4369.02,3905230000
2021-07-16,4327.16,4375.09,4322.53,4367.43,3985700000
2021-07-19,4258.49,4296.4,4233.13,4296.4,5157660000
2021-07-20,4323.06,4336.84,4262.05,4265.11,4438270000
2021-07-21,4358.69,4359.7,4331.13,4331.13,3810280000
2021-07-22,4367.48,4369.87,4350.06,4361.27,3358300000
2021-07-23,4411.79,4415.18,4381.2,4381.2,4540070000
2021-07-26,4422.3,4422.73,4405.45,4409.58,4275630000
2021-07-27,4401.46,4416.38,4372.51,4416.38,4241950000
2021-07-28,4400.64,4415.47,4387.01,4402.95,4215290000
2021-07-29,4419.15,4429.97,4403.59,4403.59,4044600000
2021-07-30,4395.26,4412.25,4389.65,4395.12,3956740000
2021-08-02,4387.16,4422.18,4384.81,4406.86,3724090000
2021-08-03,4423.15,4423.79,4373.0,4392.74,3965190000
2021-08-04,4402.66,4416.17,4400.23,4415.95,4260760000
2021-08-05,4429.1,4429.76,4408.86,4408.86,3769410000
2021-08-06,4436.52,4440.82,4429.07,4429.07,3451870000
2021-08-09,4432.35,4439.39,4424.74,4437.77,3449280000
2021-08-10,4436.75,4445.21,4430.03,4435.79,3886610000
2021-08-11,4442.41,4449.44,4436.42,4442.18,3532560000
2021-08-12,4460.83,4461.77,4435.96,4446.08,3375310000
2021-08-13,4468.0,4468.37,4460.82,4464.84,3016470000
2021-08-16,4479.71,4480.26,4437.66,4461.65,3370640000
2021-08-17,4448.08,4462.12,4417.83,4462.12,3836960000
2021-08-18,4400.27,4454.32,4397.59,4440.94,3755590000
2021-08-19,4405.8,4418.61,4367.73,4382.44,4398410000
2021-08-20,4441.67,4444.35,4406.8,4410.56,3652610000
2021-08-23,4479.53,4489.88,4450.29,4450.29,3576530000
2021-08-24,4486.23,4492.81,4482.28,4484.4,3979220000
2021-08-25,4496.19,4501.71,4485.66,4490.45,3444700000
2021-08-26,4470.0,4495.9,4468.99,4493.75,3263980000
2021-08-27,4509.37,4513.33,4474.1,4474.1,3331200000
2021-08-30,4528.79,4537.36,4513.76,4513.76,3168660000
2021-08-31,4522.68,4531.39,4515.8,4529.75,4290710000
2021-09-01,4524.09,4537.11,4522.02,4528.8,4057340000
2021-09-02,4536.95,4545.85,4524.66,4534.48,3735990000
2021-09-03,4535.43,4541.45,4521.3,4532.42,3217530000
2021-09-07,4520.03,4535.38,4513.0,4535.38,3822960000
2021-09-08,4514.07,4521.79,4493.95,4518.09,3750880000
2021-09-09,4493.28,4529.9,4492.07,4513.02,3735390000
2021-09-10,4458.58,4520.47,4457.66,4506.92,3623180000
2021-09-13,4468.73,4492.99,4445.7,4474.81,3914220000
2021-09-14,4443.05,4485.68,4435.46,4479.33,3670460000
2021-09-15,4480.7,4486.87,4438.37,4447.49,4032020000
2021-09-16,4473.75,4485.87,4443.8,4477.09,3984560000
2021-09-17,4432.99,4471.52,4427.76,4469.74,7289530000
2021-09-20,4357.73,4402.95,4305.91,4402.95,4898070000
2021-09-21,4354.19,4394.87,4347.96,4374.45,3920920000
2021-09-22,4395.64,4416.75,4367.43,4367.43,3939170000
2021-09-23,4448.98,4465.4,4406.75,4406.75,3916350000
2021-09-24,4455.48,4463.12,4430.27,4438.04,3384290000
2021-09-27,4443.11,4457.3,4436.19,4442.12,4058650000
2021-09-28,4352.63,4419.54,4346.33,4419.54,4416550000
2021-09-29,4359.46,4385.57,4355.08,4362.41,3712660000
2021-09-30,4307.54,4382.55,4306.24,4370.67,4448140000
2021-10-01,4357.04,4375.19,4288.52,4317.16,4010370000
2021-10-04,4300.46,4355.51,4278.94,4348.84,4307870000
2021-10-05,4345.72,4369.23,4309.87,4309.87,3902890000
2021-10-06,4363.55,4365.57,4290.49,4319.57,4009630000
2021-10-07,4399.76,4429.97,4383.73,4383.73,3843740000
2021-10-08,4391.34,4412.02,4386.22,4406.51,3280160000
2021-10-11,4361.19,4415.88,4360.59,4385.44,3281970000
2021-10-12,4350.65,4374.89,4342.09,4368.31,3558450000
2021-10-13,4363.8,4372.87,4329.92,4358.01,3620070000
2021-10-14,4438.26,4439.73,4386.75,4386.75,3598280000
2021-10-15,4471.37,4475.82,4447.69,4447.69,3819380000
2021-10-18,4486.46,4488.75,4447.47,4463.72,3662010000
2021-10-19,4519.63,4520.4,4496.41,4497.34,3459130000
2021-10-20,4536.19,4540.87,4524.4,4524.42,3670760000
2021-10-21,4549.78,4551.44,4526.89,4532.24,3822330000
2021-10-22,4544.9,4559.67,4524.0,4546.12,3758220000
2021-10-25,4566.48,4572.62,4537.36,4553.69,3899400000
2021-10-26,4574.79,4598.53,4569.17,4578.69,3879740000
2021-10-27,4551.68,4584.57,4551.66,4580.22,4226050000
2021-10-28,4596.42,4597.55,4562.84,4562.84,4132950000
2021-10-29,4605.38,4608.08,4567.59,4572.87,4510200000
2021-11-01,4613.67,4620.34,4595.06,4610.62,3971540000
2021-11-02,4630.65,4635.15,4613.34,4613.34,3975250000
2021-11-03,4660.57,4663.46,4621.19,4630.65,4319660000
2021-11-04,4680.06,4683.0,4662.59,4662.93,4462300000
2021-11-05,4697.53,4718.5,4681.32,4699.26,4467180000
2021-11-08,4701.7,4714.92,4694.39,4701.48,4269710000
2021-11-09,4685.25,4708.53,4670.87,4707.25,4117080000
2021-11-10,4646.71,4684.85,4630.86,4670.26,4503720000
2021-11-11,4649.27,4664.55,4648.31,4659.39,3926870000
2021-11-12,4682.85,4688.47,4650.77,4655.24,3728600000
2021-11-15,4682.8,4697.42,4672.86,4689.3,3488410000
2021-11-16,4700.9,4714.95,4679.42,4679.42,3972640000
2021-11-17,4688.67,4701.5,4684.41,4701.5,3969070000
2021-11-18,4704.54,4708.8,4672.78,4700.72,4226410000
2021-11-19,4697.96,4717.75,4694.22,4708.44,4253180000
2021-11-22,4682.94,4743.83,4682.17,4712.0,4441100000
2021-11-23,4690.7,4699.39,4652.66,4678.48,4277590000
2021-11-24,4701.46,4702.87,4659.89,4675.78,3418430000
2021-11-26,4594.62,4664.63,4585.43,4664.63,3517700000
2021-11-29,4655.27,4672.95,4625.26,4628.75,4336410000
2021-11-30,4567.0,4646.02,4560.0,4640.25,6625990000
2021-12-01,4513.04,4652.94,4510.27,4602.82,5366730000
2021-12-02,4577.1,4595.46,4504.73,4504.73,5077180000
2021-12-03,4538.43,4608.03,4495.12,4589.49,5240070000
2021-12-06,4591.67,4612.6,4540.51,4548.37,4770800000
2021-12-07,4686.75,4694.04,4631.97,4631.97,4492400000
2021-12-08,4701.21,4705.06,4674.52,4690.86,4234600000
2021-12-09,4667.45,4695.26,4665.98,4691.0,3903840000
2021-12-10,4712.02,4713.57,4670.24,4687.64,3870110000
2021-12-13,4668.97,4710.3,4667.6,4710.3,4397230000
2021-12-14,4634.09,4660.47,4606.52,4642.99,4485430000
2021-12-15,4709.85,4712.6,4611.22,4636.46,4910130000
2021-12-16,4668.67,4731.99,4651.89,4719.13,4829500000
2021-12-17,4620.64,4666.7,4600.22,4652.5,7987090000
2021-12-20,4568.02,4587.9,4531.1,4587.9,4635700000
2021-12-21,4649.23,4651.14,4583.16,4594.96,4072430000
2021-12-22,4696.56,4697.67,4645.53,4650.36,3319610000
2021-12-23,4725.79,4740.74,4703.96,4703.96,2913040000
2021-12-27,4791.19,4791.49,4733.99,4733.99,2770290000
2021-12-28,4786.35,4807.02,4780.04,4795.49,2707920000
2021-12-29,4793.06,4804.06,4778.08,4788.64,2963310000
2021-12-30,4778.73,4808.93,4775.33,4794.23,3124950000
2021-12-31,4766.18,4786.83,4765.75,4775.21,2677820000
2022-01-03,4796.56,4796.64,4758.17,4778.14,3831020000
2022-01-04,4793.54,4818.62,4774.27,4804.51,4683170000
2022-01-05,4700.58,4797.7,4699.44,4787.99,4887960000
2022-01-06,4696.05,4725.01,4671.26,4693.39,4295280000
2022-01-07,4677.03,4707.95,4662.74,4697.66,4181510000
2022-01-10,4670.29,4673.02,4582.24,4655.34,4511810000
2022-01-11,4713.07,4714.13,4638.27,4669.14,4101590000
2022-01-12,4726.35,4748.83,4706.71,4728.59,4048220000
2022-01-13,4659.03,4744.13,4650.29,4733.56,4251730000
2022-01-14,4662.85,4665.13,4614.75,4637.99,4338490000
2022-01-18,4577.11,4632.24,4568.7,4632.24,4748700000
2022-01-19,4532.76,4611.55,4530.2,4588.03,4465740000
2022-01-20,4482.73,4602.11,4477.95,4547.35,4640870000
2022-01-21,4397.94,4494.52,4395.34,4471.38,5589100000
2022-01-24,4410.13,4417.35,4222.62,4356.32,6928110000
2022-01-25,4356.45,4411.01,4287.11,4366.64,5145050000
2022-01-26,4349.93,4453.23,4304.8,4408.43,5570640000
2022-01-27,4326.51,4428.74,4309.5,4380.58,5214200000
2022-01-28,4431.85,4432.72,4292.46,4336.19,5031090000
2022-01-31,4515.55,4516.89,4414.02,4431.79,5098610000
2022-02-01,4546.54,4550.49,4483.53,4519.57,4816830000
2022-02-02,4589.38,4595.31,4544.32,4566.39,4481580000
2022-02-03,4477.44,4542.88,4470.39,4535.41,4401970000
2022-02-04,4500.53,4539.66,4451.5,4482.79,4706290000
2022-02-07,4483.87,4521.86,4471.47,4505.75,4228480000
2022-02-08,4521.54,4531.32,4465.4,4480.02,4459620000
2022-02-09,4587.18,4590.03,4547.0,4547.0,4524350000
2022-02-10,4504.08,4588.92,4484.31,4553.24,5314860000
2022-02-11,4418.64,4526.33,4401.41,4506.27,5251500000
2022-02-14,4401.67,4426.22,4364.84,4412.61,4600390000
2022-02-15,4471.07,4472.77,4429.28,4429.28,4430830000
2022-02-16,4475.01,4489.55,4429.68,4455.75,4283640000
2022-02-17,4380.26,4456.06,4373.81,4456.06,4539420000
2022-02-18,4348.87,4394.6,4327.22,4384.57,4708060000
2022-02-22,4304.76,4362.12,4267.11,4332.74,5121900000
2022-02-23,4225.5,4341.51,4221.51,4324.93,4797430000
2022-02-24,4288.7,4294.73,4114.65,4155.77,6752130000
2022-02-25,4384.65,4385.34,4286.83,4298.38,5177060000
2022-02-28,4373.94,4388.84,4315.12,4354.17,6071370000
2022-03-01,4306.26,4378.45,4279.54,4363.14,5846230000
2022-03-02,4386.54,4401.48,4322.56,4322.56,5337870000
2022-03-03,4363.49,4416.78,4345.56,4401.31,5039890000
2022-03-04,4328.87,4342.12,4284.98,4342.12,5797380000
2022-03-07,4201.09,4327.01,4199.85,4327.01,6940470000
2022-03-08,4170.7,4276.94,4157.87,4202.66,7243120000
2022-03-09,4277.88,4299.4,4223.1,4223.1,5662670000
2022-03-10,4259.52,4268.28,4209.8,4252.55,4980830000
2022-03-11,4204.31,4291.01,4200.49,4279.5,4938640000
2022-03-14,4173.11,4247.57,4161.72,4202.75,5574920000
2022-03-15,4262.45,4271.05,4187.9,4188.82,5392470000
2022-03-16,4357.86,4358.9,4251.99,4288.14,6309750000
2022-03-17,4411.67,4412.67,4335.65,4345.11,4985090000
2022-03-18,4463.12,4465.4,4390.57,4407.34,8278430000
2022-03-21,4461.18,4481.75,4424.3,4462.4,4869820000
2022-03-22,4511.61,4522.0,4469.1,4469.1,4754840000
2022-03-23,4456.24,4501.07,4455.81,4493.1,4550670000
2022-03-24,4520.16,4520.58,4465.17,4469.98,4131390000
2022-03-25,4543.06,4546.03,4501.07,4522.91,4305020000
2022-03-28,4575.52,4575.65,4517.69,4541.09,4312260000
2022-03-29,4631.6,4637.3,4589.66,4602.86,5085910000
2022-03-30,4602.45,4627.77,4581.32,4624.2,4385570000
2022-03-31,4530.41,4603.07,4530.41,4599.02,4823020000
2022-04-01,4545.86,4548.7,4507.57,4540.32,4562940000
2022-04-04,4582.64,4583.5,4539.21,4547.97,4547350000
2022-04-05,4525.12,4593.45,4514.17,4572.45,4800620000
2022-04-06,4481.15,4503.94,4450.04,4494.17,4986830000
2022-04-07,4500.21,4521.16,4450.3,4474.65,4821490000
2022-04-08,4488.28,4520.41,4474.6,4494.15,4083200000
2022-04-11,4412.53,4464.35,4408.38,4462.64,4266290000
2022-04-12,4397.45,4471.0,4381.34,4437.59,4152090000
2022-04-13,4446.59,4453.92,4392.7,4394.3,3828150000
2022-04-14,4392.59,4460.46,4390.77,4449.12,4083090000
2022-04-18,4391.69,4410.31,4370.3,4385.63,3910490000
2022-04-19,4462.21,4471.03,4390.63,4390.63,4108120000
2022-04-20,4459.45,4488.29,4448.76,4472.26,4290450000
2022-04-21,4393.66,4512.94,4384.47,4489.17,4636890000
2022-04-22,4271.78,4385.83,4267.62,4385.83,4651940000
2022-04-25,4296.12,4299.02,4200.82,4255.34,5240040000
2022-04-26,4175.2,4278.14,4175.04,4278.14,4689970000
2022-04-27,4183.96,4240.71,4162.9,4186.52,4769680000
2022-04-28,4287.5,4308.45,4188.63,4222.58,4854180000
2022-04-29,4131.93,4269.68,4124.28,4253.75,5084030000
2022-05-02,4155.38,4169.81,4062.51,4130.61,5163790000
2022-05-03,4175.48,4200.1,4147.08,4159.78,4582050000
2022-05-04,4300.17,4307.66,4148.91,4181.18,5136360000
2022-05-05,4146.87,4270.43,4106.01,4270.43,5077030000
2022-05-06,4123.34,4157.69,4067.91,4128.17,5116940000
2022-05-09,3991.24,4081.27,3975.48,4081.27,5954520000
2022-05-10,4001.05,4068.82,3958.17,4035.18,5885820000
2022-05-11,3935.18,4049.09,3928.82,3990.08,5816140000
2022-05-12,3930.08,3964.8,3858.87,3903.95,6286450000
2022-05-13,4023.89,4038.88,3963.9,3963.9,5183340000
2022-05-16,4008.01,4046.46,3983.99,4013.02,4415030000
2022-05-17,4088.85,4090.72,4033.93,4052.0,4841410000
2022-05-18,3923.68,4051.98,3911.91,4051.98,5103220000
2022-05-19,3900.79,3945.96,3876.58,3899.0,5113550000
2022-05-20,3901.36,3943.42,3810.32,3927.76,5130730000
2022-05-23,3973.75,3981.88,3909.04,3919.42,4420030000
2022-05-24,3941.48,3955.68,3875.13,3942.94,4923190000
2022-05-25,3978.73,3999.33,3925.03,3929.59,4802560000
2022-05-26,4057.84,4075.14,3984.6,3984.6,4709970000
2022-05-27,4158.24,4158.49,4077.43,4077.43,4375620000
2022-05-31,4132.15,4168.34,4104.88,4151.09,6822640000
2022-06-01,4101.23,4166.54,4073.85,4149.78,4531800000
2022-06-02,4176.82,4177.51,4074.37,4095.41,4405790000
2022-06-03,4108.54,4142.67,4098.67,4137.57,3711110000
2022-06-06,4121.43,4168.78,4109.18,4134.72,4332700000
2022-06-07,4160.68,4164.86,4080.19,4096.47,4248210000
2022-06-08,4115.77,4160.14,4107.2,4147.12,4159470000
2022-06-09,4017.82,4119.1,4017.17,4101.65,4134170000
2022-06-10,3900.86,3974.39,3900.16,3974.39,4889640000
2022-06-13,3749.63,3838.15,3734.3,3838.15,5636890000
2022-06-14,3735.48,3778.18,3705.68,3763.52,5153890000
2022-06-15,3789.99,3837.56,3722.3,3764.05,5530480000
2022-06-16,3666.77,3728.18,3639.77,3728.18,5644930000
2022-06-17,3674.84,3707.71,3636.87,3665.9,8520740000
2022-06-21,3764.79,3779.65,3715.31,3715.31,5292260000
2022-06-22,3759.89,3801.79,3717.69,3733.89,5058990000
2022-06-23,3795.73,3802.58,3743.52,3774.71,5098640000
2022-06-24,3911.74,3913.65,3821.75,3821.75,8120260000
2022-06-27,3900.11,3927.72,3889.66,3920.76,4325310000
2022-06-28,3821.55,3945.86,3820.14,3913.0,4270120000
2022-06-29,3818.83,3836.5,3799.02,3825.09,4211240000
2022-06-30,3785.38,3818.99,3738.67,3785.99,4840070000
2022-07-01,3825.33,3829.82,3752.1,3781.0,4046950000
2022-07-05,3831.39,3832.19,3742.06,3792.61,5076590000
2022-07-06,3845.08,3870.91,3809.37,3831.98,4417720000
2022-07-07,3902.62,3910.63,3858.85,3858.85,4057770000
2022-07-08,3899.38,3918.5,3869.34,3888.26,3521620000
2022-07-11,3854.43,3880.94,3847.22,3880.94,3423480000
2022-07-12,3818.8,3873.41,3802.36,3851.95,3817210000
2022-07-13,3801.78,3829.44,3759.07,3779.67,4109390000
2022-07-14,3790.38,3796.41,3721.56,3763.99,4199690000
2022-07-15,3863.16,3863.62,3817.18,3818.0,4143800000
2022-07-18,3830.85,3902.44,3818.63,3883.79,4046870000
2022-07-19,3936.69,3939.81,3860.73,3860.73,4041070000
2022-07-20,3959.9,3974.13,3922.03,3935.32,4185300000
2022-07-21,3998.95,3999.29,3927.64,3955.47,4132790000
2022-07-22,3961.63,4012.44,3938.86,3998.43,3979240000
2022-07-25,3966.84,3975.3,3943.46,3965.72,3568340000
2022-07-26,3921.05,3953.22,3910.74,3953.22,3778950000
2022-07-27,4023.61,4039.56,3951.43,3951.43,4112180000
2022-07-28,4072.43,4078.95,3992.97,4026.13,4413000000
2022-07-29,4130.29,4140.15,4079.22,4087.33,4616360000
2022-08-01,4118.63,4144.95,4096.02,4112.38,4202810000
2022-08-02,4091.19,4140.47,4079.81,4104.21,4727710000
2022-08-03,4155.17,4167.66,4107.96,4107.96,4351760000
2022-08-04,4151.94,4161.29,4135.42,4154.85,4283320000
2022-08-05,4145.19,4151.58,4107.31,4115.87,4085940000
2022-08-08,4140.06,4186.62,4128.97,4155.93,4221090000
2022-08-09,4122.47,4137.3,4112.09,4133.11,3913090000
2022-08-10,4210.24,4211.03,4177.26,4181.02,4546010000
2022-08-11,4207.27,4257.91,4201.41,4227.4,4630200000
2022-08-12,4280.15,4280.47,4219.78,4225.02,3788010000
2022-08-15,4297.14,4301.79,4256.9,4269.37,3696830000
2022-08-16,4305.2,4325.28,4277.77,4290.46,4329820000
2022-08-17,4274.04,4302.18,4253.08,4280.4,3885030000
2022-08-18,4283.74,4292.53,4261.98,4273.13,3340330000
2022-08-19,4228.48,4266.31,4218.7,4266.31,3761340000
2022-08-22,4137.99,4195.08,4129.86,4195.08,3907430000
2022-08-23,4128.73,4159.77,4124.03,4133.09,3823520000
2022-08-24,4140.77,4156.56,4119.97,4126.55,3583630000
2022-08-25,4199.12,4200.54,4147.59,4153.26,3566870000
2022-08-26,4057.66,4203.04,4057.66,4198.74,3832750000
2022-08-29,4030.61,4062.99,4017.42,4034.58,3396510000
2022-08-30,3986.16,4044.98,3965.21,4041.25,3835860000
2022-08-31,3955.0,4015.37,3954.53,4000.67,4542490000
2022-09-01,3966.85,3970.23,3903.65,3936.73,4152250000
2022-09-02,3924.26,4018.43,3906.21,3994.66,3665850000
2022-09-06,3908.19,3942.55,3886.75,3930.89,4127340000
2022-09-07,3979.87,3987.89,3906.03,3909.43,3890320000
2022-09-08,4006.18,4010.5,3944.81,3959.94,3966850000
2022-09-09,4067.36,4076.81,4022.94,4022.94,3901940000
2022-09-12,4110.41,4119.28,4083.67,4083.67,3814200000
2022-09-13,3932.69,4037.12,3921.28,4037.12,4224550000
2022-09-14,3946.01,3961.94,3912.18,3940.73,4293240000
2022-09-15,3901.35,3959.14,3888.28,3932.41,4441830000
2022-09-16,3873.33,3880.95,3837.08,3880.95,7954650000
2022-09-19,3899.89,3900.45,3838.5,3849.91,3766850000
2022-09-20,3855.93,3876.01,3827.54,3875.23,4058050000
2022-09-21,3789.93,3907.07,3789.49,3871.4,4078330000
2022-09-22,3757.99,3790.9,3749.45,3782.36,4284600000
2022-09-23,3693.23,3727.14,3647.47,3727.14,5144270000
2022-09-26,3655.04,3715.67,3644.76,3682.72,4886140000
2022-09-27,3647.29,3717.53,3623.29,3686.44,4577740000
2022-09-28,3719.04,3736.74,3640.61,3651.94,4684850000
2022-09-29,3640.47,3687.01,3610.4,3687.01,4681810000
2022-09-30,3585.62,3671.44,3584.13,3633.48,5645360000
2022-10-03,3678.43,3698.35,3604.93,3609.78,4806680000
2022-10-04,3790.93,3791.92,3726.46,3726.46,5146580000
2022-10-05,3783.28,3806.91,3722.66,3753.25,4293180000
2022-10-06,3744.52,3797.93,3739.22,3771.97,4252100000
2022-10-07,3639.66,3706.74,3620.73,3706.74,4449660000
2022-10-10,3612.39,3652.17,3588.1,3647.51,3834320000
2022-10-11,3588.84,3640.66,3568.45,3595.86,4759030000
2022-10-12,3577.03,3608.34,3573.86,3590.83,4006830000
2022-10-13,3669.91,3685.41,3491.58,3520.37,5021680000
2022-10-14,3583.07,3712.0,3579.68,3690.41,4243030000
2022-10-17,3677.95,3689.73,3638.65,3638.65,4352780000
2022-10-18,3719.98,3762.79,3686.53,3746.26,4483740000
2022-10-19,3695.16,3728.58,3666.51,3703.11,4223800000
2022-10-20,3665.78,3736.0,3656.44,3689.05,4496620000
2022-10-21,3752.75,3757.89,3647.42,3657.1,5078020000
2022-10-24,3797.34,3810.74,3741.65,3762.01,4747930000
2022-10-25,3859.11,3862.85,3799.44,3799.44,4843120000
2022-10-26,3830.6,3886.15,3824.07,3825.97,4817310000
2022-10-27,3807.3,3859.95,3803.79,3834.69,4687320000
2022-10-28,3901.06,3905.42,3808.26,3808.26,4459410000
2022-10-31,3871.98,3893.73,3863.18,3881.85,4820620000
2022-11-01,3856.1,3911.79,3843.8,3901.79,4481210000
2022-11-02,3759.69,3894.44,3758.68,3852.9,4899000000
2022-11-03,3719.89,3750.59,3698.15,3733.25,4625290000
2022-11-04,3770.55,3796.34,3708.84,3766.98,5400180000
2022-11-07,3806.8,3813.95,3764.7,3780.71,4341620000
2022-11-08,3828.11,3859.4,3786.28,3817.02,4607640000
2022-11-09,3748.57,3818.2,3744.22,3810.94,4645010000
2022-11-10,3956.37,3958.33,3859.89,3859.89,5781260000
2022-11-11,3992.93,4001.48,3944.82,3963.72,5593310000
2022-11-14,3957.25,4008.97,3956.4,3977.97,4561930000
2022-11-15,3991.73,4028.84,3953.17,4006.41,5015310000
2022-11-16,3958.79,3983.09,3954.34,3976.82,4165320000
2022-11-17,3946.56,3954.33,3906.54,3919.26,4051780000
2022-11-18,3965.34,3979.89,3935.98,3966.39,4037360000
2022-11-21,3949.94,3962.0,3933.34,3956.23,3850690000
2022-11-22,4003.58,4005.88,3956.88,3965.51,3887990000
2022-11-23,4027.26,4033.78,3998.66,4000.3,3279720000
2022-11-25,4026.12,4034.02,4020.76,4023.34,1706460000
2022-11-28,3963.94,4012.27,3955.77,4005.36,3615430000
2022-11-29,3957.63,3976.77,3937.65,3964.19,3546040000
2022-11-30,4080.11,4080.11,3938.58,3957.18,6579360000
2022-12-01,4076.57,4100.51,4050.87,4087.14,4527130000
2022-12-02,4071.7,4080.48,4026.63,4040.17,4012620000
2022-12-05,3998.84,4052.45,3984.49,4052.02,4280820000
2022-12-06,3941.26,4001.51,3918.39,3996.63,4368380000
2022-12-07,3933.92,3957.57,3922.68,3933.28,4118050000
2022-12-08,3963.51,3974.19,3935.83,3947.79,4006900000
2022-12-09,3934.38,3977.02,3933.04,3954.17,3888260000
2022-12-12,3990.56,3990.71,3935.3,3939.29,3904130000
2022-12-13,4019.65,4100.96,3993.03,4069.38,5079360000
2022-12-14,3995.32,4053.76,3965.65,4015.54,4472340000
2022-12-15,3895.75,3958.37,3879.45,3958.37,4493900000
2022-12-16,3852.36,3890.91,3827.91,3890.91,7493660000
2022-12-19,3817.66,3854.86,3800.04,3853.79,3969610000
2022-12-20,3821.62,3838.24,3795.62,3810.47,3985370000
2022-12-21,3878.44,3889.82,3839.49,3839.49,3775200000
2022-12-22,3822.39,3853.26,3764.49,3853.26,3956950000
2022-12-23,3844.82,3845.8,3797.01,3815.11,2819280000
2022-12-27,3829.25,3846.65,3813.22,3843.34,3030300000
2022-12-28,3783.22,3848.32,3780.78,3829.56,3083520000
2022-12-29,3849.28,3858.19,3805.45,3805.45,3003680000
2022-12-30,3839.5,3839.85,3800.34,3829.06,2979870000
2023-01-03,3824.14,3878.46,3794.33,3853.29,3959140000
2023-01-04,3852.97,3873.16,3815.77,3840.36,4414080000
2023-01-05,3808.1,3839.74,3802.42,3839.74,3893450000
2023-01-06,3895.08,3906.19,3809.56,3823.37,3923560000
2023-01-09,3892.09,3950.57,3890.42,3910.82,4311770000
2023-01-10,3919.25,3919.83,3877.29,3888.57,3851030000
2023-01-11,3969.61,3970.07,3928.54,3932.35,4303360000
2023-01-12,3983.17,3997.76,3937.56,3977.57,4440260000
2023-01-13,3999.09,4003.95,3947.67,3960.6,3939700000
2023-01-17,3990.97,4015.39,3984.57,3999.28,4235560000
2023-01-18,3928.86,4014.16,3926.59,4002.25,4298710000
2023-01-19,3898.85,3922.94,3885.54,3911.84,3991500000
2023-01-20,3972.61,3972.96,3897.86,3909.04,4013360000
2023-01-23,4019.81,4039.31,3971.64,3978.14,3945210000
2023-01-24,4016.95,4023.92,3989.79,4001.74,3320430000
2023-01-25,4016.22,4019.55,3949.06,3982.71,3724020000
2023-01-26,4060.43,4061.57,4013.29,4036.08,3809590000
2023-01-27,4070.56,4094.21,4048.7,4053.72,3907760000
2023-01-30,4017.77,4063.85,4015.55,4049.27,3802000000
2023-01-31,4076.6,4077.16,4020.44,4020.85,4679320000
2023-02-01,4119.21,4148.95,4037.2,4070.07,4856930000
2023-02-02,4179.76,4195.44,4141.88,4158.68,5624360000
2023-02-03,4136.48,4182.36,4123.36,4136.69,4694510000
2023-02-06,4111.08,4124.63,4093.38,4119.57,4114240000
2023-02-07,4164.0,4176.54,4088.39,4105.35,4355860000
2023-02-08,4117.86,4156.85,4111.67,4153.47,4029820000
2023-02-09,4081.5,4156.23,4069.67,4144.25,4270200000
2023-02-10,4090.46,4094.36,4060.79,4068.92,3891520000
2023-02-13,4137.29,4138.9,4092.67,4096.62,3448620000
2023-02-14,4136.13,4159.77,4095.01,4126.7,3929200000
2023-02-15,4147.6,4148.11,4103.98,4119.5,4075980000
2023-02-16,4090.41,4136.54,4089.49,4114.75,4143660000
2023-02-17,4079.09,4081.51,4047.95,4077.39,4045480000
2023-02-21,3997.34,4052.35,3995.19,4052.35,4121590000
2023-02-22,3991.05,4017.37,3976.9,4001.83,4079320000
2023-02-23,4012.32,4028.3,3969.19,4018.6,3952940000
2023-02-24,3970.04,3978.25,3943.08,3973.24,3877700000
2023-02-27,3982.24,4018.05,3973.55,3992.36,3836950000
2023-02-28,3970.15,3997.5,3968.98,3977.19,5043400000
2023-03-01,3951.39,3971.73,3939.05,3963.34,4249480000
2023-03-02,3981.35,3990.84,3928.16,3938.68,4244900000
2023-03-03,4045.64,4048.29,3995.17,3998.02,4084730000
2023-03-06,4048.42,4078.49,4044.61,4055.15,4000870000
2023-03-07,3986.37,4050.0,3980.31,4048.26,3922500000
2023-03-08,3992.01,4000.41,3969.76,3987.55,3535570000
2023-03-09,3918.32,4017.81,3908.7,3998.66,4445260000
2023-03-10,3861.59,3934.05,3846.32,3912.77,5518190000
2023-03-13,3855.76,3905.05,3808.86,3835.12,6558020000
2023-03-14,3919.29,3937.29,3873.63,3894.01,5665870000
2023-03-15,3891.93,3894.26,3838.24,3876.74,6594010000
2023-03-16,3960.28,3964.46,3864.11,3878.93,5695790000
2023-03-17,3916.64,3958.91,3901.27,3958.69,9354280000
2023-03-20,3951.57,3956.62,3916.89,3917.47,5347140000
2023-03-21,4002.87,4009.08,3971.19,3975.89,4920240000
2023-03-22,3936.97,4039.49,3936.17,4002.04,4533010000
2023-03-23,3948.72,4007.66,3919.05,3959.21,4991600000
2023-03-24,3970.99,3972.74,3909.16,3939.21,4583970000
2023-03-27,3977.53,4003.83,3970.49,3982.93,4233540000
2023-03-28,3971.27,3979.2,3951.53,3974.13,4014600000
2023-03-29,4027.81,4030.59,3999.53,3999.53,4145250000
2023-03-30,4050.83,4057.85,4032.1,4046.74,3930860000
2023-03-31,4109.31,4110.75,4056.18,4056.18,4525120000
2023-04-03,4124.51,4127.66,4098.79,4102.2,4234700000
2023-04-04,4100.6,4133.13,4086.87,4128.03,4227800000
2023-04-05,4090.38,4099.69,4072.56,4094.5,3968020000
2023-04-06,4105.02,4107.32,4069.84,4081.15,3486690000
2023-04-10,4109.11,4109.5,4072.55,4085.2,3423650000
2023-04-11,4108.94,4124.26,4102.61,4110.29,3665830000
2023-04-12,4091.95,4134.37,4086.94,4121.72,3633120000
2023-04-13,4146.22,4150.26,4099.4,4100.04,3596590000
2023-04-14,4137.64,4163.19,4113.2,4140.11,3575690000
2023-04-17,4151.32,4151.72,4123.18,4137.17,3611180000
2023-04-18,4154.87,4169.48,4140.36,4164.26,3536640000
2023-04-19,4154.52,4162.57,4134.49,4139.33,3572560000
2023-04-20,4129.79,4148.57,4114.57,4130.48,3772080000
2023-04-21,4133.52,4138.02,4113.86,4132.14,3611750000
2023-04-24,4137.04,4142.41,4117.77,4132.07,3290940000
2023-04-25,4071.63,4126.43,4071.38,4126.43,3978640000
2023-04-26,4055.99,4089.67,4049.35,4087.78,3837030000
2023-04-27,4135.35,4138.24,4075.29,4075.29,3750550000
2023-04-28,4169.48,4170.06,4127.18,4129.63,4087800000
2023-05-01,4167.87,4186.92,4164.12,4166.79,3321370000
2023-05-02,4119.58,4164.1,4089.72,4164.1,4486130000
2023-05-03,4090.75,4148.3,4088.86,4122.25,4246510000
2023-05-04,4061.22,4082.61,4048.28,4082.55,4920090000
2023-05-05,4136.25,4147.02,4084.73,4084.73,4186270000
2023-05-08,4138.12,4142.3,4123.81,4136.98,3641640000
2023-05-09,4119.17,4130.35,4116.65,4124.25,3810140000
2023-05-10,4137.64,4154.28,4098.92,4143.74,4057160000
2023-05-11,4130.62,4132.8,4109.29,4132.24,3752900000
2023-05-12,4124.08,4143.74,4099.12,4138.54,3533740000
2023-05-15,4136.28,4141.25,4110.27,4126.65,3562170000
2023-05-16,4109.9,4135.54,4109.86,4127.95,3654200000
2023-05-17,4158.77,4164.67,4113.62,4122.85,4039080000
2023-05-18,4198.05,4202.2,4153.5,4157.68,3980500000
2023-05-19,4191.98,4212.91,4180.2,4204.15,4041900000
2023-05-22,4192.63,4209.22,4179.68,4190.78,3728520000
2023-05-23,4145.58,4185.68,4142.54,4176.8,4155320000
2023-05-24,4115.24,4132.96,4103.98,4132.96,0
2023-05-25,4151.28,4165.74,4129.73,4155.71,4147760000
2023-05-26,4205.45,4212.87,4156.16,4156.16,3715460000
2023-05-30,4205.52,4231.1,4192.18,4226.71,4228510000
2023-05-31,4179.83,4195.44,4166.15,4190.74,5980670000
2023-06-01,4221.02,4232.43,4171.64,4183.03,4391860000
2023-06-02,4282.37,4290.67,4241.01,4241.01,4454200000
2023-06-05,4273.79,4299.28,4266.82,4282.99,3813290000
2023-06-06,4283.85,4288.33,4263.09,4271.34,3996560000
2023-06-07,4267.52,4299.19,4263.96,4285.47,4537800000
2023-06-08,4293.93,4298.01,4261.07,4268.69,3826740000
2023-06-09,4298.86,4322.62,4291.7,4304.88,3786510000
2023-06-12,4338.93,4340.13,4304.37,4308.32,3945670000
2023-06-13,4369.01,4375.37,4349.31,4352.61,4275400000
2023-06-14,4372.59,4391.82,4337.85,4366.29,4252110000
2023-06-15,4425.84,4439.2,4362.6,4365.33,4176690000
2023-06-16,4409.59,4448.47,4407.44,4440.95,6848600000
2023-06-20,4388.71,4400.15,4367.19,4396.11,4055790000
2023-06-21,4365.69,4386.22,4360.14,4380.01,3709330000
2023-06-22,4381.89,4382.25,4351.82,4355.4,3511000000
2023-06-23,4348.33,4366.55,4341.34,4354.17,6053620000
2023-06-26,4328.82,4362.06,4328.08,4344.84,3415030000
2023-06-27,4378.41,4384.42,4335.0,4337.36,3573500000
2023-06-28,4376.86,4390.35,4360.22,4367.48,3739330000
2023-06-29,4396.44,4398.39,4371.97,4374.94,3696660000
2023-06-30,4450.38,4458.48,4422.44,4422.44,3923450000
2023-07-03,4455.59,4456.46,4442.29,4450.48,2034280000
2023-07-05,4446.82,4454.06,4436.61,4442.04,3482620000
2023-07-06,4411.59,4422.62,4385.05,4422.62,3682020000
2023-07-07,4398.95,4440.39,4397.4,4404.54,3630480000
2023-07-10,4409.53,4412.6,4389.92,4394.23,3429600000
2023-07-11,4439.26,4443.64,4408.46,4415.55,3624220000
2023-07-12,4472.16,4488.34,4463.23,4467.69,3920290000
2023-07-13,4510.04,4517.38,4489.36,4491.5,3839530000
2023-07-14,4505.42,4527.76,4499.56,4514.61,3647450000
2023-07-17,4522.79,4532.85,4504.9,4508.86,3538240000
2023-07-18,4554.98,4562.3,4514.59,4521.78,4090010000
2023-07-19,4565.72,4578.43,4557.48,4563.87,4115670000
2023-07-20,4534.87,4564.74,4527.56,4554.38,3761770000
2023-07-21,4536.34,4555.0,4535.79,4550.16,3570190000
2023-07-24,4554.64,4563.41,4541.29,4543.39,3856250000
2023-07-25,4567.46,4580.62,4552.42,4555.19,3812470000
2023-07-26,4566.75,4582.47,4547.58,4558.96,3990290000
2023-07-27,4537.41,4607.07,4528.56,4598.26,4553210000
2023-07-28,4582.23,4590.16,4564.01,4565.75,3981010000
2023-07-31,4588.96,4594.22,4573.14,4584.82,4503600000
2023-08-01,4576.73,4584.62,4567.53,4578.83,4042370000
2023-08-02,4513.39,4550.93,4505.75,4550.93,4270710000
2023-08-03,4501.89,4519.49,4485.54,4494.27,4149120000
2023-08-04,4478.03,4540.34,4474.55,4513.96,4143310000
2023-08-07,4518.44,4519.84,4491.15,4491.58,3493920000
2023-08-08,4499.38,4503.31,4464.39,4498.03,3884910000
2023-08-09,4467.71,4502.44,4461.33,4501.57,3803100000
2023-08-10,4468.83,4527.37,4457.92,4487.16,4504370000
2023-08-11,4464.05,4476.23,4443.98,4450.69,3753290000
2023-08-14,4489.72,4490.33,4453.44,4458.13,3896410000
2023-08-15,4437.86,4478.87,4432.19,4478.87,3832250000
2023-08-16,4404.33,4449.95,4403.55,4433.79,3753910000
2023-08-17,4370.36,4421.17,4364.83,4416.32,3943700000
2023-08-18,4369.71,4381.82,4335.31,4344.88,3940400000
2023-08-21,4399.77,4407.55,4360.3,4380.28,3726850000
2023-08-22,4387.55,4418.59,4382.77,4415.33,3522760000
2023-08-23,4436.01,4443.18,4396.44,4396.44,3837270000
2023-08-24,4376.31,4458.3,4375.55,4455.16,3723470000
2023-08-25,4405.71,4418.46,4356.29,4389.38,3296180000
2023-08-28,4433.31,4439.56,4414.98,4426.03,2957230000
2023-08-29,4497.63,4500.14,4431.68,4432.75,3354820000
2023-08-30,4514.87,4521.65,4493.59,4500.34,3064110000
2023-08-31,4507.66,4532.26,4507.39,4517.01,3946360000
2023-09-01,4515.77,4541.25,4501.35,4530.6,3246260000
2023-09-05,4496.83,4514.29,4496.01,4510.06,3526250000
2023-09-06,4465.48,4490.35,4442.38,4490.35,3418850000
2023-09-07,4451.14,4457.81,4430.46,4434.55,3763760000
2023-09-08,4457.49,4473.53,4448.38,4451.3,3259290000
2023-09-11,4487.46,4490.77,4467.89,4480.98,3369920000
2023-09-12,4461.9,4487.11,4456.83,4473.27,3435740000
2023-09-13,4467.44,4479.39,4453.52,4462.65,3529430000
2023-09-14,4505.1,4511.99,4478.69,4487.78,3648720000
2023-09-15,4450.32,4497.98,4447.21,4497.98,6932230000
2023-09-18,4453.53,4466.36,4442.11,4445.13,3161230000
2023-09-19,4443.95,4449.85,4416.61,4445.41,3614880000
2023-09-20,4402.2,4461.03,4401.38,4452.81,3308450000
2023-09-21,4330.0,4375.7,4329.17,4374.36,3662340000
2023-09-22,4320.06,4357.4,4316.49,4341.74,3349570000
2023-09-25,4337.44,4338.51,4302.7,4310.62,3195650000
2023-09-26,4273.53,4313.01,4265.98,4312.88,3472340000
2023-09-27,4274.51,4292.07,4238.63,4282.63,3875880000
2023-09-28,4299.7,4317.27,4264.38,4269.65,3846230000
2023-09-29,4288.05,4333.15,4274.86,4328.18,3865960000
2023-10-02,4288.39,4300.58,4260.21,4284.52,3938660000
2023-10-03,4229.45,4281.15,4216.45,4269.75,3953830000
2023-10-04,4263.75,4268.5,4220.48,4233.83,3777600000
2023-10-05,4258.19,4267.13,4225.91,4259.31,3581470000
2023-10-06,4308.5,4324.1,4219.55,4234.79,3902030000
2023-10-09,4335.66,4341.73,4283.79,4289.02,3174630000
2023-10-10,4358.24,4385.46,4339.64,4339.75,3520240000
2023-10-11,4376.95,4378.64,4345.34,4366.59,3601660000
2023-10-12,4349.61,4385.85,4325.43,4380.94,3713140000
2023-10-13,4327.78,4377.1,4311.97,4360.49,3566560000
2023-10-16,4373.63,4383.33,4342.37,4342.37,3409960000
2023-10-17,4373.2,4393.57,4337.54,4345.23,3794850000
2023-10-18,4314.6,4364.2,4303.84,4357.35,3686030000
2023-10-19,4278.0,4339.54,4269.69,4321.36,3969730000
2023-10-20,4224.16,4276.56,4223.03,4273.85,4004030000
2023-10-23,4217.04,4255.84,4189.22,4210.4,3776100000
2023-10-24,4247.68,4259.38,4219.43,4235.79,3821820000
2023-10-25,4186.77,4232.42,4181.42,4232.42,3869370000
2023-10-26,4137.23,4183.6,4127.9,4175.99,4277640000
2023-10-27,4117.37,4156.7,4103.78,4152.93,4019500000
2023-10-30,4166.82,4177.47,4132.94,4139.39,3911140000
2023-10-31,4193.8,4195.55,4153.12,4171.33,4249470000
2023-11-01,4237.86,4245.64,4197.74,4201.27,4224900000
2023-11-02,4317.78,4319.72,4268.26,4268.26,4669780000
2023-11-03,4358.34,4373.62,4334.23,4334.23,4570960000
2023-11-06,4365.98,4372.21,4347.53,4364.27,3656340000
2023-11-07,4378.38,4386.26,4355.41,4366.21,3791230000
2023-11-08,4382.78,4391.2,4359.76,4384.37,3729510000
2023-11-09,4347.35,4393.4,4343.94,4391.41,3900780000
2023-11-10,4415.24,4418.03,4353.34,4364.15,3665080000
2023-11-13,4411.55,4421.76,4393.82,4406.66,3326240000
2023-11-14,4495.7,4508.67,4458.97,4458.97,4700350000
2023-11-15,4502.88,4521.17,4495.31,4505.3,4347170000
2023-11-16,4508.24,4511.99,4487.83,4497.08,3964520000
2023-11-17,4514.02,4520.12,4499.66,4509.55,3777240000
2023-11-20,4547.38,4557.11,4510.36,4511.7,3644790000
2023-11-21,4538.19,4542.14,4525.51,4538.77,3511080000
2023-11-22,4556.62,4568.43,4545.05,4553.04,3042810000
2023-11-24,4559.34,4560.31,4552.8,4555.84,1639500000
2023-11-27,4550.43,4560.52,4546.32,4554.86,3403990000
2023-11-28,4554.89,4568.14,4540.51,4545.55,3586240000
2023-11-29,4550.58,4587.64,4547.15,4571.84,4418760000
2023-11-30,4567.8,4569.89,4537.24,4554.87,5399300000
2023-12-01,4594.63,4599.39,4554.71,4559.43,4397120000
2023-12-04,4569.78,4572.37,4546.72,4564.37,4369910000
2023-12-05,4567.18,4578.56,4551.68,4557.25,3909950000
2023-12-06,4549.34,4590.74,4546.5,4586.23,4245680000
2023-12-07,4585.59,4590.92,4565.22,4568.84,3818880000
2023-12-08,4604.37,4609.23,4574.06,4576.2,3707010000
2023-12-11,4622.44,4623.71,4593.39,4593.39,3823210000
2023-12-12,4643.7,4643.93,4608.09,4618.3,3808380000
2023-12-13,4707.09,4709.69,4643.23,4646.2,5063650000
2023-12-14,4719.55,4738.57,4694.34,4721.04,6314040000
2023-12-15,4719.19,4725.53,4704.69,4714.23,8218980000
2023-12-18,4740.56,4749.52,4725.58,4725.58,4060340000
2023-12-19,4768.37,4768.69,4743.72,4743.72,4026970000
2023-12-20,4698.35,4778.01,4697.82,4764.73,4201320000
2023-12-21,4746.75,4748.71,4708.35,4724.29,3431180000
2023-12-22,4754.63,4772.94,4736.77,4753.92,3046770000
2023-12-26,4774.75,4784.72,4758.45,4758.86,2513910000
2023-12-27,4781.58,4785.39,4768.9,4773.45,2748450000
2023-12-28,4783.35,4793.3,4780.98,4786.44,2698860000
2023-12-29,4769.83,4788.43,4751.99,4782.88,3126060000
2024-01-02,4742.83,4754.33,4722.67,4745.2,3743050000
2024-01-03,4704.81,4729.29,4699.71,4725.07,3950760000
2024-01-04,4688.68,4726.78,4687.53,4697.42,3715480000
2024-01-05,4697.24,4721.49,4682.11,4690.57,3844370000
2024-01-08,4763.54,4764.54,4699.82,4703.7,3742320000
2024-01-09,4756.5,4765.47,4730.35,4741.93,3529960000
2024-01-10,4783.45,4790.8,4756.2,4759.94,3498680000
2024-01-11,4780.24,4798.5,4739.58,4792.13,3759890000
2024-01-12,4783.83,4802.4,4768.98,4791.18,3486340000
2024-01-16,4765.98,4782.34,4747.12,4772.35,4260550000
2024-01-17,4739.21,4744.23,4714.82,4739.13,3928600000
2024-01-18,4780.94,4785.79,4740.57,4760.1,4019000000
2024-01-19,4839.81,4842.07,4785.87,4796.28,4287200000
2024-01-22,4850.43,4868.41,4844.05,4853.42,4297610000
2024-01-23,4864.6,4866.48,4844.37,4856.8,3912800000
2024-01-24,4868.55,4903.68,4865.94,4888.56,4330030000
2024-01-25,4894.16,4898.15,4869.34,4886.66,4020430000
2024-01-26,4890.97,4906.69,4881.47,4888.91,3353400000
2024-01-29,4927.93,4929.31,4887.4,4892.95,3525160000
2024-01-30,4924.97,4931.09,4916.27,4925.89,3836130000
2024-01-31,4845.65,4906.75,4845.15,4899.19,4696120000
2024-02-01,4906.19,4906.97,4853.52,4861.11,4386090000
2024-02-02,4958.61,4975.29,4907.99,4916.06,3974350000
2024-02-05,4942.81,4957.19,4918.09,4957.19,4023640000
2024-02-06,4954.23,4957.77,4934.88,4950.16,4440880000
2024-02-07,4995.06,4999.89,4969.05,4973.05,4895590000
2024-02-08,4997.91,5000.4,4987.09,4995.16,4341860000
2024-02-09,5026.61,5030.06,5000.34,5004.17,3912990000
2024-02-12,5021.84,5048.39,5016.83,5026.83,3805740000
2024-02-13,4953.17,4971.3,4920.31,4967.94,4302190000
2024-02-14,5000.62,5002.52,4956.45,4976.44,3845600000
2024-02-15,5029.73,5032.72,4999.44,5003.14,4137970000
2024-02-16,5005.57,5038.7,4999.52,5031.13,3833270000
2024-02-20,4975.51,4993.71,4955.02,4989.32,4034880000
2024-02-21,4981.8,4983.21,4946.0,4963.03,3788390000
2024-02-22,5087.03,5094.39,5038.83,5038.83,4051710000
2024-02-23,5088.8,5111.06,5081.46,5100.92,3672790000
2024-02-26,5069.53,5097.66,5068.91,5093.0,3683930000
2024-02-27,5078.18,5080.69,5057.29,5074.6,3925950000
2024-02-28,5069.76,5077.37,5058.35,5067.2,3789370000
2024-02-29,5096.27,5104.99,5061.89,5085.36,5219740000
2024-03-01,5137.08,5140.33,5094.16,5098.51,4748110000
2024-03-04,5130.95,5149.67,5127.18,5130.99,4758440000
2024-03-05,5078.65,5114.54,5056.82,5110.52,4418410000
2024-03-06,5104.76,5127.97,5092.22,5108.03,4559050000
2024-03-07,5157.36,5165.62,5128.21,5132.38,4137980000
2024-03-08,5123.69,5189.26,5117.5,5164.46,4208870000
2024-03-11,5117.94,5124.66,5091.14,5111.96,3896430000
2024-03-12,5175.27,5179.87,5114.48,5134.3,4080510000
2024-03-13,5165.31,5179.14,5151.88,5173.49,4282890000
2024-03-14,5150.48,5176.85,5123.3,5175.14,4687970000
2024-03-15,5117.09,5136.86,5104.35,5123.31,7753670000
2024-03-18,5149.42,5175.6,5145.47,5154.77,4036220000
2024-03-19,5178.51,5180.31,5131.59,5139.09,4031760000
2024-03-20,5224.62,5226.19,5171.55,5181.69,4064850000
2024-03-21,5241.53,5261.1,5240.66,5253.43,4207730000
2024-03-22,5234.18,5246.09,5229.87,5242.48,3374700000
2024-03-25,5218.19,5229.09,5216.09,5219.52,3331360000
2024-03-26,5203.58,5235.16,5203.42,5228.85,3871790000
2024-03-27,5248.49,5249.26,5213.92,5226.31,3850500000
2024-03-28,5254.35,5264.85,5245.82,5248.03,3998270000
2024-04-01,5243.77,5263.95,5229.2,5257.97,3325930000
2024-04-02,5205.81,5208.34,5184.05,5204.29,3886590000
2024-04-03,5211.49,5228.75,5194.37,5194.37,3703250000
2024-04-04,5147.21,5256.59,5146.06,5244.05,4075680000
2024-04-05,5204.34,5222.18,5157.21,5158.95,3386780000
2024-04-08,5202.39,5219.57,5197.35,5211.37,3278180000
2024-04-09,5209.91,5224.81,5160.78,5217.03,3400680000
2024-04-10,5160.64,5178.43,5138.7,5167.88,3845930000
2024-04-11,5199.06,5211.78,5138.77,5172.95,3509380000
2024-04-12,5123.41,5175.03,5107.94,5171.51,3963220000
2024-04-15,5061.82,5168.43,5052.47,5149.67,3950210000
2024-04-16,5051.41,5079.84,5039.83,5064.59,4006200000
2024-04-17,5022.21,5077.96,5007.25,5068.97,3596130000
2024-04-18,5011.12,5056.66,5001.89,5031.52,3619760000
2024-04-19,4967.23,5019.02,4953.56,5005.44,3878750000
2024-04-22,5010.6,5038.84,4969.4,4987.33,3820250000
2024-04-23,5070.55,5076.12,5027.96,5028.85,3751400000
2024-04-24,5071.63,5089.48,5047.02,5084.86,3656740000
2024-04-25,5048.42,5057.75,4990.58,5019.88,3958050000
2024-04-26,5099.96,5114.62,5073.14,5084.65,3604140000
2024-04-29,5116.17,5123.49,5088.65,5114.13,3447450000
2024-04-30,5035.69,5110.83,5035.31,5103.78,4082470000
2024-05-01,5018.39,5096.12,5013.45,5029.03,4544170000
2024-05-02,5064.2,5073.21,5011.05,5049.32,4381660000
2024-05-03,5127.79,5139.12,5101.22,5122.78,3924990000
2024-05-06,5180.74,5181.0,5142.42,5142.42,3683250000
2024-05-07,5187.7,5200.23,5178.96,5187.2,3987890000
2024-05-08,5187.67,5191.95,5165.86,5168.98,3842100000
2024-05-09,5214.08,5215.3,5180.41,5189.03,3727370000
2024-05-10,5222.68,5239.66,5209.68,5225.49,3617900000
2024-05-13,5221.42,5237.26,5211.16,5233.08,4255710000
2024-05-14,5246.68,5250.37,5217.98,5221.1,4763580000
2024-05-15,5308.15,5311.76,5263.26,5263.26,4360810000
2024-05-16,5297.1,5325.49,5296.19,5310.07,3817470000
2024-05-17,5303.27,5305.45,5283.59,5303.1,3578120000
2024-05-20,5308.13,5325.32,5302.4,5305.35,3420100000
2024-05-21,5321.41,5324.32,5297.87,5298.69,3662240000
2024-05-22,5307.01,5323.18,5286.01,5319.28,3847130000
2024-05-23,5267.84,5341.88,5256.93,5340.26,3869520000
2024-05-24,5304.72,5311.65,5278.39,5281.45,3005510000
2024-05-28,5306.04,5315.91,5280.89,5315.91,3751540000
2024-05-29,5266.95,5282.27,5262.7,5278.73,3552750000
2024-05-30,5235.48,5260.21,5222.1,5259.77,3818750000
2024-05-31,5277.51,5280.33,5191.68,5243.21,5437160000
2024-06-03,5283.4,5302.11,5234.32,5297.15,4046920000
2024-06-04,5291.34,5298.8,5257.63,5278.24,3707900000
2024-06-05,5354.03,5354.16,5297.64,5314.48,3591460000
2024-06-06,5352.96,5362.35,5335.36,5357.8,3609990000
2024-06-07,5346.99,5375.08,5331.33,5343.81,3692760000
2024-06-10,5360.79,5365.79,5331.52,5341.22,3622280000
2024-06-11,5375.32,5375.95,5327.25,5353.0,3568030000
2024-06-12,5421.03,5447.25,5409.13,5409.13,3962840000
2024-06-13,5433.74,5441.93,5402.51,5441.93,3530380000
2024-06-14,5431.6,5432.39,5403.75,5424.08,3438650000
2024-06-17,5473.23,5488.5,5420.4,5431.11,3447840000
2024-06-18,5487.03,5490.38,5471.32,5476.15,3544330000
2024-06-20,5473.17,5505.53,5455.56,5499.99,3847060000
2024-06-21,5464.62,5478.31,5452.03,5466.77,6773800000
2024-06-24,5447.87,5490.66,5447.59,5459.58,3696750000
2024-06-25,5469.3,5472.88,5446.56,5460.73,3591960000
2024-06-26,5477.9,5483.14,5451.87,5460.71,3563920000
2024-06-27,5482.87,5490.81,5467.54,5473.59,3589530000
2024-06-28,5460.48,5523.64,5451.12,5488.48,7199220000
2024-07-01,5475.09,5479.55,5446.53,5471.08,3488760000
2024-07-02,5509.01,5509.69,5458.43,5461.84,3329950000
2024-07-03,5537.02,5539.27,5507.42,5507.44,2179470000
2024-07-05,5567.19,5570.33,5531.63,5537.91,3253080000
2024-07-08,5572.85,5583.11,5562.51,5572.75,3185670000
2024-07-09,5576.98,5590.75,5574.57,5584.24,3232920000
2024-07-10,5633.91,5635.39,5586.44,5591.26,3336100000
2024-07-11,5584.54,5642.45,5576.53,5635.21,4020950000
2024-07-12,5615.35,5655.56,5590.44,5590.76,3700280000
2024-07-15,5631.22,5666.94,5614.75,5638.16,3620470000
2024-07-16,5667.2,5669.67,5639.02,5644.09,4041760000
2024-07-17,5588.27,5622.49,5584.81,5610.07,4246450000
2024-07-18,5544.59,5614.05,5522.81,5608.56,4007510000
2024-07-19,5505.0,5557.5,5497.04,5543.37,3760570000
2024-07-22,5564.41,5570.36,5529.04,5544.54,3375180000
2024-07-23,5555.74,5585.34,5550.9,5565.3,3500210000
2024-07-24,5427.13,5508.04,5419.98,5505.84,3945550000
2024-07-25,5399.22,5491.59,5390.95,5428.7,4592120000
2024-07-26,5459.1,5488.32,5430.7,5433.67,3638770000
2024-07-29,5463.54,5487.74,5444.44,5476.55,3379970000
2024-07-30,5436.44,5489.46,5401.7,5478.73,3777740000
2024-07-31,5522.3,5551.51,5493.75,5505.59,4546910000
2024-08-01,5446.68,5566.16,5410.42,5537.84,4703620000
2024-08-02,5346.56,5383.89,5302.03,5376.63,5156450000
2024-08-05,5186.33,5250.89,5119.26,5151.14,5333250000
2024-08-06,5240.03,5312.34,5193.56,5206.42,4690190000
2024-08-07,5199.5,5330.64,5195.54,5293.13,4558260000
2024-08-08,5319.31,5328.03,5233.85,5252.57,4016830000
2024-08-09,5344.16,5358.67,5300.84,5314.66,3516400000
2024-08-12,5344.39,5371.2,5324.37,5351.88,3360160000
2024-08-13,5434.43,5436.5,5376.98,5376.98,3648980000
2024-08-14,5455.21,5463.22,5415.91,5442.36,3380050000
2024-08-15,5543.22,5546.23,5501.13,5501.13,3723310000
2024-08-16,5554.25,5561.98,5525.17,5530.5,3357690000
2024-08-19,5608.25,5608.3,5550.74,5557.23,3222050000
2024-08-20,5597.12,5620.51,5585.5,5602.88,2994420000
2024-08-21,5620.85,5632.68,5591.57,5603.09,3119670000
2024-08-22,5570.64,5643.22,5560.95,5637.77,2981530000
2024-08-23,5634.61,5641.82,5585.16,5602.49,3291940000
2024-08-26,5616.84,5651.62,5602.34,5639.66,2938570000
2024-08-27,5625.8,5631.18,5593.48,5602.89,2798990000
2024-08-28,5592.18,5627.03,5560.95,5624.51,3053450000
2024-08-29,5591.96,5646.95,5583.71,5607.3,3065640000
2024-08-30,5648.4,5651.37,5581.79,5612.74,4185850000
2024-09-03,5528.93,5623.89,5504.33,5623.89,3866350000
2024-09-04,5520.07,5552.99,5503.66,5506.68,3478140000
2024-09-05,5503.41,5546.3,5480.54,5520.08,3521650000
2024-09-06,5408.42,5522.47,5402.62,5507.33,3822800000
2024-09-09,5471.05,5484.2,5434.49,5442.07,3825940000
2024-09-10,5495.52,5497.91,5441.72,5490.51,3848180000
2024-09-11,5554.13,5560.41,5406.96,5496.42,3839450000
2024-09-12,5595.76,5600.71,5535.5,5557.48,3655070000
2024-09-13,5626.02,5636.27,5601.65,5603.34,3500790000
2024-09-16,5633.09,5636.05,5604.53,5615.21,3437070000
2024-09-17,5634.58,5670.81,5614.05,5655.51,3443600000
2024-09-18,5618.26,5689.75,5615.08,5641.68,3691390000
2024-09-19,5713.64,5733.57,5686.42,5702.63,4024530000
2024-09-20,5702.55,5715.14,5674.49,5709.64,7867260000
2024-09-23,5718.57,5725.36,5704.22,5711.9,3529550000
2024-09-24,5732.93,5735.32,5698.99,5727.66,3872710000
2024-09-25,5722.26,5741.03,5712.06,5733.65,3624910000
2024-09-26,5745.37,5767.37,5721.01,5762.22,4391180000
2024-09-27,5738.17,5763.78,5727.34,5755.36,3898530000
2024-09-30,5762.48,5765.14,5703.53,5726.52,4425730000
2024-10-01,5708.75,5757.73,5681.28,5757.73,4025180000
2024-10-02,5709.54,5719.63,5674.0,5698.14,3829050000
2024-10-03,5699.94,5718.78,5677.37,5698.19,3597450000
2024-10-04,5751.07,5753.21,5702.83,5737.48,3479400000
2024-10-07,5695.94,5739.34,5686.85,5737.8,3637790000
2024-10-08,5751.13,5757.6,5714.56,5719.14,3393400000
2024-10-09,5792.04,5796.8,5745.02,5751.8,3650340000
2024-10-10,5780.05,5795.03,5764.76,5778.36,3208790000
2024-10-11,5815.03,5822.13,5775.09,5775.09,3208720000
2024-10-14,5859.85,5871.41,5829.57,5829.81,3005250000
2024-10-15,5815.26,5870.36,5804.48,5866.74,3882120000
2024-10-16,5842.47,5846.52,5808.34,5816.58,3467230000
2024-10-17,5841.47,5878.46,5840.25,5875.62,3480010000
2024-10-18,5864.67,5872.17,5846.11,5859.43,3374490000
2024-10-21,5853.98,5866.92,5824.79,5857.82,3407010000
2024-10-22,5851.2,5863.04,5821.17,5832.7,3342080000
2024-10-23,5797.42,5834.85,5762.41,5834.5,3532650000
2024-10-24,5809.86,5817.8,5784.92,5817.8,3543030000
2024-10-25,5808.12,5862.82,5799.98,5826.75,3501280000
2024-10-28,5823.52,5842.92,5823.08,5833.93,3691280000
2024-10-29,5832.92,5847.19,5802.17,5819.68,3879100000
2024-10-30,5813.67,5850.94,5811.28,5832.65,3851120000
2024-10-31,5705.45,5775.34,5702.86,5775.34,4425660000
2024-11-01,5728.8,5772.52,5723.22,5723.22,3796450000
2024-11-04,5712.69,5741.43,5696.51,5725.15,3602060000
2024-11-05,5782.76,5783.44,5722.1,5722.43,3768310000
2024-11-06,5929.04,5936.14,5864.89,5864.89,6329530000
2024-11-07,5973.1,5983.84,5947.21,5947.21,4925740000
2024-11-08,5995.54,6012.45,5976.76,5976.76,4666740000
2024-11-11,6001.35,6017.31,5986.69,6008.86,4333000000
2024-11-12,5983.99,6009.92,5960.08,6003.6,4243400000
2024-11-13,5985.38,6008.19,5965.91,5985.75,4220180000
2024-11-14,5949.17,5993.88,5942.28,5989.68,4184570000
2024-11-15,5870.62,5915.32,5853.01,5912.79,4590960000
2024-11-18,5893.62,5908.12,5865.95,5874.17,3983860000
2024-11-19,5916.98,5923.51,5855.29,5870.05,4036940000
2024-11-20,5917.11,5920.67,5860.56,5914.34,3772620000
2024-11-21,5948.71,5963.32,5887.26,5940.58,4230120000
2024-11-22,5969.34,5972.9,5944.36,5944.36,4141420000
2024-11-25,5987.37,6020.75,5963.91,5992.28,5633150000
2024-11-26,6021.63,6025.42,5992.27,6000.03,3835170000
2024-11-27,5998.74,6020.16,5984.87,6014.11,3363340000
2024-11-29,6032.38,6044.17,6003.98,6003.98,2444420000
2024-12-02,6047.15,6053.58,6035.33,6040.11,4412470000
2024-12-03,6049.88,6052.07,6033.39,6042.97,4095000000
2024-12-04,6086.49,6089.84,6061.06,6069.39,4003390000
2024-12-05,6075.11,6094.55,6072.9,6089.03,4212020000
2024-12-06,6090.27,6099.97,6079.98,6081.38,3924830000
2024-12-09,6052.85,6088.51,6048.63,6083.01,4556460000
2024-12-10,6034.91,6065.4,6029.89,6057.59,4048410000
2024-12-11,6084.19,6092.59,6060.15,6060.15,4269950000
2024-12-12,6051.25,6079.68,6051.25,6074.29,3678010000
2024-12-13,6051.09,6078.58,6035.77,6068.17,3584960000
2024-12-16,6074.08,6085.19,6059.14,6063.79,4391100000
2024-12-17,6050.61,6057.68,6035.19,6052.55,4544500000
2024-12-18,5872.16,6070.67,5867.79,6047.65,5246960000
2024-12-19,5867.08,5935.52,5866.07,5912.71,4896880000
2024-12-20,5930.85,5982.06,5832.3,5842.0,8223220000
2024-12-23,5974.07,5978.25,5902.57,5940.25,3593280000
2024-12-24,6040.04,6040.1,5981.44,5984.63,1757720000
2024-12-26,6037.59,6049.75,6007.37,6024.97,2904530000
2024-12-27,5970.84,6006.17,5932.95,6006.17,3159610000
2024-12-30,5906.94,5940.79,5869.16,5920.67,3433250000
2024-12-31,5881.63,5929.74,5868.86,5919.74,3128350000
2025-01-02,5868.55,5935.09,5829.53,5903.26,3621680000
2025-01-03,5942.47,5949.34,5888.66,5891.07,3667340000
2025-01-06,5975.38,6021.04,5960.01,5982.81,4940120000
2025-01-07,5909.03,6000.68,5890.68,5993.26,4517330000
2025-01-08,5918.25,5927.89,5874.78,5910.66,4441740000
2025-01-10,5827.04,5890.35,5807.78,5890.35,4751930000
2025-01-13,5836.22,5838.61,5773.31,5782.02,4421200000
2025-01-14,5842.91,5871.92,5805.42,5859.27,4142280000
2025-01-15,5949.91,5960.61,5905.21,5905.21,4544570000
2025-01-16,5937.34,5964.69,5930.72,5963.61,4285810000
2025-01-17,5996.66,6014.96,5978.44,5995.4,4366830000
2025-01-21,6049.24,6051.51,6006.88,6014.12,4702920000
2025-01-22,6086.37,6100.81,6076.13,6081.39,4323040000
2025-01-23,6118.71,6118.73,6074.67,6076.32,4432250000
2025-01-24,6101.24,6128.18,6088.74,6121.43,4214250000
2025-01-27,6012.28,6017.17,5962.92,5969.04,5198750000
2025-01-28,6067.7,6074.54,5994.63,6026.97,4473640000
2025-01-29,6039.31,6062.83,6012.96,6057.7,4115310000
2025-01-30,6071.17,6086.64,6027.46,6050.75,4634620000
2025-01-31,6040.53,6120.91,6030.93,6096.79,4843770000
2025-02-03,5994.57,6022.13,5923.93,5969.65,4797210000
2025-02-04,6037.88,6042.48,5990.87,5998.14,4410160000
2025-02-05,6061.48,6062.86,6007.06,6020.45,4756250000
2025-02-06,6083.57,6084.03,6046.83,6072.22,4847120000
2025-02-07,6025.99,6101.28,6019.96,6083.13,4766900000
2025-02-10,6066.44,6073.38,6044.84,6046.4,4458760000
2025-02-11,6068.5,6076.28,6042.34,6049.32,4324880000
2025-02-12,6051.97,6063.0,6003.0,6025.08,4627960000
2025-02-13,6115.07,6116.91,6050.95,6060.59,4763800000
2025-02-14,6114.63,6127.47,6107.62,6115.52,4335190000
2025-02-18,6129.58,6129.63,6099.51,6121.6,4684980000
2025-02-19,6144.15,6147.43,6111.15,6117.76,4562330000
2025-02-20,6117.52,6134.5,6084.59,6134.5,4813690000
2025-02-21,6013.13,6114.82,6008.56,6114.1,5434560000
2025-02-24,5983.25,6043.65,5977.83,6026.69,4990120000
2025-02-25,5955.25,5992.65,5908.49,5982.73,5374690000
2025-02-26,5956.06,6009.82,5932.69,5970.87,4869580000
2025-02-27,5861.57,5993.69,5858.78,5981.88,5057680000
2025-02-28,5954.5,5959.4,5837.66,5856.74,6441140000
2025-03-03,5849.72,5986.09,5810.91,5968.33,5613850000
2025-03-04,5778.15,5865.08,5732.59,5811.98,6138110000
2025-03-05,5842.63,5860.59,5742.35,5781.36,5285970000
2025-03-06,5738.52,5812.08,5711.64,5785.87,5165080000
2025-03-07,5770.2,5783.01,5666.29,5726.01,5705140000
2025-03-10,5614.56,5705.37,5564.02,5705.37,6409370000
2025-03-11,5572.07,5636.3,5528.41,5603.65,6221240000
2025-03-12,5599.3,5642.19,5546.09,5624.84,5219830000
2025-03-13,5521.52,5597.78,5504.65,5594.45,5018980000
2025-03-14,5638.94,5645.27,5563.85,5563.85,4863180000
2025-03-17,5675.12,5703.52,5631.12,5635.6,5031770000
2025-03-18,5614.66,5654.53,5597.76,5654.53,4666270000
2025-03-19,5675.29,5715.33,5622.2,5632.37,4660090000
2025-03-20,5662.89,5711.15,5632.33,5646.92,4678420000
2025-03-21,5667.56,5670.84,5603.1,5630.73,9367460000
2025-03-24,5767.57,5775.14,5718.08,5718.08,4517990000
2025-03-25,5776.65,5786.95,5760.42,5775.96,4467340000
2025-03-26,5712.2,5783.62,5694.41,5771.66,4183140000
2025-03-27,5693.31,5732.28,5670.94,5695.64,4403460000
2025-03-28,5580.94,5685.89,5572.42,5679.2,4513330000
2025-03-31,5611.85,5627.56,5488.73,5527.91,5257250000
2025-04-01,5633.07,5650.57,5558.52,5597.53,4434500000
2025-04-02,5670.97,5695.31,5571.48,5580.76,4243830000
2025-04-03,5396.52,5499.53,5390.83,5492.74,7210470000
2025-04-04,5074.08,5292.14,5069.9,5292.14,8853500000
2025-04-07,5062.25,5246.57,4835.04,4953.79,8691980000
2025-04-08,4982.77,5267.47,4910.42,5193.57,7408140000
2025-04-09,5456.9,5481.34,4948.43,4965.28,9489600000
2025-04-10,5268.05,5353.15,5115.27,5353.15,6677140000
2025-04-11,5363.36,5381.46,5220.77,5255.56,5602550000
2025-04-14,5405.97,5459.46,5358.02,5441.96,5031440000
2025-04-15,5396.63,5450.41,5386.44,5411.99,4317110000
2025-04-16,5275.7,5367.24,5220.79,5335.75,4607750000
2025-04-17,5282.7,5328.31,5255.58,5305.45,4714880000
2025-04-21,5158.2,5232.94,5101.63,5232.94,4226340000
2025-04-22,5287.76,5309.61,5207.67,5207.67,4666950000
2025-04-23,5375.86,5469.69,5356.17,5395.92,5371390000
2025-04-24,5484.77,5489.4,5371.96,5381.38,4697710000
2025-04-25,5525.21,5528.11,5455.86,5489.73,4236580000
2025-04-28,5528.75,5553.66,5468.64,5529.22,4257880000
2025-04-29,5560.83,5571.95,5505.7,5508.87,4747150000
2025-04-30,5569.06,5581.84,5433.24,5499.44,5449490000
2025-05-01,5604.14,5658.91,5597.35,5625.14,4935270000
2025-05-02,5686.67,5700.7,5642.28,5645.88,4854380000
2025-05-05,5650.38,5683.38,5634.48,5655.32,4358260000
2025-05-06,5606.91,5649.58,5586.04,5605.87,4717260000
2025-05-07,5631.28,5654.73,5578.64,5614.18,4987440000
2025-05-08,5663.94,5720.1,5635.38,5663.6,5627400000
2025-05-09,5659.91,5691.69,5644.15,5679.65,4645090000
2025-05-12,5844.19,5845.37,5786.08,5807.2,6014580000
2025-05-13,5886.55,5906.64,5845.02,5854.15,5516290000
2025-05-14,5892.58,5906.55,5872.11,5896.74,5233450000
2025-05-15,5916.93,5924.21,5865.16,5869.82,4991290000
2025-05-16,5958.38,5958.62,5907.36,5929.09,4850850000
2025-05-19,5963.6,5968.61,5895.69,5902.88,4144010000
2025-05-20,5940.46,5953.06,5909.26,5944.66,4416850000
2025-05-21,5844.61,5938.37,5830.91,5910.18,5254250000
2025-05-22,5842.01,5878.08,5825.82,5841.26,5157050000
2025-05-23,5802.82,5829.51,5767.41,5781.89,4662820000
2025-05-27,5921.54,5924.33,5854.07,5854.07,5366380000
2025-05-28,5888.55,5939.92,5881.88,5925.54,4665050000
2025-05-29,5912.17,5943.13,5873.8,5939.96,4569750000
2025-05-30,5911.69,5922.14,5843.66,5903.67,6378540000
2025-06-02,5935.94,5937.4,5861.43,5896.68,4832240000
2025-06-03,5970.37,5981.35,5929.0,5938.56,5026680000
2025-06-04,5970.81,5990.48,5966.11,5978.94,4767050000
2025-06-05,5939.3,5999.7,5921.2,5985.67,5091850000
2025-06-06,6000.36,6016.87,5978.63,5987.06,4355710000
2025-06-09,6005.88,6021.31,5994.18,6004.63,4642360000
2025-06-10,6038.81,6043.01,6000.28,6009.91,4882880000
2025-06-11,6022.24,6059.4,6002.32,6049.38,5111550000
2025-06-12,6045.26,6045.43,6003.88,6009.9,4669500000
2025-06-13,5976.97,6026.16,5963.21,6000.56,5258910000
2025-06-16,6033.11,6050.83,6004.0,6004.0,5111710000
2025-06-17,5982.72,6023.25,5974.8,6012.15,4955700000
2025-06-18,5980.87,6018.25,5971.89,5987.93,5106470000
2025-06-20,5967.84,6018.2,5952.56,5999.67,7451500000
2025-06-23,6025.17,6028.77,5943.23,5969.67,5597000000
2025-06-24,6092.18,6101.76,6059.25,6061.21,5443690000
2025-06-25,6092.16,6108.51,6080.09,6104.23,5171110000
2025-06-26,6141.02,6146.52,6107.27,6112.09,5308140000
2025-06-27,6173.07,6187.68,6132.35,6150.7,7889350000
2025-06-30,6204.95,6215.08,6174.97,6193.36,5782900000
2025-07-01,6198.01,6210.78,6177.97,6187.25,6275310000
2025-07-02,6227.42,6227.6,6188.29,6193.88,5645710000
2025-07-03,6279.35,6284.65,6246.46,6246.46,3378110000
2025-07-07,6229.98,6262.07,6201.0,6259.04,5236740000
2025-07-08,6225.52,6242.7,6217.75,6234.03,5739030000
2025-07-09,6263.26,6269.16,6231.43,6243.33,4813340000
2025-07-10,6280.46,6290.22,6251.44,6266.8,5367350000
2025-07-11,6259.75,6269.44,6237.6,6255.68,4656210000
2025-07-14,6268.56,6273.31,6239.22,6255.15,4722250000
2025-07-15,6243.76,6302.04,6241.68,6295.29,5133670000
2025-07-16,6263.7,6268.12,6201.59,6254.5,5177460000
2025-07-17,6297.36,6304.69,6262.27,6263.4,5512290000
2025-07-18,6296.79,6315.61,6285.27,6312.95,5184700000
2025-07-21,6305.6,6336.08,6303.79,6304.74,5010840000
2025-07-22,6309.62,6316.12,6281.71,6306.6,5662040000
2025-07-23,6358.91,6360.64,6317.49,6326.9,5642510000
2025-07-24,6363.35,6381.31,6360.57,6368.6,5282720000
2025-07-25,6388.64,6395.82,6368.53,6370.01,4470720000
2025-07-28,6389.77,6401.07,6375.79,6397.69,4565620000
2025-07-29,6370.86,6409.26,6363.92,6405.62,5076120000
2025-07-30,6362.9,6396.54,6336.38,6381.23,5375070000
2025-07-31,6339.39,6427.02,6327.64,6427.02,6077080000
2025-08-01,6238.01,6287.28,6212.69,6287.28,5827150000
2025-08-04,6329.94,6330.69,6271.71,6271.71,4842580000
2025-08-05,6299.19,6346.0,6289.37,6336.63,5517410000
2025-08-06,6345.06,6352.83,6301.11,6309.3,5408560000
2025-08-07,6340.0,6389.71,6310.32,6374.32,5306090000
2025-08-08,6389.45,6395.16,6355.22,6355.22,4769910000
2025-08-11,6373.45,6407.25,6364.06,6389.67,4652400000
2025-08-12,6445.76,6446.55,6385.76,6395.17,5135300000
2025-08-13,6466.58,6480.28,6445.02,6462.67,5195950000
2025-08-14,6468.54,6473.92,6441.07,6453.46,4462050000
2025-08-15,6449.8,6481.34,6441.85,6477.38,4575060000
2025-08-18,6449.15,6455.35,6437.7,6445.02,4162290000
2025-08-19,6411.37,6456.48,6400.22,6446.24,4377440000
2025-08-20,6395.78,6408.4,6343.86,6406.62,4470390000
2025-08-21,6370.17,6393.65,6352.71,6380.83,4013560000
2025-08-22,6466.91,6478.89,6384.59,6384.59,5046860000
2025-08-25,6439.32,6466.89,6438.06,6457.67,4059070000
2025-08-26,6465.94,6468.37,6429.21,6435.49,4867680000
2025-08-27,6481.4,6487.06,6457.84,6462.26,4143680000
2025-08-28,6501.86,6508.23,6466.96,6483.84,4283760000
2025-08-29,6460.26,6491.76,6444.57,6489.28,4234840000
2025-09-02,6415.54,6416.54,6360.58,6401.51,4784000000
2025-09-03,6448.26,6453.67,6416.17,6445.82,4465360000
2025-09-04,6502.08,6502.54,6445.98,6456.6,4670770000
2025-09-05,6481.5,6532.65,6443.98,6529.08,5066120000
2025-09-08,6495.15,6508.67,6483.29,6498.09,5211500000
2025-09-09,6512.61,6518.23,6483.08,6503.33,4798350000
2025-09-10,6532.04,6555.97,6516.34,6550.29,5253010000
2025-09-11,6587.47,6592.89,6545.8,6554.41,5426460000
2025-09-12,6584.29,6600.21,6579.49,6590.66,4641640000
2025-09-15,6615.28,6619.62,6602.07,6603.49,5045020000
2025-09-16,6606.76,6626.99,6600.11,6624.13,5359510000
2025-09-17,6600.35,6624.39,6551.15,6604.87,5805340000
2025-09-18,6631.96,6656.8,6611.89,6626.85,5292400000
2025-09-19,6664.36,6671.82,6630.31,6647.11,9125960000
2025-09-22,6693.75,6698.88,6648.07,6654.28,5642620000
2025-09-23,6656.92,6699.52,6645.58,6692.44,5633620000
2025-09-24,6637.97,6672.66,6621.76,6669.79,5459180000
2025-09-25,6604.72,6619.0,6569.22,6608.19,5874670000
2025-09-26,6643.7,6648.97,6604.43,6615.38,5103110000
2025-09-29,6661.21,6677.31,6644.49,6661.58,5358760000
2025-09-30,6688.46,6691.25,6641.0,6656.19,6057210000
2025-10-01,6711.2,6718.48,6656.2,6664.92,6037950000
2025-10-02,6715.35,6731.94,6693.23,6731.31,5416130000
2025-10-03,6715.79,6750.87,6705.67,6722.14,5713110000
2025-10-06,6740.28,6749.52,6717.78,6733.86,5604460000
2025-10-07,6714.59,6754.49,6699.96,6746.14,5546150000
2025-10-08,6753.72,6755.64,6718.09,6723.87,5383130000
2025-10-09,6735.11,6764.58,6716.17,6760.5,5385020000
2025-10-10,6552.51,6762.4,6550.78,6740.49,6596610000
2025-10-13,6654.72,6668.68,6620.71,6622.53,5303960000
2025-10-14,6644.31,6680.7,6555.07,6602.49,5666920000
2025-10-15,6671.06,6724.12,6612.11,6688.27,5633060000
2025-10-16,6629.07,6709.34,6593.99,6689.02,6048180000
2025-10-17,6664.01,6678.88,6603.76,6613.27,5358120000
2025-10-20,6735.13,6744.35,6690.05,6690.05,4672170000
2025-10-21,6735.35,6752.16,6722.03,6736.75,5245020000
2025-10-22,6699.4,6741.75,6655.69,6741.34,5710010000
2025-10-23,6738.44,6749.53,6700.14,6703.65,5565750000
2025-10-24,6791.69,6807.11,6772.07,6772.07,5058220000
2025-10-27,6875.16,6877.28,6843.94,6845.46,5290650000
2025-10-28,6890.89,6911.3,6870.73,6897.74,5695930000
2025-10-29,6890.59,6920.34,6851.91,6910.95,6280130000
2025-10-30,6822.34,6880.75,6820.69,6860.5,6052700000
2025-10-31,6840.2,6879.17,6814.26,6879.17,6398280000
2025-11-03,6851.97,6882.32,6820.62,6882.32,6065720000
2025-11-04,6771.55,6820.21,6766.71,6788.52,5739510000
2025-11-05,6796.29,6829.78,6763.11,6769.77,5939600000
2025-11-06,6720.32,6796.68,6707.51,6787.59,6051900000
2025-11-07,6728.8,6730.11,6631.44,6696.18,5926070000
2025-11-10,6832.43,6841.32,6770.56,6785.36,5366050000
2025-11-11,6846.61,6855.13,6806.87,6815.64,4983490000
2025-11-12,6850.92,6869.91,6829.62,6867.77,5293610000
2025-11-13,6737.49,6828.05,6724.72,6826.47,5473720000
2025-11-14,6734.11,6774.31,6646.87,6672.14,5042660000
2025-11-17,6672.41,6754.5,6638.9,6713.61,5204220000
2025-11-18,6617.32,6666.63,6574.32,6641.19,5159390000
2025-11-19,6642.16,6689.75,6603.5,6625.84,5021610000
2025-11-20,6538.76,6770.35,6534.05,6737.93,5596080000
2025-11-21,6602.99,6660.05,6521.92,6555.77,5929930000
2025-11-24,6705.12,6715.75,6630.7,6636.54,6039740000
2025-11-25,6765.88,6776.4,6659.98,6697.03,5003330000
2025-11-26,6812.61,6831.44,6783.87,6793.55,4485000000
2025-11-28,6849.09,6850.86,6819.75,6822.52,2558540000
2025-12-01,6812.63,6843.65,6799.94,6812.3,4549370000
2025-12-02,6829.37,6851.55,6806.71,6830.96,4582290000
2025-12-03,6849.72,6862.42,6810.43,6815.29,4736780000
2025-12-04,6857.12,6866.47,6827.12,6866.47,4872440000
2025-12-05,6870.4,6895.78,6858.29,6866.32,4944560000
2025-12-08,6846.51,6878.27,6827.19,6875.2,4757130000
2025-12-09,6840.51,6864.92,6837.43,6840.61,4508050000
2025-12-10,6886.68,6900.67,6824.69,6833.49,5526570000
2025-12-11,6901.0,6903.46,6833.45,6861.3,5021060000
2025-12-12,6827.41,6899.85,6801.79,6886.85,4910160000
2025-12-15,6816.51,6861.59,6801.49,6860.19,4975600000
2025-12-16,6800.26,6819.27,6759.74,6800.12,4983180000
2025-12-17,6721.43,6812.26,6720.43,6802.88,5122120000
2025-12-18,6774.76,6816.13,6758.5,6778.06,5101190000
2025-12-19,6834.5,6840.02,6792.62,6792.62,8554470000
2025-12-22,6878.49,6882.03,6855.74,6865.21,4465030000
2025-12-23,6909.79,6910.88,6868.81,6872.41,3820560000
2025-12-24,6932.05,6937.32,6904.91,6904.91,1798270000
2025-12-26,6929.94,6945.77,6921.6,6936.02,2586550000
2025-12-29,6905.74,6920.21,6888.76,6903.6,3541750000
2025-12-30,6896.24,6913.25,6893.47,6900.44,3309930000
2025-12-31,6845.5,6901.42,6844.55,6898.82,3261830000
2026-01-02,6858.47,6894.87,6824.31,6878.11,4184120000
2026-01-05,6902.05,6920.38,6891.56,6892.19,5771930000
2026-01-06,6944.82,6948.69,6904.02,6908.03,5509680000
2026-01-07,6920.93,6965.69,6919.19,6945.07,5214480000
2026-01-08,6921.46,6931.28,6899.33,6914.11,5333200000
2026-01-09,6966.28,6978.36,6917.64,6927.83,5163900000
2026-01-12,6977.27,6986.33,6934.07,6944.12,5019040000
2026-01-13,6963.74,6985.83,6938.77,6977.41,5091730000
2026-01-14,6926.6,6941.3,6885.74,6937.41,5530830000
2026-01-15,6944.47,6979.34,6937.93,6969.46,5114050000
2026-01-16,6940.01,6967.3,6925.09,6960.54,5356550000
2026-01-20,6796.86,6871.17,6789.05,6865.24,5769500000
2026-01-21,6875.62,6910.39,6804.96,6810.71,5835520000
2026-01-22,6913.35,6934.75,6893.62,6914.44,5307580000
2026-01-23,6915.61,6932.96,6895.5,6907.85,4871930000
2026-01-26,6950.23,6964.66,6921.6,6923.23,4968050000
2026-01-27,6978.6,6988.82,6958.83,6965.96,5331720000
2026-01-28,6978.03,7002.28,6963.46,7002.0,5507670000
2026-01-29,6969.01,6992.84,6870.8,6977.74,6877780000
2026-01-30,6939.03,6964.09,6893.48,6947.27,6697340000
2026-02-02,6976.44,6991.92,6914.34,6916.64,5772050000
2026-02-03,6917.81,6993.08,6862.05,6985.45,7017660000
2026-02-04,6882.72,6936.09,6838.8,6924.5,7475750000
2026-02-05,6798.4,6857.85,6780.13,6837.39,6989120000
2026-02-06,6932.3,6944.89,6816.74,6816.74,6283680000
2026-02-09,6964.82,6980.1,6905.87,6917.26,5650260000
2026-02-10,6941.81,6986.83,6937.53,6974.49,5595950000
2026-02-11,6941.47,6993.48,6911.97,6976.48,6175510000
2026-02-12,6832.76,6973.22,6824.04,6957.54,7118700000
2026-02-13,6836.17,6881.96,6794.55,6834.27,5718360000
2026-02-17,6843.22,6866.99,6775.5,6819.86,5418480000
2026-02-18,6881.31,6909.12,6849.66,6855.48,5098160000
2026-02-19,6861.89,6879.12,6833.06,6861.34,5151690000
2026-02-20,6909.51,6915.86,6836.33,6843.26,5432480000
2026-02-23,6837.75,6916.96,6819.82,6901.25,5638350000
2026-02-24,6890.07,6899.17,6815.43,6837.37,5266090000
2026-02-25,6946.13,6952.51,6915.15,6915.15,5328060000
2026-02-26,6908.86,6947.25,6859.73,6944.74,5889550000
2026-02-27,6878.88,6882.96,6831.74,6856.54,6665660000
2026-03-02,6881.62,6901.01,6796.85,6824.36,6079080000
2026-03-03,6816.63,6840.05,6710.42,6800.26,6442080000
2026-03-04,6869.5,6885.94,6811.64,6831.69,5252170000
2026-03-05,6830.71,6870.43,6770.78,6851.08,5989300000
2026-03-06,6740.02,6773.42,6711.56,6769.03,5793120000
2026-03-09,6795.99,6810.44,6636.04,6699.8,6709410000
2026-03-10,6781.48,6845.08,6759.74,6796.56,5944950000
2026-03-11,6775.8,6811.15,6745.59,6790.09,5511090000
2026-03-12,6672.62,6740.88,6670.4,6740.88,6292170000
2026-03-13,6632.19,6733.3,6623.92,6673.49,5337120000
2026-03-16,6699.38,6729.79,6674.37,6674.37,5176290000
2026-03-17,6716.09,6754.3,6710.8,6722.35,5063390000
2026-03-18,6624.7,6705.18,6621.66,6697.16,5275480000
2026-03-19,6606.49,6636.74,6557.82,6583.12,5973390000
2026-03-20,6506.48,6594.66,6473.52,6594.66,10025820000
2026-03-23,6581.0,6651.62,6565.55,6574.96,6020650000
2026-03-24,6556.37,6595.75,6525.11,6552.09,5278580000
2026-03-25,6591.9,6633.94,6568.41,6598.35,4936720000
2026-03-26,6477.16,6573.22,6473.79,6555.86,4845560000
2026-03-27,6368.85,6453.89,6356.08,6453.89,5303490000
2026-03-30,6343.72,6427.31,6316.91,6403.37,5458640000
2026-03-31,6528.52,6539.05,6395.88,6395.88,6396100000
2026-04-01,6575.32,6609.67,6554.29,6556.56,5637260000
2026-04-02,6582.69,6601.91,6474.94,6512.61,4740740000
2026-04-06,6611.83,6618.13,6579.72,6587.66,3906440000
2026-04-07,6616.85,6618.26,6534.55,6601.93,4555680000
