date,scenario,sample_name,target,feature_set,model,y_true,y_pred,y_score
2022-02-14,next_day_large_move,event_days_only,next_large_move_direction,controls_only,logreg,1,0,0.40017509696259673
2022-04-28,next_day_large_move,event_days_only,next_large_move_direction,controls_only,logreg,0,0,0.31252714175028123
2022-05-10,next_day_large_move,event_days_only,next_large_move_direction,controls_only,logreg,0,1,0.5214040077239521
2022-05-12,next_day_large_move,event_days_only,next_large_move_direction,controls_only,logreg,1,0,0.4923573866044886
2022-05-16,next_day_large_move,event_days_only,next_large_move_direction,controls_only,logreg,1,1,0.5827211256395123
2022-05-17,next_day_large_move,event_days_only,next_large_move_direction,controls_only,logreg,0,0,0.47800356999003046
2022-05-20,next_day_large_move,event_days_only,next_large_move_direction,controls_only,logreg,1,1,0.5873638980259702
2022-05-23,next_day_large_move,event_days_only,next_large_move_direction,controls_only,logreg,0,1,0.5462216285451732
2022-05-24,next_day_large_move,event_days_only,next_large_move_direction,controls_only,logreg,1,1,0.6818069283871813
2022-05-25,next_day_large_move,event_days_only,next_large_move_direction,controls_only,logreg,1,1,0.5063553530296527
2022-05-26,next_day_large_move,event_days_only,next_large_move_direction,controls_only,logreg,1,0,0.41735482251774997
2022-06-01,next_day_large_move,event_days_only,next_large_move_direction,controls_only,logreg,1,1,0.5167227937252733
2022-06-02,next_day_large_move,event_days_only,next_large_move_direction,controls_only,logreg,0,0,0.37642729380570533
2022-06-06,next_day_large_move,event_days_only,next_large_move_direction,controls_only,logreg,1,0,0.44131110244230604
2022-06-07,next_day_large_move,event_days_only,next_large_move_direction,controls_only,logreg,0,0,0.4532465147667116
2022-06-08,next_day_large_move,event_days_only,next_large_move_direction,controls_only,logreg,0,1,0.5638577055279743
2022-06-09,next_day_large_move,event_days_only,next_large_move_direction,controls_only,logreg,0,0,0.49628826429746037
2022-06-10,next_day_large_move,event_days_only,next_large_move_direction,controls_only,logreg,0,1,0.5363028475018223
2022-06-14,next_day_large_move,event_days_only,next_large_move_direction,controls_only,logreg,1,1,0.607020010431951
2022-06-15,next_day_large_move,event_days_only,next_large_move_direction,controls_only,logreg,0,1,0.5898867676116685
2022-06-17,next_day_large_move,event_days_only,next_large_move_direction,controls_only,logreg,1,1,0.5031561445409607
2022-06-22,next_day_large_move,event_days_only,next_large_move_direction,controls_only,logreg,1,1,0.6065967803792911
2022-06-23,next_day_large_move,event_days_only,next_large_move_direction,controls_only,logreg,1,0,0.4873146260582547
2022-06-29,next_day_large_move,event_days_only,next_large_move_direction,controls_only,logreg,0,1,0.519032714698558
2022-06-30,next_day_large_move,event_days_only,next_large_move_direction,controls_only,logreg,1,0,0.4927845216740697
2022-07-06,next_day_large_move,event_days_only,next_large_move_direction,controls_only,logreg,1,1,0.5230246121069373
2022-07-08,next_day_large_move,event_days_only,next_large_move_direction,controls_only,logreg,0,1,0.5040190178399979
2022-07-14,next_day_large_move,event_days_only,next_large_move_direction,controls_only,logreg,1,0,0.4850065458395786
2022-07-15,next_day_large_move,event_days_only,next_large_move_direction,controls_only,logreg,0,0,0.44585854790963947
2022-07-18,next_day_large_move,event_days_only,next_large_move_direction,controls_only,logreg,1,1,0.5640081210043042
2022-07-20,next_day_large_move,event_days_only,next_large_move_direction,controls_only,logreg,1,1,0.5369731028319898
2022-07-21,next_day_large_move,event_days_only,next_large_move_direction,controls_only,logreg,0,0,0.41014141535357684
2022-07-25,next_day_large_move,event_days_only,next_large_move_direction,controls_only,logreg,0,1,0.5091532754941405
2022-07-26,next_day_large_move,event_days_only,next_large_move_direction,controls_only,logreg,1,1,0.57027532306368
2022-07-27,next_day_large_move,event_days_only,next_large_move_direction,controls_only,logreg,1,0,0.42385416725107594
2022-08-02,next_day_large_move,event_days_only,next_large_move_direction,controls_only,logreg,1,0,0.49206421336555145
2022-08-09,next_day_large_move,event_days_only,next_large_move_direction,controls_only,logreg,1,1,0.5181692975579982
2022-08-11,next_day_large_move,event_days_only,next_large_move_direction,controls_only,logreg,1,0,0.44007135708752226
2022-08-18,next_day_large_move,event_days_only,next_large_move_direction,controls_only,logreg,0,0,0.46764431728583633
2022-08-19,next_day_large_move,event_days_only,next_large_move_direction,controls_only,logreg,0,1,0.5092110197227122
2022-08-24,next_day_large_move,event_days_only,next_large_move_direction,controls_only,logreg,1,1,0.589275017405798
2022-08-25,next_day_large_move,event_days_only,next_large_move_direction,controls_only,logreg,0,0,0.49636993166641086
2022-08-29,next_day_large_move,event_days_only,next_large_move_direction,controls_only,logreg,0,1,0.5398711692843977
2022-09-06,next_day_large_move,event_days_only,next_large_move_direction,controls_only,logreg,1,1,0.517495944992463
2022-09-08,next_day_large_move,event_days_only,next_large_move_direction,controls_only,logreg,1,0,0.4678167438714561
2022-09-09,next_day_large_move,event_days_only,next_large_move_direction,controls_only,logreg,1,0,0.42761441173366616
2022-09-12,next_day_large_move,event_days_only,next_large_move_direction,controls_only,logreg,0,0,0.43999012713988667
2022-09-14,next_day_large_move,event_days_only,next_large_move_direction,controls_only,logreg,0,0,0.48675372352172
2022-09-19,next_day_large_move,event_days_only,next_large_move_direction,controls_only,logreg,0,1,0.5842028656150691
2022-09-20,next_day_large_move,event_days_only,next_large_move_direction,controls_only,logreg,0,1,0.5679274927519788
2022-09-21,next_day_large_move,event_days_only,next_large_move_direction,controls_only,logreg,0,1,0.5563553720586927
2022-09-22,next_day_large_move,event_days_only,next_large_move_direction,controls_only,logreg,0,0,0.4886672438586557
2022-09-23,next_day_large_move,event_days_only,next_large_move_direction,controls_only,logreg,0,1,0.5237118121908999
2022-09-27,next_day_large_move,event_days_only,next_large_move_direction,controls_only,logreg,1,1,0.5745554494029517
2022-09-28,next_day_large_move,event_days_only,next_large_move_direction,controls_only,logreg,0,0,0.49385027710326157
2022-09-29,next_day_large_move,event_days_only,next_large_move_direction,controls_only,logreg,0,1,0.5639019202164257
2022-09-30,next_day_large_move,event_days_only,next_large_move_direction,controls_only,logreg,1,1,0.5020024764411222
2022-10-03,next_day_large_move,event_days_only,next_large_move_direction,controls_only,logreg,1,0,0.4111753950076139
2022-10-05,next_day_large_move,event_days_only,next_large_move_direction,controls_only,logreg,0,1,0.602125330879651
2022-10-06,next_day_large_move,event_days_only,next_large_move_direction,controls_only,logreg,0,0,0.47271966300892987
2022-10-12,next_day_large_move,event_days_only,next_large_move_direction,controls_only,logreg,1,1,0.6094853920937294
2022-10-13,next_day_large_move,event_days_only,next_large_move_direction,controls_only,logreg,0,0,0.4269157991185744
2022-10-14,next_day_large_move,event_days_only,next_large_move_direction,controls_only,logreg,1,1,0.5941598886534025
2022-10-17,next_day_large_move,event_days_only,next_large_move_direction,controls_only,logreg,1,0,0.39796758527520787
2022-10-20,next_day_large_move,event_days_only,next_large_move_direction,controls_only,logreg,1,1,0.5095611236415707
2022-10-21,next_day_large_move,event_days_only,next_large_move_direction,controls_only,logreg,1,0,0.3462472815715345
2022-10-24,next_day_large_move,event_days_only,next_large_move_direction,controls_only,logreg,1,0,0.47108713345148323
2022-10-27,next_day_large_move,event_days_only,next_large_move_direction,controls_only,logreg,1,0,0.42408240512266654
2022-11-01,next_day_large_move,event_days_only,next_large_move_direction,controls_only,logreg,0,1,0.5396095613466528
2022-11-02,next_day_large_move,event_days_only,next_large_move_direction,controls_only,logreg,0,1,0.54045711077635
2022-11-03,next_day_large_move,event_days_only,next_large_move_direction,controls_only,logreg,1,0,0.4788475308775062
2022-11-04,next_day_large_move,event_days_only,next_large_move_direction,controls_only,logreg,1,0,0.4446183985030234
2022-11-08,next_day_large_move,event_days_only,next_large_move_direction,controls_only,logreg,0,1,0.5833149415097091
2022-11-09,next_day_large_move,event_days_only,next_large_move_direction,controls_only,logreg,1,1,0.5790718140496897
2022-11-10,next_day_large_move,event_days_only,next_large_move_direction,controls_only,logreg,1,0,0.18806578110830297
2022-11-11,next_day_large_move,event_days_only,next_large_move_direction,controls_only,logreg,0,0,0.47614627908924423
2022-11-14,next_day_large_move,event_days_only,next_large_move_direction,controls_only,logreg,1,1,0.5265902421973581
2022-11-15,next_day_large_move,event_days_only,next_large_move_direction,controls_only,logreg,0,0,0.4734766134748748
2022-11-29,next_day_large_move,event_days_only,next_large_move_direction,controls_only,logreg,1,1,0.5065994809302128
2022-12-02,next_day_large_move,event_days_only,next_large_move_direction,controls_only,logreg,0,0,0.46998061327268986
2022-12-05,next_day_large_move,event_days_only,next_large_move_direction,controls_only,logreg,0,0,0.4692936778562082
2022-12-09,next_day_large_move,event_days_only,next_large_move_direction,controls_only,logreg,1,1,0.548562102464057
2022-12-14,next_day_large_move,event_days_only,next_large_move_direction,controls_only,logreg,0,1,0.5049567327020155
2022-12-15,next_day_large_move,event_days_only,next_large_move_direction,controls_only,logreg,0,0,0.48591366692283144
2022-12-16,next_day_large_move,event_days_only,next_large_move_direction,controls_only,logreg,0,0,0.4367087769848881
2022-12-20,next_day_large_move,event_days_only,next_large_move_direction,controls_only,logreg,1,1,0.5810664666425618
2022-12-21,next_day_large_move,event_days_only,next_large_move_direction,controls_only,logreg,0,1,0.5523000915273801
2022-12-27,next_day_large_move,event_days_only,next_large_move_direction,controls_only,logreg,0,1,0.58955601591671
2022-12-28,next_day_large_move,event_days_only,next_large_move_direction,controls_only,logreg,1,1,0.5772718387820795
2023-01-04,next_day_large_move,event_days_only,next_large_move_direction,controls_only,logreg,0,1,0.5111809243732924
2023-01-05,next_day_large_move,event_days_only,next_large_move_direction,controls_only,logreg,1,0,0.49737626167875504
2023-01-10,next_day_large_move,event_days_only,next_large_move_direction,controls_only,logreg,1,1,0.5031482366062034
2023-01-17,next_day_large_move,event_days_only,next_large_move_direction,controls_only,logreg,0,0,0.4909498559297924
2023-01-19,next_day_large_move,event_days_only,next_large_move_direction,controls_only,logreg,1,0,0.45732937819761166
2023-01-20,next_day_large_move,event_days_only,next_large_move_direction,controls_only,logreg,1,0,0.4261214911685597
2023-01-25,next_day_large_move,event_days_only,next_large_move_direction,controls_only,logreg,1,1,0.5120052018320081
2023-01-27,next_day_large_move,event_days_only,next_large_move_direction,controls_only,logreg,0,0,0.46944837258003025
2023-01-30,next_day_large_move,event_days_only,next_large_move_direction,controls_only,logreg,1,1,0.5201108116389475
2023-01-31,next_day_large_move,event_days_only,next_large_move_direction,controls_only,logreg,1,0,0.4395713013138101
2023-02-01,next_day_large_move,event_days_only,next_large_move_direction,controls_only,logreg,1,0,0.46879122027134124
2023-02-02,next_day_large_move,event_days_only,next_large_move_direction,controls_only,logreg,0,0,0.3859258705335026
2023-02-06,next_day_large_move,event_days_only,next_large_move_direction,controls_only,logreg,1,0,0.48735063181514815
2023-02-07,next_day_large_move,event_days_only,next_large_move_direction,controls_only,logreg,0,0,0.4656542034228643
2023-02-08,next_day_large_move,event_days_only,next_large_move_direction,controls_only,logreg,0,1,0.545210630474869
2023-02-10,next_day_large_move,event_days_only,next_large_move_direction,controls_only,logreg,1,0,0.49859432162391615
2023-02-15,next_day_large_move,event_days_only,next_large_move_direction,controls_only,logreg,0,1,0.5125591134909308
2023-02-17,next_day_large_move,event_days_only,next_large_move_direction,controls_only,logreg,0,0,0.4909885783150059
2023-02-23,next_day_large_move,event_days_only,next_large_move_direction,controls_only,logreg,0,1,0.5194902517712198
2023-03-02,next_day_large_move,event_days_only,next_large_move_direction,controls_only,logreg,1,0,0.46361198808119336
2023-03-06,next_day_large_move,event_days_only,next_large_move_direction,controls_only,logreg,0,1,0.5347596416750001
2023-03-08,next_day_large_move,event_days_only,next_large_move_direction,controls_only,logreg,0,1,0.5100093982444317
2023-03-09,next_day_large_move,event_days_only,next_large_move_direction,controls_only,logreg,0,0,0.4886932842133305
2023-03-13,next_day_large_move,event_days_only,next_large_move_direction,controls_only,logreg,1,1,0.5291269237063971
2023-03-15,next_day_large_move,event_days_only,next_large_move_direction,controls_only,logreg,1,1,0.5681152762731203
2023-03-16,next_day_large_move,event_days_only,next_large_move_direction,controls_only,logreg,0,0,0.40580704607656426
2023-03-17,next_day_large_move,event_days_only,next_large_move_direction,controls_only,logreg,1,0,0.4898255064101163
2023-03-20,next_day_large_move,event_days_only,next_large_move_direction,controls_only,logreg,1,0,0.4603425399294619
2023-03-21,next_day_large_move,event_days_only,next_large_move_direction,controls_only,logreg,0,1,0.5062425186267434
2023-03-28,next_day_large_move,event_days_only,next_large_move_direction,controls_only,logreg,1,1,0.5639240126435252
2023-03-30,next_day_large_move,event_days_only,next_large_move_direction,controls_only,logreg,1,0,0.45687374948787557
2023-04-12,next_day_large_move,event_days_only,next_large_move_direction,controls_only,logreg,1,1,0.5032936185856501
2023-04-24,next_day_large_move,event_days_only,next_large_move_direction,controls_only,logreg,0,1,0.5036950342403933
2023-04-26,next_day_large_move,event_days_only,next_large_move_direction,controls_only,logreg,1,1,0.5123184415658
2023-04-27,next_day_large_move,event_days_only,next_large_move_direction,controls_only,logreg,1,0,0.4229630887302456
2023-05-04,next_day_large_move,event_days_only,next_large_move_direction,controls_only,logreg,1,0,0.4425646874199124
2023-05-16,next_day_large_move,event_days_only,next_large_move_direction,controls_only,logreg,1,1,0.5067966168712823
2023-05-17,next_day_large_move,event_days_only,next_large_move_direction,controls_only,logreg,1,0,0.43865732565518517
2023-05-22,next_day_large_move,event_days_only,next_large_move_direction,controls_only,logreg,0,0,0.4870253638546686
2023-05-24,next_day_large_move,event_days_only,next_large_move_direction,controls_only,logreg,1,1,0.5322850677192341
2023-05-25,next_day_large_move,event_days_only,next_large_move_direction,controls_only,logreg,1,0,0.428273042241683
2023-05-31,next_day_large_move,event_days_only,next_large_move_direction,controls_only,logreg,1,0,0.4800033276230768
2023-06-01,next_day_large_move,event_days_only,next_large_move_direction,controls_only,logreg,1,0,0.38615805277569676
2023-06-09,next_day_large_move,event_days_only,next_large_move_direction,controls_only,logreg,1,0,0.4546628886020103
2023-06-14,next_day_large_move,event_days_only,next_large_move_direction,controls_only,logreg,1,0,0.45755323082576665
2023-06-26,next_day_large_move,event_days_only,next_large_move_direction,controls_only,logreg,1,1,0.511004646085575
2023-06-29,next_day_large_move,event_days_only,next_large_move_direction,controls_only,logreg,1,0,0.4653505763731872
2023-07-12,next_day_large_move,event_days_only,next_large_move_direction,controls_only,logreg,1,0,0.48393610471186005
2023-07-27,next_day_large_move,event_days_only,next_large_move_direction,controls_only,logreg,1,0,0.4179719771200524
2023-08-01,next_day_large_move,event_days_only,next_large_move_direction,controls_only,logreg,0,1,0.5104947502789869
2023-08-04,next_day_large_move,event_days_only,next_large_move_direction,controls_only,logreg,1,0,0.48882484658351005
2023-08-14,next_day_large_move,event_days_only,next_large_move_direction,controls_only,logreg,0,0,0.4959721542033323
2023-08-22,next_day_large_move,event_days_only,next_large_move_direction,controls_only,logreg,1,1,0.5761814050105265
2023-08-23,next_day_large_move,event_days_only,next_large_move_direction,controls_only,logreg,0,0,0.4856201646906709
2023-08-28,next_day_large_move,event_days_only,next_large_move_direction,controls_only,logreg,1,1,0.5388175128844238
2023-09-13,next_day_large_move,event_days_only,next_large_move_direction,controls_only,logreg,1,0,0.4847388512555348
2023-09-14,next_day_large_move,event_days_only,next_large_move_direction,controls_only,logreg,0,0,0.41357426479550197
2023-09-19,next_day_large_move,event_days_only,next_large_move_direction,controls_only,logreg,0,1,0.5297028550171274
2023-09-20,next_day_large_move,event_days_only,next_large_move_direction,controls_only,logreg,0,1,0.5230835778856596
2023-09-25,next_day_large_move,event_days_only,next_large_move_direction,controls_only,logreg,0,1,0.5340704726884813
2023-10-02,next_day_large_move,event_days_only,next_large_move_direction,controls_only,logreg,0,1,0.5303296214854317
2023-10-05,next_day_large_move,event_days_only,next_large_move_direction,controls_only,logreg,1,1,0.5041961499188149
2023-10-13,next_day_large_move,event_days_only,next_large_move_direction,controls_only,logreg,1,0,0.4637290914616023
2023-10-17,next_day_large_move,event_days_only,next_large_move_direction,controls_only,logreg,0,1,0.5294740964787275
2023-10-18,next_day_large_move,event_days_only,next_large_move_direction,controls_only,logreg,0,1,0.5245436154728873
2023-10-19,next_day_large_move,event_days_only,next_large_move_direction,controls_only,logreg,0,0,0.4716297277107025
2023-10-24,next_day_large_move,event_days_only,next_large_move_direction,controls_only,logreg,0,1,0.5634071349757064
2023-10-25,next_day_large_move,event_days_only,next_large_move_direction,controls_only,logreg,0,1,0.5735635559751556
2023-10-27,next_day_large_move,event_days_only,next_large_move_direction,controls_only,logreg,1,1,0.5211837768275376
2023-10-31,next_day_large_move,event_days_only,next_large_move_direction,controls_only,logreg,1,1,0.5710713628538668
2023-11-01,next_day_large_move,event_days_only,next_large_move_direction,controls_only,logreg,1,1,0.5036363250640756
2023-11-02,next_day_large_move,event_days_only,next_large_move_direction,controls_only,logreg,1,0,0.38064170635871514
2023-11-09,next_day_large_move,event_days_only,next_large_move_direction,controls_only,logreg,1,0,0.4301420597613339
2023-11-13,next_day_large_move,event_days_only,next_large_move_direction,controls_only,logreg,1,1,0.5187159919813107
2023-12-12,next_day_large_move,event_days_only,next_large_move_direction,controls_only,logreg,1,0,0.47985245901313145
2023-12-19,next_day_large_move,event_days_only,next_large_move_direction,controls_only,logreg,0,0,0.47005688258929074
2023-12-20,next_day_large_move,event_days_only,next_large_move_direction,controls_only,logreg,1,1,0.5103946962767997
2024-01-05,next_day_large_move,event_days_only,next_large_move_direction,controls_only,logreg,1,0,0.4894608196042738
2024-01-17,next_day_large_move,event_days_only,next_large_move_direction,controls_only,logreg,1,0,0.4914967457859851
2024-01-18,next_day_large_move,event_days_only,next_large_move_direction,controls_only,logreg,1,0,0.43527291272098995
2024-01-30,next_day_large_move,event_days_only,next_large_move_direction,controls_only,logreg,0,0,0.493050659228614
2024-01-31,next_day_large_move,event_days_only,next_large_move_direction,controls_only,logreg,1,0,0.48837803867837437
2024-02-06,next_day_large_move,event_days_only,next_large_move_direction,controls_only,logreg,1,0,0.4959413001065875
2024-02-12,next_day_large_move,event_days_only,next_large_move_direction,controls_only,logreg,0,0,0.48200762018960985
2024-02-13,next_day_large_move,event_days_only,next_large_move_direction,controls_only,logreg,1,0,0.4890037486882525
2024-02-21,next_day_large_move,event_days_only,next_large_move_direction,controls_only,logreg,1,0,0.4899871659616168
2024-03-04,next_day_large_move,event_days_only,next_large_move_direction,controls_only,logreg,0,0,0.4743466734077663
2024-03-06,next_day_large_move,event_days_only,next_large_move_direction,controls_only,logreg,1,0,0.460487534557316
2024-03-11,next_day_large_move,event_days_only,next_large_move_direction,controls_only,logreg,1,0,0.48869551911845865
2024-03-19,next_day_large_move,event_days_only,next_large_move_direction,controls_only,logreg,1,0,0.49849870916123884
2024-03-26,next_day_large_move,event_days_only,next_large_move_direction,controls_only,logreg,1,0,0.4944655652801626
2024-04-03,next_day_large_move,event_days_only,next_large_move_direction,controls_only,logreg,0,0,0.49504430110503717
2024-04-04,next_day_large_move,event_days_only,next_large_move_direction,controls_only,logreg,1,0,0.4843000186511101
2024-04-09,next_day_large_move,event_days_only,next_large_move_direction,controls_only,logreg,0,1,0.5122790441064405
2024-04-11,next_day_large_move,event_days_only,next_large_move_direction,controls_only,logreg,0,0,0.4416738637245673
2024-04-12,next_day_large_move,event_days_only,next_large_move_direction,controls_only,logreg,0,1,0.5103139389413697
2024-04-18,next_day_large_move,event_days_only,next_large_move_direction,controls_only,logreg,0,1,0.5099063202526792
2024-04-19,next_day_large_move,event_days_only,next_large_move_direction,controls_only,logreg,1,1,0.5139577161984701
2024-04-22,next_day_large_move,event_days_only,next_large_move_direction,controls_only,logreg,1,0,0.49021016411201473
2024-04-25,next_day_large_move,event_days_only,next_large_move_direction,controls_only,logreg,1,0,0.48296351925715136
2024-04-29,next_day_large_move,event_days_only,next_large_move_direction,controls_only,logreg,0,1,0.5054254450502687
2024-05-01,next_day_large_move,event_days_only,next_large_move_direction,controls_only,logreg,1,1,0.5004861902887621
2024-05-02,next_day_large_move,event_days_only,next_large_move_direction,controls_only,logreg,1,0,0.45449570152867313
2024-05-03,next_day_large_move,event_days_only,next_large_move_direction,controls_only,logreg,1,0,0.47275501465227826
2024-05-14,next_day_large_move,event_days_only,next_large_move_direction,controls_only,logreg,1,0,0.45900884537280245
2024-06-04,next_day_large_move,event_days_only,next_large_move_direction,controls_only,logreg,1,1,0.5184629446434171
2024-06-11,next_day_large_move,event_days_only,next_large_move_direction,controls_only,logreg,1,0,0.49373711141436566
2024-07-09,next_day_large_move,event_days_only,next_large_move_direction,controls_only,logreg,1,0,0.4878148966882906
2024-07-10,next_day_large_move,event_days_only,next_large_move_direction,controls_only,logreg,0,0,0.4627761167136182
2024-07-16,next_day_large_move,event_days_only,next_large_move_direction,controls_only,logreg,0,0,0.4880157764611483
2024-07-19,next_day_large_move,event_days_only,next_large_move_direction,controls_only,logreg,1,0,0.49832130738528724
2024-07-23,next_day_large_move,event_days_only,next_large_move_direction,controls_only,logreg,0,1,0.553063018595436
2024-07-25,next_day_large_move,event_days_only,next_large_move_direction,controls_only,logreg,1,0,0.47546753444314477
2024-07-30,next_day_large_move,event_days_only,next_large_move_direction,controls_only,logreg,1,1,0.5418644938113762
2024-07-31,next_day_large_move,event_days_only,next_large_move_direction,controls_only,logreg,0,0,0.4465493560374425
2024-08-01,next_day_large_move,event_days_only,next_large_move_direction,controls_only,logreg,0,0,0.48602903709856116
2024-08-02,next_day_large_move,event_days_only,next_large_move_direction,controls_only,logreg,0,0,0.4757806838897367
2024-08-05,next_day_large_move,event_days_only,next_large_move_direction,controls_only,logreg,1,1,0.5117578755892772
2024-08-07,next_day_large_move,event_days_only,next_large_move_direction,controls_only,logreg,1,1,0.5945485556863299
2024-08-12,next_day_large_move,event_days_only,next_large_move_direction,controls_only,logreg,1,1,0.5049926110622289
2024-08-14,next_day_large_move,event_days_only,next_large_move_direction,controls_only,logreg,1,1,0.5004416719605688
2024-08-16,next_day_large_move,event_days_only,next_large_move_direction,controls_only,logreg,1,0,0.4831211286960034
2024-08-21,next_day_large_move,event_days_only,next_large_move_direction,controls_only,logreg,0,0,0.4709295538110329
2024-08-22,next_day_large_move,event_days_only,next_large_move_direction,controls_only,logreg,1,0,0.47568036439296607
2024-08-29,next_day_large_move,event_days_only,next_large_move_direction,controls_only,logreg,1,0,0.45942599996005185
2024-08-30,next_day_large_move,event_days_only,next_large_move_direction,controls_only,logreg,0,0,0.45124262446753133
2024-09-05,next_day_large_move,event_days_only,next_large_move_direction,controls_only,logreg,0,1,0.5008888831819006
2024-09-06,next_day_large_move,event_days_only,next_large_move_direction,controls_only,logreg,1,1,0.5093296208510155
2024-09-10,next_day_large_move,event_days_only,next_large_move_direction,controls_only,logreg,1,1,0.5333620192303233
2024-09-18,next_day_large_move,event_days_only,next_large_move_direction,controls_only,logreg,1,0,0.49783472281779717
2024-09-30,next_day_large_move,event_days_only,next_large_move_direction,controls_only,logreg,0,0,0.4654715269163222
2024-10-03,next_day_large_move,event_days_only,next_large_move_direction,controls_only,logreg,1,0,0.485508979815571
2024-10-04,next_day_large_move,event_days_only,next_large_move_direction,controls_only,logreg,0,0,0.47381035599439664
2024-10-07,next_day_large_move,event_days_only,next_large_move_direction,controls_only,logreg,1,1,0.5352769646925967
2024-10-22,next_day_large_move,event_days_only,next_large_move_direction,controls_only,logreg,0,0,0.49122950664005266
2024-10-30,next_day_large_move,event_days_only,next_large_move_direction,controls_only,logreg,0,0,0.4894186900940256
2024-11-04,next_day_large_move,event_days_only,next_large_move_direction,controls_only,logreg,1,1,0.5370998417767014
2024-11-05,next_day_large_move,event_days_only,next_large_move_direction,controls_only,logreg,1,0,0.49287594584479855
2024-11-14,next_day_large_move,event_days_only,next_large_move_direction,controls_only,logreg,0,0,0.4456752750841252
2024-12-10,next_day_large_move,event_days_only,next_large_move_direction,controls_only,logreg,1,0,0.494347297151152
2024-12-17,next_day_large_move,event_days_only,next_large_move_direction,controls_only,logreg,0,1,0.5122267514378054
2024-12-19,next_day_large_move,event_days_only,next_large_move_direction,controls_only,logreg,1,0,0.4661812388910469
2024-12-23,next_day_large_move,event_days_only,next_large_move_direction,controls_only,logreg,1,1,0.5265220059229888
2024-12-26,next_day_large_move,event_days_only,next_large_move_direction,controls_only,logreg,0,0,0.4668202923386822
2024-12-27,next_day_large_move,event_days_only,next_large_move_direction,controls_only,logreg,0,0,0.4686716147344689
2025-01-02,next_day_large_move,event_days_only,next_large_move_direction,controls_only,logreg,1,0,0.47271988875451226
2025-01-06,next_day_large_move,event_days_only,next_large_move_direction,controls_only,logreg,0,1,0.5038009438181298
2025-01-08,next_day_large_move,event_days_only,next_large_move_direction,controls_only,logreg,0,0,0.4935647901157362
2025-01-14,next_day_large_move,event_days_only,next_large_move_direction,controls_only,logreg,1,1,0.5570751374703282
2025-01-16,next_day_large_move,event_days_only,next_large_move_direction,controls_only,logreg,1,1,0.5389312278053986
2025-01-17,next_day_large_move,event_days_only,next_large_move_direction,controls_only,logreg,1,0,0.42952598771477335
2025-01-24,next_day_large_move,event_days_only,next_large_move_direction,controls_only,logreg,0,0,0.43190196714949886
2025-01-27,next_day_large_move,event_days_only,next_large_move_direction,controls_only,logreg,1,0,0.48140062063541456
2025-02-06,next_day_large_move,event_days_only,next_large_move_direction,controls_only,logreg,0,0,0.43730824788205885
2025-02-12,next_day_large_move,event_days_only,next_large_move_direction,controls_only,logreg,1,1,0.5131311749429416
2025-02-20,next_day_large_move,event_days_only,next_large_move_direction,controls_only,logreg,0,0,0.4606722098998968
2025-02-26,next_day_large_move,event_days_only,next_large_move_direction,controls_only,logreg,0,1,0.5399475819473337
2025-02-27,next_day_large_move,event_days_only,next_large_move_direction,controls_only,logreg,1,1,0.5205219336006259
2025-02-28,next_day_large_move,event_days_only,next_large_move_direction,controls_only,logreg,0,0,0.43953965461828415
2025-03-03,next_day_large_move,event_days_only,next_large_move_direction,controls_only,logreg,0,1,0.5636782846627527
2025-03-04,next_day_large_move,event_days_only,next_large_move_direction,controls_only,logreg,1,1,0.53800456147746
2025-03-05,next_day_large_move,event_days_only,next_large_move_direction,controls_only,logreg,0,1,0.5186935298213144
2025-03-07,next_day_large_move,event_days_only,next_large_move_direction,controls_only,logreg,0,1,0.5058464714990714
2025-03-12,next_day_large_move,event_days_only,next_large_move_direction,controls_only,logreg,0,1,0.6154993285204966
2025-03-13,next_day_large_move,event_days_only,next_large_move_direction,controls_only,logreg,1,1,0.5867826271017234
2025-03-17,next_day_large_move,event_days_only,next_large_move_direction,controls_only,logreg,0,1,0.5897060642522562
2025-03-18,next_day_large_move,event_days_only,next_large_move_direction,controls_only,logreg,1,1,0.5957612483325022
2025-03-21,next_day_large_move,event_days_only,next_large_move_direction,controls_only,logreg,1,1,0.5215275713649861
2025-03-25,next_day_large_move,event_days_only,next_large_move_direction,controls_only,logreg,0,1,0.5354646475654137
2025-03-27,next_day_large_move,event_days_only,next_large_move_direction,controls_only,logreg,0,1,0.5120344662451032
2025-04-02,next_day_large_move,event_days_only,next_large_move_direction,controls_only,logreg,0,0,0.48795037672469577
2025-04-03,next_day_large_move,event_days_only,next_large_move_direction,controls_only,logreg,0,1,0.5354058858646233
2025-04-07,next_day_large_move,event_days_only,next_large_move_direction,controls_only,logreg,0,1,0.5657601607103829
2025-04-08,next_day_large_move,event_days_only,next_large_move_direction,controls_only,logreg,1,1,0.6111831638550255
2025-04-09,next_day_large_move,event_days_only,next_large_move_direction,controls_only,logreg,0,0,0.14352855148668164
2025-04-10,next_day_large_move,event_days_only,next_large_move_direction,controls_only,logreg,1,1,0.5048087893035308
2025-04-15,next_day_large_move,event_days_only,next_large_move_direction,controls_only,logreg,0,0,0.43817494244131194
2025-04-17,next_day_large_move,event_days_only,next_large_move_direction,controls_only,logreg,0,1,0.5523815890495207
2025-04-21,next_day_large_move,event_days_only,next_large_move_direction,controls_only,logreg,1,1,0.6504388131630204
2025-04-22,next_day_large_move,event_days_only,next_large_move_direction,controls_only,logreg,1,1,0.5276623049077839
2025-04-23,next_day_large_move,event_days_only,next_large_move_direction,controls_only,logreg,1,1,0.6040953393409432
2025-05-01,next_day_large_move,event_days_only,next_large_move_direction,controls_only,logreg,1,0,0.4590476229840439
2025-05-09,next_day_large_move,event_days_only,next_large_move_direction,controls_only,logreg,1,1,0.51619906598578
2025-05-20,next_day_large_move,event_days_only,next_large_move_direction,controls_only,logreg,0,0,0.4949903436134393
2025-05-23,next_day_large_move,event_days_only,next_large_move_direction,controls_only,logreg,1,0,0.4900953515376785
2025-06-05,next_day_large_move,event_days_only,next_large_move_direction,controls_only,logreg,1,0,0.4437597961353897
2025-06-12,next_day_large_move,event_days_only,next_large_move_direction,controls_only,logreg,0,0,0.43223691293013705
2025-06-13,next_day_large_move,event_days_only,next_large_move_direction,controls_only,logreg,1,0,0.4811937079075651
2025-06-16,next_day_large_move,event_days_only,next_large_move_direction,controls_only,logreg,0,0,0.4487405855745524
2025-06-20,next_day_large_move,event_days_only,next_large_move_direction,controls_only,logreg,1,1,0.5181341776836115
2025-06-23,next_day_large_move,event_days_only,next_large_move_direction,controls_only,logreg,1,0,0.4652896215671655
2025-07-02,next_day_large_move,event_days_only,next_large_move_direction,controls_only,logreg,1,0,0.41955826410517055
2025-07-31,next_day_large_move,event_days_only,next_large_move_direction,controls_only,logreg,0,0,0.4439030888612294
2025-08-01,next_day_large_move,event_days_only,next_large_move_direction,controls_only,logreg,1,0,0.4797717447693673
2025-08-11,next_day_large_move,event_days_only,next_large_move_direction,controls_only,logreg,1,1,0.5033320704093069
2025-08-21,next_day_large_move,event_days_only,next_large_move_direction,controls_only,logreg,1,0,0.443735987199684
2025-09-03,next_day_large_move,event_days_only,next_large_move_direction,controls_only,logreg,1,0,0.48997167219968163
2025-09-10,next_day_large_move,event_days_only,next_large_move_direction,controls_only,logreg,1,0,0.4549399864793428
2025-10-09,next_day_large_move,event_days_only,next_large_move_direction,controls_only,logreg,0,0,0.4845212447573384
2025-10-10,next_day_large_move,event_days_only,next_large_move_direction,controls_only,logreg,1,1,0.5057812144794643
2025-10-17,next_day_large_move,event_days_only,next_large_move_direction,controls_only,logreg,1,0,0.4194904542960111
2025-10-24,next_day_large_move,event_days_only,next_large_move_direction,controls_only,logreg,1,0,0.4393919778457622
2025-10-29,next_day_large_move,event_days_only,next_large_move_direction,controls_only,logreg,0,0,0.4598247200016108
2025-11-03,next_day_large_move,event_days_only,next_large_move_direction,controls_only,logreg,0,0,0.474540707068422
2025-11-05,next_day_large_move,event_days_only,next_large_move_direction,controls_only,logreg,0,0,0.4904301511164764
2025-11-07,next_day_large_move,event_days_only,next_large_move_direction,controls_only,logreg,1,0,0.49947246860618966
2025-11-12,next_day_large_move,event_days_only,next_large_move_direction,controls_only,logreg,0,1,0.5286776947907574
2025-11-14,next_day_large_move,event_days_only,next_large_move_direction,controls_only,logreg,0,0,0.4869441874495167
2025-11-17,next_day_large_move,event_days_only,next_large_move_direction,controls_only,logreg,0,1,0.5234519452507602
2025-11-19,next_day_large_move,event_days_only,next_large_move_direction,controls_only,logreg,0,1,0.5257896206183863
2025-11-20,next_day_large_move,event_days_only,next_large_move_direction,controls_only,logreg,1,0,0.4876778587935377
2025-11-21,next_day_large_move,event_days_only,next_large_move_direction,controls_only,logreg,1,0,0.46067358578295764
2025-11-24,next_day_large_move,event_days_only,next_large_move_direction,controls_only,logreg,1,0,0.48832086391140267
2025-12-11,next_day_large_move,event_days_only,next_large_move_direction,controls_only,logreg,0,0,0.46101328208346537
2025-12-16,next_day_large_move,event_days_only,next_large_move_direction,controls_only,logreg,0,1,0.5317620027075773
2025-12-18,next_day_large_move,event_days_only,next_large_move_direction,controls_only,logreg,1,0,0.4880599463002386
2022-02-14,next_day_large_move,event_days_only,next_large_move_direction,controls_only,random_forest,1,0,0.39
2022-04-28,next_day_large_move,event_days_only,next_large_move_direction,controls_only,random_forest,0,0,0.38
2022-05-10,next_day_large_move,event_days_only,next_large_move_direction,controls_only,random_forest,0,1,0.68
2022-05-12,next_day_large_move,event_days_only,next_large_move_direction,controls_only,random_forest,1,1,0.585
2022-05-16,next_day_large_move,event_days_only,next_large_move_direction,controls_only,random_forest,1,1,0.625
2022-05-17,next_day_large_move,event_days_only,next_large_move_direction,controls_only,random_forest,0,0,0.4775
2022-05-20,next_day_large_move,event_days_only,next_large_move_direction,controls_only,random_forest,1,1,0.6425
2022-05-23,next_day_large_move,event_days_only,next_large_move_direction,controls_only,random_forest,0,1,0.5675
2022-05-24,next_day_large_move,event_days_only,next_large_move_direction,controls_only,random_forest,1,1,0.6525
2022-05-25,next_day_large_move,event_days_only,next_large_move_direction,controls_only,random_forest,1,1,0.5875
2022-05-26,next_day_large_move,event_days_only,next_large_move_direction,controls_only,random_forest,1,0,0.3925
2022-06-01,next_day_large_move,event_days_only,next_large_move_direction,controls_only,random_forest,1,1,0.5775
2022-06-02,next_day_large_move,event_days_only,next_large_move_direction,controls_only,random_forest,0,0,0.4175
2022-06-06,next_day_large_move,event_days_only,next_large_move_direction,controls_only,random_forest,1,1,0.605
2022-06-07,next_day_large_move,event_days_only,next_large_move_direction,controls_only,random_forest,0,1,0.5175
2022-06-08,next_day_large_move,event_days_only,next_large_move_direction,controls_only,random_forest,0,1,0.55
2022-06-09,next_day_large_move,event_days_only,next_large_move_direction,controls_only,random_forest,0,1,0.5375
2022-06-10,next_day_large_move,event_days_only,next_large_move_direction,controls_only,random_forest,0,1,0.74
2022-06-14,next_day_large_move,event_days_only,next_large_move_direction,controls_only,random_forest,1,1,0.665
2022-06-15,next_day_large_move,event_days_only,next_large_move_direction,controls_only,random_forest,0,1,0.7025
2022-06-17,next_day_large_move,event_days_only,next_large_move_direction,controls_only,random_forest,1,1,0.555
2022-06-22,next_day_large_move,event_days_only,next_large_move_direction,controls_only,random_forest,1,1,0.5925
2022-06-23,next_day_large_move,event_days_only,next_large_move_direction,controls_only,random_forest,1,1,0.5375
2022-06-29,next_day_large_move,event_days_only,next_large_move_direction,controls_only,random_forest,0,1,0.6025
2022-06-30,next_day_large_move,event_days_only,next_large_move_direction,controls_only,random_forest,1,1,0.595
2022-07-06,next_day_large_move,event_days_only,next_large_move_direction,controls_only,random_forest,1,1,0.595
2022-07-08,next_day_large_move,event_days_only,next_large_move_direction,controls_only,random_forest,0,1,0.605
2022-07-14,next_day_large_move,event_days_only,next_large_move_direction,controls_only,random_forest,1,1,0.6225
2022-07-15,next_day_large_move,event_days_only,next_large_move_direction,controls_only,random_forest,0,1,0.52
2022-07-18,next_day_large_move,event_days_only,next_large_move_direction,controls_only,random_forest,1,1,0.635
2022-07-20,next_day_large_move,event_days_only,next_large_move_direction,controls_only,random_forest,1,1,0.5425
2022-07-21,next_day_large_move,event_days_only,next_large_move_direction,controls_only,random_forest,0,1,0.6325
2022-07-25,next_day_large_move,event_days_only,next_large_move_direction,controls_only,random_forest,0,1,0.6625
2022-07-26,next_day_large_move,event_days_only,next_large_move_direction,controls_only,random_forest,1,0,0.45
2022-07-27,next_day_large_move,event_days_only,next_large_move_direction,controls_only,random_forest,1,1,0.5825
2022-08-02,next_day_large_move,event_days_only,next_large_move_direction,controls_only,random_forest,1,1,0.6725
2022-08-09,next_day_large_move,event_days_only,next_large_move_direction,controls_only,random_forest,1,1,0.6975
2022-08-11,next_day_large_move,event_days_only,next_large_move_direction,controls_only,random_forest,1,1,0.655
2022-08-18,next_day_large_move,event_days_only,next_large_move_direction,controls_only,random_forest,0,1,0.6175
2022-08-19,next_day_large_move,event_days_only,next_large_move_direction,controls_only,random_forest,0,1,0.59
2022-08-24,next_day_large_move,event_days_only,next_large_move_direction,controls_only,random_forest,1,1,0.565
2022-08-25,next_day_large_move,event_days_only,next_large_move_direction,controls_only,random_forest,0,1,0.5625
2022-08-29,next_day_large_move,event_days_only,next_large_move_direction,controls_only,random_forest,0,1,0.61
2022-09-06,next_day_large_move,event_days_only,next_large_move_direction,controls_only,random_forest,1,1,0.515
2022-09-08,next_day_large_move,event_days_only,next_large_move_direction,controls_only,random_forest,1,1,0.7125
2022-09-09,next_day_large_move,event_days_only,next_large_move_direction,controls_only,random_forest,1,1,0.6625
2022-09-12,next_day_large_move,event_days_only,next_large_move_direction,controls_only,random_forest,0,1,0.5475
2022-09-14,next_day_large_move,event_days_only,next_large_move_direction,controls_only,random_forest,0,1,0.5325
2022-09-19,next_day_large_move,event_days_only,next_large_move_direction,controls_only,random_forest,0,1,0.7875
2022-09-20,next_day_large_move,event_days_only,next_large_move_direction,controls_only,random_forest,0,0,0.425
2022-09-21,next_day_large_move,event_days_only,next_large_move_direction,controls_only,random_forest,0,0,0.435
2022-09-22,next_day_large_move,event_days_only,next_large_move_direction,controls_only,random_forest,0,0,0.42
2022-09-23,next_day_large_move,event_days_only,next_large_move_direction,controls_only,random_forest,0,0,0.4875
2022-09-27,next_day_large_move,event_days_only,next_large_move_direction,controls_only,random_forest,1,1,0.5375
2022-09-28,next_day_large_move,event_days_only,next_large_move_direction,controls_only,random_forest,0,1,0.7075
2022-09-29,next_day_large_move,event_days_only,next_large_move_direction,controls_only,random_forest,0,1,0.6475
2022-09-30,next_day_large_move,event_days_only,next_large_move_direction,controls_only,random_forest,1,1,0.5775
2022-10-03,next_day_large_move,event_days_only,next_large_move_direction,controls_only,random_forest,1,1,0.5175
2022-10-05,next_day_large_move,event_days_only,next_large_move_direction,controls_only,random_forest,0,1,0.5525
2022-10-06,next_day_large_move,event_days_only,next_large_move_direction,controls_only,random_forest,0,0,0.4525
2022-10-12,next_day_large_move,event_days_only,next_large_move_direction,controls_only,random_forest,1,0,0.46
2022-10-13,next_day_large_move,event_days_only,next_large_move_direction,controls_only,random_forest,0,1,0.505
2022-10-14,next_day_large_move,event_days_only,next_large_move_direction,controls_only,random_forest,1,1,0.67
2022-10-17,next_day_large_move,event_days_only,next_large_move_direction,controls_only,random_forest,1,0,0.47
2022-10-20,next_day_large_move,event_days_only,next_large_move_direction,controls_only,random_forest,1,1,0.66
2022-10-21,next_day_large_move,event_days_only,next_large_move_direction,controls_only,random_forest,1,1,0.5025
2022-10-24,next_day_large_move,event_days_only,next_large_move_direction,controls_only,random_forest,1,0,0.4775
2022-10-27,next_day_large_move,event_days_only,next_large_move_direction,controls_only,random_forest,1,1,0.5925
2022-11-01,next_day_large_move,event_days_only,next_large_move_direction,controls_only,random_forest,0,1,0.565
2022-11-02,next_day_large_move,event_days_only,next_large_move_direction,controls_only,random_forest,0,1,0.6175
2022-11-03,next_day_large_move,event_days_only,next_large_move_direction,controls_only,random_forest,1,1,0.565
2022-11-04,next_day_large_move,event_days_only,next_large_move_direction,controls_only,random_forest,1,1,0.5475
2022-11-08,next_day_large_move,event_days_only,next_large_move_direction,controls_only,random_forest,0,1,0.725
2022-11-09,next_day_large_move,event_days_only,next_large_move_direction,controls_only,random_forest,1,1,0.5325
2022-11-10,next_day_large_move,event_days_only,next_large_move_direction,controls_only,random_forest,1,0,0.4225
2022-11-11,next_day_large_move,event_days_only,next_large_move_direction,controls_only,random_forest,0,0,0.4475
2022-11-14,next_day_large_move,event_days_only,next_large_move_direction,controls_only,random_forest,1,1,0.625
2022-11-15,next_day_large_move,event_days_only,next_large_move_direction,controls_only,random_forest,0,1,0.5775
2022-11-29,next_day_large_move,event_days_only,next_large_move_direction,controls_only,random_forest,1,0,0.4
2022-12-02,next_day_large_move,event_days_only,next_large_move_direction,controls_only,random_forest,0,1,0.75
2022-12-05,next_day_large_move,event_days_only,next_large_move_direction,controls_only,random_forest,0,1,0.5775
2022-12-09,next_day_large_move,event_days_only,next_large_move_direction,controls_only,random_forest,1,1,0.5825
2022-12-14,next_day_large_move,event_days_only,next_large_move_direction,controls_only,random_forest,0,1,0.6
2022-12-15,next_day_large_move,event_days_only,next_large_move_direction,controls_only,random_forest,0,1,0.57
2022-12-16,next_day_large_move,event_days_only,next_large_move_direction,controls_only,random_forest,0,0,0.345
2022-12-20,next_day_large_move,event_days_only,next_large_move_direction,controls_only,random_forest,1,0,0.3575
2022-12-21,next_day_large_move,event_days_only,next_large_move_direction,controls_only,random_forest,0,1,0.7375
2022-12-27,next_day_large_move,event_days_only,next_large_move_direction,controls_only,random_forest,0,1,0.6625
2022-12-28,next_day_large_move,event_days_only,next_large_move_direction,controls_only,random_forest,1,1,0.6475
2023-01-04,next_day_large_move,event_days_only,next_large_move_direction,controls_only,random_forest,0,1,0.63
2023-01-05,next_day_large_move,event_days_only,next_large_move_direction,controls_only,random_forest,1,1,0.57
2023-01-10,next_day_large_move,event_days_only,next_large_move_direction,controls_only,random_forest,1,1,0.575
2023-01-17,next_day_large_move,event_days_only,next_large_move_direction,controls_only,random_forest,0,1,0.56
2023-01-19,next_day_large_move,event_days_only,next_large_move_direction,controls_only,random_forest,1,0,0.455
2023-01-20,next_day_large_move,event_days_only,next_large_move_direction,controls_only,random_forest,1,1,0.61
2023-01-25,next_day_large_move,event_days_only,next_large_move_direction,controls_only,random_forest,1,1,0.565
2023-01-27,next_day_large_move,event_days_only,next_large_move_direction,controls_only,random_forest,0,1,0.585
2023-01-30,next_day_large_move,event_days_only,next_large_move_direction,controls_only,random_forest,1,1,0.575
2023-01-31,next_day_large_move,event_days_only,next_large_move_direction,controls_only,random_forest,1,1,0.705
2023-02-01,next_day_large_move,event_days_only,next_large_move_direction,controls_only,random_forest,1,1,0.7
2023-02-02,next_day_large_move,event_days_only,next_large_move_direction,controls_only,random_forest,0,1,0.535
2023-02-06,next_day_large_move,event_days_only,next_large_move_direction,controls_only,random_forest,1,1,0.505
2023-02-07,next_day_large_move,event_days_only,next_large_move_direction,controls_only,random_forest,0,1,0.615
2023-02-08,next_day_large_move,event_days_only,next_large_move_direction,controls_only,random_forest,0,1,0.63
2023-02-10,next_day_large_move,event_days_only,next_large_move_direction,controls_only,random_forest,1,0,0.395
2023-02-15,next_day_large_move,event_days_only,next_large_move_direction,controls_only,random_forest,0,1,0.635
2023-02-17,next_day_large_move,event_days_only,next_large_move_direction,controls_only,random_forest,0,0,0.375
2023-02-23,next_day_large_move,event_days_only,next_large_move_direction,controls_only,random_forest,0,1,0.61
2023-03-02,next_day_large_move,event_days_only,next_large_move_direction,controls_only,random_forest,1,1,0.515
2023-03-06,next_day_large_move,event_days_only,next_large_move_direction,controls_only,random_forest,0,1,0.625
2023-03-08,next_day_large_move,event_days_only,next_large_move_direction,controls_only,random_forest,0,1,0.59
2023-03-09,next_day_large_move,event_days_only,next_large_move_direction,controls_only,random_forest,0,0,0.375
2023-03-13,next_day_large_move,event_days_only,next_large_move_direction,controls_only,random_forest,1,0,0.41
2023-03-15,next_day_large_move,event_days_only,next_large_move_direction,controls_only,random_forest,1,1,0.6
2023-03-16,next_day_large_move,event_days_only,next_large_move_direction,controls_only,random_forest,0,1,0.52
2023-03-17,next_day_large_move,event_days_only,next_large_move_direction,controls_only,random_forest,1,1,0.595
2023-03-20,next_day_large_move,event_days_only,next_large_move_direction,controls_only,random_forest,1,1,0.66
2023-03-21,next_day_large_move,event_days_only,next_large_move_direction,controls_only,random_forest,0,1,0.6
2023-03-28,next_day_large_move,event_days_only,next_large_move_direction,controls_only,random_forest,1,1,0.57
2023-03-30,next_day_large_move,event_days_only,next_large_move_direction,controls_only,random_forest,1,1,0.765
2023-04-12,next_day_large_move,event_days_only,next_large_move_direction,controls_only,random_forest,1,1,0.53
2023-04-24,next_day_large_move,event_days_only,next_large_move_direction,controls_only,random_forest,0,0,0.5
2023-04-26,next_day_large_move,event_days_only,next_large_move_direction,controls_only,random_forest,1,1,0.625
2023-04-27,next_day_large_move,event_days_only,next_large_move_direction,controls_only,random_forest,1,0,0.42
2023-05-04,next_day_large_move,event_days_only,next_large_move_direction,controls_only,random_forest,1,0,0.425
2023-05-16,next_day_large_move,event_days_only,next_large_move_direction,controls_only,random_forest,1,1,0.515
2023-05-17,next_day_large_move,event_days_only,next_large_move_direction,controls_only,random_forest,1,0,0.38
2023-05-22,next_day_large_move,event_days_only,next_large_move_direction,controls_only,random_forest,0,1,0.7
2023-05-24,next_day_large_move,event_days_only,next_large_move_direction,controls_only,random_forest,1,0,0.45
2023-05-25,next_day_large_move,event_days_only,next_large_move_direction,controls_only,random_forest,1,0,0.415
2023-05-31,next_day_large_move,event_days_only,next_large_move_direction,controls_only,random_forest,1,1,0.57
2023-06-01,next_day_large_move,event_days_only,next_large_move_direction,controls_only,random_forest,1,0,0.49
2023-06-09,next_day_large_move,event_days_only,next_large_move_direction,controls_only,random_forest,1,1,0.59
2023-06-14,next_day_large_move,event_days_only,next_large_move_direction,controls_only,random_forest,1,1,0.595
2023-06-26,next_day_large_move,event_days_only,next_large_move_direction,controls_only,random_forest,1,1,0.52
2023-06-29,next_day_large_move,event_days_only,next_large_move_direction,controls_only,random_forest,1,1,0.505
2023-07-12,next_day_large_move,event_days_only,next_large_move_direction,controls_only,random_forest,1,0,0.43
2023-07-27,next_day_large_move,event_days_only,next_large_move_direction,controls_only,random_forest,1,1,0.635
2023-08-01,next_day_large_move,event_days_only,next_large_move_direction,controls_only,random_forest,0,0,0.355
2023-08-04,next_day_large_move,event_days_only,next_large_move_direction,controls_only,random_forest,1,1,0.615
2023-08-14,next_day_large_move,event_days_only,next_large_move_direction,controls_only,random_forest,0,1,0.585
2023-08-22,next_day_large_move,event_days_only,next_large_move_direction,controls_only,random_forest,1,1,0.72
2023-08-23,next_day_large_move,event_days_only,next_large_move_direction,controls_only,random_forest,0,0,0.495
2023-08-28,next_day_large_move,event_days_only,next_large_move_direction,controls_only,random_forest,1,1,0.58
2023-09-13,next_day_large_move,event_days_only,next_large_move_direction,controls_only,random_forest,1,0,0.33
2023-09-14,next_day_large_move,event_days_only,next_large_move_direction,controls_only,random_forest,0,0,0.42
2023-09-19,next_day_large_move,event_days_only,next_large_move_direction,controls_only,random_forest,0,0,0.475
2023-09-20,next_day_large_move,event_days_only,next_large_move_direction,controls_only,random_forest,0,0,0.465
2023-09-25,next_day_large_move,event_days_only,next_large_move_direction,controls_only,random_forest,0,1,0.55
2023-10-02,next_day_large_move,event_days_only,next_large_move_direction,controls_only,random_forest,0,1,0.77
2023-10-05,next_day_large_move,event_days_only,next_large_move_direction,controls_only,random_forest,1,1,0.565
2023-10-13,next_day_large_move,event_days_only,next_large_move_direction,controls_only,random_forest,1,1,0.515
2023-10-17,next_day_large_move,event_days_only,next_large_move_direction,controls_only,random_forest,0,1,0.59
2023-10-18,next_day_large_move,event_days_only,next_large_move_direction,controls_only,random_forest,0,1,0.51
2023-10-19,next_day_large_move,event_days_only,next_large_move_direction,controls_only,random_forest,0,0,0.5
2023-10-24,next_day_large_move,event_days_only,next_large_move_direction,controls_only,random_forest,0,1,0.6
2023-10-25,next_day_large_move,event_days_only,next_large_move_direction,controls_only,random_forest,0,1,0.56
2023-10-27,next_day_large_move,event_days_only,next_large_move_direction,controls_only,random_forest,1,1,0.56
2023-10-31,next_day_large_move,event_days_only,next_large_move_direction,controls_only,random_forest,1,1,0.64
2023-11-01,next_day_large_move,event_days_only,next_large_move_direction,controls_only,random_forest,1,1,0.505
2023-11-02,next_day_large_move,event_days_only,next_large_move_direction,controls_only,random_forest,1,0,0.44
2023-11-09,next_day_large_move,event_days_only,next_large_move_direction,controls_only,random_forest,1,1,0.57
2023-11-13,next_day_large_move,event_days_only,next_large_move_direction,controls_only,random_forest,1,1,0.645
2023-12-12,next_day_large_move,event_days_only,next_large_move_direction,controls_only,random_forest,1,1,0.55
2023-12-19,next_day_large_move,event_days_only,next_large_move_direction,controls_only,random_forest,0,0,0.42
2023-12-20,next_day_large_move,event_days_only,next_large_move_direction,controls_only,random_forest,1,0,0.495
2024-01-05,next_day_large_move,event_days_only,next_large_move_direction,controls_only,random_forest,1,1,0.6125
2024-01-17,next_day_large_move,event_days_only,next_large_move_direction,controls_only,random_forest,1,0,0.4975
2024-01-18,next_day_large_move,event_days_only,next_large_move_direction,controls_only,random_forest,1,0,0.3875
2024-01-30,next_day_large_move,event_days_only,next_large_move_direction,controls_only,random_forest,0,0,0.4425
2024-01-31,next_day_large_move,event_days_only,next_large_move_direction,controls_only,random_forest,1,1,0.595
2024-02-06,next_day_large_move,event_days_only,next_large_move_direction,controls_only,random_forest,1,1,0.5575
2024-02-12,next_day_large_move,event_days_only,next_large_move_direction,controls_only,random_forest,0,1,0.605
2024-02-13,next_day_large_move,event_days_only,next_large_move_direction,controls_only,random_forest,1,1,0.5725
2024-02-21,next_day_large_move,event_days_only,next_large_move_direction,controls_only,random_forest,1,0,0.47
2024-03-04,next_day_large_move,event_days_only,next_large_move_direction,controls_only,random_forest,0,1,0.605
2024-03-06,next_day_large_move,event_days_only,next_large_move_direction,controls_only,random_forest,1,1,0.54
2024-03-11,next_day_large_move,event_days_only,next_large_move_direction,controls_only,random_forest,1,0,0.425
2024-03-19,next_day_large_move,event_days_only,next_large_move_direction,controls_only,random_forest,1,0,0.4125
2024-03-26,next_day_large_move,event_days_only,next_large_move_direction,controls_only,random_forest,1,0,0.4125
2024-04-03,next_day_large_move,event_days_only,next_large_move_direction,controls_only,random_forest,0,0,0.32
2024-04-04,next_day_large_move,event_days_only,next_large_move_direction,controls_only,random_forest,1,1,0.6375
2024-04-09,next_day_large_move,event_days_only,next_large_move_direction,controls_only,random_forest,0,0,0.3775
2024-04-11,next_day_large_move,event_days_only,next_large_move_direction,controls_only,random_forest,0,0,0.445
2024-04-12,next_day_large_move,event_days_only,next_large_move_direction,controls_only,random_forest,0,0,0.4375
2024-04-18,next_day_large_move,event_days_only,next_large_move_direction,controls_only,random_forest,0,1,0.6825
2024-04-19,next_day_large_move,event_days_only,next_large_move_direction,controls_only,random_forest,1,1,0.7375
2024-04-22,next_day_large_move,event_days_only,next_large_move_direction,controls_only,random_forest,1,1,0.665
2024-04-25,next_day_large_move,event_days_only,next_large_move_direction,controls_only,random_forest,1,1,0.5875
2024-04-29,next_day_large_move,event_days_only,next_large_move_direction,controls_only,random_forest,0,1,0.5525
2024-05-01,next_day_large_move,event_days_only,next_large_move_direction,controls_only,random_forest,1,0,0.45
2024-05-02,next_day_large_move,event_days_only,next_large_move_direction,controls_only,random_forest,1,1,0.615
2024-05-03,next_day_large_move,event_days_only,next_large_move_direction,controls_only,random_forest,1,1,0.545
2024-05-14,next_day_large_move,event_days_only,next_large_move_direction,controls_only,random_forest,1,1,0.57
2024-06-04,next_day_large_move,event_days_only,next_large_move_direction,controls_only,random_forest,1,0,0.42
2024-06-11,next_day_large_move,event_days_only,next_large_move_direction,controls_only,random_forest,1,0,0.34
2024-07-09,next_day_large_move,event_days_only,next_large_move_direction,controls_only,random_forest,1,1,0.565
2024-07-10,next_day_large_move,event_days_only,next_large_move_direction,controls_only,random_forest,0,1,0.6075
2024-07-16,next_day_large_move,event_days_only,next_large_move_direction,controls_only,random_forest,0,0,0.45
2024-07-19,next_day_large_move,event_days_only,next_large_move_direction,controls_only,random_forest,1,1,0.5525
2024-07-23,next_day_large_move,event_days_only,next_large_move_direction,controls_only,random_forest,0,1,0.5275
2024-07-25,next_day_large_move,event_days_only,next_large_move_direction,controls_only,random_forest,1,1,0.6475
2024-07-30,next_day_large_move,event_days_only,next_large_move_direction,controls_only,random_forest,1,1,0.6975
2024-07-31,next_day_large_move,event_days_only,next_large_move_direction,controls_only,random_forest,0,1,0.545
2024-08-01,next_day_large_move,event_days_only,next_large_move_direction,controls_only,random_forest,0,1,0.52
2024-08-02,next_day_large_move,event_days_only,next_large_move_direction,controls_only,random_forest,0,0,0.3975
2024-08-05,next_day_large_move,event_days_only,next_large_move_direction,controls_only,random_forest,1,1,0.6
2024-08-07,next_day_large_move,event_days_only,next_large_move_direction,controls_only,random_forest,1,1,0.6775
2024-08-12,next_day_large_move,event_days_only,next_large_move_direction,controls_only,random_forest,1,0,0.495
2024-08-14,next_day_large_move,event_days_only,next_large_move_direction,controls_only,random_forest,1,1,0.5025
2024-08-16,next_day_large_move,event_days_only,next_large_move_direction,controls_only,random_forest,1,0,0.4975
2024-08-21,next_day_large_move,event_days_only,next_large_move_direction,controls_only,random_forest,0,1,0.5275
2024-08-22,next_day_large_move,event_days_only,next_large_move_direction,controls_only,random_forest,1,1,0.645
2024-08-29,next_day_large_move,event_days_only,next_large_move_direction,controls_only,random_forest,1,1,0.6425
2024-08-30,next_day_large_move,event_days_only,next_large_move_direction,controls_only,random_forest,0,1,0.6175
2024-09-05,next_day_large_move,event_days_only,next_large_move_direction,controls_only,random_forest,0,1,0.55
2024-09-06,next_day_large_move,event_days_only,next_large_move_direction,controls_only,random_forest,1,0,0.34
2024-09-10,next_day_large_move,event_days_only,next_large_move_direction,controls_only,random_forest,1,1,0.5525
2024-09-18,next_day_large_move,event_days_only,next_large_move_direction,controls_only,random_forest,1,1,0.525
2024-09-30,next_day_large_move,event_days_only,next_large_move_direction,controls_only,random_forest,0,0,0.4575
2024-10-03,next_day_large_move,event_days_only,next_large_move_direction,controls_only,random_forest,1,1,0.585
2024-10-04,next_day_large_move,event_days_only,next_large_move_direction,controls_only,random_forest,0,1,0.545
2024-10-07,next_day_large_move,event_days_only,next_large_move_direction,controls_only,random_forest,1,1,0.57
2024-10-22,next_day_large_move,event_days_only,next_large_move_direction,controls_only,random_forest,0,0,0.2325
2024-10-30,next_day_large_move,event_days_only,next_large_move_direction,controls_only,random_forest,0,0,0.295
2024-11-04,next_day_large_move,event_days_only,next_large_move_direction,controls_only,random_forest,1,0,0.48
2024-11-05,next_day_large_move,event_days_only,next_large_move_direction,controls_only,random_forest,1,1,0.535
2024-11-14,next_day_large_move,event_days_only,next_large_move_direction,controls_only,random_forest,0,0,0.3925
2024-12-10,next_day_large_move,event_days_only,next_large_move_direction,controls_only,random_forest,1,0,0.4525
2024-12-17,next_day_large_move,event_days_only,next_large_move_direction,controls_only,random_forest,0,0,0.4975
2024-12-19,next_day_large_move,event_days_only,next_large_move_direction,controls_only,random_forest,1,1,0.5275
2024-12-23,next_day_large_move,event_days_only,next_large_move_direction,controls_only,random_forest,1,0,0.495
2024-12-26,next_day_large_move,event_days_only,next_large_move_direction,controls_only,random_forest,0,0,0.4975
2024-12-27,next_day_large_move,event_days_only,next_large_move_direction,controls_only,random_forest,0,0,0.4625
2025-01-02,next_day_large_move,event_days_only,next_large_move_direction,controls_only,random_forest,1,1,0.6475
2025-01-06,next_day_large_move,event_days_only,next_large_move_direction,controls_only,random_forest,0,1,0.5375
2025-01-08,next_day_large_move,event_days_only,next_large_move_direction,controls_only,random_forest,0,0,0.5
2025-01-14,next_day_large_move,event_days_only,next_large_move_direction,controls_only,random_forest,1,0,0.3975
2025-01-16,next_day_large_move,event_days_only,next_large_move_direction,controls_only,random_forest,1,1,0.71
2025-01-17,next_day_large_move,event_days_only,next_large_move_direction,controls_only,random_forest,1,1,0.56
2025-01-24,next_day_large_move,event_days_only,next_large_move_direction,controls_only,random_forest,0,0,0.45
2025-01-27,next_day_large_move,event_days_only,next_large_move_direction,controls_only,random_forest,1,0,0.4775
2025-02-06,next_day_large_move,event_days_only,next_large_move_direction,controls_only,random_forest,0,1,0.58
2025-02-12,next_day_large_move,event_days_only,next_large_move_direction,controls_only,random_forest,1,1,0.605
2025-02-20,next_day_large_move,event_days_only,next_large_move_direction,controls_only,random_forest,0,0,0.385
2025-02-26,next_day_large_move,event_days_only,next_large_move_direction,controls_only,random_forest,0,1,0.67
2025-02-27,next_day_large_move,event_days_only,next_large_move_direction,controls_only,random_forest,1,0,0.4775
2025-02-28,next_day_large_move,event_days_only,next_large_move_direction,controls_only,random_forest,0,1,0.5275
2025-03-03,next_day_large_move,event_days_only,next_large_move_direction,controls_only,random_forest,0,1,0.52
2025-03-04,next_day_large_move,event_days_only,next_large_move_direction,controls_only,random_forest,1,0,0.47
2025-03-05,next_day_large_move,event_days_only,next_large_move_direction,controls_only,random_forest,0,1,0.565
2025-03-07,next_day_large_move,event_days_only,next_large_move_direction,controls_only,random_forest,0,1,0.7625
2025-03-12,next_day_large_move,event_days_only,next_large_move_direction,controls_only,random_forest,0,1,0.775
2025-03-13,next_day_large_move,event_days_only,next_large_move_direction,controls_only,random_forest,1,1,0.535
2025-03-17,next_day_large_move,event_days_only,next_large_move_direction,controls_only,random_forest,0,1,0.7675
2025-03-18,next_day_large_move,event_days_only,next_large_move_direction,controls_only,random_forest,1,1,0.6375
2025-03-21,next_day_large_move,event_days_only,next_large_move_direction,controls_only,random_forest,1,1,0.5725
2025-03-25,next_day_large_move,event_days_only,next_large_move_direction,controls_only,random_forest,0,1,0.6675
2025-03-27,next_day_large_move,event_days_only,next_large_move_direction,controls_only,random_forest,0,1,0.5225
2025-04-02,next_day_large_move,event_days_only,next_large_move_direction,controls_only,random_forest,0,1,0.6825
2025-04-03,next_day_large_move,event_days_only,next_large_move_direction,controls_only,random_forest,0,1,0.645
2025-04-07,next_day_large_move,event_days_only,next_large_move_direction,controls_only,random_forest,0,1,0.6875
2025-04-08,next_day_large_move,event_days_only,next_large_move_direction,controls_only,random_forest,1,1,0.6825
2025-04-09,next_day_large_move,event_days_only,next_large_move_direction,controls_only,random_forest,0,0,0.49
2025-04-10,next_day_large_move,event_days_only,next_large_move_direction,controls_only,random_forest,1,0,0.48
2025-04-15,next_day_large_move,event_days_only,next_large_move_direction,controls_only,random_forest,0,0,0.5
2025-04-17,next_day_large_move,event_days_only,next_large_move_direction,controls_only,random_forest,0,1,0.645
2025-04-21,next_day_large_move,event_days_only,next_large_move_direction,controls_only,random_forest,1,1,0.62
2025-04-22,next_day_large_move,event_days_only,next_large_move_direction,controls_only,random_forest,1,1,0.555
2025-04-23,next_day_large_move,event_days_only,next_large_move_direction,controls_only,random_forest,1,1,0.6425
2025-05-01,next_day_large_move,event_days_only,next_large_move_direction,controls_only,random_forest,1,1,0.5475
2025-05-09,next_day_large_move,event_days_only,next_large_move_direction,controls_only,random_forest,1,1,0.575
2025-05-20,next_day_large_move,event_days_only,next_large_move_direction,controls_only,random_forest,0,1,0.64
2025-05-23,next_day_large_move,event_days_only,next_large_move_direction,controls_only,random_forest,1,1,0.6325
2025-06-05,next_day_large_move,event_days_only,next_large_move_direction,controls_only,random_forest,1,1,0.695
2025-06-12,next_day_large_move,event_days_only,next_large_move_direction,controls_only,random_forest,0,0,0.4775
2025-06-13,next_day_large_move,event_days_only,next_large_move_direction,controls_only,random_forest,1,0,0.435
2025-06-16,next_day_large_move,event_days_only,next_large_move_direction,controls_only,random_forest,0,1,0.655
2025-06-20,next_day_large_move,event_days_only,next_large_move_direction,controls_only,random_forest,1,1,0.5325
2025-06-23,next_day_large_move,event_days_only,next_large_move_direction,controls_only,random_forest,1,1,0.6625
2025-07-02,next_day_large_move,event_days_only,next_large_move_direction,controls_only,random_forest,1,0,0.4775
2025-07-31,next_day_large_move,event_days_only,next_large_move_direction,controls_only,random_forest,0,1,0.525
2025-08-01,next_day_large_move,event_days_only,next_large_move_direction,controls_only,random_forest,1,1,0.5575
2025-08-11,next_day_large_move,event_days_only,next_large_move_direction,controls_only,random_forest,1,0,0.4375
2025-08-21,next_day_large_move,event_days_only,next_large_move_direction,controls_only,random_forest,1,1,0.6625
2025-09-03,next_day_large_move,event_days_only,next_large_move_direction,controls_only,random_forest,1,0,0.435
2025-09-10,next_day_large_move,event_days_only,next_large_move_direction,controls_only,random_forest,1,0,0.48
2025-10-09,next_day_large_move,event_days_only,next_large_move_direction,controls_only,random_forest,0,0,0.48
2025-10-10,next_day_large_move,event_days_only,next_large_move_direction,controls_only,random_forest,1,1,0.52
2025-10-17,next_day_large_move,event_days_only,next_large_move_direction,controls_only,random_forest,1,0,0.4675
2025-10-24,next_day_large_move,event_days_only,next_large_move_direction,controls_only,random_forest,1,0,0.46
2025-10-29,next_day_large_move,event_days_only,next_large_move_direction,controls_only,random_forest,0,1,0.615
2025-11-03,next_day_large_move,event_days_only,next_large_move_direction,controls_only,random_forest,0,1,0.54
2025-11-05,next_day_large_move,event_days_only,next_large_move_direction,controls_only,random_forest,0,1,0.625
2025-11-07,next_day_large_move,event_days_only,next_large_move_direction,controls_only,random_forest,1,1,0.6475
2025-11-12,next_day_large_move,event_days_only,next_large_move_direction,controls_only,random_forest,0,1,0.675
2025-11-14,next_day_large_move,event_days_only,next_large_move_direction,controls_only,random_forest,0,0,0.44
2025-11-17,next_day_large_move,event_days_only,next_large_move_direction,controls_only,random_forest,0,1,0.5475
2025-11-19,next_day_large_move,event_days_only,next_large_move_direction,controls_only,random_forest,0,1,0.5675
2025-11-20,next_day_large_move,event_days_only,next_large_move_direction,controls_only,random_forest,1,0,0.3625
2025-11-21,next_day_large_move,event_days_only,next_large_move_direction,controls_only,random_forest,1,1,0.545
2025-11-24,next_day_large_move,event_days_only,next_large_move_direction,controls_only,random_forest,1,1,0.67
2025-12-11,next_day_large_move,event_days_only,next_large_move_direction,controls_only,random_forest,0,0,0.465
2025-12-16,next_day_large_move,event_days_only,next_large_move_direction,controls_only,random_forest,0,1,0.52
2025-12-18,next_day_large_move,event_days_only,next_large_move_direction,controls_only,random_forest,1,1,0.61
2022-02-14,next_day_large_move,event_days_only,next_large_move_direction,controls_only,gradient_boosting,1,0,0.38180549696249516
2022-04-28,next_day_large_move,event_days_only,next_large_move_direction,controls_only,gradient_boosting,0,0,0.11409740678487658
2022-05-10,next_day_large_move,event_days_only,next_large_move_direction,controls_only,gradient_boosting,0,1,0.7698947948319276
2022-05-12,next_day_large_move,event_days_only,next_large_move_direction,controls_only,gradient_boosting,1,1,0.8061003852653214
2022-05-16,next_day_large_move,event_days_only,next_large_move_direction,controls_only,gradient_boosting,1,1,0.7288487882826844
2022-05-17,next_day_large_move,event_days_only,next_large_move_direction,controls_only,gradient_boosting,0,1,0.5307491615905598
2022-05-20,next_day_large_move,event_days_only,next_large_move_direction,controls_only,gradient_boosting,1,1,0.5427240763960328
2022-05-23,next_day_large_move,event_days_only,next_large_move_direction,controls_only,gradient_boosting,0,0,0.4031587211738522
2022-05-24,next_day_large_move,event_days_only,next_large_move_direction,controls_only,gradient_boosting,1,1,0.6269754688129892
2022-05-25,next_day_large_move,event_days_only,next_large_move_direction,controls_only,gradient_boosting,1,1,0.5190015904466773
2022-05-26,next_day_large_move,event_days_only,next_large_move_direction,controls_only,gradient_boosting,1,0,0.1887341801933881
2022-06-01,next_day_large_move,event_days_only,next_large_move_direction,controls_only,gradient_boosting,1,1,0.5908189773928142
2022-06-02,next_day_large_move,event_days_only,next_large_move_direction,controls_only,gradient_boosting,0,0,0.2347513752170536
2022-06-06,next_day_large_move,event_days_only,next_large_move_direction,controls_only,gradient_boosting,1,0,0.36654553319344896
2022-06-07,next_day_large_move,event_days_only,next_large_move_direction,controls_only,gradient_boosting,0,0,0.3924884751551916
2022-06-08,next_day_large_move,event_days_only,next_large_move_direction,controls_only,gradient_boosting,0,0,0.48079592836063817
2022-06-09,next_day_large_move,event_days_only,next_large_move_direction,controls_only,gradient_boosting,0,0,0.29312264747428296
2022-06-10,next_day_large_move,event_days_only,next_large_move_direction,controls_only,gradient_boosting,0,1,0.7749598215396629
2022-06-14,next_day_large_move,event_days_only,next_large_move_direction,controls_only,gradient_boosting,1,1,0.8002421831336946
2022-06-15,next_day_large_move,event_days_only,next_large_move_direction,controls_only,gradient_boosting,0,1,0.60032227431687
2022-06-17,next_day_large_move,event_days_only,next_large_move_direction,controls_only,gradient_boosting,1,1,0.5907774817573436
2022-06-22,next_day_large_move,event_days_only,next_large_move_direction,controls_only,gradient_boosting,1,1,0.5370259769325316
2022-06-23,next_day_large_move,event_days_only,next_large_move_direction,controls_only,gradient_boosting,1,1,0.6534689094245053
2022-06-29,next_day_large_move,event_days_only,next_large_move_direction,controls_only,gradient_boosting,0,1,0.7260348994644532
2022-06-30,next_day_large_move,event_days_only,next_large_move_direction,controls_only,gradient_boosting,1,1,0.6445612250740035
2022-07-06,next_day_large_move,event_days_only,next_large_move_direction,controls_only,gradient_boosting,1,0,0.20732611077952606
2022-07-08,next_day_large_move,event_days_only,next_large_move_direction,controls_only,gradient_boosting,0,0,0.39190090508679326
2022-07-14,next_day_large_move,event_days_only,next_large_move_direction,controls_only,gradient_boosting,1,1,0.5783428743514661
2022-07-15,next_day_large_move,event_days_only,next_large_move_direction,controls_only,gradient_boosting,0,1,0.5863477860563202
2022-07-18,next_day_large_move,event_days_only,next_large_move_direction,controls_only,gradient_boosting,1,0,0.387245875572244
2022-07-20,next_day_large_move,event_days_only,next_large_move_direction,controls_only,gradient_boosting,1,0,0.4529350012265198
2022-07-21,next_day_large_move,event_days_only,next_large_move_direction,controls_only,gradient_boosting,0,1,0.7089060098415619
2022-07-25,next_day_large_move,event_days_only,next_large_move_direction,controls_only,gradient_boosting,0,1,0.7216463693565355
2022-07-26,next_day_large_move,event_days_only,next_large_move_direction,controls_only,gradient_boosting,1,1,0.6263195648528541
2022-07-27,next_day_large_move,event_days_only,next_large_move_direction,controls_only,gradient_boosting,1,1,0.7387397809821176
2022-08-02,next_day_large_move,event_days_only,next_large_move_direction,controls_only,gradient_boosting,1,1,0.8609299953731339
2022-08-09,next_day_large_move,event_days_only,next_large_move_direction,controls_only,gradient_boosting,1,1,0.7861760487127932
2022-08-11,next_day_large_move,event_days_only,next_large_move_direction,controls_only,gradient_boosting,1,1,0.9359936833962069
2022-08-18,next_day_large_move,event_days_only,next_large_move_direction,controls_only,gradient_boosting,0,1,0.7528689528726203
2022-08-19,next_day_large_move,event_days_only,next_large_move_direction,controls_only,gradient_boosting,0,1,0.6634799571526994
2022-08-24,next_day_large_move,event_days_only,next_large_move_direction,controls_only,gradient_boosting,1,1,0.7426780563174993
2022-08-25,next_day_large_move,event_days_only,next_large_move_direction,controls_only,gradient_boosting,0,1,0.5856298077405544
2022-08-29,next_day_large_move,event_days_only,next_large_move_direction,controls_only,gradient_boosting,0,1,0.5815521785687806
2022-09-06,next_day_large_move,event_days_only,next_large_move_direction,controls_only,gradient_boosting,1,1,0.682845266569144
2022-09-08,next_day_large_move,event_days_only,next_large_move_direction,controls_only,gradient_boosting,1,1,0.7687893386240294
2022-09-09,next_day_large_move,event_days_only,next_large_move_direction,controls_only,gradient_boosting,1,1,0.5587379238779142
2022-09-12,next_day_large_move,event_days_only,next_large_move_direction,controls_only,gradient_boosting,0,0,0.2627592139195667
2022-09-14,next_day_large_move,event_days_only,next_large_move_direction,controls_only,gradient_boosting,0,1,0.5019195554510721
2022-09-19,next_day_large_move,event_days_only,next_large_move_direction,controls_only,gradient_boosting,0,1,0.7204922287720428
2022-09-20,next_day_large_move,event_days_only,next_large_move_direction,controls_only,gradient_boosting,0,0,0.4278336561949718
2022-09-21,next_day_large_move,event_days_only,next_large_move_direction,controls_only,gradient_boosting,0,0,0.4496551110441493
2022-09-22,next_day_large_move,event_days_only,next_large_move_direction,controls_only,gradient_boosting,0,1,0.6170346887023556
2022-09-23,next_day_large_move,event_days_only,next_large_move_direction,controls_only,gradient_boosting,0,1,0.5900974700812042
2022-09-27,next_day_large_move,event_days_only,next_large_move_direction,controls_only,gradient_boosting,1,1,0.6327810265736278
2022-09-28,next_day_large_move,event_days_only,next_large_move_direction,controls_only,gradient_boosting,0,1,0.6641841629810555
2022-09-29,next_day_large_move,event_days_only,next_large_move_direction,controls_only,gradient_boosting,0,1,0.6716494144035209
2022-09-30,next_day_large_move,event_days_only,next_large_move_direction,controls_only,gradient_boosting,1,1,0.7068880774079548
2022-10-03,next_day_large_move,event_days_only,next_large_move_direction,controls_only,gradient_boosting,1,1,0.532781571083921
2022-10-05,next_day_large_move,event_days_only,next_large_move_direction,controls_only,gradient_boosting,0,1,0.5053931010959427
2022-10-06,next_day_large_move,event_days_only,next_large_move_direction,controls_only,gradient_boosting,0,1,0.5206476829202156
2022-10-12,next_day_large_move,event_days_only,next_large_move_direction,controls_only,gradient_boosting,1,1,0.6806398704835623
2022-10-13,next_day_large_move,event_days_only,next_large_move_direction,controls_only,gradient_boosting,0,1,0.5731567077832319
2022-10-14,next_day_large_move,event_days_only,next_large_move_direction,controls_only,gradient_boosting,1,1,0.6163972295649277
2022-10-17,next_day_large_move,event_days_only,next_large_move_direction,controls_only,gradient_boosting,1,1,0.5633825565582139
2022-10-20,next_day_large_move,event_days_only,next_large_move_direction,controls_only,gradient_boosting,1,1,0.5085029587255263
2022-10-21,next_day_large_move,event_days_only,next_large_move_direction,controls_only,gradient_boosting,1,0,0.49918034949865064
2022-10-24,next_day_large_move,event_days_only,next_large_move_direction,controls_only,gradient_boosting,1,1,0.6089198764350362
2022-10-27,next_day_large_move,event_days_only,next_large_move_direction,controls_only,gradient_boosting,1,1,0.6543600207039253
2022-11-01,next_day_large_move,event_days_only,next_large_move_direction,controls_only,gradient_boosting,0,1,0.6203682148919728
2022-11-02,next_day_large_move,event_days_only,next_large_move_direction,controls_only,gradient_boosting,0,1,0.5129727959182719
2022-11-03,next_day_large_move,event_days_only,next_large_move_direction,controls_only,gradient_boosting,1,1,0.5403785425158413
2022-11-04,next_day_large_move,event_days_only,next_large_move_direction,controls_only,gradient_boosting,1,1,0.7913538603371157
2022-11-08,next_day_large_move,event_days_only,next_large_move_direction,controls_only,gradient_boosting,0,1,0.7523496694061134
2022-11-09,next_day_large_move,event_days_only,next_large_move_direction,controls_only,gradient_boosting,1,0,0.4636041445036385
2022-11-10,next_day_large_move,event_days_only,next_large_move_direction,controls_only,gradient_boosting,1,0,0.49678065431440344
2022-11-11,next_day_large_move,event_days_only,next_large_move_direction,controls_only,gradient_boosting,0,0,0.41014374081281296
2022-11-14,next_day_large_move,event_days_only,next_large_move_direction,controls_only,gradient_boosting,1,1,0.6948580883972623
2022-11-15,next_day_large_move,event_days_only,next_large_move_direction,controls_only,gradient_boosting,0,1,0.6698007771417159
2022-11-29,next_day_large_move,event_days_only,next_large_move_direction,controls_only,gradient_boosting,1,0,0.37430181361163145
2022-12-02,next_day_large_move,event_days_only,next_large_move_direction,controls_only,gradient_boosting,0,1,0.9398088848659641
2022-12-05,next_day_large_move,event_days_only,next_large_move_direction,controls_only,gradient_boosting,0,1,0.5865806882363359
2022-12-09,next_day_large_move,event_days_only,next_large_move_direction,controls_only,gradient_boosting,1,1,0.5551892617923733
2022-12-14,next_day_large_move,event_days_only,next_large_move_direction,controls_only,gradient_boosting,0,1,0.5476214668296122
2022-12-15,next_day_large_move,event_days_only,next_large_move_direction,controls_only,gradient_boosting,0,1,0.5538972079591785
2022-12-16,next_day_large_move,event_days_only,next_large_move_direction,controls_only,gradient_boosting,0,0,0.28020436430627516
2022-12-20,next_day_large_move,event_days_only,next_large_move_direction,controls_only,gradient_boosting,1,0,0.46541879071317915
2022-12-21,next_day_large_move,event_days_only,next_large_move_direction,controls_only,gradient_boosting,0,1,0.7146371863447158
2022-12-27,next_day_large_move,event_days_only,next_large_move_direction,controls_only,gradient_boosting,0,1,0.5576103497427346
2022-12-28,next_day_large_move,event_days_only,next_large_move_direction,controls_only,gradient_boosting,1,1,0.67432572307673
2023-01-04,next_day_large_move,event_days_only,next_large_move_direction,controls_only,gradient_boosting,0,1,0.5139047028311529
2023-01-05,next_day_large_move,event_days_only,next_large_move_direction,controls_only,gradient_boosting,1,0,0.46756066193644047
2023-01-10,next_day_large_move,event_days_only,next_large_move_direction,controls_only,gradient_boosting,1,1,0.706360079000509
2023-01-17,next_day_large_move,event_days_only,next_large_move_direction,controls_only,gradient_boosting,0,1,0.5753109038306807
2023-01-19,next_day_large_move,event_days_only,next_large_move_direction,controls_only,gradient_boosting,1,0,0.48965855286230087
2023-01-20,next_day_large_move,event_days_only,next_large_move_direction,controls_only,gradient_boosting,1,1,0.6499176611060042
2023-01-25,next_day_large_move,event_days_only,next_large_move_direction,controls_only,gradient_boosting,1,1,0.6361538506196408
2023-01-27,next_day_large_move,event_days_only,next_large_move_direction,controls_only,gradient_boosting,0,1,0.6570314352440452
2023-01-30,next_day_large_move,event_days_only,next_large_move_direction,controls_only,gradient_boosting,1,1,0.5675357148332106
2023-01-31,next_day_large_move,event_days_only,next_large_move_direction,controls_only,gradient_boosting,1,1,0.8146596694125771
2023-02-01,next_day_large_move,event_days_only,next_large_move_direction,controls_only,gradient_boosting,1,1,0.8932406468400541
2023-02-02,next_day_large_move,event_days_only,next_large_move_direction,controls_only,gradient_boosting,0,1,0.585950109698282
2023-02-06,next_day_large_move,event_days_only,next_large_move_direction,controls_only,gradient_boosting,1,1,0.676969570406146
2023-02-07,next_day_large_move,event_days_only,next_large_move_direction,controls_only,gradient_boosting,0,1,0.5905785790697234
2023-02-08,next_day_large_move,event_days_only,next_large_move_direction,controls_only,gradient_boosting,0,1,0.608286100769213
2023-02-10,next_day_large_move,event_days_only,next_large_move_direction,controls_only,gradient_boosting,1,0,0.43595593524464704
2023-02-15,next_day_large_move,event_days_only,next_large_move_direction,controls_only,gradient_boosting,0,1,0.6506181783283521
2023-02-17,next_day_large_move,event_days_only,next_large_move_direction,controls_only,gradient_boosting,0,1,0.6292725761415444
2023-02-23,next_day_large_move,event_days_only,next_large_move_direction,controls_only,gradient_boosting,0,1,0.7029172628191481
2023-03-02,next_day_large_move,event_days_only,next_large_move_direction,controls_only,gradient_boosting,1,1,0.543968058126006
2023-03-06,next_day_large_move,event_days_only,next_large_move_direction,controls_only,gradient_boosting,0,1,0.7677534179156138
2023-03-08,next_day_large_move,event_days_only,next_large_move_direction,controls_only,gradient_boosting,0,0,0.43111221203225375
2023-03-09,next_day_large_move,event_days_only,next_large_move_direction,controls_only,gradient_boosting,0,0,0.4122997552943183
2023-03-13,next_day_large_move,event_days_only,next_large_move_direction,controls_only,gradient_boosting,1,0,0.3572145926638018
2023-03-15,next_day_large_move,event_days_only,next_large_move_direction,controls_only,gradient_boosting,1,1,0.6400376423015864
2023-03-16,next_day_large_move,event_days_only,next_large_move_direction,controls_only,gradient_boosting,0,1,0.5538156693295662
2023-03-17,next_day_large_move,event_days_only,next_large_move_direction,controls_only,gradient_boosting,1,0,0.4464680749810407
2023-03-20,next_day_large_move,event_days_only,next_large_move_direction,controls_only,gradient_boosting,1,1,0.7370868594987725
2023-03-21,next_day_large_move,event_days_only,next_large_move_direction,controls_only,gradient_boosting,0,1,0.566393195768368
2023-03-28,next_day_large_move,event_days_only,next_large_move_direction,controls_only,gradient_boosting,1,1,0.5862416240653348
2023-03-30,next_day_large_move,event_days_only,next_large_move_direction,controls_only,gradient_boosting,1,1,0.7364930471370816
2023-04-12,next_day_large_move,event_days_only,next_large_move_direction,controls_only,gradient_boosting,1,1,0.537705577258776
2023-04-24,next_day_large_move,event_days_only,next_large_move_direction,controls_only,gradient_boosting,0,0,0.4636528713944958
2023-04-26,next_day_large_move,event_days_only,next_large_move_direction,controls_only,gradient_boosting,1,1,0.7610759385675288
2023-04-27,next_day_large_move,event_days_only,next_large_move_direction,controls_only,gradient_boosting,1,0,0.39209321760751703
2023-05-04,next_day_large_move,event_days_only,next_large_move_direction,controls_only,gradient_boosting,1,1,0.5461574758726608
2023-05-16,next_day_large_move,event_days_only,next_large_move_direction,controls_only,gradient_boosting,1,1,0.7169861698174096
2023-05-17,next_day_large_move,event_days_only,next_large_move_direction,controls_only,gradient_boosting,1,1,0.5221875503085618
2023-05-22,next_day_large_move,event_days_only,next_large_move_direction,controls_only,gradient_boosting,0,1,0.5675622026444613
2023-05-24,next_day_large_move,event_days_only,next_large_move_direction,controls_only,gradient_boosting,1,1,0.6804898256146845
2023-05-25,next_day_large_move,event_days_only,next_large_move_direction,controls_only,gradient_boosting,1,0,0.44817088523501797
2023-05-31,next_day_large_move,event_days_only,next_large_move_direction,controls_only,gradient_boosting,1,1,0.5152413811085704
2023-06-01,next_day_large_move,event_days_only,next_large_move_direction,controls_only,gradient_boosting,1,0,0.48525545241674095
2023-06-09,next_day_large_move,event_days_only,next_large_move_direction,controls_only,gradient_boosting,1,0,0.42447901862460813
2023-06-14,next_day_large_move,event_days_only,next_large_move_direction,controls_only,gradient_boosting,1,1,0.7529781902803526
2023-06-26,next_day_large_move,event_days_only,next_large_move_direction,controls_only,gradient_boosting,1,0,0.35663635347867495
2023-06-29,next_day_large_move,event_days_only,next_large_move_direction,controls_only,gradient_boosting,1,1,0.5830422618829451
2023-07-12,next_day_large_move,event_days_only,next_large_move_direction,controls_only,gradient_boosting,1,0,0.4362440310448324
2023-07-27,next_day_large_move,event_days_only,next_large_move_direction,controls_only,gradient_boosting,1,1,0.6901803127968374
2023-08-01,next_day_large_move,event_days_only,next_large_move_direction,controls_only,gradient_boosting,0,0,0.32283045576569264
2023-08-04,next_day_large_move,event_days_only,next_large_move_direction,controls_only,gradient_boosting,1,1,0.7371597824483859
2023-08-14,next_day_large_move,event_days_only,next_large_move_direction,controls_only,gradient_boosting,0,1,0.6001054689830649
2023-08-22,next_day_large_move,event_days_only,next_large_move_direction,controls_only,gradient_boosting,1,1,0.7509265738085223
2023-08-23,next_day_large_move,event_days_only,next_large_move_direction,controls_only,gradient_boosting,0,1,0.5372596171958967
2023-08-28,next_day_large_move,event_days_only,next_large_move_direction,controls_only,gradient_boosting,1,1,0.7289265252637792
2023-09-13,next_day_large_move,event_days_only,next_large_move_direction,controls_only,gradient_boosting,1,0,0.3788252520292727
2023-09-14,next_day_large_move,event_days_only,next_large_move_direction,controls_only,gradient_boosting,0,0,0.4171059789054384
2023-09-19,next_day_large_move,event_days_only,next_large_move_direction,controls_only,gradient_boosting,0,1,0.6427042470992056
2023-09-20,next_day_large_move,event_days_only,next_large_move_direction,controls_only,gradient_boosting,0,1,0.6426042716361121
2023-09-25,next_day_large_move,event_days_only,next_large_move_direction,controls_only,gradient_boosting,0,1,0.6686377128346156
2023-10-02,next_day_large_move,event_days_only,next_large_move_direction,controls_only,gradient_boosting,0,0,0.450579228091421
2023-10-05,next_day_large_move,event_days_only,next_large_move_direction,controls_only,gradient_boosting,1,1,0.6772556604836538
2023-10-13,next_day_large_move,event_days_only,next_large_move_direction,controls_only,gradient_boosting,1,0,0.4865658467622021
2023-10-17,next_day_large_move,event_days_only,next_large_move_direction,controls_only,gradient_boosting,0,0,0.22083605035520995
2023-10-18,next_day_large_move,event_days_only,next_large_move_direction,controls_only,gradient_boosting,0,0,0.27763559684714006
2023-10-19,next_day_large_move,event_days_only,next_large_move_direction,controls_only,gradient_boosting,0,1,0.5153602087367446
2023-10-24,next_day_large_move,event_days_only,next_large_move_direction,controls_only,gradient_boosting,0,1,0.6745383716897281
2023-10-25,next_day_large_move,event_days_only,next_large_move_direction,controls_only,gradient_boosting,0,1,0.5323694263616894
2023-10-27,next_day_large_move,event_days_only,next_large_move_direction,controls_only,gradient_boosting,1,1,0.6346109968402848
2023-10-31,next_day_large_move,event_days_only,next_large_move_direction,controls_only,gradient_boosting,1,0,0.477429116171021
2023-11-01,next_day_large_move,event_days_only,next_large_move_direction,controls_only,gradient_boosting,1,1,0.7180287052482254
2023-11-02,next_day_large_move,event_days_only,next_large_move_direction,controls_only,gradient_boosting,1,0,0.13750007232718342
2023-11-09,next_day_large_move,event_days_only,next_large_move_direction,controls_only,gradient_boosting,1,0,0.4918114348176255
2023-11-13,next_day_large_move,event_days_only,next_large_move_direction,controls_only,gradient_boosting,1,1,0.6310608883362868
2023-12-12,next_day_large_move,event_days_only,next_large_move_direction,controls_only,gradient_boosting,1,0,0.41866146400026416
2023-12-19,next_day_large_move,event_days_only,next_large_move_direction,controls_only,gradient_boosting,0,0,0.3578933521111432
2023-12-20,next_day_large_move,event_days_only,next_large_move_direction,controls_only,gradient_boosting,1,0,0.35482559065785363
2024-01-05,next_day_large_move,event_days_only,next_large_move_direction,controls_only,gradient_boosting,1,1,0.5466856430822209
2024-01-17,next_day_large_move,event_days_only,next_large_move_direction,controls_only,gradient_boosting,1,1,0.564594204918393
2024-01-18,next_day_large_move,event_days_only,next_large_move_direction,controls_only,gradient_boosting,1,1,0.5234636643543558
2024-01-30,next_day_large_move,event_days_only,next_large_move_direction,controls_only,gradient_boosting,0,0,0.3187270458679389
2024-01-31,next_day_large_move,event_days_only,next_large_move_direction,controls_only,gradient_boosting,1,1,0.5010181278682924
2024-02-06,next_day_large_move,event_days_only,next_large_move_direction,controls_only,gradient_boosting,1,0,0.43038103681814477
2024-02-12,next_day_large_move,event_days_only,next_large_move_direction,controls_only,gradient_boosting,0,0,0.45570397882367275
2024-02-13,next_day_large_move,event_days_only,next_large_move_direction,controls_only,gradient_boosting,1,0,0.44257634901076953
2024-02-21,next_day_large_move,event_days_only,next_large_move_direction,controls_only,gradient_boosting,1,1,0.5061448478230847
2024-03-04,next_day_large_move,event_days_only,next_large_move_direction,controls_only,gradient_boosting,0,0,0.4484040458880061
2024-03-06,next_day_large_move,event_days_only,next_large_move_direction,controls_only,gradient_boosting,1,1,0.5555637264408566
2024-03-11,next_day_large_move,event_days_only,next_large_move_direction,controls_only,gradient_boosting,1,1,0.5436413288173674
2024-03-19,next_day_large_move,event_days_only,next_large_move_direction,controls_only,gradient_boosting,1,1,0.5655293472604693
2024-03-26,next_day_large_move,event_days_only,next_large_move_direction,controls_only,gradient_boosting,1,0,0.3429425325534105
2024-04-03,next_day_large_move,event_days_only,next_large_move_direction,controls_only,gradient_boosting,0,0,0.39379221795604863
2024-04-04,next_day_large_move,event_days_only,next_large_move_direction,controls_only,gradient_boosting,1,1,0.5482035670552916
2024-04-09,next_day_large_move,event_days_only,next_large_move_direction,controls_only,gradient_boosting,0,1,0.5385782954754008
2024-04-11,next_day_large_move,event_days_only,next_large_move_direction,controls_only,gradient_boosting,0,1,0.50572404886736
2024-04-12,next_day_large_move,event_days_only,next_large_move_direction,controls_only,gradient_boosting,0,1,0.5431277661597225
2024-04-18,next_day_large_move,event_days_only,next_large_move_direction,controls_only,gradient_boosting,0,1,0.7456476296549319
2024-04-19,next_day_large_move,event_days_only,next_large_move_direction,controls_only,gradient_boosting,1,1,0.6974910917957404
2024-04-22,next_day_large_move,event_days_only,next_large_move_direction,controls_only,gradient_boosting,1,1,0.5759791188834633
2024-04-25,next_day_large_move,event_days_only,next_large_move_direction,controls_only,gradient_boosting,1,1,0.5733956231049685
2024-04-29,next_day_large_move,event_days_only,next_large_move_direction,controls_only,gradient_boosting,0,1,0.545661694776858
2024-05-01,next_day_large_move,event_days_only,next_large_move_direction,controls_only,gradient_boosting,1,1,0.5546925223760263
2024-05-02,next_day_large_move,event_days_only,next_large_move_direction,controls_only,gradient_boosting,1,1,0.5950129629243772
2024-05-03,next_day_large_move,event_days_only,next_large_move_direction,controls_only,gradient_boosting,1,1,0.5711919497203437
2024-05-14,next_day_large_move,event_days_only,next_large_move_direction,controls_only,gradient_boosting,1,1,0.5802308495072356
2024-06-04,next_day_large_move,event_days_only,next_large_move_direction,controls_only,gradient_boosting,1,0,0.45078883735294206
2024-06-11,next_day_large_move,event_days_only,next_large_move_direction,controls_only,gradient_boosting,1,1,0.5097940537541583
2024-07-09,next_day_large_move,event_days_only,next_large_move_direction,controls_only,gradient_boosting,1,1,0.5930017186322097
2024-07-10,next_day_large_move,event_days_only,next_large_move_direction,controls_only,gradient_boosting,0,1,0.6882066191260044
2024-07-16,next_day_large_move,event_days_only,next_large_move_direction,controls_only,gradient_boosting,0,1,0.5385211003171493
2024-07-19,next_day_large_move,event_days_only,next_large_move_direction,controls_only,gradient_boosting,1,1,0.5996643676565461
2024-07-23,next_day_large_move,event_days_only,next_large_move_direction,controls_only,gradient_boosting,0,0,0.4541278275083963
2024-07-25,next_day_large_move,event_days_only,next_large_move_direction,controls_only,gradient_boosting,1,1,0.610342969845528
2024-07-30,next_day_large_move,event_days_only,next_large_move_direction,controls_only,gradient_boosting,1,1,0.5493756943746266
2024-07-31,next_day_large_move,event_days_only,next_large_move_direction,controls_only,gradient_boosting,0,1,0.6270842601671058
2024-08-01,next_day_large_move,event_days_only,next_large_move_direction,controls_only,gradient_boosting,0,1,0.5844133176165021
2024-08-02,next_day_large_move,event_days_only,next_large_move_direction,controls_only,gradient_boosting,0,0,0.39727888421068214
2024-08-05,next_day_large_move,event_days_only,next_large_move_direction,controls_only,gradient_boosting,1,1,0.5745217665973908
2024-08-07,next_day_large_move,event_days_only,next_large_move_direction,controls_only,gradient_boosting,1,1,0.6283202610636498
2024-08-12,next_day_large_move,event_days_only,next_large_move_direction,controls_only,gradient_boosting,1,1,0.6843525171896296
2024-08-14,next_day_large_move,event_days_only,next_large_move_direction,controls_only,gradient_boosting,1,1,0.5603872124221934
2024-08-16,next_day_large_move,event_days_only,next_large_move_direction,controls_only,gradient_boosting,1,1,0.5192807289632491
2024-08-21,next_day_large_move,event_days_only,next_large_move_direction,controls_only,gradient_boosting,0,0,0.4766220378807347
2024-08-22,next_day_large_move,event_days_only,next_large_move_direction,controls_only,gradient_boosting,1,1,0.5288143530345413
2024-08-29,next_day_large_move,event_days_only,next_large_move_direction,controls_only,gradient_boosting,1,1,0.696433252206826
2024-08-30,next_day_large_move,event_days_only,next_large_move_direction,controls_only,gradient_boosting,0,1,0.6175634392627353
2024-09-05,next_day_large_move,event_days_only,next_large_move_direction,controls_only,gradient_boosting,0,1,0.6947566343870418
2024-09-06,next_day_large_move,event_days_only,next_large_move_direction,controls_only,gradient_boosting,1,0,0.46881616812253224
2024-09-10,next_day_large_move,event_days_only,next_large_move_direction,controls_only,gradient_boosting,1,0,0.3956175017910119
2024-09-18,next_day_large_move,event_days_only,next_large_move_direction,controls_only,gradient_boosting,1,1,0.6406519619681913
2024-09-30,next_day_large_move,event_days_only,next_large_move_direction,controls_only,gradient_boosting,0,1,0.5289235971485743
2024-10-03,next_day_large_move,event_days_only,next_large_move_direction,controls_only,gradient_boosting,1,1,0.5739472610648553
2024-10-04,next_day_large_move,event_days_only,next_large_move_direction,controls_only,gradient_boosting,0,1,0.6616938902106301
2024-10-07,next_day_large_move,event_days_only,next_large_move_direction,controls_only,gradient_boosting,1,1,0.6471526285310071
2024-10-22,next_day_large_move,event_days_only,next_large_move_direction,controls_only,gradient_boosting,0,0,0.3738831340887929
2024-10-30,next_day_large_move,event_days_only,next_large_move_direction,controls_only,gradient_boosting,0,0,0.40738318597875667
2024-11-04,next_day_large_move,event_days_only,next_large_move_direction,controls_only,gradient_boosting,1,1,0.5868556516134137
2024-11-05,next_day_large_move,event_days_only,next_large_move_direction,controls_only,gradient_boosting,1,0,0.45551420535660575
2024-11-14,next_day_large_move,event_days_only,next_large_move_direction,controls_only,gradient_boosting,0,0,0.4813613952521905
2024-12-10,next_day_large_move,event_days_only,next_large_move_direction,controls_only,gradient_boosting,1,1,0.5100014179751976
2024-12-17,next_day_large_move,event_days_only,next_large_move_direction,controls_only,gradient_boosting,0,1,0.5881961497700721
2024-12-19,next_day_large_move,event_days_only,next_large_move_direction,controls_only,gradient_boosting,1,1,0.5645629632225849
2024-12-23,next_day_large_move,event_days_only,next_large_move_direction,controls_only,gradient_boosting,1,0,0.4954901738881639
2024-12-26,next_day_large_move,event_days_only,next_large_move_direction,controls_only,gradient_boosting,0,0,0.31819698842679184
2024-12-27,next_day_large_move,event_days_only,next_large_move_direction,controls_only,gradient_boosting,0,0,0.4300361274036866
2025-01-02,next_day_large_move,event_days_only,next_large_move_direction,controls_only,gradient_boosting,1,0,0.49714410518172386
2025-01-06,next_day_large_move,event_days_only,next_large_move_direction,controls_only,gradient_boosting,0,1,0.5576804504111068
2025-01-08,next_day_large_move,event_days_only,next_large_move_direction,controls_only,gradient_boosting,0,0,0.4881976459419062
2025-01-14,next_day_large_move,event_days_only,next_large_move_direction,controls_only,gradient_boosting,1,1,0.649860899632266
2025-01-16,next_day_large_move,event_days_only,next_large_move_direction,controls_only,gradient_boosting,1,1,0.6585568957496504
2025-01-17,next_day_large_move,event_days_only,next_large_move_direction,controls_only,gradient_boosting,1,1,0.5746226998177087
2025-01-24,next_day_large_move,event_days_only,next_large_move_direction,controls_only,gradient_boosting,0,1,0.5140350749620924
2025-01-27,next_day_large_move,event_days_only,next_large_move_direction,controls_only,gradient_boosting,1,0,0.28036038010794884
2025-02-06,next_day_large_move,event_days_only,next_large_move_direction,controls_only,gradient_boosting,0,1,0.6982707122591163
2025-02-12,next_day_large_move,event_days_only,next_large_move_direction,controls_only,gradient_boosting,1,1,0.6811169331649871
2025-02-20,next_day_large_move,event_days_only,next_large_move_direction,controls_only,gradient_boosting,0,0,0.29758693603148917
2025-02-26,next_day_large_move,event_days_only,next_large_move_direction,controls_only,gradient_boosting,0,1,0.744352564757351
2025-02-27,next_day_large_move,event_days_only,next_large_move_direction,controls_only,gradient_boosting,1,1,0.5711280616289909
2025-02-28,next_day_large_move,event_days_only,next_large_move_direction,controls_only,gradient_boosting,0,0,0.2443409889191991
2025-03-03,next_day_large_move,event_days_only,next_large_move_direction,controls_only,gradient_boosting,0,1,0.5670116714197903
2025-03-04,next_day_large_move,event_days_only,next_large_move_direction,controls_only,gradient_boosting,1,1,0.684484266343242
2025-03-05,next_day_large_move,event_days_only,next_large_move_direction,controls_only,gradient_boosting,0,1,0.6149224674850529
2025-03-07,next_day_large_move,event_days_only,next_large_move_direction,controls_only,gradient_boosting,0,1,0.8033341882258969
2025-03-12,next_day_large_move,event_days_only,next_large_move_direction,controls_only,gradient_boosting,0,1,0.8025949231336995
2025-03-13,next_day_large_move,event_days_only,next_large_move_direction,controls_only,gradient_boosting,1,1,0.5927455543510053
2025-03-17,next_day_large_move,event_days_only,next_large_move_direction,controls_only,gradient_boosting,0,1,0.7947000481822266
2025-03-18,next_day_large_move,event_days_only,next_large_move_direction,controls_only,gradient_boosting,1,1,0.5423647398310412
2025-03-21,next_day_large_move,event_days_only,next_large_move_direction,controls_only,gradient_boosting,1,0,0.35402865014966256
2025-03-25,next_day_large_move,event_days_only,next_large_move_direction,controls_only,gradient_boosting,0,1,0.5016425565898815
2025-03-27,next_day_large_move,event_days_only,next_large_move_direction,controls_only,gradient_boosting,0,1,0.5047696847878117
2025-04-02,next_day_large_move,event_days_only,next_large_move_direction,controls_only,gradient_boosting,0,1,0.5947624864075631
2025-04-03,next_day_large_move,event_days_only,next_large_move_direction,controls_only,gradient_boosting,0,0,0.4899206057376419
2025-04-07,next_day_large_move,event_days_only,next_large_move_direction,controls_only,gradient_boosting,0,1,0.8104734934838983
2025-04-08,next_day_large_move,event_days_only,next_large_move_direction,controls_only,gradient_boosting,1,1,0.7715935276075114
2025-04-09,next_day_large_move,event_days_only,next_large_move_direction,controls_only,gradient_boosting,0,0,0.2927779090130488
2025-04-10,next_day_large_move,event_days_only,next_large_move_direction,controls_only,gradient_boosting,1,0,0.2704146630618825
2025-04-15,next_day_large_move,event_days_only,next_large_move_direction,controls_only,gradient_boosting,0,1,0.6069785211128106
2025-04-17,next_day_large_move,event_days_only,next_large_move_direction,controls_only,gradient_boosting,0,1,0.6457818467912914
2025-04-21,next_day_large_move,event_days_only,next_large_move_direction,controls_only,gradient_boosting,1,1,0.5594174779393493
2025-04-22,next_day_large_move,event_days_only,next_large_move_direction,controls_only,gradient_boosting,1,0,0.4906794187896756
2025-04-23,next_day_large_move,event_days_only,next_large_move_direction,controls_only,gradient_boosting,1,1,0.715745113703883
2025-05-01,next_day_large_move,event_days_only,next_large_move_direction,controls_only,gradient_boosting,1,0,0.43727309366082395
2025-05-09,next_day_large_move,event_days_only,next_large_move_direction,controls_only,gradient_boosting,1,0,0.4342099998688811
2025-05-20,next_day_large_move,event_days_only,next_large_move_direction,controls_only,gradient_boosting,0,1,0.828786028479931
2025-05-23,next_day_large_move,event_days_only,next_large_move_direction,controls_only,gradient_boosting,1,1,0.6696883114683766
2025-06-05,next_day_large_move,event_days_only,next_large_move_direction,controls_only,gradient_boosting,1,1,0.7025557403225756
2025-06-12,next_day_large_move,event_days_only,next_large_move_direction,controls_only,gradient_boosting,0,0,0.23656933581566142
2025-06-13,next_day_large_move,event_days_only,next_large_move_direction,controls_only,gradient_boosting,1,1,0.5103786762395653
2025-06-16,next_day_large_move,event_days_only,next_large_move_direction,controls_only,gradient_boosting,0,1,0.7867133039853728
2025-06-20,next_day_large_move,event_days_only,next_large_move_direction,controls_only,gradient_boosting,1,0,0.3810069111365718
2025-06-23,next_day_large_move,event_days_only,next_large_move_direction,controls_only,gradient_boosting,1,1,0.6683378486599282
2025-07-02,next_day_large_move,event_days_only,next_large_move_direction,controls_only,gradient_boosting,1,1,0.5959855842391866
2025-07-31,next_day_large_move,event_days_only,next_large_move_direction,controls_only,gradient_boosting,0,0,0.283980572914857
2025-08-01,next_day_large_move,event_days_only,next_large_move_direction,controls_only,gradient_boosting,1,1,0.7504429211262894
2025-08-11,next_day_large_move,event_days_only,next_large_move_direction,controls_only,gradient_boosting,1,1,0.5175876230115964
2025-08-21,next_day_large_move,event_days_only,next_large_move_direction,controls_only,gradient_boosting,1,1,0.7066115618896825
2025-09-03,next_day_large_move,event_days_only,next_large_move_direction,controls_only,gradient_boosting,1,0,0.33306096838338584
2025-09-10,next_day_large_move,event_days_only,next_large_move_direction,controls_only,gradient_boosting,1,1,0.6242991830080294
2025-10-09,next_day_large_move,event_days_only,next_large_move_direction,controls_only,gradient_boosting,0,0,0.16122514216883643
2025-10-10,next_day_large_move,event_days_only,next_large_move_direction,controls_only,gradient_boosting,1,0,0.4953609942478724
2025-10-17,next_day_large_move,event_days_only,next_large_move_direction,controls_only,gradient_boosting,1,0,0.46390925334592065
2025-10-24,next_day_large_move,event_days_only,next_large_move_direction,controls_only,gradient_boosting,1,0,0.4753019318578033
2025-10-29,next_day_large_move,event_days_only,next_large_move_direction,controls_only,gradient_boosting,0,1,0.8624263616660727
2025-11-03,next_day_large_move,event_days_only,next_large_move_direction,controls_only,gradient_boosting,0,0,0.2341886803440417
2025-11-05,next_day_large_move,event_days_only,next_large_move_direction,controls_only,gradient_boosting,0,1,0.6093557960733924
2025-11-07,next_day_large_move,event_days_only,next_large_move_direction,controls_only,gradient_boosting,1,1,0.7077913100828706
2025-11-12,next_day_large_move,event_days_only,next_large_move_direction,controls_only,gradient_boosting,0,1,0.852279524658251
2025-11-14,next_day_large_move,event_days_only,next_large_move_direction,controls_only,gradient_boosting,0,0,0.35106336703750607
2025-11-17,next_day_large_move,event_days_only,next_large_move_direction,controls_only,gradient_boosting,0,1,0.5174962970794018
2025-11-19,next_day_large_move,event_days_only,next_large_move_direction,controls_only,gradient_boosting,0,1,0.6504340511875586
2025-11-20,next_day_large_move,event_days_only,next_large_move_direction,controls_only,gradient_boosting,1,1,0.5583384470598604
2025-11-21,next_day_large_move,event_days_only,next_large_move_direction,controls_only,gradient_boosting,1,1,0.6565715512295717
2025-11-24,next_day_large_move,event_days_only,next_large_move_direction,controls_only,gradient_boosting,1,1,0.792941403212912
2025-12-11,next_day_large_move,event_days_only,next_large_move_direction,controls_only,gradient_boosting,0,0,0.2946555122469837
2025-12-16,next_day_large_move,event_days_only,next_large_move_direction,controls_only,gradient_boosting,0,0,0.36593900556436576
2025-12-18,next_day_large_move,event_days_only,next_large_move_direction,controls_only,gradient_boosting,1,1,0.6841823056628349
2022-02-14,next_day_large_move,event_days_only,next_large_move_direction,controls_plus_simple_nlp,logreg,1,0,0.48481881408080024
2022-04-28,next_day_large_move,event_days_only,next_large_move_direction,controls_plus_simple_nlp,logreg,0,0,0.37848595752154557
2022-05-10,next_day_large_move,event_days_only,next_large_move_direction,controls_plus_simple_nlp,logreg,0,1,0.5576829807230205
2022-05-12,next_day_large_move,event_days_only,next_large_move_direction,controls_plus_simple_nlp,logreg,1,1,0.5484389524233622
2022-05-16,next_day_large_move,event_days_only,next_large_move_direction,controls_plus_simple_nlp,logreg,1,1,0.6258493868090622
2022-05-17,next_day_large_move,event_days_only,next_large_move_direction,controls_plus_simple_nlp,logreg,0,0,0.47645859850421773
2022-05-20,next_day_large_move,event_days_only,next_large_move_direction,controls_plus_simple_nlp,logreg,1,1,0.6072806997902804
2022-05-23,next_day_large_move,event_days_only,next_large_move_direction,controls_plus_simple_nlp,logreg,0,1,0.5926262767264677
2022-05-24,next_day_large_move,event_days_only,next_large_move_direction,controls_plus_simple_nlp,logreg,1,1,0.732312163412574
2022-05-25,next_day_large_move,event_days_only,next_large_move_direction,controls_plus_simple_nlp,logreg,1,1,0.6344639096620572
2022-05-26,next_day_large_move,event_days_only,next_large_move_direction,controls_plus_simple_nlp,logreg,1,1,0.5507766262131282
2022-06-01,next_day_large_move,event_days_only,next_large_move_direction,controls_plus_simple_nlp,logreg,1,1,0.5629430951536211
2022-06-02,next_day_large_move,event_days_only,next_large_move_direction,controls_plus_simple_nlp,logreg,0,0,0.48968512585236373
2022-06-06,next_day_large_move,event_days_only,next_large_move_direction,controls_plus_simple_nlp,logreg,1,1,0.560973146693775
2022-06-07,next_day_large_move,event_days_only,next_large_move_direction,controls_plus_simple_nlp,logreg,0,0,0.4369444265917407
2022-06-08,next_day_large_move,event_days_only,next_large_move_direction,controls_plus_simple_nlp,logreg,0,1,0.546069349252268
2022-06-09,next_day_large_move,event_days_only,next_large_move_direction,controls_plus_simple_nlp,logreg,0,1,0.561608478931078
2022-06-10,next_day_large_move,event_days_only,next_large_move_direction,controls_plus_simple_nlp,logreg,0,1,0.5858675357765762
2022-06-14,next_day_large_move,event_days_only,next_large_move_direction,controls_plus_simple_nlp,logreg,1,1,0.6133177211806955
2022-06-15,next_day_large_move,event_days_only,next_large_move_direction,controls_plus_simple_nlp,logreg,0,1,0.6992678067031625
2022-06-17,next_day_large_move,event_days_only,next_large_move_direction,controls_plus_simple_nlp,logreg,1,1,0.6865793585985458
2022-06-22,next_day_large_move,event_days_only,next_large_move_direction,controls_plus_simple_nlp,logreg,1,1,0.6445899896245085
2022-06-23,next_day_large_move,event_days_only,next_large_move_direction,controls_plus_simple_nlp,logreg,1,1,0.5988738034547739
2022-06-29,next_day_large_move,event_days_only,next_large_move_direction,controls_plus_simple_nlp,logreg,0,1,0.5646863877049131
2022-06-30,next_day_large_move,event_days_only,next_large_move_direction,controls_plus_simple_nlp,logreg,1,1,0.5153366583204584
2022-07-06,next_day_large_move,event_days_only,next_large_move_direction,controls_plus_simple_nlp,logreg,1,1,0.5400031066671256
2022-07-08,next_day_large_move,event_days_only,next_large_move_direction,controls_plus_simple_nlp,logreg,0,1,0.5834675618521445
2022-07-14,next_day_large_move,event_days_only,next_large_move_direction,controls_plus_simple_nlp,logreg,1,1,0.5682391401530206
2022-07-15,next_day_large_move,event_days_only,next_large_move_direction,controls_plus_simple_nlp,logreg,0,1,0.5746940378852899
2022-07-18,next_day_large_move,event_days_only,next_large_move_direction,controls_plus_simple_nlp,logreg,1,1,0.620856935610042
2022-07-20,next_day_large_move,event_days_only,next_large_move_direction,controls_plus_simple_nlp,logreg,1,1,0.7144438021572905
2022-07-21,next_day_large_move,event_days_only,next_large_move_direction,controls_plus_simple_nlp,logreg,0,0,0.4564639109722569
2022-07-25,next_day_large_move,event_days_only,next_large_move_direction,controls_plus_simple_nlp,logreg,0,0,0.4789588571783674
2022-07-26,next_day_large_move,event_days_only,next_large_move_direction,controls_plus_simple_nlp,logreg,1,1,0.6259840108509221
2022-07-27,next_day_large_move,event_days_only,next_large_move_direction,controls_plus_simple_nlp,logreg,1,1,0.5181322236770338
2022-08-02,next_day_large_move,event_days_only,next_large_move_direction,controls_plus_simple_nlp,logreg,1,1,0.5973262316890698
2022-08-09,next_day_large_move,event_days_only,next_large_move_direction,controls_plus_simple_nlp,logreg,1,1,0.5333898402546916
2022-08-11,next_day_large_move,event_days_only,next_large_move_direction,controls_plus_simple_nlp,logreg,1,1,0.531035780913922
2022-08-18,next_day_large_move,event_days_only,next_large_move_direction,controls_plus_simple_nlp,logreg,0,1,0.5330858073702097
2022-08-19,next_day_large_move,event_days_only,next_large_move_direction,controls_plus_simple_nlp,logreg,0,1,0.5150928449717824
2022-08-24,next_day_large_move,event_days_only,next_large_move_direction,controls_plus_simple_nlp,logreg,1,1,0.5497672441500325
2022-08-25,next_day_large_move,event_days_only,next_large_move_direction,controls_plus_simple_nlp,logreg,0,1,0.6042246894087205
2022-08-29,next_day_large_move,event_days_only,next_large_move_direction,controls_plus_simple_nlp,logreg,0,1,0.6114521950524026
2022-09-06,next_day_large_move,event_days_only,next_large_move_direction,controls_plus_simple_nlp,logreg,1,1,0.6038243319506985
2022-09-08,next_day_large_move,event_days_only,next_large_move_direction,controls_plus_simple_nlp,logreg,1,0,0.4969845383795071
2022-09-09,next_day_large_move,event_days_only,next_large_move_direction,controls_plus_simple_nlp,logreg,1,0,0.4090294176278399
2022-09-12,next_day_large_move,event_days_only,next_large_move_direction,controls_plus_simple_nlp,logreg,0,0,0.45522307539024576
2022-09-14,next_day_large_move,event_days_only,next_large_move_direction,controls_plus_simple_nlp,logreg,0,1,0.5453388421553502
2022-09-19,next_day_large_move,event_days_only,next_large_move_direction,controls_plus_simple_nlp,logreg,0,1,0.6550752545157932
2022-09-20,next_day_large_move,event_days_only,next_large_move_direction,controls_plus_simple_nlp,logreg,0,1,0.548539219812871
2022-09-21,next_day_large_move,event_days_only,next_large_move_direction,controls_plus_simple_nlp,logreg,0,1,0.614938927994688
2022-09-22,next_day_large_move,event_days_only,next_large_move_direction,controls_plus_simple_nlp,logreg,0,0,0.46073686367761063
2022-09-23,next_day_large_move,event_days_only,next_large_move_direction,controls_plus_simple_nlp,logreg,0,1,0.5527267974862964
2022-09-27,next_day_large_move,event_days_only,next_large_move_direction,controls_plus_simple_nlp,logreg,1,1,0.6160235209153853
2022-09-28,next_day_large_move,event_days_only,next_large_move_direction,controls_plus_simple_nlp,logreg,0,1,0.5458315533279597
2022-09-29,next_day_large_move,event_days_only,next_large_move_direction,controls_plus_simple_nlp,logreg,0,1,0.5561410186076032
2022-09-30,next_day_large_move,event_days_only,next_large_move_direction,controls_plus_simple_nlp,logreg,1,1,0.5543278802482107
2022-10-03,next_day_large_move,event_days_only,next_large_move_direction,controls_plus_simple_nlp,logreg,1,0,0.4525581524426026
2022-10-05,next_day_large_move,event_days_only,next_large_move_direction,controls_plus_simple_nlp,logreg,0,0,0.4872475989156875
2022-10-06,next_day_large_move,event_days_only,next_large_move_direction,controls_plus_simple_nlp,logreg,0,0,0.43265246092918497
2022-10-12,next_day_large_move,event_days_only,next_large_move_direction,controls_plus_simple_nlp,logreg,1,1,0.627240031230771
2022-10-13,next_day_large_move,event_days_only,next_large_move_direction,controls_plus_simple_nlp,logreg,0,0,0.4060743186098029
2022-10-14,next_day_large_move,event_days_only,next_large_move_direction,controls_plus_simple_nlp,logreg,1,1,0.6417584015427503
2022-10-17,next_day_large_move,event_days_only,next_large_move_direction,controls_plus_simple_nlp,logreg,1,0,0.4469893396559485
2022-10-20,next_day_large_move,event_days_only,next_large_move_direction,controls_plus_simple_nlp,logreg,1,0,0.4858432697202051
2022-10-21,next_day_large_move,event_days_only,next_large_move_direction,controls_plus_simple_nlp,logreg,1,0,0.3935781411890869
2022-10-24,next_day_large_move,event_days_only,next_large_move_direction,controls_plus_simple_nlp,logreg,1,1,0.5838997682415054
2022-10-27,next_day_large_move,event_days_only,next_large_move_direction,controls_plus_simple_nlp,logreg,1,0,0.40841958400426137
2022-11-01,next_day_large_move,event_days_only,next_large_move_direction,controls_plus_simple_nlp,logreg,0,1,0.5762025057063592
2022-11-02,next_day_large_move,event_days_only,next_large_move_direction,controls_plus_simple_nlp,logreg,0,1,0.5492065204298765
2022-11-03,next_day_large_move,event_days_only,next_large_move_direction,controls_plus_simple_nlp,logreg,1,0,0.4318455733920221
2022-11-04,next_day_large_move,event_days_only,next_large_move_direction,controls_plus_simple_nlp,logreg,1,0,0.48655504717766135
2022-11-08,next_day_large_move,event_days_only,next_large_move_direction,controls_plus_simple_nlp,logreg,0,1,0.6137201972726396
2022-11-09,next_day_large_move,event_days_only,next_large_move_direction,controls_plus_simple_nlp,logreg,1,1,0.5473257372292678
2022-11-10,next_day_large_move,event_days_only,next_large_move_direction,controls_plus_simple_nlp,logreg,1,0,0.18528814209409156
2022-11-11,next_day_large_move,event_days_only,next_large_move_direction,controls_plus_simple_nlp,logreg,0,0,0.4676758198228361
2022-11-14,next_day_large_move,event_days_only,next_large_move_direction,controls_plus_simple_nlp,logreg,1,1,0.5915946552243669
2022-11-15,next_day_large_move,event_days_only,next_large_move_direction,controls_plus_simple_nlp,logreg,0,0,0.449416694870338
2022-11-29,next_day_large_move,event_days_only,next_large_move_direction,controls_plus_simple_nlp,logreg,1,1,0.5572681215033191
2022-12-02,next_day_large_move,event_days_only,next_large_move_direction,controls_plus_simple_nlp,logreg,0,1,0.5378924579666778
2022-12-05,next_day_large_move,event_days_only,next_large_move_direction,controls_plus_simple_nlp,logreg,0,1,0.5716631421835829
2022-12-09,next_day_large_move,event_days_only,next_large_move_direction,controls_plus_simple_nlp,logreg,1,1,0.5056194207033791
2022-12-14,next_day_large_move,event_days_only,next_large_move_direction,controls_plus_simple_nlp,logreg,0,0,0.48112550343529586
2022-12-15,next_day_large_move,event_days_only,next_large_move_direction,controls_plus_simple_nlp,logreg,0,1,0.5276014540714354
2022-12-16,next_day_large_move,event_days_only,next_large_move_direction,controls_plus_simple_nlp,logreg,0,0,0.45385588333771215
2022-12-20,next_day_large_move,event_days_only,next_large_move_direction,controls_plus_simple_nlp,logreg,1,1,0.6241712132967424
2022-12-21,next_day_large_move,event_days_only,next_large_move_direction,controls_plus_simple_nlp,logreg,0,1,0.5754350860086693
2022-12-27,next_day_large_move,event_days_only,next_large_move_direction,controls_plus_simple_nlp,logreg,0,1,0.5799278282635241
2022-12-28,next_day_large_move,event_days_only,next_large_move_direction,controls_plus_simple_nlp,logreg,1,1,0.6387252740830932
2023-01-04,next_day_large_move,event_days_only,next_large_move_direction,controls_plus_simple_nlp,logreg,0,1,0.6119159981912453
2023-01-05,next_day_large_move,event_days_only,next_large_move_direction,controls_plus_simple_nlp,logreg,1,0,0.4974143918745596
2023-01-10,next_day_large_move,event_days_only,next_large_move_direction,controls_plus_simple_nlp,logreg,1,0,0.4438845897939608
2023-01-17,next_day_large_move,event_days_only,next_large_move_direction,controls_plus_simple_nlp,logreg,0,1,0.5366778221157568
2023-01-19,next_day_large_move,event_days_only,next_large_move_direction,controls_plus_simple_nlp,logreg,1,1,0.6233842975050129
2023-01-20,next_day_large_move,event_days_only,next_large_move_direction,controls_plus_simple_nlp,logreg,1,0,0.49599484066557215
2023-01-25,next_day_large_move,event_days_only,next_large_move_direction,controls_plus_simple_nlp,logreg,1,1,0.5912725589573076
2023-01-27,next_day_large_move,event_days_only,next_large_move_direction,controls_plus_simple_nlp,logreg,0,0,0.45546816263062834
2023-01-30,next_day_large_move,event_days_only,next_large_move_direction,controls_plus_simple_nlp,logreg,1,1,0.5602912228992873
2023-01-31,next_day_large_move,event_days_only,next_large_move_direction,controls_plus_simple_nlp,logreg,1,1,0.5839796916039491
2023-02-01,next_day_large_move,event_days_only,next_large_move_direction,controls_plus_simple_nlp,logreg,1,0,0.48524627523777114
2023-02-02,next_day_large_move,event_days_only,next_large_move_direction,controls_plus_simple_nlp,logreg,0,0,0.39197803124837205
2023-02-06,next_day_large_move,event_days_only,next_large_move_direction,controls_plus_simple_nlp,logreg,1,1,0.6231765748311263
2023-02-07,next_day_large_move,event_days_only,next_large_move_direction,controls_plus_simple_nlp,logreg,0,0,0.4270931806258865
2023-02-08,next_day_large_move,event_days_only,next_large_move_direction,controls_plus_simple_nlp,logreg,0,1,0.6005304717705381
2023-02-10,next_day_large_move,event_days_only,next_large_move_direction,controls_plus_simple_nlp,logreg,1,0,0.49565131940739404
2023-02-15,next_day_large_move,event_days_only,next_large_move_direction,controls_plus_simple_nlp,logreg,0,1,0.6561397698712574
2023-02-17,next_day_large_move,event_days_only,next_large_move_direction,controls_plus_simple_nlp,logreg,0,1,0.5263669110701994
2023-02-23,next_day_large_move,event_days_only,next_large_move_direction,controls_plus_simple_nlp,logreg,0,0,0.4290619491704221
2023-03-02,next_day_large_move,event_days_only,next_large_move_direction,controls_plus_simple_nlp,logreg,1,1,0.5711869167257727
2023-03-06,next_day_large_move,event_days_only,next_large_move_direction,controls_plus_simple_nlp,logreg,0,1,0.6546563330805847
2023-03-08,next_day_large_move,event_days_only,next_large_move_direction,controls_plus_simple_nlp,logreg,0,1,0.7156276211270655
2023-03-09,next_day_large_move,event_days_only,next_large_move_direction,controls_plus_simple_nlp,logreg,0,1,0.5029484627205301
2023-03-13,next_day_large_move,event_days_only,next_large_move_direction,controls_plus_simple_nlp,logreg,1,0,0.435974601470483
2023-03-15,next_day_large_move,event_days_only,next_large_move_direction,controls_plus_simple_nlp,logreg,1,1,0.5725465147656179
2023-03-16,next_day_large_move,event_days_only,next_large_move_direction,controls_plus_simple_nlp,logreg,0,1,0.5089780302559648
2023-03-17,next_day_large_move,event_days_only,next_large_move_direction,controls_plus_simple_nlp,logreg,1,1,0.5812713149768954
2023-03-20,next_day_large_move,event_days_only,next_large_move_direction,controls_plus_simple_nlp,logreg,1,1,0.5210883243239944
2023-03-21,next_day_large_move,event_days_only,next_large_move_direction,controls_plus_simple_nlp,logreg,0,1,0.5651528421735968
2023-03-28,next_day_large_move,event_days_only,next_large_move_direction,controls_plus_simple_nlp,logreg,1,1,0.5415810354033378
2023-03-30,next_day_large_move,event_days_only,next_large_move_direction,controls_plus_simple_nlp,logreg,1,0,0.4955237508438574
2023-04-12,next_day_large_move,event_days_only,next_large_move_direction,controls_plus_simple_nlp,logreg,1,1,0.52665008955157
2023-04-24,next_day_large_move,event_days_only,next_large_move_direction,controls_plus_simple_nlp,logreg,0,1,0.5780855840176703
2023-04-26,next_day_large_move,event_days_only,next_large_move_direction,controls_plus_simple_nlp,logreg,1,1,0.5365862703064801
2023-04-27,next_day_large_move,event_days_only,next_large_move_direction,controls_plus_simple_nlp,logreg,1,0,0.3647382591723077
2023-05-04,next_day_large_move,event_days_only,next_large_move_direction,controls_plus_simple_nlp,logreg,1,0,0.41610106022882654
2023-05-16,next_day_large_move,event_days_only,next_large_move_direction,controls_plus_simple_nlp,logreg,1,0,0.4356499219538647
2023-05-17,next_day_large_move,event_days_only,next_large_move_direction,controls_plus_simple_nlp,logreg,1,0,0.45594182346864337
2023-05-22,next_day_large_move,event_days_only,next_large_move_direction,controls_plus_simple_nlp,logreg,0,0,0.4280596060057191
2023-05-24,next_day_large_move,event_days_only,next_large_move_direction,controls_plus_simple_nlp,logreg,1,1,0.5088190628856046
2023-05-25,next_day_large_move,event_days_only,next_large_move_direction,controls_plus_simple_nlp,logreg,1,0,0.44681631419762774
2023-05-31,next_day_large_move,event_days_only,next_large_move_direction,controls_plus_simple_nlp,logreg,1,0,0.41843212667885427
2023-06-01,next_day_large_move,event_days_only,next_large_move_direction,controls_plus_simple_nlp,logreg,1,0,0.38503249586702115
2023-06-09,next_day_large_move,event_days_only,next_large_move_direction,controls_plus_simple_nlp,logreg,1,0,0.41993984799536005
2023-06-14,next_day_large_move,event_days_only,next_large_move_direction,controls_plus_simple_nlp,logreg,1,1,0.5198524109302356
2023-06-26,next_day_large_move,event_days_only,next_large_move_direction,controls_plus_simple_nlp,logreg,1,1,0.6400832147738276
2023-06-29,next_day_large_move,event_days_only,next_large_move_direction,controls_plus_simple_nlp,logreg,1,0,0.4093317282800798
2023-07-12,next_day_large_move,event_days_only,next_large_move_direction,controls_plus_simple_nlp,logreg,1,1,0.7422974665132626
2023-07-27,next_day_large_move,event_days_only,next_large_move_direction,controls_plus_simple_nlp,logreg,1,0,0.48678292573251886
2023-08-01,next_day_large_move,event_days_only,next_large_move_direction,controls_plus_simple_nlp,logreg,0,0,0.47906712173244337
2023-08-04,next_day_large_move,event_days_only,next_large_move_direction,controls_plus_simple_nlp,logreg,1,0,0.4506706879274445
2023-08-14,next_day_large_move,event_days_only,next_large_move_direction,controls_plus_simple_nlp,logreg,0,1,0.6953221104559882
2023-08-22,next_day_large_move,event_days_only,next_large_move_direction,controls_plus_simple_nlp,logreg,1,1,0.5111320713565675
2023-08-23,next_day_large_move,event_days_only,next_large_move_direction,controls_plus_simple_nlp,logreg,0,0,0.40089458549272555
2023-08-28,next_day_large_move,event_days_only,next_large_move_direction,controls_plus_simple_nlp,logreg,1,1,0.7218686607018681
2023-09-13,next_day_large_move,event_days_only,next_large_move_direction,controls_plus_simple_nlp,logreg,1,0,0.4456199755263449
2023-09-14,next_day_large_move,event_days_only,next_large_move_direction,controls_plus_simple_nlp,logreg,0,0,0.3512467646414646
2023-09-19,next_day_large_move,event_days_only,next_large_move_direction,controls_plus_simple_nlp,logreg,0,1,0.5346447133637701
2023-09-20,next_day_large_move,event_days_only,next_large_move_direction,controls_plus_simple_nlp,logreg,0,0,0.44796601431274996
2023-09-25,next_day_large_move,event_days_only,next_large_move_direction,controls_plus_simple_nlp,logreg,0,1,0.854995489077297
2023-10-02,next_day_large_move,event_days_only,next_large_move_direction,controls_plus_simple_nlp,logreg,0,1,0.5335831568810007
2023-10-05,next_day_large_move,event_days_only,next_large_move_direction,controls_plus_simple_nlp,logreg,1,1,0.6459382328870138
2023-10-13,next_day_large_move,event_days_only,next_large_move_direction,controls_plus_simple_nlp,logreg,1,0,0.48931275044067774
2023-10-17,next_day_large_move,event_days_only,next_large_move_direction,controls_plus_simple_nlp,logreg,0,0,0.46498000298834924
2023-10-18,next_day_large_move,event_days_only,next_large_move_direction,controls_plus_simple_nlp,logreg,0,0,0.49159344354536016
2023-10-19,next_day_large_move,event_days_only,next_large_move_direction,controls_plus_simple_nlp,logreg,0,0,0.44238177329953193
2023-10-24,next_day_large_move,event_days_only,next_large_move_direction,controls_plus_simple_nlp,logreg,0,1,0.7363848292120512
2023-10-25,next_day_large_move,event_days_only,next_large_move_direction,controls_plus_simple_nlp,logreg,0,1,0.580751039683906
2023-10-27,next_day_large_move,event_days_only,next_large_move_direction,controls_plus_simple_nlp,logreg,1,0,0.4251792457187428
2023-10-31,next_day_large_move,event_days_only,next_large_move_direction,controls_plus_simple_nlp,logreg,1,0,0.41689397129756833
2023-11-01,next_day_large_move,event_days_only,next_large_move_direction,controls_plus_simple_nlp,logreg,1,1,0.5745194098917734
2023-11-02,next_day_large_move,event_days_only,next_large_move_direction,controls_plus_simple_nlp,logreg,1,0,0.492238201119069
2023-11-09,next_day_large_move,event_days_only,next_large_move_direction,controls_plus_simple_nlp,logreg,1,0,0.43080432856322787
2023-11-13,next_day_large_move,event_days_only,next_large_move_direction,controls_plus_simple_nlp,logreg,1,1,0.7046859609957967
2023-12-12,next_day_large_move,event_days_only,next_large_move_direction,controls_plus_simple_nlp,logreg,1,0,0.42688462376576236
2023-12-19,next_day_large_move,event_days_only,next_large_move_direction,controls_plus_simple_nlp,logreg,0,0,0.44172652016988295
2023-12-20,next_day_large_move,event_days_only,next_large_move_direction,controls_plus_simple_nlp,logreg,1,0,0.464354725316369
2024-01-05,next_day_large_move,event_days_only,next_large_move_direction,controls_plus_simple_nlp,logreg,1,1,0.5368772960090719
2024-01-17,next_day_large_move,event_days_only,next_large_move_direction,controls_plus_simple_nlp,logreg,1,1,0.5457295573146509
2024-01-18,next_day_large_move,event_days_only,next_large_move_direction,controls_plus_simple_nlp,logreg,1,0,0.41207446395090197
2024-01-30,next_day_large_move,event_days_only,next_large_move_direction,controls_plus_simple_nlp,logreg,0,0,0.4797834101253543
2024-01-31,next_day_large_move,event_days_only,next_large_move_direction,controls_plus_simple_nlp,logreg,1,0,0.4306212474897309
2024-02-06,next_day_large_move,event_days_only,next_large_move_direction,controls_plus_simple_nlp,logreg,1,0,0.4756260036707097
2024-02-12,next_day_large_move,event_days_only,next_large_move_direction,controls_plus_simple_nlp,logreg,0,1,0.6404174139466656
2024-02-13,next_day_large_move,event_days_only,next_large_move_direction,controls_plus_simple_nlp,logreg,1,0,0.4495606253348441
2024-02-21,next_day_large_move,event_days_only,next_large_move_direction,controls_plus_simple_nlp,logreg,1,0,0.4768912462175238
2024-03-04,next_day_large_move,event_days_only,next_large_move_direction,controls_plus_simple_nlp,logreg,0,0,0.48317655249861974
2024-03-06,next_day_large_move,event_days_only,next_large_move_direction,controls_plus_simple_nlp,logreg,1,0,0.43572064674779953
2024-03-11,next_day_large_move,event_days_only,next_large_move_direction,controls_plus_simple_nlp,logreg,1,0,0.46710837365784386
2024-03-19,next_day_large_move,event_days_only,next_large_move_direction,controls_plus_simple_nlp,logreg,1,1,0.5088963970502333
2024-03-26,next_day_large_move,event_days_only,next_large_move_direction,controls_plus_simple_nlp,logreg,1,1,0.5130699988528951
2024-04-03,next_day_large_move,event_days_only,next_large_move_direction,controls_plus_simple_nlp,logreg,0,0,0.48915559910140666
2024-04-04,next_day_large_move,event_days_only,next_large_move_direction,controls_plus_simple_nlp,logreg,1,1,0.5123998675311058
2024-04-09,next_day_large_move,event_days_only,next_large_move_direction,controls_plus_simple_nlp,logreg,0,0,0.42732352058633827
2024-04-11,next_day_large_move,event_days_only,next_large_move_direction,controls_plus_simple_nlp,logreg,0,0,0.47205586760391977
2024-04-12,next_day_large_move,event_days_only,next_large_move_direction,controls_plus_simple_nlp,logreg,0,1,0.5031945905028198
2024-04-18,next_day_large_move,event_days_only,next_large_move_direction,controls_plus_simple_nlp,logreg,0,1,0.6580640316240312
2024-04-19,next_day_large_move,event_days_only,next_large_move_direction,controls_plus_simple_nlp,logreg,1,1,0.550820390815337
2024-04-22,next_day_large_move,event_days_only,next_large_move_direction,controls_plus_simple_nlp,logreg,1,1,0.5307552611461419
2024-04-25,next_day_large_move,event_days_only,next_large_move_direction,controls_plus_simple_nlp,logreg,1,0,0.4382049142423491
2024-04-29,next_day_large_move,event_days_only,next_large_move_direction,controls_plus_simple_nlp,logreg,0,1,0.5181369037434405
2024-05-01,next_day_large_move,event_days_only,next_large_move_direction,controls_plus_simple_nlp,logreg,1,1,0.5169494340132923
2024-05-02,next_day_large_move,event_days_only,next_large_move_direction,controls_plus_simple_nlp,logreg,1,0,0.40758374352316523
2024-05-03,next_day_large_move,event_days_only,next_large_move_direction,controls_plus_simple_nlp,logreg,1,0,0.470079230161354
2024-05-14,next_day_large_move,event_days_only,next_large_move_direction,controls_plus_simple_nlp,logreg,1,0,0.48616275167755574
2024-06-04,next_day_large_move,event_days_only,next_large_move_direction,controls_plus_simple_nlp,logreg,1,1,0.5334531205937939
2024-06-11,next_day_large_move,event_days_only,next_large_move_direction,controls_plus_simple_nlp,logreg,1,1,0.5412042523497064
2024-07-09,next_day_large_move,event_days_only,next_large_move_direction,controls_plus_simple_nlp,logreg,1,1,0.5745595310941202
2024-07-10,next_day_large_move,event_days_only,next_large_move_direction,controls_plus_simple_nlp,logreg,0,1,0.5600040813448246
2024-07-16,next_day_large_move,event_days_only,next_large_move_direction,controls_plus_simple_nlp,logreg,0,1,0.514009073070031
2024-07-19,next_day_large_move,event_days_only,next_large_move_direction,controls_plus_simple_nlp,logreg,1,1,0.5679980238773011
2024-07-23,next_day_large_move,event_days_only,next_large_move_direction,controls_plus_simple_nlp,logreg,0,1,0.6291535254694111
2024-07-25,next_day_large_move,event_days_only,next_large_move_direction,controls_plus_simple_nlp,logreg,1,0,0.46962268462681767
2024-07-30,next_day_large_move,event_days_only,next_large_move_direction,controls_plus_simple_nlp,logreg,1,1,0.6042579515429709
2024-07-31,next_day_large_move,event_days_only,next_large_move_direction,controls_plus_simple_nlp,logreg,0,0,0.36865051893999645
2024-08-01,next_day_large_move,event_days_only,next_large_move_direction,controls_plus_simple_nlp,logreg,0,0,0.48744659013469716
2024-08-02,next_day_large_move,event_days_only,next_large_move_direction,controls_plus_simple_nlp,logreg,0,1,0.5855816247966675
2024-08-05,next_day_large_move,event_days_only,next_large_move_direction,controls_plus_simple_nlp,logreg,1,0,0.4817481463589543
2024-08-07,next_day_large_move,event_days_only,next_large_move_direction,controls_plus_simple_nlp,logreg,1,1,0.5756947688203568
2024-08-12,next_day_large_move,event_days_only,next_large_move_direction,controls_plus_simple_nlp,logreg,1,1,0.5181752431145534
2024-08-14,next_day_large_move,event_days_only,next_large_move_direction,controls_plus_simple_nlp,logreg,1,1,0.5719997957939925
2024-08-16,next_day_large_move,event_days_only,next_large_move_direction,controls_plus_simple_nlp,logreg,1,1,0.5616519500052485
2024-08-21,next_day_large_move,event_days_only,next_large_move_direction,controls_plus_simple_nlp,logreg,0,0,0.4607421220181912
2024-08-22,next_day_large_move,event_days_only,next_large_move_direction,controls_plus_simple_nlp,logreg,1,0,0.41792268847153075
2024-08-29,next_day_large_move,event_days_only,next_large_move_direction,controls_plus_simple_nlp,logreg,1,0,0.44980728211682536
2024-08-30,next_day_large_move,event_days_only,next_large_move_direction,controls_plus_simple_nlp,logreg,0,0,0.4663487175391895
2024-09-05,next_day_large_move,event_days_only,next_large_move_direction,controls_plus_simple_nlp,logreg,0,1,0.5436475898218045
2024-09-06,next_day_large_move,event_days_only,next_large_move_direction,controls_plus_simple_nlp,logreg,1,0,0.4940947493488067
2024-09-10,next_day_large_move,event_days_only,next_large_move_direction,controls_plus_simple_nlp,logreg,1,1,0.5042529224711562
2024-09-18,next_day_large_move,event_days_only,next_large_move_direction,controls_plus_simple_nlp,logreg,1,1,0.5241319401136346
2024-09-30,next_day_large_move,event_days_only,next_large_move_direction,controls_plus_simple_nlp,logreg,0,1,0.5377005457675047
2024-10-03,next_day_large_move,event_days_only,next_large_move_direction,controls_plus_simple_nlp,logreg,1,0,0.47877726197961235
2024-10-04,next_day_large_move,event_days_only,next_large_move_direction,controls_plus_simple_nlp,logreg,0,1,0.5219847505988648
2024-10-07,next_day_large_move,event_days_only,next_large_move_direction,controls_plus_simple_nlp,logreg,1,1,0.5107050059555428
2024-10-22,next_day_large_move,event_days_only,next_large_move_direction,controls_plus_simple_nlp,logreg,0,1,0.5210718325679683
2024-10-30,next_day_large_move,event_days_only,next_large_move_direction,controls_plus_simple_nlp,logreg,0,1,0.5237529838456492
2024-11-04,next_day_large_move,event_days_only,next_large_move_direction,controls_plus_simple_nlp,logreg,1,1,0.5213477364638218
2024-11-05,next_day_large_move,event_days_only,next_large_move_direction,controls_plus_simple_nlp,logreg,1,0,0.49403128754676706
2024-11-14,next_day_large_move,event_days_only,next_large_move_direction,controls_plus_simple_nlp,logreg,0,0,0.49179123641849115
2024-12-10,next_day_large_move,event_days_only,next_large_move_direction,controls_plus_simple_nlp,logreg,1,1,0.5585893991839139
2024-12-17,next_day_large_move,event_days_only,next_large_move_direction,controls_plus_simple_nlp,logreg,0,1,0.5506823776462958
2024-12-19,next_day_large_move,event_days_only,next_large_move_direction,controls_plus_simple_nlp,logreg,1,0,0.4946186004245089
2024-12-23,next_day_large_move,event_days_only,next_large_move_direction,controls_plus_simple_nlp,logreg,1,1,0.5075042285103007
2024-12-26,next_day_large_move,event_days_only,next_large_move_direction,controls_plus_simple_nlp,logreg,0,0,0.38370284416708583
2024-12-27,next_day_large_move,event_days_only,next_large_move_direction,controls_plus_simple_nlp,logreg,0,1,0.5213938993527022
2025-01-02,next_day_large_move,event_days_only,next_large_move_direction,controls_plus_simple_nlp,logreg,1,1,0.5488238742198255
2025-01-06,next_day_large_move,event_days_only,next_large_move_direction,controls_plus_simple_nlp,logreg,0,1,0.5990683461303478
2025-01-08,next_day_large_move,event_days_only,next_large_move_direction,controls_plus_simple_nlp,logreg,0,0,0.40167468091278113
2025-01-14,next_day_large_move,event_days_only,next_large_move_direction,controls_plus_simple_nlp,logreg,1,1,0.5488111707620723
2025-01-16,next_day_large_move,event_days_only,next_large_move_direction,controls_plus_simple_nlp,logreg,1,1,0.5622449732010374
2025-01-17,next_day_large_move,event_days_only,next_large_move_direction,controls_plus_simple_nlp,logreg,1,0,0.4559464454456753
2025-01-24,next_day_large_move,event_days_only,next_large_move_direction,controls_plus_simple_nlp,logreg,0,0,0.39186406467576657
2025-01-27,next_day_large_move,event_days_only,next_large_move_direction,controls_plus_simple_nlp,logreg,1,0,0.41825590923136163
2025-02-06,next_day_large_move,event_days_only,next_large_move_direction,controls_plus_simple_nlp,logreg,0,0,0.49766176125541167
2025-02-12,next_day_large_move,event_days_only,next_large_move_direction,controls_plus_simple_nlp,logreg,1,1,0.5461177043834431
2025-02-20,next_day_large_move,event_days_only,next_large_move_direction,controls_plus_simple_nlp,logreg,0,0,0.3967447665718736
2025-02-26,next_day_large_move,event_days_only,next_large_move_direction,controls_plus_simple_nlp,logreg,0,0,0.498435077232204
2025-02-27,next_day_large_move,event_days_only,next_large_move_direction,controls_plus_simple_nlp,logreg,1,1,0.5764525268175649
2025-02-28,next_day_large_move,event_days_only,next_large_move_direction,controls_plus_simple_nlp,logreg,0,1,0.5636963848731189
2025-03-03,next_day_large_move,event_days_only,next_large_move_direction,controls_plus_simple_nlp,logreg,0,1,0.6188704550763707
2025-03-04,next_day_large_move,event_days_only,next_large_move_direction,controls_plus_simple_nlp,logreg,1,1,0.615195353227184
2025-03-05,next_day_large_move,event_days_only,next_large_move_direction,controls_plus_simple_nlp,logreg,0,1,0.6050842626563104
2025-03-07,next_day_large_move,event_days_only,next_large_move_direction,controls_plus_simple_nlp,logreg,0,0,0.4569767545580533
2025-03-12,next_day_large_move,event_days_only,next_large_move_direction,controls_plus_simple_nlp,logreg,0,1,0.5446899719765638
2025-03-13,next_day_large_move,event_days_only,next_large_move_direction,controls_plus_simple_nlp,logreg,1,1,0.5484159734896017
2025-03-17,next_day_large_move,event_days_only,next_large_move_direction,controls_plus_simple_nlp,logreg,0,1,0.6112234939148085
2025-03-18,next_day_large_move,event_days_only,next_large_move_direction,controls_plus_simple_nlp,logreg,1,1,0.5672173862032325
2025-03-21,next_day_large_move,event_days_only,next_large_move_direction,controls_plus_simple_nlp,logreg,1,1,0.6174495823044716
2025-03-25,next_day_large_move,event_days_only,next_large_move_direction,controls_plus_simple_nlp,logreg,0,0,0.49195522212018
2025-03-27,next_day_large_move,event_days_only,next_large_move_direction,controls_plus_simple_nlp,logreg,0,1,0.5241580083372464
2025-04-02,next_day_large_move,event_days_only,next_large_move_direction,controls_plus_simple_nlp,logreg,0,0,0.4679420803847201
2025-04-03,next_day_large_move,event_days_only,next_large_move_direction,controls_plus_simple_nlp,logreg,0,0,0.47603132522579383
2025-04-07,next_day_large_move,event_days_only,next_large_move_direction,controls_plus_simple_nlp,logreg,0,1,0.5044238109712995
2025-04-08,next_day_large_move,event_days_only,next_large_move_direction,controls_plus_simple_nlp,logreg,1,1,0.6273904211169821
2025-04-09,next_day_large_move,event_days_only,next_large_move_direction,controls_plus_simple_nlp,logreg,0,0,0.11740192830436647
2025-04-10,next_day_large_move,event_days_only,next_large_move_direction,controls_plus_simple_nlp,logreg,1,1,0.502731665365596
2025-04-15,next_day_large_move,event_days_only,next_large_move_direction,controls_plus_simple_nlp,logreg,0,0,0.4701034151956451
2025-04-17,next_day_large_move,event_days_only,next_large_move_direction,controls_plus_simple_nlp,logreg,0,0,0.4733016126984804
2025-04-21,next_day_large_move,event_days_only,next_large_move_direction,controls_plus_simple_nlp,logreg,1,1,0.6530561118628487
2025-04-22,next_day_large_move,event_days_only,next_large_move_direction,controls_plus_simple_nlp,logreg,1,1,0.5427552243464031
2025-04-23,next_day_large_move,event_days_only,next_large_move_direction,controls_plus_simple_nlp,logreg,1,1,0.5691099504598247
2025-05-01,next_day_large_move,event_days_only,next_large_move_direction,controls_plus_simple_nlp,logreg,1,0,0.4379879768104857
2025-05-09,next_day_large_move,event_days_only,next_large_move_direction,controls_plus_simple_nlp,logreg,1,1,0.5765372465221705
2025-05-20,next_day_large_move,event_days_only,next_large_move_direction,controls_plus_simple_nlp,logreg,0,1,0.5225439388791574
2025-05-23,next_day_large_move,event_days_only,next_large_move_direction,controls_plus_simple_nlp,logreg,1,1,0.5508120740821978
2025-06-05,next_day_large_move,event_days_only,next_large_move_direction,controls_plus_simple_nlp,logreg,1,0,0.3962300932960725
2025-06-12,next_day_large_move,event_days_only,next_large_move_direction,controls_plus_simple_nlp,logreg,0,0,0.4909830280257242
2025-06-13,next_day_large_move,event_days_only,next_large_move_direction,controls_plus_simple_nlp,logreg,1,1,0.6966906573530839
2025-06-16,next_day_large_move,event_days_only,next_large_move_direction,controls_plus_simple_nlp,logreg,0,0,0.4751885898961354
2025-06-20,next_day_large_move,event_days_only,next_large_move_direction,controls_plus_simple_nlp,logreg,1,1,0.5003038718894829
2025-06-23,next_day_large_move,event_days_only,next_large_move_direction,controls_plus_simple_nlp,logreg,1,0,0.47662871695487014
2025-07-02,next_day_large_move,event_days_only,next_large_move_direction,controls_plus_simple_nlp,logreg,1,0,0.40387365686824783
2025-07-31,next_day_large_move,event_days_only,next_large_move_direction,controls_plus_simple_nlp,logreg,0,0,0.4230679784142496
2025-08-01,next_day_large_move,event_days_only,next_large_move_direction,controls_plus_simple_nlp,logreg,1,1,0.579849579016526
2025-08-11,next_day_large_move,event_days_only,next_large_move_direction,controls_plus_simple_nlp,logreg,1,0,0.47067494067439863
2025-08-21,next_day_large_move,event_days_only,next_large_move_direction,controls_plus_simple_nlp,logreg,1,0,0.4153580042816058
2025-09-03,next_day_large_move,event_days_only,next_large_move_direction,controls_plus_simple_nlp,logreg,1,0,0.46478453999467684
2025-09-10,next_day_large_move,event_days_only,next_large_move_direction,controls_plus_simple_nlp,logreg,1,1,0.610591146169074
2025-10-09,next_day_large_move,event_days_only,next_large_move_direction,controls_plus_simple_nlp,logreg,0,0,0.47684552665708185
2025-10-10,next_day_large_move,event_days_only,next_large_move_direction,controls_plus_simple_nlp,logreg,1,0,0.4708767852490545
2025-10-17,next_day_large_move,event_days_only,next_large_move_direction,controls_plus_simple_nlp,logreg,1,1,0.5435296274560465
2025-10-24,next_day_large_move,event_days_only,next_large_move_direction,controls_plus_simple_nlp,logreg,1,0,0.4234415625364338
2025-10-29,next_day_large_move,event_days_only,next_large_move_direction,controls_plus_simple_nlp,logreg,0,0,0.41859536385992474
2025-11-03,next_day_large_move,event_days_only,next_large_move_direction,controls_plus_simple_nlp,logreg,0,0,0.4777066655033494
2025-11-05,next_day_large_move,event_days_only,next_large_move_direction,controls_plus_simple_nlp,logreg,0,0,0.44776242435209523
2025-11-07,next_day_large_move,event_days_only,next_large_move_direction,controls_plus_simple_nlp,logreg,1,1,0.5330026940582987
2025-11-12,next_day_large_move,event_days_only,next_large_move_direction,controls_plus_simple_nlp,logreg,0,1,0.6483908716298565
2025-11-14,next_day_large_move,event_days_only,next_large_move_direction,controls_plus_simple_nlp,logreg,0,1,0.5526448465023935
2025-11-17,next_day_large_move,event_days_only,next_large_move_direction,controls_plus_simple_nlp,logreg,0,1,0.5280288362887797
2025-11-19,next_day_large_move,event_days_only,next_large_move_direction,controls_plus_simple_nlp,logreg,0,0,0.49973639454863705
2025-11-20,next_day_large_move,event_days_only,next_large_move_direction,controls_plus_simple_nlp,logreg,1,0,0.4388153402138014
2025-11-21,next_day_large_move,event_days_only,next_large_move_direction,controls_plus_simple_nlp,logreg,1,0,0.3410867337932832
2025-11-24,next_day_large_move,event_days_only,next_large_move_direction,controls_plus_simple_nlp,logreg,1,0,0.4992197469863166
2025-12-11,next_day_large_move,event_days_only,next_large_move_direction,controls_plus_simple_nlp,logreg,0,1,0.5486162687496428
2025-12-16,next_day_large_move,event_days_only,next_large_move_direction,controls_plus_simple_nlp,logreg,0,1,0.5257637430532933
2025-12-18,next_day_large_move,event_days_only,next_large_move_direction,controls_plus_simple_nlp,logreg,1,1,0.5353197798540659
2022-02-14,next_day_large_move,event_days_only,next_large_move_direction,controls_plus_simple_nlp,random_forest,1,0,0.43
2022-04-28,next_day_large_move,event_days_only,next_large_move_direction,controls_plus_simple_nlp,random_forest,0,0,0.44
2022-05-10,next_day_large_move,event_days_only,next_large_move_direction,controls_plus_simple_nlp,random_forest,0,1,0.68
2022-05-12,next_day_large_move,event_days_only,next_large_move_direction,controls_plus_simple_nlp,random_forest,1,1,0.605
2022-05-16,next_day_large_move,event_days_only,next_large_move_direction,controls_plus_simple_nlp,random_forest,1,1,0.605
2022-05-17,next_day_large_move,event_days_only,next_large_move_direction,controls_plus_simple_nlp,random_forest,0,1,0.5475
2022-05-20,next_day_large_move,event_days_only,next_large_move_direction,controls_plus_simple_nlp,random_forest,1,1,0.6075
2022-05-23,next_day_large_move,event_days_only,next_large_move_direction,controls_plus_simple_nlp,random_forest,0,1,0.5775
2022-05-24,next_day_large_move,event_days_only,next_large_move_direction,controls_plus_simple_nlp,random_forest,1,1,0.71
2022-05-25,next_day_large_move,event_days_only,next_large_move_direction,controls_plus_simple_nlp,random_forest,1,1,0.63
2022-05-26,next_day_large_move,event_days_only,next_large_move_direction,controls_plus_simple_nlp,random_forest,1,0,0.3925
2022-06-01,next_day_large_move,event_days_only,next_large_move_direction,controls_plus_simple_nlp,random_forest,1,1,0.5125
2022-06-02,next_day_large_move,event_days_only,next_large_move_direction,controls_plus_simple_nlp,random_forest,0,1,0.53
2022-06-06,next_day_large_move,event_days_only,next_large_move_direction,controls_plus_simple_nlp,random_forest,1,1,0.54
2022-06-07,next_day_large_move,event_days_only,next_large_move_direction,controls_plus_simple_nlp,random_forest,0,1,0.51
2022-06-08,next_day_large_move,event_days_only,next_large_move_direction,controls_plus_simple_nlp,random_forest,0,1,0.6875
2022-06-09,next_day_large_move,event_days_only,next_large_move_direction,controls_plus_simple_nlp,random_forest,0,1,0.5425
2022-06-10,next_day_large_move,event_days_only,next_large_move_direction,controls_plus_simple_nlp,random_forest,0,1,0.6925
2022-06-14,next_day_large_move,event_days_only,next_large_move_direction,controls_plus_simple_nlp,random_forest,1,1,0.6775
2022-06-15,next_day_large_move,event_days_only,next_large_move_direction,controls_plus_simple_nlp,random_forest,0,1,0.6175
2022-06-17,next_day_large_move,event_days_only,next_large_move_direction,controls_plus_simple_nlp,random_forest,1,1,0.57
2022-06-22,next_day_large_move,event_days_only,next_large_move_direction,controls_plus_simple_nlp,random_forest,1,1,0.635
2022-06-23,next_day_large_move,event_days_only,next_large_move_direction,controls_plus_simple_nlp,random_forest,1,1,0.56
2022-06-29,next_day_large_move,event_days_only,next_large_move_direction,controls_plus_simple_nlp,random_forest,0,1,0.66
2022-06-30,next_day_large_move,event_days_only,next_large_move_direction,controls_plus_simple_nlp,random_forest,1,1,0.6225
2022-07-06,next_day_large_move,event_days_only,next_large_move_direction,controls_plus_simple_nlp,random_forest,1,1,0.61
2022-07-08,next_day_large_move,event_days_only,next_large_move_direction,controls_plus_simple_nlp,random_forest,0,1,0.57
2022-07-14,next_day_large_move,event_days_only,next_large_move_direction,controls_plus_simple_nlp,random_forest,1,1,0.5075
2022-07-15,next_day_large_move,event_days_only,next_large_move_direction,controls_plus_simple_nlp,random_forest,0,1,0.6125
2022-07-18,next_day_large_move,event_days_only,next_large_move_direction,controls_plus_simple_nlp,random_forest,1,1,0.6325
2022-07-20,next_day_large_move,event_days_only,next_large_move_direction,controls_plus_simple_nlp,random_forest,1,0,0.4825
2022-07-21,next_day_large_move,event_days_only,next_large_move_direction,controls_plus_simple_nlp,random_forest,0,1,0.555
2022-07-25,next_day_large_move,event_days_only,next_large_move_direction,controls_plus_simple_nlp,random_forest,0,1,0.6225
2022-07-26,next_day_large_move,event_days_only,next_large_move_direction,controls_plus_simple_nlp,random_forest,1,1,0.5825
2022-07-27,next_day_large_move,event_days_only,next_large_move_direction,controls_plus_simple_nlp,random_forest,1,1,0.565
2022-08-02,next_day_large_move,event_days_only,next_large_move_direction,controls_plus_simple_nlp,random_forest,1,1,0.66
2022-08-09,next_day_large_move,event_days_only,next_large_move_direction,controls_plus_simple_nlp,random_forest,1,1,0.6175
2022-08-11,next_day_large_move,event_days_only,next_large_move_direction,controls_plus_simple_nlp,random_forest,1,1,0.5925
2022-08-18,next_day_large_move,event_days_only,next_large_move_direction,controls_plus_simple_nlp,random_forest,0,1,0.655
2022-08-19,next_day_large_move,event_days_only,next_large_move_direction,controls_plus_simple_nlp,random_forest,0,1,0.56
2022-08-24,next_day_large_move,event_days_only,next_large_move_direction,controls_plus_simple_nlp,random_forest,1,1,0.575
2022-08-25,next_day_large_move,event_days_only,next_large_move_direction,controls_plus_simple_nlp,random_forest,0,1,0.55
2022-08-29,next_day_large_move,event_days_only,next_large_move_direction,controls_plus_simple_nlp,random_forest,0,1,0.585
2022-09-06,next_day_large_move,event_days_only,next_large_move_direction,controls_plus_simple_nlp,random_forest,1,1,0.5425
2022-09-08,next_day_large_move,event_days_only,next_large_move_direction,controls_plus_simple_nlp,random_forest,1,1,0.5875
2022-09-09,next_day_large_move,event_days_only,next_large_move_direction,controls_plus_simple_nlp,random_forest,1,1,0.6025
2022-09-12,next_day_large_move,event_days_only,next_large_move_direction,controls_plus_simple_nlp,random_forest,0,1,0.61
2022-09-14,next_day_large_move,event_days_only,next_large_move_direction,controls_plus_simple_nlp,random_forest,0,1,0.565
2022-09-19,next_day_large_move,event_days_only,next_large_move_direction,controls_plus_simple_nlp,random_forest,0,1,0.635
2022-09-20,next_day_large_move,event_days_only,next_large_move_direction,controls_plus_simple_nlp,random_forest,0,0,0.475
2022-09-21,next_day_large_move,event_days_only,next_large_move_direction,controls_plus_simple_nlp,random_forest,0,0,0.495
2022-09-22,next_day_large_move,event_days_only,next_large_move_direction,controls_plus_simple_nlp,random_forest,0,1,0.5075
2022-09-23,next_day_large_move,event_days_only,next_large_move_direction,controls_plus_simple_nlp,random_forest,0,1,0.5625
2022-09-27,next_day_large_move,event_days_only,next_large_move_direction,controls_plus_simple_nlp,random_forest,1,1,0.52
2022-09-28,next_day_large_move,event_days_only,next_large_move_direction,controls_plus_simple_nlp,random_forest,0,1,0.635
2022-09-29,next_day_large_move,event_days_only,next_large_move_direction,controls_plus_simple_nlp,random_forest,0,1,0.5825
2022-09-30,next_day_large_move,event_days_only,next_large_move_direction,controls_plus_simple_nlp,random_forest,1,1,0.5825
2022-10-03,next_day_large_move,event_days_only,next_large_move_direction,controls_plus_simple_nlp,random_forest,1,1,0.53
2022-10-05,next_day_large_move,event_days_only,next_large_move_direction,controls_plus_simple_nlp,random_forest,0,0,0.495
2022-10-06,next_day_large_move,event_days_only,next_large_move_direction,controls_plus_simple_nlp,random_forest,0,0,0.455
2022-10-12,next_day_large_move,event_days_only,next_large_move_direction,controls_plus_simple_nlp,random_forest,1,0,0.4975
2022-10-13,next_day_large_move,event_days_only,next_large_move_direction,controls_plus_simple_nlp,random_forest,0,1,0.5375
2022-10-14,next_day_large_move,event_days_only,next_large_move_direction,controls_plus_simple_nlp,random_forest,1,1,0.6125
2022-10-17,next_day_large_move,event_days_only,next_large_move_direction,controls_plus_simple_nlp,random_forest,1,1,0.555
2022-10-20,next_day_large_move,event_days_only,next_large_move_direction,controls_plus_simple_nlp,random_forest,1,1,0.6275
2022-10-21,next_day_large_move,event_days_only,next_large_move_direction,controls_plus_simple_nlp,random_forest,1,1,0.5075
2022-10-24,next_day_large_move,event_days_only,next_large_move_direction,controls_plus_simple_nlp,random_forest,1,0,0.45
2022-10-27,next_day_large_move,event_days_only,next_large_move_direction,controls_plus_simple_nlp,random_forest,1,1,0.5775
2022-11-01,next_day_large_move,event_days_only,next_large_move_direction,controls_plus_simple_nlp,random_forest,0,1,0.565
2022-11-02,next_day_large_move,event_days_only,next_large_move_direction,controls_plus_simple_nlp,random_forest,0,1,0.605
2022-11-03,next_day_large_move,event_days_only,next_large_move_direction,controls_plus_simple_nlp,random_forest,1,1,0.5625
2022-11-04,next_day_large_move,event_days_only,next_large_move_direction,controls_plus_simple_nlp,random_forest,1,1,0.5725
2022-11-08,next_day_large_move,event_days_only,next_large_move_direction,controls_plus_simple_nlp,random_forest,0,1,0.6875
2022-11-09,next_day_large_move,event_days_only,next_large_move_direction,controls_plus_simple_nlp,random_forest,1,1,0.595
2022-11-10,next_day_large_move,event_days_only,next_large_move_direction,controls_plus_simple_nlp,random_forest,1,0,0.4775
2022-11-11,next_day_large_move,event_days_only,next_large_move_direction,controls_plus_simple_nlp,random_forest,0,0,0.4275
2022-11-14,next_day_large_move,event_days_only,next_large_move_direction,controls_plus_simple_nlp,random_forest,1,1,0.5775
2022-11-15,next_day_large_move,event_days_only,next_large_move_direction,controls_plus_simple_nlp,random_forest,0,1,0.5825
2022-11-29,next_day_large_move,event_days_only,next_large_move_direction,controls_plus_simple_nlp,random_forest,1,0,0.4875
2022-12-02,next_day_large_move,event_days_only,next_large_move_direction,controls_plus_simple_nlp,random_forest,0,1,0.69
2022-12-05,next_day_large_move,event_days_only,next_large_move_direction,controls_plus_simple_nlp,random_forest,0,1,0.585
2022-12-09,next_day_large_move,event_days_only,next_large_move_direction,controls_plus_simple_nlp,random_forest,1,0,0.475
2022-12-14,next_day_large_move,event_days_only,next_large_move_direction,controls_plus_simple_nlp,random_forest,0,1,0.555
2022-12-15,next_day_large_move,event_days_only,next_large_move_direction,controls_plus_simple_nlp,random_forest,0,1,0.5625
2022-12-16,next_day_large_move,event_days_only,next_large_move_direction,controls_plus_simple_nlp,random_forest,0,0,0.3725
2022-12-20,next_day_large_move,event_days_only,next_large_move_direction,controls_plus_simple_nlp,random_forest,1,0,0.4075
2022-12-21,next_day_large_move,event_days_only,next_large_move_direction,controls_plus_simple_nlp,random_forest,0,1,0.635
2022-12-27,next_day_large_move,event_days_only,next_large_move_direction,controls_plus_simple_nlp,random_forest,0,1,0.525
2022-12-28,next_day_large_move,event_days_only,next_large_move_direction,controls_plus_simple_nlp,random_forest,1,1,0.6525
2023-01-04,next_day_large_move,event_days_only,next_large_move_direction,controls_plus_simple_nlp,random_forest,0,1,0.615
2023-01-05,next_day_large_move,event_days_only,next_large_move_direction,controls_plus_simple_nlp,random_forest,1,1,0.5725
2023-01-10,next_day_large_move,event_days_only,next_large_move_direction,controls_plus_simple_nlp,random_forest,1,1,0.5025
2023-01-17,next_day_large_move,event_days_only,next_large_move_direction,controls_plus_simple_nlp,random_forest,0,1,0.6275
2023-01-19,next_day_large_move,event_days_only,next_large_move_direction,controls_plus_simple_nlp,random_forest,1,1,0.5525
2023-01-20,next_day_large_move,event_days_only,next_large_move_direction,controls_plus_simple_nlp,random_forest,1,1,0.53
2023-01-25,next_day_large_move,event_days_only,next_large_move_direction,controls_plus_simple_nlp,random_forest,1,1,0.5975
2023-01-27,next_day_large_move,event_days_only,next_large_move_direction,controls_plus_simple_nlp,random_forest,0,0,0.4225
2023-01-30,next_day_large_move,event_days_only,next_large_move_direction,controls_plus_simple_nlp,random_forest,1,0,0.4625
2023-01-31,next_day_large_move,event_days_only,next_large_move_direction,controls_plus_simple_nlp,random_forest,1,1,0.66
2023-02-01,next_day_large_move,event_days_only,next_large_move_direction,controls_plus_simple_nlp,random_forest,1,1,0.5425
2023-02-02,next_day_large_move,event_days_only,next_large_move_direction,controls_plus_simple_nlp,random_forest,0,0,0.475
2023-02-06,next_day_large_move,event_days_only,next_large_move_direction,controls_plus_simple_nlp,random_forest,1,1,0.6325
2023-02-07,next_day_large_move,event_days_only,next_large_move_direction,controls_plus_simple_nlp,random_forest,0,0,0.4725
2023-02-08,next_day_large_move,event_days_only,next_large_move_direction,controls_plus_simple_nlp,random_forest,0,1,0.5925
2023-02-10,next_day_large_move,event_days_only,next_large_move_direction,controls_plus_simple_nlp,random_forest,1,0,0.435
2023-02-15,next_day_large_move,event_days_only,next_large_move_direction,controls_plus_simple_nlp,random_forest,0,1,0.675
2023-02-17,next_day_large_move,event_days_only,next_large_move_direction,controls_plus_simple_nlp,random_forest,0,1,0.515
2023-02-23,next_day_large_move,event_days_only,next_large_move_direction,controls_plus_simple_nlp,random_forest,0,1,0.53
2023-03-02,next_day_large_move,event_days_only,next_large_move_direction,controls_plus_simple_nlp,random_forest,1,0,0.49
2023-03-06,next_day_large_move,event_days_only,next_large_move_direction,controls_plus_simple_nlp,random_forest,0,1,0.7075
2023-03-08,next_day_large_move,event_days_only,next_large_move_direction,controls_plus_simple_nlp,random_forest,0,1,0.6625
2023-03-09,next_day_large_move,event_days_only,next_large_move_direction,controls_plus_simple_nlp,random_forest,0,0,0.4025
2023-03-13,next_day_large_move,event_days_only,next_large_move_direction,controls_plus_simple_nlp,random_forest,1,1,0.57
2023-03-15,next_day_large_move,event_days_only,next_large_move_direction,controls_plus_simple_nlp,random_forest,1,1,0.575
2023-03-16,next_day_large_move,event_days_only,next_large_move_direction,controls_plus_simple_nlp,random_forest,0,1,0.545
2023-03-17,next_day_large_move,event_days_only,next_large_move_direction,controls_plus_simple_nlp,random_forest,1,1,0.6125
2023-03-20,next_day_large_move,event_days_only,next_large_move_direction,controls_plus_simple_nlp,random_forest,1,1,0.6475
2023-03-21,next_day_large_move,event_days_only,next_large_move_direction,controls_plus_simple_nlp,random_forest,0,1,0.57
2023-03-28,next_day_large_move,event_days_only,next_large_move_direction,controls_plus_simple_nlp,random_forest,1,1,0.535
2023-03-30,next_day_large_move,event_days_only,next_large_move_direction,controls_plus_simple_nlp,random_forest,1,1,0.62
2023-04-12,next_day_large_move,event_days_only,next_large_move_direction,controls_plus_simple_nlp,random_forest,1,1,0.585
2023-04-24,next_day_large_move,event_days_only,next_large_move_direction,controls_plus_simple_nlp,random_forest,0,1,0.635
2023-04-26,next_day_large_move,event_days_only,next_large_move_direction,controls_plus_simple_nlp,random_forest,1,1,0.6175
2023-04-27,next_day_large_move,event_days_only,next_large_move_direction,controls_plus_simple_nlp,random_forest,1,0,0.4775
2023-05-04,next_day_large_move,event_days_only,next_large_move_direction,controls_plus_simple_nlp,random_forest,1,1,0.605
2023-05-16,next_day_large_move,event_days_only,next_large_move_direction,controls_plus_simple_nlp,random_forest,1,1,0.61
2023-05-17,next_day_large_move,event_days_only,next_large_move_direction,controls_plus_simple_nlp,random_forest,1,0,0.45
2023-05-22,next_day_large_move,event_days_only,next_large_move_direction,controls_plus_simple_nlp,random_forest,0,0,0.4475
2023-05-24,next_day_large_move,event_days_only,next_large_move_direction,controls_plus_simple_nlp,random_forest,1,1,0.53
2023-05-25,next_day_large_move,event_days_only,next_large_move_direction,controls_plus_simple_nlp,random_forest,1,0,0.4875
2023-05-31,next_day_large_move,event_days_only,next_large_move_direction,controls_plus_simple_nlp,random_forest,1,0,0.3875
2023-06-01,next_day_large_move,event_days_only,next_large_move_direction,controls_plus_simple_nlp,random_forest,1,0,0.415
2023-06-09,next_day_large_move,event_days_only,next_large_move_direction,controls_plus_simple_nlp,random_forest,1,0,0.5
2023-06-14,next_day_large_move,event_days_only,next_large_move_direction,controls_plus_simple_nlp,random_forest,1,1,0.6025
2023-06-26,next_day_large_move,event_days_only,next_large_move_direction,controls_plus_simple_nlp,random_forest,1,1,0.5825
2023-06-29,next_day_large_move,event_days_only,next_large_move_direction,controls_plus_simple_nlp,random_forest,1,1,0.51
2023-07-12,next_day_large_move,event_days_only,next_large_move_direction,controls_plus_simple_nlp,random_forest,1,1,0.725
2023-07-27,next_day_large_move,event_days_only,next_large_move_direction,controls_plus_simple_nlp,random_forest,1,1,0.565
2023-08-01,next_day_large_move,event_days_only,next_large_move_direction,controls_plus_simple_nlp,random_forest,0,0,0.3925
2023-08-04,next_day_large_move,event_days_only,next_large_move_direction,controls_plus_simple_nlp,random_forest,1,1,0.56
2023-08-14,next_day_large_move,event_days_only,next_large_move_direction,controls_plus_simple_nlp,random_forest,0,1,0.6725
2023-08-22,next_day_large_move,event_days_only,next_large_move_direction,controls_plus_simple_nlp,random_forest,1,1,0.6
2023-08-23,next_day_large_move,event_days_only,next_large_move_direction,controls_plus_simple_nlp,random_forest,0,0,0.4425
2023-08-28,next_day_large_move,event_days_only,next_large_move_direction,controls_plus_simple_nlp,random_forest,1,1,0.74
2023-09-13,next_day_large_move,event_days_only,next_large_move_direction,controls_plus_simple_nlp,random_forest,1,0,0.375
2023-09-14,next_day_large_move,event_days_only,next_large_move_direction,controls_plus_simple_nlp,random_forest,0,0,0.39
2023-09-19,next_day_large_move,event_days_only,next_large_move_direction,controls_plus_simple_nlp,random_forest,0,1,0.5575
2023-09-20,next_day_large_move,event_days_only,next_large_move_direction,controls_plus_simple_nlp,random_forest,0,0,0.4725
2023-09-25,next_day_large_move,event_days_only,next_large_move_direction,controls_plus_simple_nlp,random_forest,0,1,0.635
2023-10-02,next_day_large_move,event_days_only,next_large_move_direction,controls_plus_simple_nlp,random_forest,0,1,0.605
2023-10-05,next_day_large_move,event_days_only,next_large_move_direction,controls_plus_simple_nlp,random_forest,1,1,0.575
2023-10-13,next_day_large_move,event_days_only,next_large_move_direction,controls_plus_simple_nlp,random_forest,1,1,0.5275
2023-10-17,next_day_large_move,event_days_only,next_large_move_direction,controls_plus_simple_nlp,random_forest,0,0,0.425
2023-10-18,next_day_large_move,event_days_only,next_large_move_direction,controls_plus_simple_nlp,random_forest,0,1,0.535
2023-10-19,next_day_large_move,event_days_only,next_large_move_direction,controls_plus_simple_nlp,random_forest,0,1,0.515
2023-10-24,next_day_large_move,event_days_only,next_large_move_direction,controls_plus_simple_nlp,random_forest,0,1,0.58
2023-10-25,next_day_large_move,event_days_only,next_large_move_direction,controls_plus_simple_nlp,random_forest,0,0,0.465
2023-10-27,next_day_large_move,event_days_only,next_large_move_direction,controls_plus_simple_nlp,random_forest,1,1,0.6525
2023-10-31,next_day_large_move,event_days_only,next_large_move_direction,controls_plus_simple_nlp,random_forest,1,1,0.5075
2023-11-01,next_day_large_move,event_days_only,next_large_move_direction,controls_plus_simple_nlp,random_forest,1,1,0.505
2023-11-02,next_day_large_move,event_days_only,next_large_move_direction,controls_plus_simple_nlp,random_forest,1,1,0.5325
2023-11-09,next_day_large_move,event_days_only,next_large_move_direction,controls_plus_simple_nlp,random_forest,1,1,0.545
2023-11-13,next_day_large_move,event_days_only,next_large_move_direction,controls_plus_simple_nlp,random_forest,1,1,0.7125
2023-12-12,next_day_large_move,event_days_only,next_large_move_direction,controls_plus_simple_nlp,random_forest,1,1,0.5075
2023-12-19,next_day_large_move,event_days_only,next_large_move_direction,controls_plus_simple_nlp,random_forest,0,1,0.53
2023-12-20,next_day_large_move,event_days_only,next_large_move_direction,controls_plus_simple_nlp,random_forest,1,0,0.4725
2024-01-05,next_day_large_move,event_days_only,next_large_move_direction,controls_plus_simple_nlp,random_forest,1,1,0.615
2024-01-17,next_day_large_move,event_days_only,next_large_move_direction,controls_plus_simple_nlp,random_forest,1,1,0.64
2024-01-18,next_day_large_move,event_days_only,next_large_move_direction,controls_plus_simple_nlp,random_forest,1,1,0.5375
2024-01-30,next_day_large_move,event_days_only,next_large_move_direction,controls_plus_simple_nlp,random_forest,0,0,0.4375
2024-01-31,next_day_large_move,event_days_only,next_large_move_direction,controls_plus_simple_nlp,random_forest,1,1,0.5875
2024-02-06,next_day_large_move,event_days_only,next_large_move_direction,controls_plus_simple_nlp,random_forest,1,1,0.5475
2024-02-12,next_day_large_move,event_days_only,next_large_move_direction,controls_plus_simple_nlp,random_forest,0,1,0.71
2024-02-13,next_day_large_move,event_days_only,next_large_move_direction,controls_plus_simple_nlp,random_forest,1,1,0.545
2024-02-21,next_day_large_move,event_days_only,next_large_move_direction,controls_plus_simple_nlp,random_forest,1,1,0.625
2024-03-04,next_day_large_move,event_days_only,next_large_move_direction,controls_plus_simple_nlp,random_forest,0,1,0.565
2024-03-06,next_day_large_move,event_days_only,next_large_move_direction,controls_plus_simple_nlp,random_forest,1,0,0.485
2024-03-11,next_day_large_move,event_days_only,next_large_move_direction,controls_plus_simple_nlp,random_forest,1,0,0.43
2024-03-19,next_day_large_move,event_days_only,next_large_move_direction,controls_plus_simple_nlp,random_forest,1,0,0.47
2024-03-26,next_day_large_move,event_days_only,next_large_move_direction,controls_plus_simple_nlp,random_forest,1,0,0.49
2024-04-03,next_day_large_move,event_days_only,next_large_move_direction,controls_plus_simple_nlp,random_forest,0,1,0.545
2024-04-04,next_day_large_move,event_days_only,next_large_move_direction,controls_plus_simple_nlp,random_forest,1,1,0.6175
2024-04-09,next_day_large_move,event_days_only,next_large_move_direction,controls_plus_simple_nlp,random_forest,0,0,0.4375
2024-04-11,next_day_large_move,event_days_only,next_large_move_direction,controls_plus_simple_nlp,random_forest,0,1,0.555
2024-04-12,next_day_large_move,event_days_only,next_large_move_direction,controls_plus_simple_nlp,random_forest,0,1,0.51
2024-04-18,next_day_large_move,event_days_only,next_large_move_direction,controls_plus_simple_nlp,random_forest,0,1,0.7025
2024-04-19,next_day_large_move,event_days_only,next_large_move_direction,controls_plus_simple_nlp,random_forest,1,1,0.6475
2024-04-22,next_day_large_move,event_days_only,next_large_move_direction,controls_plus_simple_nlp,random_forest,1,1,0.615
2024-04-25,next_day_large_move,event_days_only,next_large_move_direction,controls_plus_simple_nlp,random_forest,1,0,0.4675
2024-04-29,next_day_large_move,event_days_only,next_large_move_direction,controls_plus_simple_nlp,random_forest,0,1,0.58
2024-05-01,next_day_large_move,event_days_only,next_large_move_direction,controls_plus_simple_nlp,random_forest,1,1,0.5675
2024-05-02,next_day_large_move,event_days_only,next_large_move_direction,controls_plus_simple_nlp,random_forest,1,1,0.565
2024-05-03,next_day_large_move,event_days_only,next_large_move_direction,controls_plus_simple_nlp,random_forest,1,1,0.5325
2024-05-14,next_day_large_move,event_days_only,next_large_move_direction,controls_plus_simple_nlp,random_forest,1,1,0.6325
2024-06-04,next_day_large_move,event_days_only,next_large_move_direction,controls_plus_simple_nlp,random_forest,1,0,0.4525
2024-06-11,next_day_large_move,event_days_only,next_large_move_direction,controls_plus_simple_nlp,random_forest,1,1,0.5325
2024-07-09,next_day_large_move,event_days_only,next_large_move_direction,controls_plus_simple_nlp,random_forest,1,1,0.66
2024-07-10,next_day_large_move,event_days_only,next_large_move_direction,controls_plus_simple_nlp,random_forest,0,1,0.66
2024-07-16,next_day_large_move,event_days_only,next_large_move_direction,controls_plus_simple_nlp,random_forest,0,1,0.5375
2024-07-19,next_day_large_move,event_days_only,next_large_move_direction,controls_plus_simple_nlp,random_forest,1,1,0.5475
2024-07-23,next_day_large_move,event_days_only,next_large_move_direction,controls_plus_simple_nlp,random_forest,0,0,0.495
2024-07-25,next_day_large_move,event_days_only,next_large_move_direction,controls_plus_simple_nlp,random_forest,1,0,0.4975
2024-07-30,next_day_large_move,event_days_only,next_large_move_direction,controls_plus_simple_nlp,random_forest,1,1,0.6275
2024-07-31,next_day_large_move,event_days_only,next_large_move_direction,controls_plus_simple_nlp,random_forest,0,0,0.5
2024-08-01,next_day_large_move,event_days_only,next_large_move_direction,controls_plus_simple_nlp,random_forest,0,0,0.495
2024-08-02,next_day_large_move,event_days_only,next_large_move_direction,controls_plus_simple_nlp,random_forest,0,0,0.5
2024-08-05,next_day_large_move,event_days_only,next_large_move_direction,controls_plus_simple_nlp,random_forest,1,0,0.4775
2024-08-07,next_day_large_move,event_days_only,next_large_move_direction,controls_plus_simple_nlp,random_forest,1,1,0.6525
2024-08-12,next_day_large_move,event_days_only,next_large_move_direction,controls_plus_simple_nlp,random_forest,1,0,0.465
2024-08-14,next_day_large_move,event_days_only,next_large_move_direction,controls_plus_simple_nlp,random_forest,1,1,0.555
2024-08-16,next_day_large_move,event_days_only,next_large_move_direction,controls_plus_simple_nlp,random_forest,1,1,0.5575
2024-08-21,next_day_large_move,event_days_only,next_large_move_direction,controls_plus_simple_nlp,random_forest,0,1,0.5875
2024-08-22,next_day_large_move,event_days_only,next_large_move_direction,controls_plus_simple_nlp,random_forest,1,1,0.6225
2024-08-29,next_day_large_move,event_days_only,next_large_move_direction,controls_plus_simple_nlp,random_forest,1,1,0.62
2024-08-30,next_day_large_move,event_days_only,next_large_move_direction,controls_plus_simple_nlp,random_forest,0,1,0.5975
2024-09-05,next_day_large_move,event_days_only,next_large_move_direction,controls_plus_simple_nlp,random_forest,0,1,0.53
2024-09-06,next_day_large_move,event_days_only,next_large_move_direction,controls_plus_simple_nlp,random_forest,1,0,0.4325
2024-09-10,next_day_large_move,event_days_only,next_large_move_direction,controls_plus_simple_nlp,random_forest,1,1,0.635
2024-09-18,next_day_large_move,event_days_only,next_large_move_direction,controls_plus_simple_nlp,random_forest,1,1,0.54
2024-09-30,next_day_large_move,event_days_only,next_large_move_direction,controls_plus_simple_nlp,random_forest,0,1,0.615
2024-10-03,next_day_large_move,event_days_only,next_large_move_direction,controls_plus_simple_nlp,random_forest,1,1,0.5425
2024-10-04,next_day_large_move,event_days_only,next_large_move_direction,controls_plus_simple_nlp,random_forest,0,1,0.5075
2024-10-07,next_day_large_move,event_days_only,next_large_move_direction,controls_plus_simple_nlp,random_forest,1,1,0.67
2024-10-22,next_day_large_move,event_days_only,next_large_move_direction,controls_plus_simple_nlp,random_forest,0,0,0.4175
2024-10-30,next_day_large_move,event_days_only,next_large_move_direction,controls_plus_simple_nlp,random_forest,0,0,0.475
2024-11-04,next_day_large_move,event_days_only,next_large_move_direction,controls_plus_simple_nlp,random_forest,1,1,0.54
2024-11-05,next_day_large_move,event_days_only,next_large_move_direction,controls_plus_simple_nlp,random_forest,1,1,0.505
2024-11-14,next_day_large_move,event_days_only,next_large_move_direction,controls_plus_simple_nlp,random_forest,0,1,0.575
2024-12-10,next_day_large_move,event_days_only,next_large_move_direction,controls_plus_simple_nlp,random_forest,1,1,0.5125
2024-12-17,next_day_large_move,event_days_only,next_large_move_direction,controls_plus_simple_nlp,random_forest,0,1,0.575
2024-12-19,next_day_large_move,event_days_only,next_large_move_direction,controls_plus_simple_nlp,random_forest,1,0,0.49
2024-12-23,next_day_large_move,event_days_only,next_large_move_direction,controls_plus_simple_nlp,random_forest,1,1,0.625
2024-12-26,next_day_large_move,event_days_only,next_large_move_direction,controls_plus_simple_nlp,random_forest,0,1,0.515
2024-12-27,next_day_large_move,event_days_only,next_large_move_direction,controls_plus_simple_nlp,random_forest,0,1,0.595
2025-01-02,next_day_large_move,event_days_only,next_large_move_direction,controls_plus_simple_nlp,random_forest,1,1,0.5736758738708886
2025-01-06,next_day_large_move,event_days_only,next_large_move_direction,controls_plus_simple_nlp,random_forest,0,1,0.6420312538598687
2025-01-08,next_day_large_move,event_days_only,next_large_move_direction,controls_plus_simple_nlp,random_forest,0,0,0.39174746638101676
2025-01-14,next_day_large_move,event_days_only,next_large_move_direction,controls_plus_simple_nlp,random_forest,1,1,0.5357144434401855
2025-01-16,next_day_large_move,event_days_only,next_large_move_direction,controls_plus_simple_nlp,random_forest,1,1,0.6533416003401759
2025-01-17,next_day_large_move,event_days_only,next_large_move_direction,controls_plus_simple_nlp,random_forest,1,1,0.5768489151077216
2025-01-24,next_day_large_move,event_days_only,next_large_move_direction,controls_plus_simple_nlp,random_forest,0,0,0.35201710109629275
2025-01-27,next_day_large_move,event_days_only,next_large_move_direction,controls_plus_simple_nlp,random_forest,1,0,0.4523644636552408
2025-02-06,next_day_large_move,event_days_only,next_large_move_direction,controls_plus_simple_nlp,random_forest,0,1,0.5751593218962099
2025-02-12,next_day_large_move,event_days_only,next_large_move_direction,controls_plus_simple_nlp,random_forest,1,1,0.6164486567926305
2025-02-20,next_day_large_move,event_days_only,next_large_move_direction,controls_plus_simple_nlp,random_forest,0,0,0.4019926234301747
2025-02-26,next_day_large_move,event_days_only,next_large_move_direction,controls_plus_simple_nlp,random_forest,0,1,0.584100722097409
2025-02-27,next_day_large_move,event_days_only,next_large_move_direction,controls_plus_simple_nlp,random_forest,1,0,0.49030846845235865
2025-02-28,next_day_large_move,event_days_only,next_large_move_direction,controls_plus_simple_nlp,random_forest,0,1,0.5799349553173123
2025-03-03,next_day_large_move,event_days_only,next_large_move_direction,controls_plus_simple_nlp,random_forest,0,0,0.46997052921075955
2025-03-04,next_day_large_move,event_days_only,next_large_move_direction,controls_plus_simple_nlp,random_forest,1,1,0.6159227916818664
2025-03-05,next_day_large_move,event_days_only,next_large_move_direction,controls_plus_simple_nlp,random_forest,0,1,0.5894436575328433
2025-03-07,next_day_large_move,event_days_only,next_large_move_direction,controls_plus_simple_nlp,random_forest,0,1,0.6712497568168313
2025-03-12,next_day_large_move,event_days_only,next_large_move_direction,controls_plus_simple_nlp,random_forest,0,1,0.6593391334720685
2025-03-13,next_day_large_move,event_days_only,next_large_move_direction,controls_plus_simple_nlp,random_forest,1,0,0.48011218503127345
2025-03-17,next_day_large_move,event_days_only,next_large_move_direction,controls_plus_simple_nlp,random_forest,0,1,0.7400364968983517
2025-03-18,next_day_large_move,event_days_only,next_large_move_direction,controls_plus_simple_nlp,random_forest,1,1,0.5318355107606554
2025-03-21,next_day_large_move,event_days_only,next_large_move_direction,controls_plus_simple_nlp,random_forest,1,1,0.5261474736336127
2025-03-25,next_day_large_move,event_days_only,next_large_move_direction,controls_plus_simple_nlp,random_forest,0,1,0.5324593799135966
2025-03-27,next_day_large_move,event_days_only,next_large_move_direction,controls_plus_simple_nlp,random_forest,0,1,0.5688105351013619
2025-04-02,next_day_large_move,event_days_only,next_large_move_direction,controls_plus_simple_nlp,random_forest,0,1,0.6264493341481117
2025-04-03,next_day_large_move,event_days_only,next_large_move_direction,controls_plus_simple_nlp,random_forest,0,0,0.4822090020707677
2025-04-07,next_day_large_move,event_days_only,next_large_move_direction,controls_plus_simple_nlp,random_forest,0,1,0.562234788785816
2025-04-08,next_day_large_move,event_days_only,next_large_move_direction,controls_plus_simple_nlp,random_forest,1,1,0.5762323276923921
2025-04-09,next_day_large_move,event_days_only,next_large_move_direction,controls_plus_simple_nlp,random_forest,0,0,0.43885746153208943
2025-04-10,next_day_large_move,event_days_only,next_large_move_direction,controls_plus_simple_nlp,random_forest,1,1,0.5680458905495991
2025-04-15,next_day_large_move,event_days_only,next_large_move_direction,controls_plus_simple_nlp,random_forest,0,1,0.5377854919061495
2025-04-17,next_day_large_move,event_days_only,next_large_move_direction,controls_plus_simple_nlp,random_forest,0,1,0.5236485310366427
2025-04-21,next_day_large_move,event_days_only,next_large_move_direction,controls_plus_simple_nlp,random_forest,1,1,0.5264125792422625
2025-04-22,next_day_large_move,event_days_only,next_large_move_direction,controls_plus_simple_nlp,random_forest,1,1,0.5067594367930319
2025-04-23,next_day_large_move,event_days_only,next_large_move_direction,controls_plus_simple_nlp,random_forest,1,1,0.5810695858539945
2025-05-01,next_day_large_move,event_days_only,next_large_move_direction,controls_plus_simple_nlp,random_forest,1,0,0.48094354412970547
2025-05-09,next_day_large_move,event_days_only,next_large_move_direction,controls_plus_simple_nlp,random_forest,1,1,0.5296198194117703
2025-05-20,next_day_large_move,event_days_only,next_large_move_direction,controls_plus_simple_nlp,random_forest,0,1,0.570730463383728
2025-05-23,next_day_large_move,event_days_only,next_large_move_direction,controls_plus_simple_nlp,random_forest,1,1,0.6321286479220606
2025-06-05,next_day_large_move,event_days_only,next_large_move_direction,controls_plus_simple_nlp,random_forest,1,1,0.6051704037049933
2025-06-12,next_day_large_move,event_days_only,next_large_move_direction,controls_plus_simple_nlp,random_forest,0,1,0.5443461531818065
2025-06-13,next_day_large_move,event_days_only,next_large_move_direction,controls_plus_simple_nlp,random_forest,1,1,0.6308651242464872
2025-06-16,next_day_large_move,event_days_only,next_large_move_direction,controls_plus_simple_nlp,random_forest,0,1,0.6326157650371205
2025-06-20,next_day_large_move,event_days_only,next_large_move_direction,controls_plus_simple_nlp,random_forest,1,1,0.5081760054300043
2025-06-23,next_day_large_move,event_days_only,next_large_move_direction,controls_plus_simple_nlp,random_forest,1,1,0.5503080652116129
2025-07-02,next_day_large_move,event_days_only,next_large_move_direction,controls_plus_simple_nlp,random_forest,1,0,0.44053625148824055
2025-07-31,next_day_large_move,event_days_only,next_large_move_direction,controls_plus_simple_nlp,random_forest,0,1,0.5243585434646486
2025-08-01,next_day_large_move,event_days_only,next_large_move_direction,controls_plus_simple_nlp,random_forest,1,1,0.5042712502538227
2025-08-11,next_day_large_move,event_days_only,next_large_move_direction,controls_plus_simple_nlp,random_forest,1,1,0.5048561130343987
2025-08-21,next_day_large_move,event_days_only,next_large_move_direction,controls_plus_simple_nlp,random_forest,1,1,0.5255831884110154
2025-09-03,next_day_large_move,event_days_only,next_large_move_direction,controls_plus_simple_nlp,random_forest,1,0,0.49032983117492757
2025-09-10,next_day_large_move,event_days_only,next_large_move_direction,controls_plus_simple_nlp,random_forest,1,1,0.6030119085892498
2025-10-09,next_day_large_move,event_days_only,next_large_move_direction,controls_plus_simple_nlp,random_forest,0,0,0.4218446174772978
2025-10-10,next_day_large_move,event_days_only,next_large_move_direction,controls_plus_simple_nlp,random_forest,1,1,0.507775201375037
2025-10-17,next_day_large_move,event_days_only,next_large_move_direction,controls_plus_simple_nlp,random_forest,1,1,0.6390532969943915
2025-10-24,next_day_large_move,event_days_only,next_large_move_direction,controls_plus_simple_nlp,random_forest,1,1,0.5749914207584879
2025-10-29,next_day_large_move,event_days_only,next_large_move_direction,controls_plus_simple_nlp,random_forest,0,1,0.5104587624345169
2025-11-03,next_day_large_move,event_days_only,next_large_move_direction,controls_plus_simple_nlp,random_forest,0,0,0.46759417465221487
2025-11-05,next_day_large_move,event_days_only,next_large_move_direction,controls_plus_simple_nlp,random_forest,0,1,0.5468663616848449
2025-11-07,next_day_large_move,event_days_only,next_large_move_direction,controls_plus_simple_nlp,random_forest,1,1,0.5870413574463312
2025-11-12,next_day_large_move,event_days_only,next_large_move_direction,controls_plus_simple_nlp,random_forest,0,1,0.6463739865594397
2025-11-14,next_day_large_move,event_days_only,next_large_move_direction,controls_plus_simple_nlp,random_forest,0,1,0.5913462449953059
2025-11-17,next_day_large_move,event_days_only,next_large_move_direction,controls_plus_simple_nlp,random_forest,0,1,0.6811705966600898
2025-11-19,next_day_large_move,event_days_only,next_large_move_direction,controls_plus_simple_nlp,random_forest,0,1,0.5714965707900124
2025-11-20,next_day_large_move,event_days_only,next_large_move_direction,controls_plus_simple_nlp,random_forest,1,1,0.5540404707306902
2025-11-21,next_day_large_move,event_days_only,next_large_move_direction,controls_plus_simple_nlp,random_forest,1,1,0.6031664304608025
2025-11-24,next_day_large_move,event_days_only,next_large_move_direction,controls_plus_simple_nlp,random_forest,1,1,0.5619654217271297
2025-12-11,next_day_large_move,event_days_only,next_large_move_direction,controls_plus_simple_nlp,random_forest,0,1,0.5396223520656727
2025-12-16,next_day_large_move,event_days_only,next_large_move_direction,controls_plus_simple_nlp,random_forest,0,1,0.5725099580258705
2025-12-18,next_day_large_move,event_days_only,next_large_move_direction,controls_plus_simple_nlp,random_forest,1,1,0.5583933030708533
2022-02-14,next_day_large_move,event_days_only,next_large_move_direction,controls_plus_simple_nlp,gradient_boosting,1,0,0.4783763258167936
2022-04-28,next_day_large_move,event_days_only,next_large_move_direction,controls_plus_simple_nlp,gradient_boosting,0,0,0.2936069081096476
2022-05-10,next_day_large_move,event_days_only,next_large_move_direction,controls_plus_simple_nlp,gradient_boosting,0,1,0.8427000445416193
2022-05-12,next_day_large_move,event_days_only,next_large_move_direction,controls_plus_simple_nlp,gradient_boosting,1,1,0.808687126177903
2022-05-16,next_day_large_move,event_days_only,next_large_move_direction,controls_plus_simple_nlp,gradient_boosting,1,1,0.5982995094327019
2022-05-17,next_day_large_move,event_days_only,next_large_move_direction,controls_plus_simple_nlp,gradient_boosting,0,1,0.7383733407620372
2022-05-20,next_day_large_move,event_days_only,next_large_move_direction,controls_plus_simple_nlp,gradient_boosting,1,1,0.8299948122156998
2022-05-23,next_day_large_move,event_days_only,next_large_move_direction,controls_plus_simple_nlp,gradient_boosting,0,0,0.46475481232263377
2022-05-24,next_day_large_move,event_days_only,next_large_move_direction,controls_plus_simple_nlp,gradient_boosting,1,1,0.8401196668188611
2022-05-25,next_day_large_move,event_days_only,next_large_move_direction,controls_plus_simple_nlp,gradient_boosting,1,1,0.6571981192957956
2022-05-26,next_day_large_move,event_days_only,next_large_move_direction,controls_plus_simple_nlp,gradient_boosting,1,0,0.2233837024722436
2022-06-01,next_day_large_move,event_days_only,next_large_move_direction,controls_plus_simple_nlp,gradient_boosting,1,0,0.4640962763745964
2022-06-02,next_day_large_move,event_days_only,next_large_move_direction,controls_plus_simple_nlp,gradient_boosting,0,1,0.5474244033319791
2022-06-06,next_day_large_move,event_days_only,next_large_move_direction,controls_plus_simple_nlp,gradient_boosting,1,1,0.5121601182439293
2022-06-07,next_day_large_move,event_days_only,next_large_move_direction,controls_plus_simple_nlp,gradient_boosting,0,0,0.3727880072037872
2022-06-08,next_day_large_move,event_days_only,next_large_move_direction,controls_plus_simple_nlp,gradient_boosting,0,1,0.5988851877444619
2022-06-09,next_day_large_move,event_days_only,next_large_move_direction,controls_plus_simple_nlp,gradient_boosting,0,0,0.4660628114831161
2022-06-10,next_day_large_move,event_days_only,next_large_move_direction,controls_plus_simple_nlp,gradient_boosting,0,1,0.8752456088874987
2022-06-14,next_day_large_move,event_days_only,next_large_move_direction,controls_plus_simple_nlp,gradient_boosting,1,1,0.8861527627731012
2022-06-15,next_day_large_move,event_days_only,next_large_move_direction,controls_plus_simple_nlp,gradient_boosting,0,1,0.767894973702305
2022-06-17,next_day_large_move,event_days_only,next_large_move_direction,controls_plus_simple_nlp,gradient_boosting,1,1,0.7662262544658434
2022-06-22,next_day_large_move,event_days_only,next_large_move_direction,controls_plus_simple_nlp,gradient_boosting,1,1,0.6810571938444301
2022-06-23,next_day_large_move,event_days_only,next_large_move_direction,controls_plus_simple_nlp,gradient_boosting,1,1,0.6340690070633573
2022-06-29,next_day_large_move,event_days_only,next_large_move_direction,controls_plus_simple_nlp,gradient_boosting,0,1,0.6661764706012114
2022-06-30,next_day_large_move,event_days_only,next_large_move_direction,controls_plus_simple_nlp,gradient_boosting,1,1,0.556785133880959
2022-07-06,next_day_large_move,event_days_only,next_large_move_direction,controls_plus_simple_nlp,gradient_boosting,1,0,0.4879929513829133
2022-07-08,next_day_large_move,event_days_only,next_large_move_direction,controls_plus_simple_nlp,gradient_boosting,0,0,0.4099634981540936
2022-07-14,next_day_large_move,event_days_only,next_large_move_direction,controls_plus_simple_nlp,gradient_boosting,1,0,0.38171711154043847
2022-07-15,next_day_large_move,event_days_only,next_large_move_direction,controls_plus_simple_nlp,gradient_boosting,0,1,0.7587477739584324
2022-07-18,next_day_large_move,event_days_only,next_large_move_direction,controls_plus_simple_nlp,gradient_boosting,1,1,0.7272789835594429
2022-07-20,next_day_large_move,event_days_only,next_large_move_direction,controls_plus_simple_nlp,gradient_boosting,1,1,0.567279399260234
2022-07-21,next_day_large_move,event_days_only,next_large_move_direction,controls_plus_simple_nlp,gradient_boosting,0,0,0.38789725323116164
2022-07-25,next_day_large_move,event_days_only,next_large_move_direction,controls_plus_simple_nlp,gradient_boosting,0,0,0.4582634451550664
2022-07-26,next_day_large_move,event_days_only,next_large_move_direction,controls_plus_simple_nlp,gradient_boosting,1,1,0.6053696064817887
2022-07-27,next_day_large_move,event_days_only,next_large_move_direction,controls_plus_simple_nlp,gradient_boosting,1,1,0.8284216195938472
2022-08-02,next_day_large_move,event_days_only,next_large_move_direction,controls_plus_simple_nlp,gradient_boosting,1,1,0.7124598057733863
2022-08-09,next_day_large_move,event_days_only,next_large_move_direction,controls_plus_simple_nlp,gradient_boosting,1,1,0.7743591482657838
2022-08-11,next_day_large_move,event_days_only,next_large_move_direction,controls_plus_simple_nlp,gradient_boosting,1,1,0.8325201314947239
2022-08-18,next_day_large_move,event_days_only,next_large_move_direction,controls_plus_simple_nlp,gradient_boosting,0,1,0.7631821105038418
2022-08-19,next_day_large_move,event_days_only,next_large_move_direction,controls_plus_simple_nlp,gradient_boosting,0,1,0.5894657460828604
2022-08-24,next_day_large_move,event_days_only,next_large_move_direction,controls_plus_simple_nlp,gradient_boosting,1,1,0.5990106842293093
2022-08-25,next_day_large_move,event_days_only,next_large_move_direction,controls_plus_simple_nlp,gradient_boosting,0,0,0.4854629328312523
2022-08-29,next_day_large_move,event_days_only,next_large_move_direction,controls_plus_simple_nlp,gradient_boosting,0,1,0.5711048468417111
2022-09-06,next_day_large_move,event_days_only,next_large_move_direction,controls_plus_simple_nlp,gradient_boosting,1,1,0.6207709394554636
2022-09-08,next_day_large_move,event_days_only,next_large_move_direction,controls_plus_simple_nlp,gradient_boosting,1,1,0.5608657240791102
2022-09-09,next_day_large_move,event_days_only,next_large_move_direction,controls_plus_simple_nlp,gradient_boosting,1,1,0.7067363371848183
2022-09-12,next_day_large_move,event_days_only,next_large_move_direction,controls_plus_simple_nlp,gradient_boosting,0,1,0.6783486134206564
2022-09-14,next_day_large_move,event_days_only,next_large_move_direction,controls_plus_simple_nlp,gradient_boosting,0,1,0.6233535590603292
2022-09-19,next_day_large_move,event_days_only,next_large_move_direction,controls_plus_simple_nlp,gradient_boosting,0,1,0.6621454528178624
2022-09-20,next_day_large_move,event_days_only,next_large_move_direction,controls_plus_simple_nlp,gradient_boosting,0,0,0.3889134616367225
2022-09-21,next_day_large_move,event_days_only,next_large_move_direction,controls_plus_simple_nlp,gradient_boosting,0,0,0.4896176588348254
2022-09-22,next_day_large_move,event_days_only,next_large_move_direction,controls_plus_simple_nlp,gradient_boosting,0,0,0.4859847503027824
2022-09-23,next_day_large_move,event_days_only,next_large_move_direction,controls_plus_simple_nlp,gradient_boosting,0,0,0.4315553369945884
2022-09-27,next_day_large_move,event_days_only,next_large_move_direction,controls_plus_simple_nlp,gradient_boosting,1,1,0.6753733939551444
2022-09-28,next_day_large_move,event_days_only,next_large_move_direction,controls_plus_simple_nlp,gradient_boosting,0,1,0.6794056131994802
2022-09-29,next_day_large_move,event_days_only,next_large_move_direction,controls_plus_simple_nlp,gradient_boosting,0,1,0.6460114289289276
2022-09-30,next_day_large_move,event_days_only,next_large_move_direction,controls_plus_simple_nlp,gradient_boosting,1,1,0.5561083185682855
2022-10-03,next_day_large_move,event_days_only,next_large_move_direction,controls_plus_simple_nlp,gradient_boosting,1,0,0.35981572678559154
2022-10-05,next_day_large_move,event_days_only,next_large_move_direction,controls_plus_simple_nlp,gradient_boosting,0,1,0.5633357501219162
2022-10-06,next_day_large_move,event_days_only,next_large_move_direction,controls_plus_simple_nlp,gradient_boosting,0,0,0.4270113506159252
2022-10-12,next_day_large_move,event_days_only,next_large_move_direction,controls_plus_simple_nlp,gradient_boosting,1,0,0.47619759641579534
2022-10-13,next_day_large_move,event_days_only,next_large_move_direction,controls_plus_simple_nlp,gradient_boosting,0,1,0.5834008098346543
2022-10-14,next_day_large_move,event_days_only,next_large_move_direction,controls_plus_simple_nlp,gradient_boosting,1,1,0.6647927847962122
2022-10-17,next_day_large_move,event_days_only,next_large_move_direction,controls_plus_simple_nlp,gradient_boosting,1,1,0.7721437074795681
2022-10-20,next_day_large_move,event_days_only,next_large_move_direction,controls_plus_simple_nlp,gradient_boosting,1,1,0.5798013053508677
2022-10-21,next_day_large_move,event_days_only,next_large_move_direction,controls_plus_simple_nlp,gradient_boosting,1,0,0.4025287957748186
2022-10-24,next_day_large_move,event_days_only,next_large_move_direction,controls_plus_simple_nlp,gradient_boosting,1,0,0.389316799560943
2022-10-27,next_day_large_move,event_days_only,next_large_move_direction,controls_plus_simple_nlp,gradient_boosting,1,1,0.5587740055604182
2022-11-01,next_day_large_move,event_days_only,next_large_move_direction,controls_plus_simple_nlp,gradient_boosting,0,1,0.6286500148961326
2022-11-02,next_day_large_move,event_days_only,next_large_move_direction,controls_plus_simple_nlp,gradient_boosting,0,1,0.6278056350110535
2022-11-03,next_day_large_move,event_days_only,next_large_move_direction,controls_plus_simple_nlp,gradient_boosting,1,1,0.6384848310901416
2022-11-04,next_day_large_move,event_days_only,next_large_move_direction,controls_plus_simple_nlp,gradient_boosting,1,1,0.6527205736401107
2022-11-08,next_day_large_move,event_days_only,next_large_move_direction,controls_plus_simple_nlp,gradient_boosting,0,1,0.7924420920225795
2022-11-09,next_day_large_move,event_days_only,next_large_move_direction,controls_plus_simple_nlp,gradient_boosting,1,0,0.4748365495943754
2022-11-10,next_day_large_move,event_days_only,next_large_move_direction,controls_plus_simple_nlp,gradient_boosting,1,0,0.3475738933476225
2022-11-11,next_day_large_move,event_days_only,next_large_move_direction,controls_plus_simple_nlp,gradient_boosting,0,0,0.307279222558888
2022-11-14,next_day_large_move,event_days_only,next_large_move_direction,controls_plus_simple_nlp,gradient_boosting,1,1,0.6451609884326296
2022-11-15,next_day_large_move,event_days_only,next_large_move_direction,controls_plus_simple_nlp,gradient_boosting,0,0,0.4697487433734399
2022-11-29,next_day_large_move,event_days_only,next_large_move_direction,controls_plus_simple_nlp,gradient_boosting,1,0,0.42642123967088386
2022-12-02,next_day_large_move,event_days_only,next_large_move_direction,controls_plus_simple_nlp,gradient_boosting,0,1,0.7311409710538
2022-12-05,next_day_large_move,event_days_only,next_large_move_direction,controls_plus_simple_nlp,gradient_boosting,0,1,0.5192046573997257
2022-12-09,next_day_large_move,event_days_only,next_large_move_direction,controls_plus_simple_nlp,gradient_boosting,1,0,0.3660406531833035
2022-12-14,next_day_large_move,event_days_only,next_large_move_direction,controls_plus_simple_nlp,gradient_boosting,0,1,0.600343523007315
2022-12-15,next_day_large_move,event_days_only,next_large_move_direction,controls_plus_simple_nlp,gradient_boosting,0,0,0.4811011738252555
2022-12-16,next_day_large_move,event_days_only,next_large_move_direction,controls_plus_simple_nlp,gradient_boosting,0,0,0.17818646199739543
2022-12-20,next_day_large_move,event_days_only,next_large_move_direction,controls_plus_simple_nlp,gradient_boosting,1,1,0.5009278650060114
2022-12-21,next_day_large_move,event_days_only,next_large_move_direction,controls_plus_simple_nlp,gradient_boosting,0,1,0.6267447395036424
2022-12-27,next_day_large_move,event_days_only,next_large_move_direction,controls_plus_simple_nlp,gradient_boosting,0,0,0.48747421158772763
2022-12-28,next_day_large_move,event_days_only,next_large_move_direction,controls_plus_simple_nlp,gradient_boosting,1,1,0.8196487010889931
2023-01-04,next_day_large_move,event_days_only,next_large_move_direction,controls_plus_simple_nlp,gradient_boosting,0,1,0.6981500965245422
2023-01-05,next_day_large_move,event_days_only,next_large_move_direction,controls_plus_simple_nlp,gradient_boosting,1,1,0.5431539791553331
2023-01-10,next_day_large_move,event_days_only,next_large_move_direction,controls_plus_simple_nlp,gradient_boosting,1,1,0.5486078976408345
2023-01-17,next_day_large_move,event_days_only,next_large_move_direction,controls_plus_simple_nlp,gradient_boosting,0,1,0.665927712913975
2023-01-19,next_day_large_move,event_days_only,next_large_move_direction,controls_plus_simple_nlp,gradient_boosting,1,1,0.7669198566133806
2023-01-20,next_day_large_move,event_days_only,next_large_move_direction,controls_plus_simple_nlp,gradient_boosting,1,0,0.49278760522259996
2023-01-25,next_day_large_move,event_days_only,next_large_move_direction,controls_plus_simple_nlp,gradient_boosting,1,1,0.6409829262675264
2023-01-27,next_day_large_move,event_days_only,next_large_move_direction,controls_plus_simple_nlp,gradient_boosting,0,0,0.49095231290660274
2023-01-30,next_day_large_move,event_days_only,next_large_move_direction,controls_plus_simple_nlp,gradient_boosting,1,0,0.21740745706302686
2023-01-31,next_day_large_move,event_days_only,next_large_move_direction,controls_plus_simple_nlp,gradient_boosting,1,1,0.6349823614479173
2023-02-01,next_day_large_move,event_days_only,next_large_move_direction,controls_plus_simple_nlp,gradient_boosting,1,1,0.6878013086328202
2023-02-02,next_day_large_move,event_days_only,next_large_move_direction,controls_plus_simple_nlp,gradient_boosting,0,1,0.6884005951988045
2023-02-06,next_day_large_move,event_days_only,next_large_move_direction,controls_plus_simple_nlp,gradient_boosting,1,1,0.6224568630873636
2023-02-07,next_day_large_move,event_days_only,next_large_move_direction,controls_plus_simple_nlp,gradient_boosting,0,1,0.5595719042577972
2023-02-08,next_day_large_move,event_days_only,next_large_move_direction,controls_plus_simple_nlp,gradient_boosting,0,1,0.5545655189627412
2023-02-10,next_day_large_move,event_days_only,next_large_move_direction,controls_plus_simple_nlp,gradient_boosting,1,0,0.4651596259817041
2023-02-15,next_day_large_move,event_days_only,next_large_move_direction,controls_plus_simple_nlp,gradient_boosting,0,1,0.7180529231056423
2023-02-17,next_day_large_move,event_days_only,next_large_move_direction,controls_plus_simple_nlp,gradient_boosting,0,1,0.5257797704978454
2023-02-23,next_day_large_move,event_days_only,next_large_move_direction,controls_plus_simple_nlp,gradient_boosting,0,1,0.6188353473117546
2023-03-02,next_day_large_move,event_days_only,next_large_move_direction,controls_plus_simple_nlp,gradient_boosting,1,1,0.5049456353547033
2023-03-06,next_day_large_move,event_days_only,next_large_move_direction,controls_plus_simple_nlp,gradient_boosting,0,1,0.7855260124864158
2023-03-08,next_day_large_move,event_days_only,next_large_move_direction,controls_plus_simple_nlp,gradient_boosting,0,1,0.7397722320524157
2023-03-09,next_day_large_move,event_days_only,next_large_move_direction,controls_plus_simple_nlp,gradient_boosting,0,0,0.39751434420704757
2023-03-13,next_day_large_move,event_days_only,next_large_move_direction,controls_plus_simple_nlp,gradient_boosting,1,0,0.49188556177042325
2023-03-15,next_day_large_move,event_days_only,next_large_move_direction,controls_plus_simple_nlp,gradient_boosting,1,1,0.5731556855846341
2023-03-16,next_day_large_move,event_days_only,next_large_move_direction,controls_plus_simple_nlp,gradient_boosting,0,0,0.37129568833624665
2023-03-17,next_day_large_move,event_days_only,next_large_move_direction,controls_plus_simple_nlp,gradient_boosting,1,0,0.477056782142013
2023-03-20,next_day_large_move,event_days_only,next_large_move_direction,controls_plus_simple_nlp,gradient_boosting,1,1,0.5763039994948929
2023-03-21,next_day_large_move,event_days_only,next_large_move_direction,controls_plus_simple_nlp,gradient_boosting,0,1,0.6522444659181882
2023-03-28,next_day_large_move,event_days_only,next_large_move_direction,controls_plus_simple_nlp,gradient_boosting,1,1,0.5632149388454231
2023-03-30,next_day_large_move,event_days_only,next_large_move_direction,controls_plus_simple_nlp,gradient_boosting,1,1,0.6065063359547371
2023-04-12,next_day_large_move,event_days_only,next_large_move_direction,controls_plus_simple_nlp,gradient_boosting,1,0,0.49543900259876533
2023-04-24,next_day_large_move,event_days_only,next_large_move_direction,controls_plus_simple_nlp,gradient_boosting,0,1,0.5527843299728635
2023-04-26,next_day_large_move,event_days_only,next_large_move_direction,controls_plus_simple_nlp,gradient_boosting,1,1,0.7767408896279513
2023-04-27,next_day_large_move,event_days_only,next_large_move_direction,controls_plus_simple_nlp,gradient_boosting,1,0,0.1811464728220638
2023-05-04,next_day_large_move,event_days_only,next_large_move_direction,controls_plus_simple_nlp,gradient_boosting,1,1,0.6901173679334293
2023-05-16,next_day_large_move,event_days_only,next_large_move_direction,controls_plus_simple_nlp,gradient_boosting,1,1,0.7995333380179438
2023-05-17,next_day_large_move,event_days_only,next_large_move_direction,controls_plus_simple_nlp,gradient_boosting,1,0,0.44191902154587515
2023-05-22,next_day_large_move,event_days_only,next_large_move_direction,controls_plus_simple_nlp,gradient_boosting,0,0,0.4662762503835356
2023-05-24,next_day_large_move,event_days_only,next_large_move_direction,controls_plus_simple_nlp,gradient_boosting,1,1,0.6195118442065233
2023-05-25,next_day_large_move,event_days_only,next_large_move_direction,controls_plus_simple_nlp,gradient_boosting,1,1,0.5028730530544633
2023-05-31,next_day_large_move,event_days_only,next_large_move_direction,controls_plus_simple_nlp,gradient_boosting,1,0,0.4938675334163908
2023-06-01,next_day_large_move,event_days_only,next_large_move_direction,controls_plus_simple_nlp,gradient_boosting,1,0,0.4734764346253606
2023-06-09,next_day_large_move,event_days_only,next_large_move_direction,controls_plus_simple_nlp,gradient_boosting,1,0,0.42058240724056606
2023-06-14,next_day_large_move,event_days_only,next_large_move_direction,controls_plus_simple_nlp,gradient_boosting,1,1,0.8278523468349513
2023-06-26,next_day_large_move,event_days_only,next_large_move_direction,controls_plus_simple_nlp,gradient_boosting,1,1,0.5020281897483422
2023-06-29,next_day_large_move,event_days_only,next_large_move_direction,controls_plus_simple_nlp,gradient_boosting,1,1,0.670726964002665
2023-07-12,next_day_large_move,event_days_only,next_large_move_direction,controls_plus_simple_nlp,gradient_boosting,1,1,0.8930187646885562
2023-07-27,next_day_large_move,event_days_only,next_large_move_direction,controls_plus_simple_nlp,gradient_boosting,1,1,0.6352789606151147
2023-08-01,next_day_large_move,event_days_only,next_large_move_direction,controls_plus_simple_nlp,gradient_boosting,0,0,0.39516099095482
2023-08-04,next_day_large_move,event_days_only,next_large_move_direction,controls_plus_simple_nlp,gradient_boosting,1,1,0.6203635723138905
2023-08-14,next_day_large_move,event_days_only,next_large_move_direction,controls_plus_simple_nlp,gradient_boosting,0,1,0.8649847785212796
2023-08-22,next_day_large_move,event_days_only,next_large_move_direction,controls_plus_simple_nlp,gradient_boosting,1,1,0.7069440291480689
2023-08-23,next_day_large_move,event_days_only,next_large_move_direction,controls_plus_simple_nlp,gradient_boosting,0,0,0.4251815889379808
2023-08-28,next_day_large_move,event_days_only,next_large_move_direction,controls_plus_simple_nlp,gradient_boosting,1,1,0.9155088961017237
2023-09-13,next_day_large_move,event_days_only,next_large_move_direction,controls_plus_simple_nlp,gradient_boosting,1,0,0.30718207019109744
2023-09-14,next_day_large_move,event_days_only,next_large_move_direction,controls_plus_simple_nlp,gradient_boosting,0,1,0.5014270821113207
2023-09-19,next_day_large_move,event_days_only,next_large_move_direction,controls_plus_simple_nlp,gradient_boosting,0,1,0.7755674934389389
2023-09-20,next_day_large_move,event_days_only,next_large_move_direction,controls_plus_simple_nlp,gradient_boosting,0,0,0.4914576524431162
2023-09-25,next_day_large_move,event_days_only,next_large_move_direction,controls_plus_simple_nlp,gradient_boosting,0,1,0.9101790218688148
2023-10-02,next_day_large_move,event_days_only,next_large_move_direction,controls_plus_simple_nlp,gradient_boosting,0,0,0.3949011288658752
2023-10-05,next_day_large_move,event_days_only,next_large_move_direction,controls_plus_simple_nlp,gradient_boosting,1,1,0.8173526362865227
2023-10-13,next_day_large_move,event_days_only,next_large_move_direction,controls_plus_simple_nlp,gradient_boosting,1,0,0.45400090509797864
2023-10-17,next_day_large_move,event_days_only,next_large_move_direction,controls_plus_simple_nlp,gradient_boosting,0,0,0.214312971406149
2023-10-18,next_day_large_move,event_days_only,next_large_move_direction,controls_plus_simple_nlp,gradient_boosting,0,0,0.3620097492679018
2023-10-19,next_day_large_move,event_days_only,next_large_move_direction,controls_plus_simple_nlp,gradient_boosting,0,1,0.5190511440794959
2023-10-24,next_day_large_move,event_days_only,next_large_move_direction,controls_plus_simple_nlp,gradient_boosting,0,1,0.6136288394080389
2023-10-25,next_day_large_move,event_days_only,next_large_move_direction,controls_plus_simple_nlp,gradient_boosting,0,0,0.43799777803250434
2023-10-27,next_day_large_move,event_days_only,next_large_move_direction,controls_plus_simple_nlp,gradient_boosting,1,1,0.616577034215929
2023-10-31,next_day_large_move,event_days_only,next_large_move_direction,controls_plus_simple_nlp,gradient_boosting,1,0,0.25172825982313984
2023-11-01,next_day_large_move,event_days_only,next_large_move_direction,controls_plus_simple_nlp,gradient_boosting,1,1,0.6003424410837891
2023-11-02,next_day_large_move,event_days_only,next_large_move_direction,controls_plus_simple_nlp,gradient_boosting,1,0,0.35361310939311535
2023-11-09,next_day_large_move,event_days_only,next_large_move_direction,controls_plus_simple_nlp,gradient_boosting,1,0,0.4831710246922713
2023-11-13,next_day_large_move,event_days_only,next_large_move_direction,controls_plus_simple_nlp,gradient_boosting,1,1,0.8500017975638205
2023-12-12,next_day_large_move,event_days_only,next_large_move_direction,controls_plus_simple_nlp,gradient_boosting,1,1,0.6474264988096216
2023-12-19,next_day_large_move,event_days_only,next_large_move_direction,controls_plus_simple_nlp,gradient_boosting,0,0,0.2652276068286299
2023-12-20,next_day_large_move,event_days_only,next_large_move_direction,controls_plus_simple_nlp,gradient_boosting,1,0,0.29410119731778556
2024-01-05,next_day_large_move,event_days_only,next_large_move_direction,controls_plus_simple_nlp,gradient_boosting,1,0,0.4928727930009589
2024-01-17,next_day_large_move,event_days_only,next_large_move_direction,controls_plus_simple_nlp,gradient_boosting,1,0,0.4472081363000367
2024-01-18,next_day_large_move,event_days_only,next_large_move_direction,controls_plus_simple_nlp,gradient_boosting,1,1,0.7448132132704003
2024-01-30,next_day_large_move,event_days_only,next_large_move_direction,controls_plus_simple_nlp,gradient_boosting,0,0,0.32680597802036626
2024-01-31,next_day_large_move,event_days_only,next_large_move_direction,controls_plus_simple_nlp,gradient_boosting,1,1,0.5780977474441895
2024-02-06,next_day_large_move,event_days_only,next_large_move_direction,controls_plus_simple_nlp,gradient_boosting,1,1,0.5974820529966811
2024-02-12,next_day_large_move,event_days_only,next_large_move_direction,controls_plus_simple_nlp,gradient_boosting,0,1,0.5074595121483512
2024-02-13,next_day_large_move,event_days_only,next_large_move_direction,controls_plus_simple_nlp,gradient_boosting,1,0,0.31727841916481814
2024-02-21,next_day_large_move,event_days_only,next_large_move_direction,controls_plus_simple_nlp,gradient_boosting,1,1,0.7526037253287136
2024-03-04,next_day_large_move,event_days_only,next_large_move_direction,controls_plus_simple_nlp,gradient_boosting,0,0,0.4830573751647664
2024-03-06,next_day_large_move,event_days_only,next_large_move_direction,controls_plus_simple_nlp,gradient_boosting,1,0,0.46686452395711125
2024-03-11,next_day_large_move,event_days_only,next_large_move_direction,controls_plus_simple_nlp,gradient_boosting,1,0,0.38331628444805466
2024-03-19,next_day_large_move,event_days_only,next_large_move_direction,controls_plus_simple_nlp,gradient_boosting,1,0,0.4794638135155896
2024-03-26,next_day_large_move,event_days_only,next_large_move_direction,controls_plus_simple_nlp,gradient_boosting,1,0,0.3594663452077698
2024-04-03,next_day_large_move,event_days_only,next_large_move_direction,controls_plus_simple_nlp,gradient_boosting,0,1,0.5106023012436052
2024-04-04,next_day_large_move,event_days_only,next_large_move_direction,controls_plus_simple_nlp,gradient_boosting,1,1,0.5504691460851464
2024-04-09,next_day_large_move,event_days_only,next_large_move_direction,controls_plus_simple_nlp,gradient_boosting,0,0,0.41153305623318703
2024-04-11,next_day_large_move,event_days_only,next_large_move_direction,controls_plus_simple_nlp,gradient_boosting,0,1,0.5533474304748132
2024-04-12,next_day_large_move,event_days_only,next_large_move_direction,controls_plus_simple_nlp,gradient_boosting,0,1,0.6705828669516812
2024-04-18,next_day_large_move,event_days_only,next_large_move_direction,controls_plus_simple_nlp,gradient_boosting,0,1,0.8042091305755157
2024-04-19,next_day_large_move,event_days_only,next_large_move_direction,controls_plus_simple_nlp,gradient_boosting,1,1,0.7325484602804258
2024-04-22,next_day_large_move,event_days_only,next_large_move_direction,controls_plus_simple_nlp,gradient_boosting,1,1,0.6396913334313157
2024-04-25,next_day_large_move,event_days_only,next_large_move_direction,controls_plus_simple_nlp,gradient_boosting,1,1,0.574421666823047
2024-04-29,next_day_large_move,event_days_only,next_large_move_direction,controls_plus_simple_nlp,gradient_boosting,0,1,0.6067095960167008
2024-05-01,next_day_large_move,event_days_only,next_large_move_direction,controls_plus_simple_nlp,gradient_boosting,1,1,0.545868306930659
2024-05-02,next_day_large_move,event_days_only,next_large_move_direction,controls_plus_simple_nlp,gradient_boosting,1,1,0.652800699274053
2024-05-03,next_day_large_move,event_days_only,next_large_move_direction,controls_plus_simple_nlp,gradient_boosting,1,0,0.47252350191610343
2024-05-14,next_day_large_move,event_days_only,next_large_move_direction,controls_plus_simple_nlp,gradient_boosting,1,1,0.7206566806843686
2024-06-04,next_day_large_move,event_days_only,next_large_move_direction,controls_plus_simple_nlp,gradient_boosting,1,0,0.4552714702705383
2024-06-11,next_day_large_move,event_days_only,next_large_move_direction,controls_plus_simple_nlp,gradient_boosting,1,1,0.5619741943920816
2024-07-09,next_day_large_move,event_days_only,next_large_move_direction,controls_plus_simple_nlp,gradient_boosting,1,1,0.5936640745796834
2024-07-10,next_day_large_move,event_days_only,next_large_move_direction,controls_plus_simple_nlp,gradient_boosting,0,1,0.7067884264057616
2024-07-16,next_day_large_move,event_days_only,next_large_move_direction,controls_plus_simple_nlp,gradient_boosting,0,1,0.5419181715065235
2024-07-19,next_day_large_move,event_days_only,next_large_move_direction,controls_plus_simple_nlp,gradient_boosting,1,1,0.5796778617597986
2024-07-23,next_day_large_move,event_days_only,next_large_move_direction,controls_plus_simple_nlp,gradient_boosting,0,0,0.47950181443069995
2024-07-25,next_day_large_move,event_days_only,next_large_move_direction,controls_plus_simple_nlp,gradient_boosting,1,1,0.5283793900998413
2024-07-30,next_day_large_move,event_days_only,next_large_move_direction,controls_plus_simple_nlp,gradient_boosting,1,1,0.7320296463672663
2024-07-31,next_day_large_move,event_days_only,next_large_move_direction,controls_plus_simple_nlp,gradient_boosting,0,1,0.6445117762498461
2024-08-01,next_day_large_move,event_days_only,next_large_move_direction,controls_plus_simple_nlp,gradient_boosting,0,1,0.5712176566566666
2024-08-02,next_day_large_move,event_days_only,next_large_move_direction,controls_plus_simple_nlp,gradient_boosting,0,1,0.599973056870849
2024-08-05,next_day_large_move,event_days_only,next_large_move_direction,controls_plus_simple_nlp,gradient_boosting,1,1,0.6350717572303654
2024-08-07,next_day_large_move,event_days_only,next_large_move_direction,controls_plus_simple_nlp,gradient_boosting,1,1,0.7670969787231655
2024-08-12,next_day_large_move,event_days_only,next_large_move_direction,controls_plus_simple_nlp,gradient_boosting,1,1,0.580287702337936
2024-08-14,next_day_large_move,event_days_only,next_large_move_direction,controls_plus_simple_nlp,gradient_boosting,1,0,0.4657773512620198
2024-08-16,next_day_large_move,event_days_only,next_large_move_direction,controls_plus_simple_nlp,gradient_boosting,1,0,0.4683538213532246
2024-08-21,next_day_large_move,event_days_only,next_large_move_direction,controls_plus_simple_nlp,gradient_boosting,0,0,0.49067638105568656
2024-08-22,next_day_large_move,event_days_only,next_large_move_direction,controls_plus_simple_nlp,gradient_boosting,1,0,0.3281023985587099
2024-08-29,next_day_large_move,event_days_only,next_large_move_direction,controls_plus_simple_nlp,gradient_boosting,1,1,0.7240549113270905
2024-08-30,next_day_large_move,event_days_only,next_large_move_direction,controls_plus_simple_nlp,gradient_boosting,0,1,0.6656483794269927
2024-09-05,next_day_large_move,event_days_only,next_large_move_direction,controls_plus_simple_nlp,gradient_boosting,0,1,0.6449450059067108
2024-09-06,next_day_large_move,event_days_only,next_large_move_direction,controls_plus_simple_nlp,gradient_boosting,1,1,0.5602237502944529
2024-09-10,next_day_large_move,event_days_only,next_large_move_direction,controls_plus_simple_nlp,gradient_boosting,1,1,0.6285533483019793
2024-09-18,next_day_large_move,event_days_only,next_large_move_direction,controls_plus_simple_nlp,gradient_boosting,1,1,0.6658200463394942
2024-09-30,next_day_large_move,event_days_only,next_large_move_direction,controls_plus_simple_nlp,gradient_boosting,0,1,0.6477649424210661
2024-10-03,next_day_large_move,event_days_only,next_large_move_direction,controls_plus_simple_nlp,gradient_boosting,1,0,0.3504037729832481
2024-10-04,next_day_large_move,event_days_only,next_large_move_direction,controls_plus_simple_nlp,gradient_boosting,0,1,0.5829893582486846
2024-10-07,next_day_large_move,event_days_only,next_large_move_direction,controls_plus_simple_nlp,gradient_boosting,1,1,0.6938599911318751
2024-10-22,next_day_large_move,event_days_only,next_large_move_direction,controls_plus_simple_nlp,gradient_boosting,0,0,0.4095975322958736
2024-10-30,next_day_large_move,event_days_only,next_large_move_direction,controls_plus_simple_nlp,gradient_boosting,0,1,0.529447402115207
2024-11-04,next_day_large_move,event_days_only,next_large_move_direction,controls_plus_simple_nlp,gradient_boosting,1,1,0.6803506690390713
2024-11-05,next_day_large_move,event_days_only,next_large_move_direction,controls_plus_simple_nlp,gradient_boosting,1,0,0.4414813398470052
2024-11-14,next_day_large_move,event_days_only,next_large_move_direction,controls_plus_simple_nlp,gradient_boosting,0,0,0.4682822517517367
2024-12-10,next_day_large_move,event_days_only,next_large_move_direction,controls_plus_simple_nlp,gradient_boosting,1,1,0.5929485538462282
2024-12-17,next_day_large_move,event_days_only,next_large_move_direction,controls_plus_simple_nlp,gradient_boosting,0,1,0.6298183829062409
2024-12-19,next_day_large_move,event_days_only,next_large_move_direction,controls_plus_simple_nlp,gradient_boosting,1,1,0.5432761966802304
2024-12-23,next_day_large_move,event_days_only,next_large_move_direction,controls_plus_simple_nlp,gradient_boosting,1,1,0.6111386569541968
2024-12-26,next_day_large_move,event_days_only,next_large_move_direction,controls_plus_simple_nlp,gradient_boosting,0,1,0.5160451794015152
2024-12-27,next_day_large_move,event_days_only,next_large_move_direction,controls_plus_simple_nlp,gradient_boosting,0,1,0.5644790021390148
2025-01-02,next_day_large_move,event_days_only,next_large_move_direction,controls_plus_simple_nlp,gradient_boosting,1,0,0.46440060942110617
2025-01-06,next_day_large_move,event_days_only,next_large_move_direction,controls_plus_simple_nlp,gradient_boosting,0,1,0.7064713411031623
2025-01-08,next_day_large_move,event_days_only,next_large_move_direction,controls_plus_simple_nlp,gradient_boosting,0,0,0.4124324978973923
2025-01-14,next_day_large_move,event_days_only,next_large_move_direction,controls_plus_simple_nlp,gradient_boosting,1,1,0.6309003863427458
2025-01-16,next_day_large_move,event_days_only,next_large_move_direction,controls_plus_simple_nlp,gradient_boosting,1,1,0.7513077935535559
2025-01-17,next_day_large_move,event_days_only,next_large_move_direction,controls_plus_simple_nlp,gradient_boosting,1,1,0.684709139064256
2025-01-24,next_day_large_move,event_days_only,next_large_move_direction,controls_plus_simple_nlp,gradient_boosting,0,0,0.3742884590277409
2025-01-27,next_day_large_move,event_days_only,next_large_move_direction,controls_plus_simple_nlp,gradient_boosting,1,0,0.42972741760212274
2025-02-06,next_day_large_move,event_days_only,next_large_move_direction,controls_plus_simple_nlp,gradient_boosting,0,1,0.72079522069942
2025-02-12,next_day_large_move,event_days_only,next_large_move_direction,controls_plus_simple_nlp,gradient_boosting,1,1,0.7278215863559734
2025-02-20,next_day_large_move,event_days_only,next_large_move_direction,controls_plus_simple_nlp,gradient_boosting,0,0,0.2821536827939777
2025-02-26,next_day_large_move,event_days_only,next_large_move_direction,controls_plus_simple_nlp,gradient_boosting,0,1,0.6779020542997776
2025-02-27,next_day_large_move,event_days_only,next_large_move_direction,controls_plus_simple_nlp,gradient_boosting,1,1,0.5349974256843634
2025-02-28,next_day_large_move,event_days_only,next_large_move_direction,controls_plus_simple_nlp,gradient_boosting,0,0,0.41765420929034947
2025-03-03,next_day_large_move,event_days_only,next_large_move_direction,controls_plus_simple_nlp,gradient_boosting,0,0,0.4366452572660051
2025-03-04,next_day_large_move,event_days_only,next_large_move_direction,controls_plus_simple_nlp,gradient_boosting,1,1,0.6837027211486625
2025-03-05,next_day_large_move,event_days_only,next_large_move_direction,controls_plus_simple_nlp,gradient_boosting,0,1,0.5117259085159238
2025-03-07,next_day_large_move,event_days_only,next_large_move_direction,controls_plus_simple_nlp,gradient_boosting,0,1,0.742569063767206
2025-03-12,next_day_large_move,event_days_only,next_large_move_direction,controls_plus_simple_nlp,gradient_boosting,0,1,0.6353417554403257
2025-03-13,next_day_large_move,event_days_only,next_large_move_direction,controls_plus_simple_nlp,gradient_boosting,1,0,0.46831982457554217
2025-03-17,next_day_large_move,event_days_only,next_large_move_direction,controls_plus_simple_nlp,gradient_boosting,0,1,0.8487928165257129
2025-03-18,next_day_large_move,event_days_only,next_large_move_direction,controls_plus_simple_nlp,gradient_boosting,1,0,0.47556782758813076
2025-03-21,next_day_large_move,event_days_only,next_large_move_direction,controls_plus_simple_nlp,gradient_boosting,1,0,0.30713991795484746
2025-03-25,next_day_large_move,event_days_only,next_large_move_direction,controls_plus_simple_nlp,gradient_boosting,0,1,0.7225940486357109
2025-03-27,next_day_large_move,event_days_only,next_large_move_direction,controls_plus_simple_nlp,gradient_boosting,0,1,0.634446593519815
2025-04-02,next_day_large_move,event_days_only,next_large_move_direction,controls_plus_simple_nlp,gradient_boosting,0,1,0.6001208789722694
2025-04-03,next_day_large_move,event_days_only,next_large_move_direction,controls_plus_simple_nlp,gradient_boosting,0,0,0.4703052329538081
2025-04-07,next_day_large_move,event_days_only,next_large_move_direction,controls_plus_simple_nlp,gradient_boosting,0,0,0.49748119812303904
2025-04-08,next_day_large_move,event_days_only,next_large_move_direction,controls_plus_simple_nlp,gradient_boosting,1,1,0.6372140360011159
2025-04-09,next_day_large_move,event_days_only,next_large_move_direction,controls_plus_simple_nlp,gradient_boosting,0,0,0.4526852740814793
2025-04-10,next_day_large_move,event_days_only,next_large_move_direction,controls_plus_simple_nlp,gradient_boosting,1,0,0.48710400232099005
2025-04-15,next_day_large_move,event_days_only,next_large_move_direction,controls_plus_simple_nlp,gradient_boosting,0,1,0.558818088161486
2025-04-17,next_day_large_move,event_days_only,next_large_move_direction,controls_plus_simple_nlp,gradient_boosting,0,1,0.6772875561055869
2025-04-21,next_day_large_move,event_days_only,next_large_move_direction,controls_plus_simple_nlp,gradient_boosting,1,0,0.4385180041427516
2025-04-22,next_day_large_move,event_days_only,next_large_move_direction,controls_plus_simple_nlp,gradient_boosting,1,1,0.5412007717963664
2025-04-23,next_day_large_move,event_days_only,next_large_move_direction,controls_plus_simple_nlp,gradient_boosting,1,1,0.7062939726606636
2025-05-01,next_day_large_move,event_days_only,next_large_move_direction,controls_plus_simple_nlp,gradient_boosting,1,1,0.5730766173967075
2025-05-09,next_day_large_move,event_days_only,next_large_move_direction,controls_plus_simple_nlp,gradient_boosting,1,1,0.6085082386223661
2025-05-20,next_day_large_move,event_days_only,next_large_move_direction,controls_plus_simple_nlp,gradient_boosting,0,1,0.627955519509322
2025-05-23,next_day_large_move,event_days_only,next_large_move_direction,controls_plus_simple_nlp,gradient_boosting,1,1,0.783363754754849
2025-06-05,next_day_large_move,event_days_only,next_large_move_direction,controls_plus_simple_nlp,gradient_boosting,1,1,0.5877088312704701
2025-06-12,next_day_large_move,event_days_only,next_large_move_direction,controls_plus_simple_nlp,gradient_boosting,0,0,0.43381834425059024
2025-06-13,next_day_large_move,event_days_only,next_large_move_direction,controls_plus_simple_nlp,gradient_boosting,1,1,0.7106383647282835
2025-06-16,next_day_large_move,event_days_only,next_large_move_direction,controls_plus_simple_nlp,gradient_boosting,0,1,0.7686092625322393
2025-06-20,next_day_large_move,event_days_only,next_large_move_direction,controls_plus_simple_nlp,gradient_boosting,1,1,0.5036565660947392
2025-06-23,next_day_large_move,event_days_only,next_large_move_direction,controls_plus_simple_nlp,gradient_boosting,1,1,0.6901141700985532
2025-07-02,next_day_large_move,event_days_only,next_large_move_direction,controls_plus_simple_nlp,gradient_boosting,1,0,0.34198046945398375
2025-07-31,next_day_large_move,event_days_only,next_large_move_direction,controls_plus_simple_nlp,gradient_boosting,0,0,0.31852023046354383
2025-08-01,next_day_large_move,event_days_only,next_large_move_direction,controls_plus_simple_nlp,gradient_boosting,1,0,0.42129226787775215
2025-08-11,next_day_large_move,event_days_only,next_large_move_direction,controls_plus_simple_nlp,gradient_boosting,1,1,0.5142849144698937
2025-08-21,next_day_large_move,event_days_only,next_large_move_direction,controls_plus_simple_nlp,gradient_boosting,1,1,0.569208822271601
2025-09-03,next_day_large_move,event_days_only,next_large_move_direction,controls_plus_simple_nlp,gradient_boosting,1,1,0.5295886352558925
2025-09-10,next_day_large_move,event_days_only,next_large_move_direction,controls_plus_simple_nlp,gradient_boosting,1,1,0.7227197390370055
2025-10-09,next_day_large_move,event_days_only,next_large_move_direction,controls_plus_simple_nlp,gradient_boosting,0,0,0.2533851612225348
2025-10-10,next_day_large_move,event_days_only,next_large_move_direction,controls_plus_simple_nlp,gradient_boosting,1,1,0.5747363588038354
2025-10-17,next_day_large_move,event_days_only,next_large_move_direction,controls_plus_simple_nlp,gradient_boosting,1,1,0.6639748300142793
2025-10-24,next_day_large_move,event_days_only,next_large_move_direction,controls_plus_simple_nlp,gradient_boosting,1,1,0.6985627777995114
2025-10-29,next_day_large_move,event_days_only,next_large_move_direction,controls_plus_simple_nlp,gradient_boosting,0,1,0.7559961444994959
2025-11-03,next_day_large_move,event_days_only,next_large_move_direction,controls_plus_simple_nlp,gradient_boosting,0,0,0.3002005528033308
2025-11-05,next_day_large_move,event_days_only,next_large_move_direction,controls_plus_simple_nlp,gradient_boosting,0,1,0.7274267678301349
2025-11-07,next_day_large_move,event_days_only,next_large_move_direction,controls_plus_simple_nlp,gradient_boosting,1,1,0.6847209066716828
2025-11-12,next_day_large_move,event_days_only,next_large_move_direction,controls_plus_simple_nlp,gradient_boosting,0,1,0.7869808285779847
2025-11-14,next_day_large_move,event_days_only,next_large_move_direction,controls_plus_simple_nlp,gradient_boosting,0,1,0.7448882449781893
2025-11-17,next_day_large_move,event_days_only,next_large_move_direction,controls_plus_simple_nlp,gradient_boosting,0,1,0.674903995366469
2025-11-19,next_day_large_move,event_days_only,next_large_move_direction,controls_plus_simple_nlp,gradient_boosting,0,1,0.627278082113133
2025-11-20,next_day_large_move,event_days_only,next_large_move_direction,controls_plus_simple_nlp,gradient_boosting,1,1,0.6145396227113543
2025-11-21,next_day_large_move,event_days_only,next_large_move_direction,controls_plus_simple_nlp,gradient_boosting,1,1,0.7038323057284883
2025-11-24,next_day_large_move,event_days_only,next_large_move_direction,controls_plus_simple_nlp,gradient_boosting,1,1,0.5649789611056258
2025-12-11,next_day_large_move,event_days_only,next_large_move_direction,controls_plus_simple_nlp,gradient_boosting,0,1,0.6355116061353384
2025-12-16,next_day_large_move,event_days_only,next_large_move_direction,controls_plus_simple_nlp,gradient_boosting,0,0,0.4932304260750523
2025-12-18,next_day_large_move,event_days_only,next_large_move_direction,controls_plus_simple_nlp,gradient_boosting,1,1,0.7802759812884064
2022-02-14,next_day_large_move,event_days_only,next_large_move_direction,controls_plus_event_posts,logreg,1,0,0.4314982076087638
2022-04-28,next_day_large_move,event_days_only,next_large_move_direction,controls_plus_event_posts,logreg,0,0,0.40066557588254204
2022-05-10,next_day_large_move,event_days_only,next_large_move_direction,controls_plus_event_posts,logreg,0,1,0.532783919829225
2022-05-12,next_day_large_move,event_days_only,next_large_move_direction,controls_plus_event_posts,logreg,1,1,0.5302003918507884
2022-05-16,next_day_large_move,event_days_only,next_large_move_direction,controls_plus_event_posts,logreg,1,1,0.6709846207888868
2022-05-17,next_day_large_move,event_days_only,next_large_move_direction,controls_plus_event_posts,logreg,0,0,0.49667810482084707
2022-05-20,next_day_large_move,event_days_only,next_large_move_direction,controls_plus_event_posts,logreg,1,1,0.5653613215235365
2022-05-23,next_day_large_move,event_days_only,next_large_move_direction,controls_plus_event_posts,logreg,0,1,0.6343615386481821
2022-05-24,next_day_large_move,event_days_only,next_large_move_direction,controls_plus_event_posts,logreg,1,1,0.7511145581543145
2022-05-25,next_day_large_move,event_days_only,next_large_move_direction,controls_plus_event_posts,logreg,1,1,0.6842886785212544
2022-05-26,next_day_large_move,event_days_only,next_large_move_direction,controls_plus_event_posts,logreg,1,1,0.6298921746808195
2022-06-01,next_day_large_move,event_days_only,next_large_move_direction,controls_plus_event_posts,logreg,1,1,0.5570888979248088
2022-06-02,next_day_large_move,event_days_only,next_large_move_direction,controls_plus_event_posts,logreg,0,1,0.5165612732544496
2022-06-06,next_day_large_move,event_days_only,next_large_move_direction,controls_plus_event_posts,logreg,1,1,0.650359758490974
2022-06-07,next_day_large_move,event_days_only,next_large_move_direction,controls_plus_event_posts,logreg,0,0,0.4750388868690354
2022-06-08,next_day_large_move,event_days_only,next_large_move_direction,controls_plus_event_posts,logreg,0,1,0.5758393154872858
2022-06-09,next_day_large_move,event_days_only,next_large_move_direction,controls_plus_event_posts,logreg,0,1,0.6476262884517228
2022-06-10,next_day_large_move,event_days_only,next_large_move_direction,controls_plus_event_posts,logreg,0,1,0.617509919513729
2022-06-14,next_day_large_move,event_days_only,next_large_move_direction,controls_plus_event_posts,logreg,1,1,0.6613643854115986
2022-06-15,next_day_large_move,event_days_only,next_large_move_direction,controls_plus_event_posts,logreg,0,1,0.7365221501638808
2022-06-17,next_day_large_move,event_days_only,next_large_move_direction,controls_plus_event_posts,logreg,1,1,0.7576681805102613
2022-06-22,next_day_large_move,event_days_only,next_large_move_direction,controls_plus_event_posts,logreg,1,1,0.6742242863589746
2022-06-23,next_day_large_move,event_days_only,next_large_move_direction,controls_plus_event_posts,logreg,1,1,0.6556027382735548
2022-06-29,next_day_large_move,event_days_only,next_large_move_direction,controls_plus_event_posts,logreg,0,1,0.5981810468260029
2022-06-30,next_day_large_move,event_days_only,next_large_move_direction,controls_plus_event_posts,logreg,1,1,0.5686382034008508
2022-07-06,next_day_large_move,event_days_only,next_large_move_direction,controls_plus_event_posts,logreg,1,1,0.553866402078495
2022-07-08,next_day_large_move,event_days_only,next_large_move_direction,controls_plus_event_posts,logreg,0,1,0.5171059661824003
2022-07-14,next_day_large_move,event_days_only,next_large_move_direction,controls_plus_event_posts,logreg,1,1,0.6017929183968905
2022-07-15,next_day_large_move,event_days_only,next_large_move_direction,controls_plus_event_posts,logreg,0,1,0.6074514437435422
2022-07-18,next_day_large_move,event_days_only,next_large_move_direction,controls_plus_event_posts,logreg,1,1,0.5882859427894533
2022-07-20,next_day_large_move,event_days_only,next_large_move_direction,controls_plus_event_posts,logreg,1,1,0.7738578147310573
2022-07-21,next_day_large_move,event_days_only,next_large_move_direction,controls_plus_event_posts,logreg,0,1,0.5103089751559411
2022-07-25,next_day_large_move,event_days_only,next_large_move_direction,controls_plus_event_posts,logreg,0,0,0.45219395738795626
2022-07-26,next_day_large_move,event_days_only,next_large_move_direction,controls_plus_event_posts,logreg,1,1,0.6005603387071777
2022-07-27,next_day_large_move,event_days_only,next_large_move_direction,controls_plus_event_posts,logreg,1,1,0.5948898613189372
2022-08-02,next_day_large_move,event_days_only,next_large_move_direction,controls_plus_event_posts,logreg,1,1,0.6272065416210753
2022-08-09,next_day_large_move,event_days_only,next_large_move_direction,controls_plus_event_posts,logreg,1,1,0.5190816053207026
2022-08-11,next_day_large_move,event_days_only,next_large_move_direction,controls_plus_event_posts,logreg,1,1,0.5545728566202579
2022-08-18,next_day_large_move,event_days_only,next_large_move_direction,controls_plus_event_posts,logreg,0,0,0.4859452508246014
2022-08-19,next_day_large_move,event_days_only,next_large_move_direction,controls_plus_event_posts,logreg,0,0,0.44531431828458945
2022-08-24,next_day_large_move,event_days_only,next_large_move_direction,controls_plus_event_posts,logreg,1,0,0.40606306961129485
2022-08-25,next_day_large_move,event_days_only,next_large_move_direction,controls_plus_event_posts,logreg,0,1,0.6457619947795274
2022-08-29,next_day_large_move,event_days_only,next_large_move_direction,controls_plus_event_posts,logreg,0,1,0.6174791212210303
2022-09-06,next_day_large_move,event_days_only,next_large_move_direction,controls_plus_event_posts,logreg,1,1,0.6184834471215506
2022-09-08,next_day_large_move,event_days_only,next_large_move_direction,controls_plus_event_posts,logreg,1,1,0.5371120735218234
2022-09-09,next_day_large_move,event_days_only,next_large_move_direction,controls_plus_event_posts,logreg,1,0,0.36217071007969787
2022-09-12,next_day_large_move,event_days_only,next_large_move_direction,controls_plus_event_posts,logreg,0,1,0.5094814660169109
2022-09-14,next_day_large_move,event_days_only,next_large_move_direction,controls_plus_event_posts,logreg,0,1,0.5449891444554759
2022-09-19,next_day_large_move,event_days_only,next_large_move_direction,controls_plus_event_posts,logreg,0,1,0.6999778180674409
2022-09-20,next_day_large_move,event_days_only,next_large_move_direction,controls_plus_event_posts,logreg,0,1,0.6271965640653256
2022-09-21,next_day_large_move,event_days_only,next_large_move_direction,controls_plus_event_posts,logreg,0,1,0.6394789792558718
2022-09-22,next_day_large_move,event_days_only,next_large_move_direction,controls_plus_event_posts,logreg,0,0,0.476498016163296
2022-09-23,next_day_large_move,event_days_only,next_large_move_direction,controls_plus_event_posts,logreg,0,1,0.562892450372327
2022-09-27,next_day_large_move,event_days_only,next_large_move_direction,controls_plus_event_posts,logreg,1,1,0.6066668930595014
2022-09-28,next_day_large_move,event_days_only,next_large_move_direction,controls_plus_event_posts,logreg,0,1,0.5752311265513266
2022-09-29,next_day_large_move,event_days_only,next_large_move_direction,controls_plus_event_posts,logreg,0,1,0.5021689599116675
2022-09-30,next_day_large_move,event_days_only,next_large_move_direction,controls_plus_event_posts,logreg,1,1,0.5592994865601731
2022-10-03,next_day_large_move,event_days_only,next_large_move_direction,controls_plus_event_posts,logreg,1,0,0.49416585661019613
2022-10-05,next_day_large_move,event_days_only,next_large_move_direction,controls_plus_event_posts,logreg,0,0,0.4632209982806771
2022-10-06,next_day_large_move,event_days_only,next_large_move_direction,controls_plus_event_posts,logreg,0,0,0.38588487801824567
2022-10-12,next_day_large_move,event_days_only,next_large_move_direction,controls_plus_event_posts,logreg,1,1,0.6757335736057489
2022-10-13,next_day_large_move,event_days_only,next_large_move_direction,controls_plus_event_posts,logreg,0,0,0.40973165115913984
2022-10-14,next_day_large_move,event_days_only,next_large_move_direction,controls_plus_event_posts,logreg,1,1,0.6509436180296883
2022-10-17,next_day_large_move,event_days_only,next_large_move_direction,controls_plus_event_posts,logreg,1,0,0.47188840597617293
2022-10-20,next_day_large_move,event_days_only,next_large_move_direction,controls_plus_event_posts,logreg,1,1,0.521872019845747
2022-10-21,next_day_large_move,event_days_only,next_large_move_direction,controls_plus_event_posts,logreg,1,0,0.40852671345722924
2022-10-24,next_day_large_move,event_days_only,next_large_move_direction,controls_plus_event_posts,logreg,1,1,0.6400393343101377
2022-10-27,next_day_large_move,event_days_only,next_large_move_direction,controls_plus_event_posts,logreg,1,1,0.5677126119520954
2022-11-01,next_day_large_move,event_days_only,next_large_move_direction,controls_plus_event_posts,logreg,0,1,0.5460283178592874
2022-11-02,next_day_large_move,event_days_only,next_large_move_direction,controls_plus_event_posts,logreg,0,0,0.4895088955635926
2022-11-03,next_day_large_move,event_days_only,next_large_move_direction,controls_plus_event_posts,logreg,1,0,0.45493769000001677
2022-11-04,next_day_large_move,event_days_only,next_large_move_direction,controls_plus_event_posts,logreg,1,1,0.501175485606179
2022-11-08,next_day_large_move,event_days_only,next_large_move_direction,controls_plus_event_posts,logreg,0,1,0.6534014101363985
2022-11-09,next_day_large_move,event_days_only,next_large_move_direction,controls_plus_event_posts,logreg,1,1,0.5717356834446966
2022-11-10,next_day_large_move,event_days_only,next_large_move_direction,controls_plus_event_posts,logreg,1,0,0.19294739042501427
2022-11-11,next_day_large_move,event_days_only,next_large_move_direction,controls_plus_event_posts,logreg,0,0,0.49282497040926343
2022-11-14,next_day_large_move,event_days_only,next_large_move_direction,controls_plus_event_posts,logreg,1,1,0.6424921550565393
2022-11-15,next_day_large_move,event_days_only,next_large_move_direction,controls_plus_event_posts,logreg,0,0,0.4213680056452126
2022-11-29,next_day_large_move,event_days_only,next_large_move_direction,controls_plus_event_posts,logreg,1,1,0.5487378194375747
2022-12-02,next_day_large_move,event_days_only,next_large_move_direction,controls_plus_event_posts,logreg,0,1,0.5668896995888277
2022-12-05,next_day_large_move,event_days_only,next_large_move_direction,controls_plus_event_posts,logreg,0,1,0.596322322027597
2022-12-09,next_day_large_move,event_days_only,next_large_move_direction,controls_plus_event_posts,logreg,1,0,0.4664279148691266
2022-12-14,next_day_large_move,event_days_only,next_large_move_direction,controls_plus_event_posts,logreg,0,0,0.49411088965658234
2022-12-15,next_day_large_move,event_days_only,next_large_move_direction,controls_plus_event_posts,logreg,0,1,0.5361333745486598
2022-12-16,next_day_large_move,event_days_only,next_large_move_direction,controls_plus_event_posts,logreg,0,0,0.43834591263234357
2022-12-20,next_day_large_move,event_days_only,next_large_move_direction,controls_plus_event_posts,logreg,1,1,0.6531179423933965
2022-12-21,next_day_large_move,event_days_only,next_large_move_direction,controls_plus_event_posts,logreg,0,1,0.5001651638245558
2022-12-27,next_day_large_move,event_days_only,next_large_move_direction,controls_plus_event_posts,logreg,0,1,0.5221171858739981
2022-12-28,next_day_large_move,event_days_only,next_large_move_direction,controls_plus_event_posts,logreg,1,1,0.6317793530927098
2023-01-04,next_day_large_move,event_days_only,next_large_move_direction,controls_plus_event_posts,logreg,0,1,0.6136913154642432
2023-01-05,next_day_large_move,event_days_only,next_large_move_direction,controls_plus_event_posts,logreg,1,0,0.48190120918409945
2023-01-10,next_day_large_move,event_days_only,next_large_move_direction,controls_plus_event_posts,logreg,1,0,0.4053215487421107
2023-01-17,next_day_large_move,event_days_only,next_large_move_direction,controls_plus_event_posts,logreg,0,1,0.5781695396739637
2023-01-19,next_day_large_move,event_days_only,next_large_move_direction,controls_plus_event_posts,logreg,1,1,0.5992075108777801
2023-01-20,next_day_large_move,event_days_only,next_large_move_direction,controls_plus_event_posts,logreg,1,1,0.5169856657918697
2023-01-25,next_day_large_move,event_days_only,next_large_move_direction,controls_plus_event_posts,logreg,1,1,0.581704800953897
2023-01-27,next_day_large_move,event_days_only,next_large_move_direction,controls_plus_event_posts,logreg,0,0,0.4347889638104194
2023-01-30,next_day_large_move,event_days_only,next_large_move_direction,controls_plus_event_posts,logreg,1,1,0.5072942961084366
2023-01-31,next_day_large_move,event_days_only,next_large_move_direction,controls_plus_event_posts,logreg,1,1,0.5756171358947705
2023-02-01,next_day_large_move,event_days_only,next_large_move_direction,controls_plus_event_posts,logreg,1,0,0.4821179474974836
2023-02-02,next_day_large_move,event_days_only,next_large_move_direction,controls_plus_event_posts,logreg,0,0,0.38038441147561775
2023-02-06,next_day_large_move,event_days_only,next_large_move_direction,controls_plus_event_posts,logreg,1,1,0.6067535859343192
2023-02-07,next_day_large_move,event_days_only,next_large_move_direction,controls_plus_event_posts,logreg,0,0,0.4396773073178014
2023-02-08,next_day_large_move,event_days_only,next_large_move_direction,controls_plus_event_posts,logreg,0,1,0.5945181190842388
2023-02-10,next_day_large_move,event_days_only,next_large_move_direction,controls_plus_event_posts,logreg,1,0,0.47404919981089183
2023-02-15,next_day_large_move,event_days_only,next_large_move_direction,controls_plus_event_posts,logreg,0,1,0.6323171028865429
2023-02-17,next_day_large_move,event_days_only,next_large_move_direction,controls_plus_event_posts,logreg,0,1,0.5465379527666231
2023-02-23,next_day_large_move,event_days_only,next_large_move_direction,controls_plus_event_posts,logreg,0,0,0.41541671011149883
2023-03-02,next_day_large_move,event_days_only,next_large_move_direction,controls_plus_event_posts,logreg,1,1,0.5732020248090096
2023-03-06,next_day_large_move,event_days_only,next_large_move_direction,controls_plus_event_posts,logreg,0,1,0.6498156795204717
2023-03-08,next_day_large_move,event_days_only,next_large_move_direction,controls_plus_event_posts,logreg,0,1,0.7343689000028272
2023-03-09,next_day_large_move,event_days_only,next_large_move_direction,controls_plus_event_posts,logreg,0,0,0.4639177556960408
2023-03-13,next_day_large_move,event_days_only,next_large_move_direction,controls_plus_event_posts,logreg,1,0,0.48997230260004554
2023-03-15,next_day_large_move,event_days_only,next_large_move_direction,controls_plus_event_posts,logreg,1,1,0.5593139413530004
2023-03-16,next_day_large_move,event_days_only,next_large_move_direction,controls_plus_event_posts,logreg,0,1,0.5231636150576703
2023-03-17,next_day_large_move,event_days_only,next_large_move_direction,controls_plus_event_posts,logreg,1,1,0.5665481798879082
2023-03-20,next_day_large_move,event_days_only,next_large_move_direction,controls_plus_event_posts,logreg,1,1,0.510444558191969
2023-03-21,next_day_large_move,event_days_only,next_large_move_direction,controls_plus_event_posts,logreg,0,1,0.5397192543247114
2023-03-28,next_day_large_move,event_days_only,next_large_move_direction,controls_plus_event_posts,logreg,1,1,0.5521100430780717
2023-03-30,next_day_large_move,event_days_only,next_large_move_direction,controls_plus_event_posts,logreg,1,0,0.4953416754710863
2023-04-12,next_day_large_move,event_days_only,next_large_move_direction,controls_plus_event_posts,logreg,1,1,0.5539350947307239
2023-04-24,next_day_large_move,event_days_only,next_large_move_direction,controls_plus_event_posts,logreg,0,1,0.5926740041486289
2023-04-26,next_day_large_move,event_days_only,next_large_move_direction,controls_plus_event_posts,logreg,1,1,0.5701779112793538
2023-04-27,next_day_large_move,event_days_only,next_large_move_direction,controls_plus_event_posts,logreg,1,0,0.3123072963158651
2023-05-04,next_day_large_move,event_days_only,next_large_move_direction,controls_plus_event_posts,logreg,1,0,0.40595359103053225
2023-05-16,next_day_large_move,event_days_only,next_large_move_direction,controls_plus_event_posts,logreg,1,0,0.4322332713789114
2023-05-17,next_day_large_move,event_days_only,next_large_move_direction,controls_plus_event_posts,logreg,1,0,0.46440136880139593
2023-05-22,next_day_large_move,event_days_only,next_large_move_direction,controls_plus_event_posts,logreg,0,0,0.45255209524211304
2023-05-24,next_day_large_move,event_days_only,next_large_move_direction,controls_plus_event_posts,logreg,1,0,0.4418165604977162
2023-05-25,next_day_large_move,event_days_only,next_large_move_direction,controls_plus_event_posts,logreg,1,0,0.4632000368145256
2023-05-31,next_day_large_move,event_days_only,next_large_move_direction,controls_plus_event_posts,logreg,1,0,0.3902303621734258
2023-06-01,next_day_large_move,event_days_only,next_large_move_direction,controls_plus_event_posts,logreg,1,0,0.39857430907365393
2023-06-09,next_day_large_move,event_days_only,next_large_move_direction,controls_plus_event_posts,logreg,1,0,0.45612384526853
2023-06-14,next_day_large_move,event_days_only,next_large_move_direction,controls_plus_event_posts,logreg,1,0,0.4959656640313752
2023-06-26,next_day_large_move,event_days_only,next_large_move_direction,controls_plus_event_posts,logreg,1,1,0.6138533729076502
2023-06-29,next_day_large_move,event_days_only,next_large_move_direction,controls_plus_event_posts,logreg,1,0,0.3570958227302165
2023-07-12,next_day_large_move,event_days_only,next_large_move_direction,controls_plus_event_posts,logreg,1,1,0.7521218220830721
2023-07-27,next_day_large_move,event_days_only,next_large_move_direction,controls_plus_event_posts,logreg,1,0,0.4954528324871089
2023-08-01,next_day_large_move,event_days_only,next_large_move_direction,controls_plus_event_posts,logreg,0,1,0.5126047110632852
2023-08-04,next_day_large_move,event_days_only,next_large_move_direction,controls_plus_event_posts,logreg,1,0,0.44541881215387386
2023-08-14,next_day_large_move,event_days_only,next_large_move_direction,controls_plus_event_posts,logreg,0,1,0.7060531922607849
2023-08-22,next_day_large_move,event_days_only,next_large_move_direction,controls_plus_event_posts,logreg,1,1,0.5780407515689424
2023-08-23,next_day_large_move,event_days_only,next_large_move_direction,controls_plus_event_posts,logreg,0,0,0.39058830673765954
2023-08-28,next_day_large_move,event_days_only,next_large_move_direction,controls_plus_event_posts,logreg,1,1,0.724099344519691
2023-09-13,next_day_large_move,event_days_only,next_large_move_direction,controls_plus_event_posts,logreg,1,0,0.4186790336847303
2023-09-14,next_day_large_move,event_days_only,next_large_move_direction,controls_plus_event_posts,logreg,0,0,0.3663427363114669
2023-09-19,next_day_large_move,event_days_only,next_large_move_direction,controls_plus_event_posts,logreg,0,1,0.5173393372587313
2023-09-20,next_day_large_move,event_days_only,next_large_move_direction,controls_plus_event_posts,logreg,0,0,0.39886242931285626
2023-09-25,next_day_large_move,event_days_only,next_large_move_direction,controls_plus_event_posts,logreg,0,1,0.8832118368772798
2023-10-02,next_day_large_move,event_days_only,next_large_move_direction,controls_plus_event_posts,logreg,0,1,0.5561898493254409
2023-10-05,next_day_large_move,event_days_only,next_large_move_direction,controls_plus_event_posts,logreg,1,1,0.6308538941647175
2023-10-13,next_day_large_move,event_days_only,next_large_move_direction,controls_plus_event_posts,logreg,1,0,0.46757925324554334
2023-10-17,next_day_large_move,event_days_only,next_large_move_direction,controls_plus_event_posts,logreg,0,0,0.48719347352055575
2023-10-18,next_day_large_move,event_days_only,next_large_move_direction,controls_plus_event_posts,logreg,0,0,0.4081361553590195
2023-10-19,next_day_large_move,event_days_only,next_large_move_direction,controls_plus_event_posts,logreg,0,0,0.4776340520935455
2023-10-24,next_day_large_move,event_days_only,next_large_move_direction,controls_plus_event_posts,logreg,0,1,0.7118748375288545
2023-10-25,next_day_large_move,event_days_only,next_large_move_direction,controls_plus_event_posts,logreg,0,1,0.555828271054324
2023-10-27,next_day_large_move,event_days_only,next_large_move_direction,controls_plus_event_posts,logreg,1,0,0.43820464315026897
2023-10-31,next_day_large_move,event_days_only,next_large_move_direction,controls_plus_event_posts,logreg,1,0,0.48869902411844657
2023-11-01,next_day_large_move,event_days_only,next_large_move_direction,controls_plus_event_posts,logreg,1,1,0.5133259597229676
2023-11-02,next_day_large_move,event_days_only,next_large_move_direction,controls_plus_event_posts,logreg,1,0,0.44996555231689567
2023-11-09,next_day_large_move,event_days_only,next_large_move_direction,controls_plus_event_posts,logreg,1,0,0.4475104625723586
2023-11-13,next_day_large_move,event_days_only,next_large_move_direction,controls_plus_event_posts,logreg,1,1,0.7232938665834054
2023-12-12,next_day_large_move,event_days_only,next_large_move_direction,controls_plus_event_posts,logreg,1,0,0.46753769084654445
2023-12-19,next_day_large_move,event_days_only,next_large_move_direction,controls_plus_event_posts,logreg,0,0,0.42505127907649276
2023-12-20,next_day_large_move,event_days_only,next_large_move_direction,controls_plus_event_posts,logreg,1,0,0.49933318006257854
2024-01-05,next_day_large_move,event_days_only,next_large_move_direction,controls_plus_event_posts,logreg,1,1,0.5057743527820989
2024-01-17,next_day_large_move,event_days_only,next_large_move_direction,controls_plus_event_posts,logreg,1,1,0.5345931580230427
2024-01-18,next_day_large_move,event_days_only,next_large_move_direction,controls_plus_event_posts,logreg,1,0,0.4432743606822687
2024-01-30,next_day_large_move,event_days_only,next_large_move_direction,controls_plus_event_posts,logreg,0,0,0.4983530549809563
2024-01-31,next_day_large_move,event_days_only,next_large_move_direction,controls_plus_event_posts,logreg,1,0,0.40554955563670536
2024-02-06,next_day_large_move,event_days_only,next_large_move_direction,controls_plus_event_posts,logreg,1,0,0.4500377335563584
2024-02-12,next_day_large_move,event_days_only,next_large_move_direction,controls_plus_event_posts,logreg,0,1,0.6373964637162414
2024-02-13,next_day_large_move,event_days_only,next_large_move_direction,controls_plus_event_posts,logreg,1,0,0.4853525145700422
2024-02-21,next_day_large_move,event_days_only,next_large_move_direction,controls_plus_event_posts,logreg,1,0,0.43964706235680334
2024-03-04,next_day_large_move,event_days_only,next_large_move_direction,controls_plus_event_posts,logreg,0,0,0.4699550236798605
2024-03-06,next_day_large_move,event_days_only,next_large_move_direction,controls_plus_event_posts,logreg,1,0,0.40706956060452054
2024-03-11,next_day_large_move,event_days_only,next_large_move_direction,controls_plus_event_posts,logreg,1,0,0.40227317296758663
2024-03-19,next_day_large_move,event_days_only,next_large_move_direction,controls_plus_event_posts,logreg,1,0,0.4777475931443325
2024-03-26,next_day_large_move,event_days_only,next_large_move_direction,controls_plus_event_posts,logreg,1,0,0.4933773876096941
2024-04-03,next_day_large_move,event_days_only,next_large_move_direction,controls_plus_event_posts,logreg,0,1,0.520202347625993
2024-04-04,next_day_large_move,event_days_only,next_large_move_direction,controls_plus_event_posts,logreg,1,0,0.4990444185639548
2024-04-09,next_day_large_move,event_days_only,next_large_move_direction,controls_plus_event_posts,logreg,0,0,0.4054042184247473
2024-04-11,next_day_large_move,event_days_only,next_large_move_direction,controls_plus_event_posts,logreg,0,0,0.4602538764413297
2024-04-12,next_day_large_move,event_days_only,next_large_move_direction,controls_plus_event_posts,logreg,0,0,0.4611373712478453
2024-04-18,next_day_large_move,event_days_only,next_large_move_direction,controls_plus_event_posts,logreg,0,1,0.6697531688690905
2024-04-19,next_day_large_move,event_days_only,next_large_move_direction,controls_plus_event_posts,logreg,1,1,0.5757702883819301
2024-04-22,next_day_large_move,event_days_only,next_large_move_direction,controls_plus_event_posts,logreg,1,0,0.4784809156772727
2024-04-25,next_day_large_move,event_days_only,next_large_move_direction,controls_plus_event_posts,logreg,1,0,0.4095754360395924
2024-04-29,next_day_large_move,event_days_only,next_large_move_direction,controls_plus_event_posts,logreg,0,0,0.491699999535012
2024-05-01,next_day_large_move,event_days_only,next_large_move_direction,controls_plus_event_posts,logreg,1,1,0.5226709108999856
2024-05-02,next_day_large_move,event_days_only,next_large_move_direction,controls_plus_event_posts,logreg,1,0,0.43613254459989054
2024-05-03,next_day_large_move,event_days_only,next_large_move_direction,controls_plus_event_posts,logreg,1,0,0.44229822432396776
2024-05-14,next_day_large_move,event_days_only,next_large_move_direction,controls_plus_event_posts,logreg,1,0,0.47461476420128285
2024-06-04,next_day_large_move,event_days_only,next_large_move_direction,controls_plus_event_posts,logreg,1,0,0.4690565689513933
2024-06-11,next_day_large_move,event_days_only,next_large_move_direction,controls_plus_event_posts,logreg,1,0,0.4977277203698803
2024-07-09,next_day_large_move,event_days_only,next_large_move_direction,controls_plus_event_posts,logreg,1,1,0.5875165408036639
2024-07-10,next_day_large_move,event_days_only,next_large_move_direction,controls_plus_event_posts,logreg,0,1,0.5680061373522246
2024-07-16,next_day_large_move,event_days_only,next_large_move_direction,controls_plus_event_posts,logreg,0,1,0.5198219668637317
2024-07-19,next_day_large_move,event_days_only,next_large_move_direction,controls_plus_event_posts,logreg,1,1,0.518018104994087
2024-07-23,next_day_large_move,event_days_only,next_large_move_direction,controls_plus_event_posts,logreg,0,1,0.6196442186470539
2024-07-25,next_day_large_move,event_days_only,next_large_move_direction,controls_plus_event_posts,logreg,1,0,0.41956755758524866
2024-07-30,next_day_large_move,event_days_only,next_large_move_direction,controls_plus_event_posts,logreg,1,1,0.5803628567786492
2024-07-31,next_day_large_move,event_days_only,next_large_move_direction,controls_plus_event_posts,logreg,0,0,0.370982187490031
2024-08-01,next_day_large_move,event_days_only,next_large_move_direction,controls_plus_event_posts,logreg,0,0,0.4652994511604331
2024-08-02,next_day_large_move,event_days_only,next_large_move_direction,controls_plus_event_posts,logreg,0,1,0.5864137201577918
2024-08-05,next_day_large_move,event_days_only,next_large_move_direction,controls_plus_event_posts,logreg,1,0,0.4475984481092367
2024-08-07,next_day_large_move,event_days_only,next_large_move_direction,controls_plus_event_posts,logreg,1,1,0.5465783596964452
2024-08-12,next_day_large_move,event_days_only,next_large_move_direction,controls_plus_event_posts,logreg,1,1,0.5017003325379076
2024-08-14,next_day_large_move,event_days_only,next_large_move_direction,controls_plus_event_posts,logreg,1,1,0.5074825557541855
2024-08-16,next_day_large_move,event_days_only,next_large_move_direction,controls_plus_event_posts,logreg,1,1,0.5532845151319237
2024-08-21,next_day_large_move,event_days_only,next_large_move_direction,controls_plus_event_posts,logreg,0,0,0.4415152662390189
2024-08-22,next_day_large_move,event_days_only,next_large_move_direction,controls_plus_event_posts,logreg,1,0,0.4227450258715405
2024-08-29,next_day_large_move,event_days_only,next_large_move_direction,controls_plus_event_posts,logreg,1,0,0.40826717784104993
2024-08-30,next_day_large_move,event_days_only,next_large_move_direction,controls_plus_event_posts,logreg,0,0,0.4940410458001751
2024-09-05,next_day_large_move,event_days_only,next_large_move_direction,controls_plus_event_posts,logreg,0,0,0.49721891317594274
2024-09-06,next_day_large_move,event_days_only,next_large_move_direction,controls_plus_event_posts,logreg,1,0,0.47477864499487893
2024-09-10,next_day_large_move,event_days_only,next_large_move_direction,controls_plus_event_posts,logreg,1,0,0.4804376954020058
2024-09-18,next_day_large_move,event_days_only,next_large_move_direction,controls_plus_event_posts,logreg,1,1,0.5067935028564753
2024-09-30,next_day_large_move,event_days_only,next_large_move_direction,controls_plus_event_posts,logreg,0,0,0.4996407765645739
2024-10-03,next_day_large_move,event_days_only,next_large_move_direction,controls_plus_event_posts,logreg,1,0,0.4624777726486499
2024-10-04,next_day_large_move,event_days_only,next_large_move_direction,controls_plus_event_posts,logreg,0,1,0.5008907468951407
2024-10-07,next_day_large_move,event_days_only,next_large_move_direction,controls_plus_event_posts,logreg,1,1,0.5115627006224513
2024-10-22,next_day_large_move,event_days_only,next_large_move_direction,controls_plus_event_posts,logreg,0,1,0.5160821494979253
2024-10-30,next_day_large_move,event_days_only,next_large_move_direction,controls_plus_event_posts,logreg,0,0,0.4859147603736974
2024-11-04,next_day_large_move,event_days_only,next_large_move_direction,controls_plus_event_posts,logreg,1,0,0.4955811537829063
2024-11-05,next_day_large_move,event_days_only,next_large_move_direction,controls_plus_event_posts,logreg,1,1,0.5392592754762173
2024-11-14,next_day_large_move,event_days_only,next_large_move_direction,controls_plus_event_posts,logreg,0,1,0.520980614664049
2024-12-10,next_day_large_move,event_days_only,next_large_move_direction,controls_plus_event_posts,logreg,1,0,0.485472147681216
2024-12-17,next_day_large_move,event_days_only,next_large_move_direction,controls_plus_event_posts,logreg,0,1,0.5231460277864238
2024-12-19,next_day_large_move,event_days_only,next_large_move_direction,controls_plus_event_posts,logreg,1,1,0.5093190293792472
2024-12-23,next_day_large_move,event_days_only,next_large_move_direction,controls_plus_event_posts,logreg,1,1,0.5116946096836674
2024-12-26,next_day_large_move,event_days_only,next_large_move_direction,controls_plus_event_posts,logreg,0,0,0.35921457167115384
2024-12-27,next_day_large_move,event_days_only,next_large_move_direction,controls_plus_event_posts,logreg,0,1,0.5246820048458891
2025-01-02,next_day_large_move,event_days_only,next_large_move_direction,controls_plus_event_posts,logreg,1,1,0.539049424590285
2025-01-06,next_day_large_move,event_days_only,next_large_move_direction,controls_plus_event_posts,logreg,0,1,0.6060239341778744
2025-01-08,next_day_large_move,event_days_only,next_large_move_direction,controls_plus_event_posts,logreg,0,0,0.4214107858681887
2025-01-14,next_day_large_move,event_days_only,next_large_move_direction,controls_plus_event_posts,logreg,1,1,0.5738020809685577
2025-01-16,next_day_large_move,event_days_only,next_large_move_direction,controls_plus_event_posts,logreg,1,1,0.5228272881489148
2025-01-17,next_day_large_move,event_days_only,next_large_move_direction,controls_plus_event_posts,logreg,1,0,0.4367666882933789
2025-01-24,next_day_large_move,event_days_only,next_large_move_direction,controls_plus_event_posts,logreg,0,0,0.4162636326562068
2025-01-27,next_day_large_move,event_days_only,next_large_move_direction,controls_plus_event_posts,logreg,1,0,0.458109213199317
2025-02-06,next_day_large_move,event_days_only,next_large_move_direction,controls_plus_event_posts,logreg,0,0,0.47640999795144184
2025-02-12,next_day_large_move,event_days_only,next_large_move_direction,controls_plus_event_posts,logreg,1,1,0.5674706523450939
2025-02-20,next_day_large_move,event_days_only,next_large_move_direction,controls_plus_event_posts,logreg,0,0,0.38650287758391944
2025-02-26,next_day_large_move,event_days_only,next_large_move_direction,controls_plus_event_posts,logreg,0,0,0.4742591716853963
2025-02-27,next_day_large_move,event_days_only,next_large_move_direction,controls_plus_event_posts,logreg,1,1,0.5737256200491945
2025-02-28,next_day_large_move,event_days_only,next_large_move_direction,controls_plus_event_posts,logreg,0,1,0.5580741303785585
2025-03-03,next_day_large_move,event_days_only,next_large_move_direction,controls_plus_event_posts,logreg,0,1,0.6568788184619682
2025-03-04,next_day_large_move,event_days_only,next_large_move_direction,controls_plus_event_posts,logreg,1,1,0.642965428723336
2025-03-05,next_day_large_move,event_days_only,next_large_move_direction,controls_plus_event_posts,logreg,0,1,0.6161453534245307
2025-03-07,next_day_large_move,event_days_only,next_large_move_direction,controls_plus_event_posts,logreg,0,0,0.45115953084964233
2025-03-12,next_day_large_move,event_days_only,next_large_move_direction,controls_plus_event_posts,logreg,0,1,0.5183074825178728
2025-03-13,next_day_large_move,event_days_only,next_large_move_direction,controls_plus_event_posts,logreg,1,1,0.5575137341536323
2025-03-17,next_day_large_move,event_days_only,next_large_move_direction,controls_plus_event_posts,logreg,0,1,0.58623842697604
2025-03-18,next_day_large_move,event_days_only,next_large_move_direction,controls_plus_event_posts,logreg,1,1,0.5585447153380552
2025-03-21,next_day_large_move,event_days_only,next_large_move_direction,controls_plus_event_posts,logreg,1,1,0.6205866259998931
2025-03-25,next_day_large_move,event_days_only,next_large_move_direction,controls_plus_event_posts,logreg,0,0,0.42090688288639777
2025-03-27,next_day_large_move,event_days_only,next_large_move_direction,controls_plus_event_posts,logreg,0,0,0.49006378638967385
2025-04-02,next_day_large_move,event_days_only,next_large_move_direction,controls_plus_event_posts,logreg,0,0,0.438139816025266
2025-04-03,next_day_large_move,event_days_only,next_large_move_direction,controls_plus_event_posts,logreg,0,0,0.4937135945770135
2025-04-07,next_day_large_move,event_days_only,next_large_move_direction,controls_plus_event_posts,logreg,0,0,0.4753471180247763
2025-04-08,next_day_large_move,event_days_only,next_large_move_direction,controls_plus_event_posts,logreg,1,1,0.6138425868167602
2025-04-09,next_day_large_move,event_days_only,next_large_move_direction,controls_plus_event_posts,logreg,0,0,0.0992093923249536
2025-04-10,next_day_large_move,event_days_only,next_large_move_direction,controls_plus_event_posts,logreg,1,0,0.4677984615145834
2025-04-15,next_day_large_move,event_days_only,next_large_move_direction,controls_plus_event_posts,logreg,0,0,0.4655449314829521
2025-04-17,next_day_large_move,event_days_only,next_large_move_direction,controls_plus_event_posts,logreg,0,0,0.4587342958557735
2025-04-21,next_day_large_move,event_days_only,next_large_move_direction,controls_plus_event_posts,logreg,1,1,0.6378271870391079
2025-04-22,next_day_large_move,event_days_only,next_large_move_direction,controls_plus_event_posts,logreg,1,1,0.582081987989234
2025-04-23,next_day_large_move,event_days_only,next_large_move_direction,controls_plus_event_posts,logreg,1,1,0.5746349847373342
2025-05-01,next_day_large_move,event_days_only,next_large_move_direction,controls_plus_event_posts,logreg,1,0,0.401258005096438
2025-05-09,next_day_large_move,event_days_only,next_large_move_direction,controls_plus_event_posts,logreg,1,1,0.5333398587640372
2025-05-20,next_day_large_move,event_days_only,next_large_move_direction,controls_plus_event_posts,logreg,0,1,0.5383510473132249
2025-05-23,next_day_large_move,event_days_only,next_large_move_direction,controls_plus_event_posts,logreg,1,1,0.514121663278312
2025-06-05,next_day_large_move,event_days_only,next_large_move_direction,controls_plus_event_posts,logreg,1,0,0.3448552914327531
2025-06-12,next_day_large_move,event_days_only,next_large_move_direction,controls_plus_event_posts,logreg,0,0,0.4667441426582036
2025-06-13,next_day_large_move,event_days_only,next_large_move_direction,controls_plus_event_posts,logreg,1,1,0.7000055142644783
2025-06-16,next_day_large_move,event_days_only,next_large_move_direction,controls_plus_event_posts,logreg,0,1,0.5250523053158049
2025-06-20,next_day_large_move,event_days_only,next_large_move_direction,controls_plus_event_posts,logreg,1,0,0.48932018691605095
2025-06-23,next_day_large_move,event_days_only,next_large_move_direction,controls_plus_event_posts,logreg,1,0,0.4735879802928411
2025-07-02,next_day_large_move,event_days_only,next_large_move_direction,controls_plus_event_posts,logreg,1,0,0.37433506516267434
2025-07-31,next_day_large_move,event_days_only,next_large_move_direction,controls_plus_event_posts,logreg,0,0,0.4262189687612254
2025-08-01,next_day_large_move,event_days_only,next_large_move_direction,controls_plus_event_posts,logreg,1,1,0.5572582128168485
2025-08-11,next_day_large_move,event_days_only,next_large_move_direction,controls_plus_event_posts,logreg,1,0,0.4572710142976437
2025-08-21,next_day_large_move,event_days_only,next_large_move_direction,controls_plus_event_posts,logreg,1,0,0.37807588023043004
2025-09-03,next_day_large_move,event_days_only,next_large_move_direction,controls_plus_event_posts,logreg,1,1,0.5180222479045252
2025-09-10,next_day_large_move,event_days_only,next_large_move_direction,controls_plus_event_posts,logreg,1,1,0.622288929162753
2025-10-09,next_day_large_move,event_days_only,next_large_move_direction,controls_plus_event_posts,logreg,0,0,0.4696434120761837
2025-10-10,next_day_large_move,event_days_only,next_large_move_direction,controls_plus_event_posts,logreg,1,0,0.4822179563530609
2025-10-17,next_day_large_move,event_days_only,next_large_move_direction,controls_plus_event_posts,logreg,1,1,0.5648351665653704
2025-10-24,next_day_large_move,event_days_only,next_large_move_direction,controls_plus_event_posts,logreg,1,0,0.45530512521291555
2025-10-29,next_day_large_move,event_days_only,next_large_move_direction,controls_plus_event_posts,logreg,0,0,0.43357868386374726
2025-11-03,next_day_large_move,event_days_only,next_large_move_direction,controls_plus_event_posts,logreg,0,0,0.45340541033221465
2025-11-05,next_day_large_move,event_days_only,next_large_move_direction,controls_plus_event_posts,logreg,0,0,0.4222624851457345
2025-11-07,next_day_large_move,event_days_only,next_large_move_direction,controls_plus_event_posts,logreg,1,1,0.5244836205612712
2025-11-12,next_day_large_move,event_days_only,next_large_move_direction,controls_plus_event_posts,logreg,0,1,0.6285963456616736
2025-11-14,next_day_large_move,event_days_only,next_large_move_direction,controls_plus_event_posts,logreg,0,1,0.5415708264837653
2025-11-17,next_day_large_move,event_days_only,next_large_move_direction,controls_plus_event_posts,logreg,0,1,0.5412869483789878
2025-11-19,next_day_large_move,event_days_only,next_large_move_direction,controls_plus_event_posts,logreg,0,0,0.4748838067206334
2025-11-20,next_day_large_move,event_days_only,next_large_move_direction,controls_plus_event_posts,logreg,1,0,0.4687667249810092
2025-11-21,next_day_large_move,event_days_only,next_large_move_direction,controls_plus_event_posts,logreg,1,0,0.37054605693008136
2025-11-24,next_day_large_move,event_days_only,next_large_move_direction,controls_plus_event_posts,logreg,1,0,0.4764708800412033
2025-12-11,next_day_large_move,event_days_only,next_large_move_direction,controls_plus_event_posts,logreg,0,1,0.5429028734595881
2025-12-16,next_day_large_move,event_days_only,next_large_move_direction,controls_plus_event_posts,logreg,0,1,0.5306422446594299
2025-12-18,next_day_large_move,event_days_only,next_large_move_direction,controls_plus_event_posts,logreg,1,1,0.5087219474940906
2022-02-14,next_day_large_move,event_days_only,next_large_move_direction,controls_plus_event_posts,random_forest,1,0,0.45312055994041034
2022-04-28,next_day_large_move,event_days_only,next_large_move_direction,controls_plus_event_posts,random_forest,0,0,0.46050267032922704
2022-05-10,next_day_large_move,event_days_only,next_large_move_direction,controls_plus_event_posts,random_forest,0,1,0.5805501921268289
2022-05-12,next_day_large_move,event_days_only,next_large_move_direction,controls_plus_event_posts,random_forest,1,1,0.5509061408754126
2022-05-16,next_day_large_move,event_days_only,next_large_move_direction,controls_plus_event_posts,random_forest,1,1,0.515377089642105
2022-05-17,next_day_large_move,event_days_only,next_large_move_direction,controls_plus_event_posts,random_forest,0,1,0.5166536750155974
2022-05-20,next_day_large_move,event_days_only,next_large_move_direction,controls_plus_event_posts,random_forest,1,1,0.5453434353627368
2022-05-23,next_day_large_move,event_days_only,next_large_move_direction,controls_plus_event_posts,random_forest,0,1,0.532254860105361
2022-05-24,next_day_large_move,event_days_only,next_large_move_direction,controls_plus_event_posts,random_forest,1,1,0.6117955317277846
2022-05-25,next_day_large_move,event_days_only,next_large_move_direction,controls_plus_event_posts,random_forest,1,1,0.5239874146860877
2022-05-26,next_day_large_move,event_days_only,next_large_move_direction,controls_plus_event_posts,random_forest,1,1,0.5052294086096675
2022-06-01,next_day_large_move,event_days_only,next_large_move_direction,controls_plus_event_posts,random_forest,1,1,0.50136803555334
2022-06-02,next_day_large_move,event_days_only,next_large_move_direction,controls_plus_event_posts,random_forest,0,1,0.5139451026329946
2022-06-06,next_day_large_move,event_days_only,next_large_move_direction,controls_plus_event_posts,random_forest,1,1,0.5305354477318148
2022-06-07,next_day_large_move,event_days_only,next_large_move_direction,controls_plus_event_posts,random_forest,0,0,0.46328912130541894
2022-06-08,next_day_large_move,event_days_only,next_large_move_direction,controls_plus_event_posts,random_forest,0,1,0.5981090682657652
2022-06-09,next_day_large_move,event_days_only,next_large_move_direction,controls_plus_event_posts,random_forest,0,1,0.5405217498018566
2022-06-10,next_day_large_move,event_days_only,next_large_move_direction,controls_plus_event_posts,random_forest,0,1,0.6187383225315249
2022-06-14,next_day_large_move,event_days_only,next_large_move_direction,controls_plus_event_posts,random_forest,1,1,0.6219229562642997
2022-06-15,next_day_large_move,event_days_only,next_large_move_direction,controls_plus_event_posts,random_forest,0,1,0.6139348406683084
2022-06-17,next_day_large_move,event_days_only,next_large_move_direction,controls_plus_event_posts,random_forest,1,1,0.5252209508800778
2022-06-22,next_day_large_move,event_days_only,next_large_move_direction,controls_plus_event_posts,random_forest,1,1,0.5259652172961103
2022-06-23,next_day_large_move,event_days_only,next_large_move_direction,controls_plus_event_posts,random_forest,1,1,0.5407510111760613
2022-06-29,next_day_large_move,event_days_only,next_large_move_direction,controls_plus_event_posts,random_forest,0,1,0.6033787940123677
2022-06-30,next_day_large_move,event_days_only,next_large_move_direction,controls_plus_event_posts,random_forest,1,1,0.6012978681733534
2022-07-06,next_day_large_move,event_days_only,next_large_move_direction,controls_plus_event_posts,random_forest,1,1,0.5060855608445443
2022-07-08,next_day_large_move,event_days_only,next_large_move_direction,controls_plus_event_posts,random_forest,0,0,0.49114428413118655
2022-07-14,next_day_large_move,event_days_only,next_large_move_direction,controls_plus_event_posts,random_forest,1,1,0.5265207658768565
2022-07-15,next_day_large_move,event_days_only,next_large_move_direction,controls_plus_event_posts,random_forest,0,1,0.5020296983267547
2022-07-18,next_day_large_move,event_days_only,next_large_move_direction,controls_plus_event_posts,random_forest,1,1,0.5596143959474733
2022-07-20,next_day_large_move,event_days_only,next_large_move_direction,controls_plus_event_posts,random_forest,1,1,0.5285890548342366
2022-07-21,next_day_large_move,event_days_only,next_large_move_direction,controls_plus_event_posts,random_forest,0,1,0.51794326285876
2022-07-25,next_day_large_move,event_days_only,next_large_move_direction,controls_plus_event_posts,random_forest,0,1,0.5004984862072663
2022-07-26,next_day_large_move,event_days_only,next_large_move_direction,controls_plus_event_posts,random_forest,1,0,0.4966160136081596
2022-07-27,next_day_large_move,event_days_only,next_large_move_direction,controls_plus_event_posts,random_forest,1,1,0.5808523111649125
2022-08-02,next_day_large_move,event_days_only,next_large_move_direction,controls_plus_event_posts,random_forest,1,1,0.6042588998562417
2022-08-09,next_day_large_move,event_days_only,next_large_move_direction,controls_plus_event_posts,random_forest,1,1,0.5480964627450305
2022-08-11,next_day_large_move,event_days_only,next_large_move_direction,controls_plus_event_posts,random_forest,1,1,0.5534931352186507
2022-08-18,next_day_large_move,event_days_only,next_large_move_direction,controls_plus_event_posts,random_forest,0,1,0.5174023725710567
2022-08-19,next_day_large_move,event_days_only,next_large_move_direction,controls_plus_event_posts,random_forest,0,0,0.49236684077472814
2022-08-24,next_day_large_move,event_days_only,next_large_move_direction,controls_plus_event_posts,random_forest,1,1,0.5115144048007347
2022-08-25,next_day_large_move,event_days_only,next_large_move_direction,controls_plus_event_posts,random_forest,0,1,0.563394582062351
2022-08-29,next_day_large_move,event_days_only,next_large_move_direction,controls_plus_event_posts,random_forest,0,1,0.5611228482119298
2022-09-06,next_day_large_move,event_days_only,next_large_move_direction,controls_plus_event_posts,random_forest,1,1,0.5242284463301335
2022-09-08,next_day_large_move,event_days_only,next_large_move_direction,controls_plus_event_posts,random_forest,1,1,0.5451395903334642
2022-09-09,next_day_large_move,event_days_only,next_large_move_direction,controls_plus_event_posts,random_forest,1,1,0.5091797049574436
2022-09-12,next_day_large_move,event_days_only,next_large_move_direction,controls_plus_event_posts,random_forest,0,1,0.5208311715180156
2022-09-14,next_day_large_move,event_days_only,next_large_move_direction,controls_plus_event_posts,random_forest,0,1,0.5299300351496479
2022-09-19,next_day_large_move,event_days_only,next_large_move_direction,controls_plus_event_posts,random_forest,0,1,0.5879601902381282
2022-09-20,next_day_large_move,event_days_only,next_large_move_direction,controls_plus_event_posts,random_forest,0,1,0.5016556142165662
2022-09-21,next_day_large_move,event_days_only,next_large_move_direction,controls_plus_event_posts,random_forest,0,0,0.48714503673369447
2022-09-22,next_day_large_move,event_days_only,next_large_move_direction,controls_plus_event_posts,random_forest,0,0,0.4976354164596436
2022-09-23,next_day_large_move,event_days_only,next_large_move_direction,controls_plus_event_posts,random_forest,0,0,0.48976829443683895
2022-09-27,next_day_large_move,event_days_only,next_large_move_direction,controls_plus_event_posts,random_forest,1,0,0.48361145574925857
2022-09-28,next_day_large_move,event_days_only,next_large_move_direction,controls_plus_event_posts,random_forest,0,1,0.5616716863103273
2022-09-29,next_day_large_move,event_days_only,next_large_move_direction,controls_plus_event_posts,random_forest,0,1,0.551623037735364
2022-09-30,next_day_large_move,event_days_only,next_large_move_direction,controls_plus_event_posts,random_forest,1,1,0.5264469992776729
2022-10-03,next_day_large_move,event_days_only,next_large_move_direction,controls_plus_event_posts,random_forest,1,1,0.5355963016249823
2022-10-05,next_day_large_move,event_days_only,next_large_move_direction,controls_plus_event_posts,random_forest,0,1,0.5034658795532888
2022-10-06,next_day_large_move,event_days_only,next_large_move_direction,controls_plus_event_posts,random_forest,0,0,0.48837569656904634
2022-10-12,next_day_large_move,event_days_only,next_large_move_direction,controls_plus_event_posts,random_forest,1,1,0.50021972131048
2022-10-13,next_day_large_move,event_days_only,next_large_move_direction,controls_plus_event_posts,random_forest,0,1,0.529923037329536
2022-10-14,next_day_large_move,event_days_only,next_large_move_direction,controls_plus_event_posts,random_forest,1,1,0.6121211158146667
2022-10-17,next_day_large_move,event_days_only,next_large_move_direction,controls_plus_event_posts,random_forest,1,1,0.554404827035273
2022-10-20,next_day_large_move,event_days_only,next_large_move_direction,controls_plus_event_posts,random_forest,1,1,0.577143593072304
2022-10-21,next_day_large_move,event_days_only,next_large_move_direction,controls_plus_event_posts,random_forest,1,0,0.48258154795482083
2022-10-24,next_day_large_move,event_days_only,next_large_move_direction,controls_plus_event_posts,random_forest,1,0,0.4907932966106385
2022-10-27,next_day_large_move,event_days_only,next_large_move_direction,controls_plus_event_posts,random_forest,1,1,0.5156892123002753
2022-11-01,next_day_large_move,event_days_only,next_large_move_direction,controls_plus_event_posts,random_forest,0,0,0.44864522781201055
2022-11-02,next_day_large_move,event_days_only,next_large_move_direction,controls_plus_event_posts,random_forest,0,1,0.5169229732044118
2022-11-03,next_day_large_move,event_days_only,next_large_move_direction,controls_plus_event_posts,random_forest,1,1,0.5885902107998181
2022-11-04,next_day_large_move,event_days_only,next_large_move_direction,controls_plus_event_posts,random_forest,1,1,0.5045822131292107
2022-11-08,next_day_large_move,event_days_only,next_large_move_direction,controls_plus_event_posts,random_forest,0,1,0.5409183944289319
2022-11-09,next_day_large_move,event_days_only,next_large_move_direction,controls_plus_event_posts,random_forest,1,1,0.5296643311350204
2022-11-10,next_day_large_move,event_days_only,next_large_move_direction,controls_plus_event_posts,random_forest,1,0,0.4064541589751505
2022-11-11,next_day_large_move,event_days_only,next_large_move_direction,controls_plus_event_posts,random_forest,0,0,0.4985050716555697
2022-11-14,next_day_large_move,event_days_only,next_large_move_direction,controls_plus_event_posts,random_forest,1,1,0.5429000161098634
2022-11-15,next_day_large_move,event_days_only,next_large_move_direction,controls_plus_event_posts,random_forest,0,0,0.49026842722094294
2022-11-29,next_day_large_move,event_days_only,next_large_move_direction,controls_plus_event_posts,random_forest,1,0,0.4274008305893046
2022-12-02,next_day_large_move,event_days_only,next_large_move_direction,controls_plus_event_posts,random_forest,0,1,0.5781051181886904
2022-12-05,next_day_large_move,event_days_only,next_large_move_direction,controls_plus_event_posts,random_forest,0,1,0.5261422444818892
2022-12-09,next_day_large_move,event_days_only,next_large_move_direction,controls_plus_event_posts,random_forest,1,0,0.4743807372452358
2022-12-14,next_day_large_move,event_days_only,next_large_move_direction,controls_plus_event_posts,random_forest,0,1,0.5173106534106313
2022-12-15,next_day_large_move,event_days_only,next_large_move_direction,controls_plus_event_posts,random_forest,0,1,0.5189074616374978
2022-12-16,next_day_large_move,event_days_only,next_large_move_direction,controls_plus_event_posts,random_forest,0,0,0.43222418169045945
2022-12-20,next_day_large_move,event_days_only,next_large_move_direction,controls_plus_event_posts,random_forest,1,0,0.46425566155390113
2022-12-21,next_day_large_move,event_days_only,next_large_move_direction,controls_plus_event_posts,random_forest,0,1,0.5465557633336826
2022-12-27,next_day_large_move,event_days_only,next_large_move_direction,controls_plus_event_posts,random_forest,0,0,0.4859420022566647
2022-12-28,next_day_large_move,event_days_only,next_large_move_direction,controls_plus_event_posts,random_forest,1,1,0.5738667252502185
2023-01-04,next_day_large_move,event_days_only,next_large_move_direction,controls_plus_event_posts,random_forest,0,1,0.64
2023-01-05,next_day_large_move,event_days_only,next_large_move_direction,controls_plus_event_posts,random_forest,1,1,0.51
2023-01-10,next_day_large_move,event_days_only,next_large_move_direction,controls_plus_event_posts,random_forest,1,0,0.43
2023-01-17,next_day_large_move,event_days_only,next_large_move_direction,controls_plus_event_posts,random_forest,0,1,0.625
2023-01-19,next_day_large_move,event_days_only,next_large_move_direction,controls_plus_event_posts,random_forest,1,1,0.51
2023-01-20,next_day_large_move,event_days_only,next_large_move_direction,controls_plus_event_posts,random_forest,1,1,0.605
2023-01-25,next_day_large_move,event_days_only,next_large_move_direction,controls_plus_event_posts,random_forest,1,1,0.59
2023-01-27,next_day_large_move,event_days_only,next_large_move_direction,controls_plus_event_posts,random_forest,0,0,0.38
2023-01-30,next_day_large_move,event_days_only,next_large_move_direction,controls_plus_event_posts,random_forest,1,0,0.465
2023-01-31,next_day_large_move,event_days_only,next_large_move_direction,controls_plus_event_posts,random_forest,1,1,0.645
2023-02-01,next_day_large_move,event_days_only,next_large_move_direction,controls_plus_event_posts,random_forest,1,1,0.525
2023-02-02,next_day_large_move,event_days_only,next_large_move_direction,controls_plus_event_posts,random_forest,0,1,0.525
2023-02-06,next_day_large_move,event_days_only,next_large_move_direction,controls_plus_event_posts,random_forest,1,1,0.695
2023-02-07,next_day_large_move,event_days_only,next_large_move_direction,controls_plus_event_posts,random_forest,0,1,0.54
2023-02-08,next_day_large_move,event_days_only,next_large_move_direction,controls_plus_event_posts,random_forest,0,1,0.585
2023-02-10,next_day_large_move,event_days_only,next_large_move_direction,controls_plus_event_posts,random_forest,1,1,0.54
2023-02-15,next_day_large_move,event_days_only,next_large_move_direction,controls_plus_event_posts,random_forest,0,1,0.63
2023-02-17,next_day_large_move,event_days_only,next_large_move_direction,controls_plus_event_posts,random_forest,0,1,0.555
2023-02-23,next_day_large_move,event_days_only,next_large_move_direction,controls_plus_event_posts,random_forest,0,1,0.51
2023-03-02,next_day_large_move,event_days_only,next_large_move_direction,controls_plus_event_posts,random_forest,1,1,0.54
2023-03-06,next_day_large_move,event_days_only,next_large_move_direction,controls_plus_event_posts,random_forest,0,1,0.74
2023-03-08,next_day_large_move,event_days_only,next_large_move_direction,controls_plus_event_posts,random_forest,0,1,0.705
2023-03-09,next_day_large_move,event_days_only,next_large_move_direction,controls_plus_event_posts,random_forest,0,0,0.275
2023-03-13,next_day_large_move,event_days_only,next_large_move_direction,controls_plus_event_posts,random_forest,1,1,0.645
2023-03-15,next_day_large_move,event_days_only,next_large_move_direction,controls_plus_event_posts,random_forest,1,0,0.485
2023-03-16,next_day_large_move,event_days_only,next_large_move_direction,controls_plus_event_posts,random_forest,0,0,0.485
2023-03-17,next_day_large_move,event_days_only,next_large_move_direction,controls_plus_event_posts,random_forest,1,1,0.6
2023-03-20,next_day_large_move,event_days_only,next_large_move_direction,controls_plus_event_posts,random_forest,1,1,0.575
2023-03-21,next_day_large_move,event_days_only,next_large_move_direction,controls_plus_event_posts,random_forest,0,1,0.55
2023-03-28,next_day_large_move,event_days_only,next_large_move_direction,controls_plus_event_posts,random_forest,1,1,0.605
2023-03-30,next_day_large_move,event_days_only,next_large_move_direction,controls_plus_event_posts,random_forest,1,1,0.615
2023-04-12,next_day_large_move,event_days_only,next_large_move_direction,controls_plus_event_posts,random_forest,1,0,0.5
2023-04-24,next_day_large_move,event_days_only,next_large_move_direction,controls_plus_event_posts,random_forest,0,1,0.63
2023-04-26,next_day_large_move,event_days_only,next_large_move_direction,controls_plus_event_posts,random_forest,1,1,0.68
2023-04-27,next_day_large_move,event_days_only,next_large_move_direction,controls_plus_event_posts,random_forest,1,0,0.405
2023-05-04,next_day_large_move,event_days_only,next_large_move_direction,controls_plus_event_posts,random_forest,1,1,0.51
2023-05-16,next_day_large_move,event_days_only,next_large_move_direction,controls_plus_event_posts,random_forest,1,1,0.63
2023-05-17,next_day_large_move,event_days_only,next_large_move_direction,controls_plus_event_posts,random_forest,1,0,0.41
2023-05-22,next_day_large_move,event_days_only,next_large_move_direction,controls_plus_event_posts,random_forest,0,0,0.355
2023-05-24,next_day_large_move,event_days_only,next_large_move_direction,controls_plus_event_posts,random_forest,1,1,0.535
2023-05-25,next_day_large_move,event_days_only,next_large_move_direction,controls_plus_event_posts,random_forest,1,0,0.45
2023-05-31,next_day_large_move,event_days_only,next_large_move_direction,controls_plus_event_posts,random_forest,1,0,0.345
2023-06-01,next_day_large_move,event_days_only,next_large_move_direction,controls_plus_event_posts,random_forest,1,0,0.36
2023-06-09,next_day_large_move,event_days_only,next_large_move_direction,controls_plus_event_posts,random_forest,1,0,0.485
2023-06-14,next_day_large_move,event_days_only,next_large_move_direction,controls_plus_event_posts,random_forest,1,1,0.665
2023-06-26,next_day_large_move,event_days_only,next_large_move_direction,controls_plus_event_posts,random_forest,1,1,0.595
2023-06-29,next_day_large_move,event_days_only,next_large_move_direction,controls_plus_event_posts,random_forest,1,1,0.505
2023-07-12,next_day_large_move,event_days_only,next_large_move_direction,controls_plus_event_posts,random_forest,1,1,0.78
2023-07-27,next_day_large_move,event_days_only,next_large_move_direction,controls_plus_event_posts,random_forest,1,1,0.595
2023-08-01,next_day_large_move,event_days_only,next_large_move_direction,controls_plus_event_posts,random_forest,0,0,0.45
2023-08-04,next_day_large_move,event_days_only,next_large_move_direction,controls_plus_event_posts,random_forest,1,1,0.535
2023-08-14,next_day_large_move,event_days_only,next_large_move_direction,controls_plus_event_posts,random_forest,0,1,0.675
2023-08-22,next_day_large_move,event_days_only,next_large_move_direction,controls_plus_event_posts,random_forest,1,1,0.585
2023-08-23,next_day_large_move,event_days_only,next_large_move_direction,controls_plus_event_posts,random_forest,0,0,0.43
2023-08-28,next_day_large_move,event_days_only,next_large_move_direction,controls_plus_event_posts,random_forest,1,1,0.735
2023-09-13,next_day_large_move,event_days_only,next_large_move_direction,controls_plus_event_posts,random_forest,1,0,0.475
2023-09-14,next_day_large_move,event_days_only,next_large_move_direction,controls_plus_event_posts,random_forest,0,0,0.39
2023-09-19,next_day_large_move,event_days_only,next_large_move_direction,controls_plus_event_posts,random_forest,0,1,0.55
2023-09-20,next_day_large_move,event_days_only,next_large_move_direction,controls_plus_event_posts,random_forest,0,0,0.485
2023-09-25,next_day_large_move,event_days_only,next_large_move_direction,controls_plus_event_posts,random_forest,0,1,0.675
2023-10-02,next_day_large_move,event_days_only,next_large_move_direction,controls_plus_event_posts,random_forest,0,1,0.545
2023-10-05,next_day_large_move,event_days_only,next_large_move_direction,controls_plus_event_posts,random_forest,1,1,0.56
2023-10-13,next_day_large_move,event_days_only,next_large_move_direction,controls_plus_event_posts,random_forest,1,0,0.495
2023-10-17,next_day_large_move,event_days_only,next_large_move_direction,controls_plus_event_posts,random_forest,0,0,0.47
2023-10-18,next_day_large_move,event_days_only,next_large_move_direction,controls_plus_event_posts,random_forest,0,0,0.475
2023-10-19,next_day_large_move,event_days_only,next_large_move_direction,controls_plus_event_posts,random_forest,0,1,0.545
2023-10-24,next_day_large_move,event_days_only,next_large_move_direction,controls_plus_event_posts,random_forest,0,1,0.655
2023-10-25,next_day_large_move,event_days_only,next_large_move_direction,controls_plus_event_posts,random_forest,0,0,0.39
2023-10-27,next_day_large_move,event_days_only,next_large_move_direction,controls_plus_event_posts,random_forest,1,1,0.59
2023-10-31,next_day_large_move,event_days_only,next_large_move_direction,controls_plus_event_posts,random_forest,1,1,0.56
2023-11-01,next_day_large_move,event_days_only,next_large_move_direction,controls_plus_event_posts,random_forest,1,0,0.435
2023-11-02,next_day_large_move,event_days_only,next_large_move_direction,controls_plus_event_posts,random_forest,1,1,0.555
2023-11-09,next_day_large_move,event_days_only,next_large_move_direction,controls_plus_event_posts,random_forest,1,1,0.52
2023-11-13,next_day_large_move,event_days_only,next_large_move_direction,controls_plus_event_posts,random_forest,1,1,0.775
2023-12-12,next_day_large_move,event_days_only,next_large_move_direction,controls_plus_event_posts,random_forest,1,1,0.605
2023-12-19,next_day_large_move,event_days_only,next_large_move_direction,controls_plus_event_posts,random_forest,0,0,0.5
2023-12-20,next_day_large_move,event_days_only,next_large_move_direction,controls_plus_event_posts,random_forest,1,0,0.5
2024-01-05,next_day_large_move,event_days_only,next_large_move_direction,controls_plus_event_posts,random_forest,1,1,0.6088197041901898
2024-01-17,next_day_large_move,event_days_only,next_large_move_direction,controls_plus_event_posts,random_forest,1,1,0.6053160258529151
2024-01-18,next_day_large_move,event_days_only,next_large_move_direction,controls_plus_event_posts,random_forest,1,1,0.5643987252902505
2024-01-30,next_day_large_move,event_days_only,next_large_move_direction,controls_plus_event_posts,random_forest,0,0,0.4188488241153668
2024-01-31,next_day_large_move,event_days_only,next_large_move_direction,controls_plus_event_posts,random_forest,1,0,0.494203385536175
2024-02-06,next_day_large_move,event_days_only,next_large_move_direction,controls_plus_event_posts,random_forest,1,1,0.5827630196521499
2024-02-12,next_day_large_move,event_days_only,next_large_move_direction,controls_plus_event_posts,random_forest,0,1,0.6708228034310352
2024-02-13,next_day_large_move,event_days_only,next_large_move_direction,controls_plus_event_posts,random_forest,1,1,0.5087710267980114
2024-02-21,next_day_large_move,event_days_only,next_large_move_direction,controls_plus_event_posts,random_forest,1,1,0.5757218547374187
2024-03-04,next_day_large_move,event_days_only,next_large_move_direction,controls_plus_event_posts,random_forest,0,1,0.5368679925417833
2024-03-06,next_day_large_move,event_days_only,next_large_move_direction,controls_plus_event_posts,random_forest,1,0,0.49876296605098314
2024-03-11,next_day_large_move,event_days_only,next_large_move_direction,controls_plus_event_posts,random_forest,1,0,0.39636752231335926
2024-03-19,next_day_large_move,event_days_only,next_large_move_direction,controls_plus_event_posts,random_forest,1,0,0.4609539308708137
2024-03-26,next_day_large_move,event_days_only,next_large_move_direction,controls_plus_event_posts,random_forest,1,0,0.4661778810059562
2024-04-03,next_day_large_move,event_days_only,next_large_move_direction,controls_plus_event_posts,random_forest,0,1,0.5154387602824082
2024-04-04,next_day_large_move,event_days_only,next_large_move_direction,controls_plus_event_posts,random_forest,1,1,0.5548428808324042
2024-04-09,next_day_large_move,event_days_only,next_large_move_direction,controls_plus_event_posts,random_forest,0,0,0.3904890488609738
2024-04-11,next_day_large_move,event_days_only,next_large_move_direction,controls_plus_event_posts,random_forest,0,1,0.5377222381075695
2024-04-12,next_day_large_move,event_days_only,next_large_move_direction,controls_plus_event_posts,random_forest,0,0,0.44208338565063926
2024-04-18,next_day_large_move,event_days_only,next_large_move_direction,controls_plus_event_posts,random_forest,0,1,0.6730501811661246
2024-04-19,next_day_large_move,event_days_only,next_large_move_direction,controls_plus_event_posts,random_forest,1,1,0.6365723820515672
2024-04-22,next_day_large_move,event_days_only,next_large_move_direction,controls_plus_event_posts,random_forest,1,1,0.5840889739956533
2024-04-25,next_day_large_move,event_days_only,next_large_move_direction,controls_plus_event_posts,random_forest,1,0,0.46125912539627456
2024-04-29,next_day_large_move,event_days_only,next_large_move_direction,controls_plus_event_posts,random_forest,0,1,0.5379974602557391
2024-05-01,next_day_large_move,event_days_only,next_large_move_direction,controls_plus_event_posts,random_forest,1,1,0.5714582132266733
2024-05-02,next_day_large_move,event_days_only,next_large_move_direction,controls_plus_event_posts,random_forest,1,1,0.5320377528834971
2024-05-03,next_day_large_move,event_days_only,next_large_move_direction,controls_plus_event_posts,random_forest,1,0,0.44857388654542646
2024-05-14,next_day_large_move,event_days_only,next_large_move_direction,controls_plus_event_posts,random_forest,1,1,0.6092151776847787
2024-06-04,next_day_large_move,event_days_only,next_large_move_direction,controls_plus_event_posts,random_forest,1,0,0.466703312165293
2024-06-11,next_day_large_move,event_days_only,next_large_move_direction,controls_plus_event_posts,random_forest,1,1,0.5249151693676694
2024-07-09,next_day_large_move,event_days_only,next_large_move_direction,controls_plus_event_posts,random_forest,1,1,0.5604104016169701
2024-07-10,next_day_large_move,event_days_only,next_large_move_direction,controls_plus_event_posts,random_forest,0,1,0.6405201635423222
2024-07-16,next_day_large_move,event_days_only,next_large_move_direction,controls_plus_event_posts,random_forest,0,1,0.5816403653567125
2024-07-19,next_day_large_move,event_days_only,next_large_move_direction,controls_plus_event_posts,random_forest,1,1,0.548299942875911
2024-07-23,next_day_large_move,event_days_only,next_large_move_direction,controls_plus_event_posts,random_forest,0,0,0.49485609724410595
2024-07-25,next_day_large_move,event_days_only,next_large_move_direction,controls_plus_event_posts,random_forest,1,0,0.44397133964607965
2024-07-30,next_day_large_move,event_days_only,next_large_move_direction,controls_plus_event_posts,random_forest,1,1,0.6620091394060428
2024-07-31,next_day_large_move,event_days_only,next_large_move_direction,controls_plus_event_posts,random_forest,0,0,0.48263577659081464
2024-08-01,next_day_large_move,event_days_only,next_large_move_direction,controls_plus_event_posts,random_forest,0,0,0.43298005212305696
2024-08-02,next_day_large_move,event_days_only,next_large_move_direction,controls_plus_event_posts,random_forest,0,0,0.45267324516275154
2024-08-05,next_day_large_move,event_days_only,next_large_move_direction,controls_plus_event_posts,random_forest,1,0,0.40227625973397174
2024-08-07,next_day_large_move,event_days_only,next_large_move_direction,controls_plus_event_posts,random_forest,1,1,0.6225902244053079
2024-08-12,next_day_large_move,event_days_only,next_large_move_direction,controls_plus_event_posts,random_forest,1,0,0.49000054460180187
2024-08-14,next_day_large_move,event_days_only,next_large_move_direction,controls_plus_event_posts,random_forest,1,1,0.5313965965934992
2024-08-16,next_day_large_move,event_days_only,next_large_move_direction,controls_plus_event_posts,random_forest,1,1,0.5434337821602928
2024-08-21,next_day_large_move,event_days_only,next_large_move_direction,controls_plus_event_posts,random_forest,0,1,0.5484084341473595
2024-08-22,next_day_large_move,event_days_only,next_large_move_direction,controls_plus_event_posts,random_forest,1,0,0.47970258003988187
2024-08-29,next_day_large_move,event_days_only,next_large_move_direction,controls_plus_event_posts,random_forest,1,1,0.5498689520415606
2024-08-30,next_day_large_move,event_days_only,next_large_move_direction,controls_plus_event_posts,random_forest,0,1,0.5627547302128242
2024-09-05,next_day_large_move,event_days_only,next_large_move_direction,controls_plus_event_posts,random_forest,0,1,0.5121401495671138
2024-09-06,next_day_large_move,event_days_only,next_large_move_direction,controls_plus_event_posts,random_forest,1,0,0.45865605511640334
2024-09-10,next_day_large_move,event_days_only,next_large_move_direction,controls_plus_event_posts,random_forest,1,1,0.5406032218359375
2024-09-18,next_day_large_move,event_days_only,next_large_move_direction,controls_plus_event_posts,random_forest,1,1,0.5724514554649908
2024-09-30,next_day_large_move,event_days_only,next_large_move_direction,controls_plus_event_posts,random_forest,0,1,0.5985241615403152
2024-10-03,next_day_large_move,event_days_only,next_large_move_direction,controls_plus_event_posts,random_forest,1,1,0.5094814035884028
2024-10-04,next_day_large_move,event_days_only,next_large_move_direction,controls_plus_event_posts,random_forest,0,0,0.4392360601057353
2024-10-07,next_day_large_move,event_days_only,next_large_move_direction,controls_plus_event_posts,random_forest,1,1,0.6775821711051971
2024-10-22,next_day_large_move,event_days_only,next_large_move_direction,controls_plus_event_posts,random_forest,0,0,0.43853349708811806
2024-10-30,next_day_large_move,event_days_only,next_large_move_direction,controls_plus_event_posts,random_forest,0,0,0.461244588966369
2024-11-04,next_day_large_move,event_days_only,next_large_move_direction,controls_plus_event_posts,random_forest,1,1,0.5528826933718984
2024-11-05,next_day_large_move,event_days_only,next_large_move_direction,controls_plus_event_posts,random_forest,1,1,0.5640870065428323
2024-11-14,next_day_large_move,event_days_only,next_large_move_direction,controls_plus_event_posts,random_forest,0,1,0.5701233843293227
2024-12-10,next_day_large_move,event_days_only,next_large_move_direction,controls_plus_event_posts,random_forest,1,0,0.4688514887854954
2024-12-17,next_day_large_move,event_days_only,next_large_move_direction,controls_plus_event_posts,random_forest,0,1,0.5086095370503098
2024-12-19,next_day_large_move,event_days_only,next_large_move_direction,controls_plus_event_posts,random_forest,1,0,0.4393620069506357
2024-12-23,next_day_large_move,event_days_only,next_large_move_direction,controls_plus_event_posts,random_forest,1,1,0.6731460638582017
2024-12-26,next_day_large_move,event_days_only,next_large_move_direction,controls_plus_event_posts,random_forest,0,1,0.559993975899907
2024-12-27,next_day_large_move,event_days_only,next_large_move_direction,controls_plus_event_posts,random_forest,0,1,0.5240916871079773
2025-01-02,next_day_large_move,event_days_only,next_large_move_direction,controls_plus_event_posts,random_forest,1,1,0.5375067492503498
2025-01-06,next_day_large_move,event_days_only,next_large_move_direction,controls_plus_event_posts,random_forest,0,1,0.5771675515127995
2025-01-08,next_day_large_move,event_days_only,next_large_move_direction,controls_plus_event_posts,random_forest,0,0,0.4722781212029908
2025-01-14,next_day_large_move,event_days_only,next_large_move_direction,controls_plus_event_posts,random_forest,1,1,0.5604472379897236
2025-01-16,next_day_large_move,event_days_only,next_large_move_direction,controls_plus_event_posts,random_forest,1,1,0.5505147042379377
2025-01-17,next_day_large_move,event_days_only,next_large_move_direction,controls_plus_event_posts,random_forest,1,1,0.5123170804140382
2025-01-24,next_day_large_move,event_days_only,next_large_move_direction,controls_plus_event_posts,random_forest,0,0,0.41908740347123746
2025-01-27,next_day_large_move,event_days_only,next_large_move_direction,controls_plus_event_posts,random_forest,1,0,0.4386070735040279
2025-02-06,next_day_large_move,event_days_only,next_large_move_direction,controls_plus_event_posts,random_forest,0,1,0.5175603885776723
2025-02-12,next_day_large_move,event_days_only,next_large_move_direction,controls_plus_event_posts,random_forest,1,1,0.5460373956832868
2025-02-20,next_day_large_move,event_days_only,next_large_move_direction,controls_plus_event_posts,random_forest,0,0,0.4465981073348976
2025-02-26,next_day_large_move,event_days_only,next_large_move_direction,controls_plus_event_posts,random_forest,0,1,0.5276763913298808
2025-02-27,next_day_large_move,event_days_only,next_large_move_direction,controls_plus_event_posts,random_forest,1,0,0.4949646200911549
2025-02-28,next_day_large_move,event_days_only,next_large_move_direction,controls_plus_event_posts,random_forest,0,1,0.5733435430902015
2025-03-03,next_day_large_move,event_days_only,next_large_move_direction,controls_plus_event_posts,random_forest,0,1,0.5253527919073955
2025-03-04,next_day_large_move,event_days_only,next_large_move_direction,controls_plus_event_posts,random_forest,1,1,0.5691176479309247
2025-03-05,next_day_large_move,event_days_only,next_large_move_direction,controls_plus_event_posts,random_forest,0,1,0.5752089252072176
2025-03-07,next_day_large_move,event_days_only,next_large_move_direction,controls_plus_event_posts,random_forest,0,1,0.5449193121812158
2025-03-12,next_day_large_move,event_days_only,next_large_move_direction,controls_plus_event_posts,random_forest,0,1,0.5463725965796471
2025-03-13,next_day_large_move,event_days_only,next_large_move_direction,controls_plus_event_posts,random_forest,1,0,0.4955089330247521
2025-03-17,next_day_large_move,event_days_only,next_large_move_direction,controls_plus_event_posts,random_forest,0,1,0.5766832253268591
2025-03-18,next_day_large_move,event_days_only,next_large_move_direction,controls_plus_event_posts,random_forest,1,0,0.4985993658441496
2025-03-21,next_day_large_move,event_days_only,next_large_move_direction,controls_plus_event_posts,random_forest,1,1,0.5332513310528207
2025-03-25,next_day_large_move,event_days_only,next_large_move_direction,controls_plus_event_posts,random_forest,0,0,0.448640141557029
2025-03-27,next_day_large_move,event_days_only,next_large_move_direction,controls_plus_event_posts,random_forest,0,1,0.5345765191517197
2025-04-02,next_day_large_move,event_days_only,next_large_move_direction,controls_plus_event_posts,random_forest,0,1,0.5217779583914414
2025-04-03,next_day_large_move,event_days_only,next_large_move_direction,controls_plus_event_posts,random_forest,0,0,0.4955660162259273
2025-04-07,next_day_large_move,event_days_only,next_large_move_direction,controls_plus_event_posts,random_forest,0,1,0.5462818860684489
2025-04-08,next_day_large_move,event_days_only,next_large_move_direction,controls_plus_event_posts,random_forest,1,1,0.5459937718987092
2025-04-09,next_day_large_move,event_days_only,next_large_move_direction,controls_plus_event_posts,random_forest,0,0,0.45006360720195365
2025-04-10,next_day_large_move,event_days_only,next_large_move_direction,controls_plus_event_posts,random_forest,1,1,0.5270714848987968
2025-04-15,next_day_large_move,event_days_only,next_large_move_direction,controls_plus_event_posts,random_forest,0,1,0.5198803785122065
2025-04-17,next_day_large_move,event_days_only,next_large_move_direction,controls_plus_event_posts,random_forest,0,1,0.5125957101223145
2025-04-21,next_day_large_move,event_days_only,next_large_move_direction,controls_plus_event_posts,random_forest,1,1,0.5270032704530088
2025-04-22,next_day_large_move,event_days_only,next_large_move_direction,controls_plus_event_posts,random_forest,1,1,0.5330649098268134
2025-04-23,next_day_large_move,event_days_only,next_large_move_direction,controls_plus_event_posts,random_forest,1,1,0.5486364252427678
2025-05-01,next_day_large_move,event_days_only,next_large_move_direction,controls_plus_event_posts,random_forest,1,0,0.4788678215300377
2025-05-09,next_day_large_move,event_days_only,next_large_move_direction,controls_plus_event_posts,random_forest,1,1,0.5294877748910798
2025-05-20,next_day_large_move,event_days_only,next_large_move_direction,controls_plus_event_posts,random_forest,0,1,0.5063250677847317
2025-05-23,next_day_large_move,event_days_only,next_large_move_direction,controls_plus_event_posts,random_forest,1,1,0.5587952768973597
2025-06-05,next_day_large_move,event_days_only,next_large_move_direction,controls_plus_event_posts,random_forest,1,0,0.4827527892128798
2025-06-12,next_day_large_move,event_days_only,next_large_move_direction,controls_plus_event_posts,random_forest,0,1,0.5356353949359866
2025-06-13,next_day_large_move,event_days_only,next_large_move_direction,controls_plus_event_posts,random_forest,1,1,0.5836535344010152
2025-06-16,next_day_large_move,event_days_only,next_large_move_direction,controls_plus_event_posts,random_forest,0,1,0.548975431406308
2025-06-20,next_day_large_move,event_days_only,next_large_move_direction,controls_plus_event_posts,random_forest,1,1,0.5014241768085462
2025-06-23,next_day_large_move,event_days_only,next_large_move_direction,controls_plus_event_posts,random_forest,1,1,0.5103340845803243
2025-07-02,next_day_large_move,event_days_only,next_large_move_direction,controls_plus_event_posts,random_forest,1,0,0.4564888374886328
2025-07-31,next_day_large_move,event_days_only,next_large_move_direction,controls_plus_event_posts,random_forest,0,0,0.468147266395768
2025-08-01,next_day_large_move,event_days_only,next_large_move_direction,controls_plus_event_posts,random_forest,1,0,0.48352047530568
2025-08-11,next_day_large_move,event_days_only,next_large_move_direction,controls_plus_event_posts,random_forest,1,0,0.47777638575232123
2025-08-21,next_day_large_move,event_days_only,next_large_move_direction,controls_plus_event_posts,random_forest,1,1,0.511432326012483
2025-09-03,next_day_large_move,event_days_only,next_large_move_direction,controls_plus_event_posts,random_forest,1,0,0.49036954423611084
2025-09-10,next_day_large_move,event_days_only,next_large_move_direction,controls_plus_event_posts,random_forest,1,1,0.5710607569473303
2025-10-09,next_day_large_move,event_days_only,next_large_move_direction,controls_plus_event_posts,random_forest,0,0,0.43907768845283895
2025-10-10,next_day_large_move,event_days_only,next_large_move_direction,controls_plus_event_posts,random_forest,1,0,0.49532170974971024
2025-10-17,next_day_large_move,event_days_only,next_large_move_direction,controls_plus_event_posts,random_forest,1,1,0.5657102090916168
2025-10-24,next_day_large_move,event_days_only,next_large_move_direction,controls_plus_event_posts,random_forest,1,1,0.5436492414637254
2025-10-29,next_day_large_move,event_days_only,next_large_move_direction,controls_plus_event_posts,random_forest,0,0,0.47168776954493025
2025-11-03,next_day_large_move,event_days_only,next_large_move_direction,controls_plus_event_posts,random_forest,0,0,0.4693237935541142
2025-11-05,next_day_large_move,event_days_only,next_large_move_direction,controls_plus_event_posts,random_forest,0,1,0.5275350581786666
2025-11-07,next_day_large_move,event_days_only,next_large_move_direction,controls_plus_event_posts,random_forest,1,1,0.5100965541806526
2025-11-12,next_day_large_move,event_days_only,next_large_move_direction,controls_plus_event_posts,random_forest,0,1,0.5688559380950492
2025-11-14,next_day_large_move,event_days_only,next_large_move_direction,controls_plus_event_posts,random_forest,0,1,0.5754919779463471
2025-11-17,next_day_large_move,event_days_only,next_large_move_direction,controls_plus_event_posts,random_forest,0,1,0.567091579202397
2025-11-19,next_day_large_move,event_days_only,next_large_move_direction,controls_plus_event_posts,random_forest,0,1,0.5168154330412198
2025-11-20,next_day_large_move,event_days_only,next_large_move_direction,controls_plus_event_posts,random_forest,1,1,0.5279086401901297
2025-11-21,next_day_large_move,event_days_only,next_large_move_direction,controls_plus_event_posts,random_forest,1,1,0.5255054961014006
2025-11-24,next_day_large_move,event_days_only,next_large_move_direction,controls_plus_event_posts,random_forest,1,1,0.5196280472869479
2025-12-11,next_day_large_move,event_days_only,next_large_move_direction,controls_plus_event_posts,random_forest,0,1,0.5419590837036757
2025-12-16,next_day_large_move,event_days_only,next_large_move_direction,controls_plus_event_posts,random_forest,0,1,0.5131161305957758
2025-12-18,next_day_large_move,event_days_only,next_large_move_direction,controls_plus_event_posts,random_forest,1,1,0.5556722178889717
2022-02-14,next_day_large_move,event_days_only,next_large_move_direction,controls_plus_event_posts,gradient_boosting,1,0,0.47757343800328134
2022-04-28,next_day_large_move,event_days_only,next_large_move_direction,controls_plus_event_posts,gradient_boosting,0,0,0.2878870604532461
2022-05-10,next_day_large_move,event_days_only,next_large_move_direction,controls_plus_event_posts,gradient_boosting,0,1,0.8962624550734744
2022-05-12,next_day_large_move,event_days_only,next_large_move_direction,controls_plus_event_posts,gradient_boosting,1,1,0.8588314141487371
2022-05-16,next_day_large_move,event_days_only,next_large_move_direction,controls_plus_event_posts,gradient_boosting,1,1,0.709149059182362
2022-05-17,next_day_large_move,event_days_only,next_large_move_direction,controls_plus_event_posts,gradient_boosting,0,1,0.670169735584137
2022-05-20,next_day_large_move,event_days_only,next_large_move_direction,controls_plus_event_posts,gradient_boosting,1,1,0.8009348168338478
2022-05-23,next_day_large_move,event_days_only,next_large_move_direction,controls_plus_event_posts,gradient_boosting,0,1,0.5504370520908225
2022-05-24,next_day_large_move,event_days_only,next_large_move_direction,controls_plus_event_posts,gradient_boosting,1,1,0.8537180278926964
2022-05-25,next_day_large_move,event_days_only,next_large_move_direction,controls_plus_event_posts,gradient_boosting,1,1,0.6937829904348416
2022-05-26,next_day_large_move,event_days_only,next_large_move_direction,controls_plus_event_posts,gradient_boosting,1,0,0.1801126871744692
2022-06-01,next_day_large_move,event_days_only,next_large_move_direction,controls_plus_event_posts,gradient_boosting,1,1,0.5380447237129228
2022-06-02,next_day_large_move,event_days_only,next_large_move_direction,controls_plus_event_posts,gradient_boosting,0,0,0.44948462665117245
2022-06-06,next_day_large_move,event_days_only,next_large_move_direction,controls_plus_event_posts,gradient_boosting,1,0,0.41311519479612896
2022-06-07,next_day_large_move,event_days_only,next_large_move_direction,controls_plus_event_posts,gradient_boosting,0,0,0.32523549300607174
2022-06-08,next_day_large_move,event_days_only,next_large_move_direction,controls_plus_event_posts,gradient_boosting,0,1,0.5319753935995448
2022-06-09,next_day_large_move,event_days_only,next_large_move_direction,controls_plus_event_posts,gradient_boosting,0,0,0.26540396919115883
2022-06-10,next_day_large_move,event_days_only,next_large_move_direction,controls_plus_event_posts,gradient_boosting,0,1,0.8318538135227294
2022-06-14,next_day_large_move,event_days_only,next_large_move_direction,controls_plus_event_posts,gradient_boosting,1,1,0.847633550313884
2022-06-15,next_day_large_move,event_days_only,next_large_move_direction,controls_plus_event_posts,gradient_boosting,0,1,0.722543357929256
2022-06-17,next_day_large_move,event_days_only,next_large_move_direction,controls_plus_event_posts,gradient_boosting,1,1,0.6443923377438849
2022-06-22,next_day_large_move,event_days_only,next_large_move_direction,controls_plus_event_posts,gradient_boosting,1,1,0.6255450512420314
2022-06-23,next_day_large_move,event_days_only,next_large_move_direction,controls_plus_event_posts,gradient_boosting,1,1,0.6137700361779437
2022-06-29,next_day_large_move,event_days_only,next_large_move_direction,controls_plus_event_posts,gradient_boosting,0,1,0.6965462355442237
2022-06-30,next_day_large_move,event_days_only,next_large_move_direction,controls_plus_event_posts,gradient_boosting,1,1,0.625233902619372
2022-07-06,next_day_large_move,event_days_only,next_large_move_direction,controls_plus_event_posts,gradient_boosting,1,1,0.5363996509795906
2022-07-08,next_day_large_move,event_days_only,next_large_move_direction,controls_plus_event_posts,gradient_boosting,0,0,0.3711334967198909
2022-07-14,next_day_large_move,event_days_only,next_large_move_direction,controls_plus_event_posts,gradient_boosting,1,0,0.3314358100287549
2022-07-15,next_day_large_move,event_days_only,next_large_move_direction,controls_plus_event_posts,gradient_boosting,0,1,0.7391043038885462
2022-07-18,next_day_large_move,event_days_only,next_large_move_direction,controls_plus_event_posts,gradient_boosting,1,1,0.725965810272651
2022-07-20,next_day_large_move,event_days_only,next_large_move_direction,controls_plus_event_posts,gradient_boosting,1,0,0.4653800377520484
2022-07-21,next_day_large_move,event_days_only,next_large_move_direction,controls_plus_event_posts,gradient_boosting,0,0,0.3329872244105573
2022-07-25,next_day_large_move,event_days_only,next_large_move_direction,controls_plus_event_posts,gradient_boosting,0,1,0.5081293472796474
2022-07-26,next_day_large_move,event_days_only,next_large_move_direction,controls_plus_event_posts,gradient_boosting,1,1,0.5716627493242707
2022-07-27,next_day_large_move,event_days_only,next_large_move_direction,controls_plus_event_posts,gradient_boosting,1,1,0.8443781138941135
2022-08-02,next_day_large_move,event_days_only,next_large_move_direction,controls_plus_event_posts,gradient_boosting,1,1,0.7710866082765363
2022-08-09,next_day_large_move,event_days_only,next_large_move_direction,controls_plus_event_posts,gradient_boosting,1,1,0.7618923970043129
2022-08-11,next_day_large_move,event_days_only,next_large_move_direction,controls_plus_event_posts,gradient_boosting,1,1,0.8574520748737543
2022-08-18,next_day_large_move,event_days_only,next_large_move_direction,controls_plus_event_posts,gradient_boosting,0,1,0.7928407495290049
2022-08-19,next_day_large_move,event_days_only,next_large_move_direction,controls_plus_event_posts,gradient_boosting,0,1,0.6830590810982567
2022-08-24,next_day_large_move,event_days_only,next_large_move_direction,controls_plus_event_posts,gradient_boosting,1,1,0.7462180584581416
2022-08-25,next_day_large_move,event_days_only,next_large_move_direction,controls_plus_event_posts,gradient_boosting,0,1,0.5480465304119495
2022-08-29,next_day_large_move,event_days_only,next_large_move_direction,controls_plus_event_posts,gradient_boosting,0,1,0.6029186816940247
2022-09-06,next_day_large_move,event_days_only,next_large_move_direction,controls_plus_event_posts,gradient_boosting,1,1,0.6582777671805932
2022-09-08,next_day_large_move,event_days_only,next_large_move_direction,controls_plus_event_posts,gradient_boosting,1,1,0.5445698737237281
2022-09-09,next_day_large_move,event_days_only,next_large_move_direction,controls_plus_event_posts,gradient_boosting,1,1,0.619614808893712
2022-09-12,next_day_large_move,event_days_only,next_large_move_direction,controls_plus_event_posts,gradient_boosting,0,1,0.5088781613230049
2022-09-14,next_day_large_move,event_days_only,next_large_move_direction,controls_plus_event_posts,gradient_boosting,0,1,0.652865938958229
2022-09-19,next_day_large_move,event_days_only,next_large_move_direction,controls_plus_event_posts,gradient_boosting,0,1,0.566569259097188
2022-09-20,next_day_large_move,event_days_only,next_large_move_direction,controls_plus_event_posts,gradient_boosting,0,0,0.4545974368327213
2022-09-21,next_day_large_move,event_days_only,next_large_move_direction,controls_plus_event_posts,gradient_boosting,0,1,0.554012303788724
2022-09-22,next_day_large_move,event_days_only,next_large_move_direction,controls_plus_event_posts,gradient_boosting,0,0,0.489079243667033
2022-09-23,next_day_large_move,event_days_only,next_large_move_direction,controls_plus_event_posts,gradient_boosting,0,0,0.4643377781326376
2022-09-27,next_day_large_move,event_days_only,next_large_move_direction,controls_plus_event_posts,gradient_boosting,1,1,0.5458883974487333
2022-09-28,next_day_large_move,event_days_only,next_large_move_direction,controls_plus_event_posts,gradient_boosting,0,1,0.6480779263574585
2022-09-29,next_day_large_move,event_days_only,next_large_move_direction,controls_plus_event_posts,gradient_boosting,0,1,0.521356030769083
2022-09-30,next_day_large_move,event_days_only,next_large_move_direction,controls_plus_event_posts,gradient_boosting,1,0,0.4980998729033946
2022-10-03,next_day_large_move,event_days_only,next_large_move_direction,controls_plus_event_posts,gradient_boosting,1,0,0.4580843139109547
2022-10-05,next_day_large_move,event_days_only,next_large_move_direction,controls_plus_event_posts,gradient_boosting,0,1,0.5109831646315695
2022-10-06,next_day_large_move,event_days_only,next_large_move_direction,controls_plus_event_posts,gradient_boosting,0,0,0.4117047863444718
2022-10-12,next_day_large_move,event_days_only,next_large_move_direction,controls_plus_event_posts,gradient_boosting,1,0,0.4487941689999365
2022-10-13,next_day_large_move,event_days_only,next_large_move_direction,controls_plus_event_posts,gradient_boosting,0,1,0.5806549056454579
2022-10-14,next_day_large_move,event_days_only,next_large_move_direction,controls_plus_event_posts,gradient_boosting,1,1,0.6516680943906553
2022-10-17,next_day_large_move,event_days_only,next_large_move_direction,controls_plus_event_posts,gradient_boosting,1,1,0.7039358306457926
2022-10-20,next_day_large_move,event_days_only,next_large_move_direction,controls_plus_event_posts,gradient_boosting,1,1,0.6192852777025378
2022-10-21,next_day_large_move,event_days_only,next_large_move_direction,controls_plus_event_posts,gradient_boosting,1,0,0.43005159554279865
2022-10-24,next_day_large_move,event_days_only,next_large_move_direction,controls_plus_event_posts,gradient_boosting,1,0,0.3236449615860439
2022-10-27,next_day_large_move,event_days_only,next_large_move_direction,controls_plus_event_posts,gradient_boosting,1,1,0.6113748821250445
2022-11-01,next_day_large_move,event_days_only,next_large_move_direction,controls_plus_event_posts,gradient_boosting,0,1,0.6329872662530482
2022-11-02,next_day_large_move,event_days_only,next_large_move_direction,controls_plus_event_posts,gradient_boosting,0,1,0.6283090755038887
2022-11-03,next_day_large_move,event_days_only,next_large_move_direction,controls_plus_event_posts,gradient_boosting,1,1,0.5879038076143887
2022-11-04,next_day_large_move,event_days_only,next_large_move_direction,controls_plus_event_posts,gradient_boosting,1,1,0.696626793337317
2022-11-08,next_day_large_move,event_days_only,next_large_move_direction,controls_plus_event_posts,gradient_boosting,0,1,0.7494551551629595
2022-11-09,next_day_large_move,event_days_only,next_large_move_direction,controls_plus_event_posts,gradient_boosting,1,1,0.5603802586393796
2022-11-10,next_day_large_move,event_days_only,next_large_move_direction,controls_plus_event_posts,gradient_boosting,1,0,0.11601660074186453
2022-11-11,next_day_large_move,event_days_only,next_large_move_direction,controls_plus_event_posts,gradient_boosting,0,0,0.3844354736302166
2022-11-14,next_day_large_move,event_days_only,next_large_move_direction,controls_plus_event_posts,gradient_boosting,1,1,0.584170424857517
2022-11-15,next_day_large_move,event_days_only,next_large_move_direction,controls_plus_event_posts,gradient_boosting,0,0,0.44933595694170225
2022-11-29,next_day_large_move,event_days_only,next_large_move_direction,controls_plus_event_posts,gradient_boosting,1,0,0.34379739331432163
2022-12-02,next_day_large_move,event_days_only,next_large_move_direction,controls_plus_event_posts,gradient_boosting,0,1,0.8149446162380795
2022-12-05,next_day_large_move,event_days_only,next_large_move_direction,controls_plus_event_posts,gradient_boosting,0,1,0.511559039345682
2022-12-09,next_day_large_move,event_days_only,next_large_move_direction,controls_plus_event_posts,gradient_boosting,1,0,0.38999843666057293
2022-12-14,next_day_large_move,event_days_only,next_large_move_direction,controls_plus_event_posts,gradient_boosting,0,1,0.518562859419999
2022-12-15,next_day_large_move,event_days_only,next_large_move_direction,controls_plus_event_posts,gradient_boosting,0,0,0.47438690595671335
2022-12-16,next_day_large_move,event_days_only,next_large_move_direction,controls_plus_event_posts,gradient_boosting,0,0,0.18055125098597277
2022-12-20,next_day_large_move,event_days_only,next_large_move_direction,controls_plus_event_posts,gradient_boosting,1,0,0.34900689037962285
2022-12-21,next_day_large_move,event_days_only,next_large_move_direction,controls_plus_event_posts,gradient_boosting,0,1,0.5889967685657845
2022-12-27,next_day_large_move,event_days_only,next_large_move_direction,controls_plus_event_posts,gradient_boosting,0,1,0.5055508183354699
2022-12-28,next_day_large_move,event_days_only,next_large_move_direction,controls_plus_event_posts,gradient_boosting,1,1,0.8212591383775736
2023-01-04,next_day_large_move,event_days_only,next_large_move_direction,controls_plus_event_posts,gradient_boosting,0,1,0.7245408013721503
2023-01-05,next_day_large_move,event_days_only,next_large_move_direction,controls_plus_event_posts,gradient_boosting,1,1,0.5711524364287629
2023-01-10,next_day_large_move,event_days_only,next_large_move_direction,controls_plus_event_posts,gradient_boosting,1,1,0.5730402223838911
2023-01-17,next_day_large_move,event_days_only,next_large_move_direction,controls_plus_event_posts,gradient_boosting,0,1,0.6373414028874016
2023-01-19,next_day_large_move,event_days_only,next_large_move_direction,controls_plus_event_posts,gradient_boosting,1,1,0.6491960600032102
2023-01-20,next_day_large_move,event_days_only,next_large_move_direction,controls_plus_event_posts,gradient_boosting,1,1,0.5166775724402463
2023-01-25,next_day_large_move,event_days_only,next_large_move_direction,controls_plus_event_posts,gradient_boosting,1,1,0.5679474507125893
2023-01-27,next_day_large_move,event_days_only,next_large_move_direction,controls_plus_event_posts,gradient_boosting,0,0,0.3589362479603408
2023-01-30,next_day_large_move,event_days_only,next_large_move_direction,controls_plus_event_posts,gradient_boosting,1,0,0.20015421751683304
2023-01-31,next_day_large_move,event_days_only,next_large_move_direction,controls_plus_event_posts,gradient_boosting,1,1,0.5457379320135524
2023-02-01,next_day_large_move,event_days_only,next_large_move_direction,controls_plus_event_posts,gradient_boosting,1,1,0.6976556263760788
2023-02-02,next_day_large_move,event_days_only,next_large_move_direction,controls_plus_event_posts,gradient_boosting,0,0,0.37460772113570207
2023-02-06,next_day_large_move,event_days_only,next_large_move_direction,controls_plus_event_posts,gradient_boosting,1,1,0.6167941404762758
2023-02-07,next_day_large_move,event_days_only,next_large_move_direction,controls_plus_event_posts,gradient_boosting,0,0,0.3726114007748411
2023-02-08,next_day_large_move,event_days_only,next_large_move_direction,controls_plus_event_posts,gradient_boosting,0,1,0.6843845218600957
2023-02-10,next_day_large_move,event_days_only,next_large_move_direction,controls_plus_event_posts,gradient_boosting,1,0,0.48255239241081127
2023-02-15,next_day_large_move,event_days_only,next_large_move_direction,controls_plus_event_posts,gradient_boosting,0,1,0.6486814293959359
2023-02-17,next_day_large_move,event_days_only,next_large_move_direction,controls_plus_event_posts,gradient_boosting,0,1,0.5430710035604654
2023-02-23,next_day_large_move,event_days_only,next_large_move_direction,controls_plus_event_posts,gradient_boosting,0,1,0.51521160117002
2023-03-02,next_day_large_move,event_days_only,next_large_move_direction,controls_plus_event_posts,gradient_boosting,1,0,0.48417416249017337
2023-03-06,next_day_large_move,event_days_only,next_large_move_direction,controls_plus_event_posts,gradient_boosting,0,1,0.8514936927452326
2023-03-08,next_day_large_move,event_days_only,next_large_move_direction,controls_plus_event_posts,gradient_boosting,0,1,0.6923472559587288
2023-03-09,next_day_large_move,event_days_only,next_large_move_direction,controls_plus_event_posts,gradient_boosting,0,0,0.42362156551514446
2023-03-13,next_day_large_move,event_days_only,next_large_move_direction,controls_plus_event_posts,gradient_boosting,1,1,0.745065182494512
2023-03-15,next_day_large_move,event_days_only,next_large_move_direction,controls_plus_event_posts,gradient_boosting,1,1,0.5770970606798749
2023-03-16,next_day_large_move,event_days_only,next_large_move_direction,controls_plus_event_posts,gradient_boosting,0,0,0.35604949660535434
2023-03-17,next_day_large_move,event_days_only,next_large_move_direction,controls_plus_event_posts,gradient_boosting,1,1,0.5780607457980383
2023-03-20,next_day_large_move,event_days_only,next_large_move_direction,controls_plus_event_posts,gradient_boosting,1,1,0.5019096079141309
2023-03-21,next_day_large_move,event_days_only,next_large_move_direction,controls_plus_event_posts,gradient_boosting,0,1,0.6279840827081258
2023-03-28,next_day_large_move,event_days_only,next_large_move_direction,controls_plus_event_posts,gradient_boosting,1,1,0.5299151692706611
2023-03-30,next_day_large_move,event_days_only,next_large_move_direction,controls_plus_event_posts,gradient_boosting,1,1,0.6332842467639193
2023-04-12,next_day_large_move,event_days_only,next_large_move_direction,controls_plus_event_posts,gradient_boosting,1,0,0.48815839910642406
2023-04-24,next_day_large_move,event_days_only,next_large_move_direction,controls_plus_event_posts,gradient_boosting,0,1,0.7265884296097015
2023-04-26,next_day_large_move,event_days_only,next_large_move_direction,controls_plus_event_posts,gradient_boosting,1,1,0.709897174732833
2023-04-27,next_day_large_move,event_days_only,next_large_move_direction,controls_plus_event_posts,gradient_boosting,1,0,0.1789139238146926
2023-05-04,next_day_large_move,event_days_only,next_large_move_direction,controls_plus_event_posts,gradient_boosting,1,1,0.6411583645789052
2023-05-16,next_day_large_move,event_days_only,next_large_move_direction,controls_plus_event_posts,gradient_boosting,1,1,0.7165645970094058
2023-05-17,next_day_large_move,event_days_only,next_large_move_direction,controls_plus_event_posts,gradient_boosting,1,0,0.3347053474398021
2023-05-22,next_day_large_move,event_days_only,next_large_move_direction,controls_plus_event_posts,gradient_boosting,0,1,0.5924952829255058
2023-05-24,next_day_large_move,event_days_only,next_large_move_direction,controls_plus_event_posts,gradient_boosting,1,0,0.463679824231309
2023-05-25,next_day_large_move,event_days_only,next_large_move_direction,controls_plus_event_posts,gradient_boosting,1,1,0.5903838571565513
2023-05-31,next_day_large_move,event_days_only,next_large_move_direction,controls_plus_event_posts,gradient_boosting,1,0,0.37765782954757504
2023-06-01,next_day_large_move,event_days_only,next_large_move_direction,controls_plus_event_posts,gradient_boosting,1,0,0.3366780237571553
2023-06-09,next_day_large_move,event_days_only,next_large_move_direction,controls_plus_event_posts,gradient_boosting,1,0,0.41721224183103517
2023-06-14,next_day_large_move,event_days_only,next_large_move_direction,controls_plus_event_posts,gradient_boosting,1,1,0.7680846961226387
2023-06-26,next_day_large_move,event_days_only,next_large_move_direction,controls_plus_event_posts,gradient_boosting,1,1,0.6612735942914245
2023-06-29,next_day_large_move,event_days_only,next_large_move_direction,controls_plus_event_posts,gradient_boosting,1,1,0.6017968357579753
2023-07-12,next_day_large_move,event_days_only,next_large_move_direction,controls_plus_event_posts,gradient_boosting,1,1,0.9228674502292685
2023-07-27,next_day_large_move,event_days_only,next_large_move_direction,controls_plus_event_posts,gradient_boosting,1,1,0.7021191744158615
2023-08-01,next_day_large_move,event_days_only,next_large_move_direction,controls_plus_event_posts,gradient_boosting,0,1,0.5866966147735058
2023-08-04,next_day_large_move,event_days_only,next_large_move_direction,controls_plus_event_posts,gradient_boosting,1,0,0.37344194407002723
2023-08-14,next_day_large_move,event_days_only,next_large_move_direction,controls_plus_event_posts,gradient_boosting,0,1,0.8378943000756223
2023-08-22,next_day_large_move,event_days_only,next_large_move_direction,controls_plus_event_posts,gradient_boosting,1,0,0.4138465231110796
2023-08-23,next_day_large_move,event_days_only,next_large_move_direction,controls_plus_event_posts,gradient_boosting,0,1,0.5233449673137639
2023-08-28,next_day_large_move,event_days_only,next_large_move_direction,controls_plus_event_posts,gradient_boosting,1,1,0.5559239157705366
2023-09-13,next_day_large_move,event_days_only,next_large_move_direction,controls_plus_event_posts,gradient_boosting,1,0,0.4117536825637535
2023-09-14,next_day_large_move,event_days_only,next_large_move_direction,controls_plus_event_posts,gradient_boosting,0,0,0.3292250567652353
2023-09-19,next_day_large_move,event_days_only,next_large_move_direction,controls_plus_event_posts,gradient_boosting,0,1,0.7237131637230309
2023-09-20,next_day_large_move,event_days_only,next_large_move_direction,controls_plus_event_posts,gradient_boosting,0,0,0.3958056264716921
2023-09-25,next_day_large_move,event_days_only,next_large_move_direction,controls_plus_event_posts,gradient_boosting,0,1,0.6768966033441035
2023-10-02,next_day_large_move,event_days_only,next_large_move_direction,controls_plus_event_posts,gradient_boosting,0,0,0.30979472533325075
2023-10-05,next_day_large_move,event_days_only,next_large_move_direction,controls_plus_event_posts,gradient_boosting,1,1,0.6973750286308007
2023-10-13,next_day_large_move,event_days_only,next_large_move_direction,controls_plus_event_posts,gradient_boosting,1,0,0.42017551908487794
2023-10-17,next_day_large_move,event_days_only,next_large_move_direction,controls_plus_event_posts,gradient_boosting,0,0,0.18636776325648852
2023-10-18,next_day_large_move,event_days_only,next_large_move_direction,controls_plus_event_posts,gradient_boosting,0,0,0.3858470579474207
2023-10-19,next_day_large_move,event_days_only,next_large_move_direction,controls_plus_event_posts,gradient_boosting,0,1,0.559476087056947
2023-10-24,next_day_large_move,event_days_only,next_large_move_direction,controls_plus_event_posts,gradient_boosting,0,0,0.3884795333255974
2023-10-25,next_day_large_move,event_days_only,next_large_move_direction,controls_plus_event_posts,gradient_boosting,0,0,0.4552094031218547
2023-10-27,next_day_large_move,event_days_only,next_large_move_direction,controls_plus_event_posts,gradient_boosting,1,1,0.6989804470889972
2023-10-31,next_day_large_move,event_days_only,next_large_move_direction,controls_plus_event_posts,gradient_boosting,1,0,0.2175329953147109
2023-11-01,next_day_large_move,event_days_only,next_large_move_direction,controls_plus_event_posts,gradient_boosting,1,1,0.535924042059223
2023-11-02,next_day_large_move,event_days_only,next_large_move_direction,controls_plus_event_posts,gradient_boosting,1,0,0.4139446537616866
2023-11-09,next_day_large_move,event_days_only,next_large_move_direction,controls_plus_event_posts,gradient_boosting,1,1,0.6039001814716188
2023-11-13,next_day_large_move,event_days_only,next_large_move_direction,controls_plus_event_posts,gradient_boosting,1,1,0.8599388207625429
2023-12-12,next_day_large_move,event_days_only,next_large_move_direction,controls_plus_event_posts,gradient_boosting,1,1,0.658024688656462
2023-12-19,next_day_large_move,event_days_only,next_large_move_direction,controls_plus_event_posts,gradient_boosting,0,0,0.4176236093753669
2023-12-20,next_day_large_move,event_days_only,next_large_move_direction,controls_plus_event_posts,gradient_boosting,1,0,0.4644257529682898
2024-01-05,next_day_large_move,event_days_only,next_large_move_direction,controls_plus_event_posts,gradient_boosting,1,1,0.5946647409661594
2024-01-17,next_day_large_move,event_days_only,next_large_move_direction,controls_plus_event_posts,gradient_boosting,1,1,0.5163011789734601
2024-01-18,next_day_large_move,event_days_only,next_large_move_direction,controls_plus_event_posts,gradient_boosting,1,1,0.7143354355053527
2024-01-30,next_day_large_move,event_days_only,next_large_move_direction,controls_plus_event_posts,gradient_boosting,0,0,0.35734118618490934
2024-01-31,next_day_large_move,event_days_only,next_large_move_direction,controls_plus_event_posts,gradient_boosting,1,0,0.4256311545604468
2024-02-06,next_day_large_move,event_days_only,next_large_move_direction,controls_plus_event_posts,gradient_boosting,1,1,0.6044588211828407
2024-02-12,next_day_large_move,event_days_only,next_large_move_direction,controls_plus_event_posts,gradient_boosting,0,1,0.6233319376401556
2024-02-13,next_day_large_move,event_days_only,next_large_move_direction,controls_plus_event_posts,gradient_boosting,1,0,0.2248127222088339
2024-02-21,next_day_large_move,event_days_only,next_large_move_direction,controls_plus_event_posts,gradient_boosting,1,1,0.7322207971609547
2024-03-04,next_day_large_move,event_days_only,next_large_move_direction,controls_plus_event_posts,gradient_boosting,0,0,0.3856808478911594
2024-03-06,next_day_large_move,event_days_only,next_large_move_direction,controls_plus_event_posts,gradient_boosting,1,0,0.4944509170034295
2024-03-11,next_day_large_move,event_days_only,next_large_move_direction,controls_plus_event_posts,gradient_boosting,1,0,0.2994609704991437
2024-03-19,next_day_large_move,event_days_only,next_large_move_direction,controls_plus_event_posts,gradient_boosting,1,0,0.47538180055929374
2024-03-26,next_day_large_move,event_days_only,next_large_move_direction,controls_plus_event_posts,gradient_boosting,1,0,0.34375939419422624
2024-04-03,next_day_large_move,event_days_only,next_large_move_direction,controls_plus_event_posts,gradient_boosting,0,0,0.4719261728263039
2024-04-04,next_day_large_move,event_days_only,next_large_move_direction,controls_plus_event_posts,gradient_boosting,1,0,0.49100876844832253
2024-04-09,next_day_large_move,event_days_only,next_large_move_direction,controls_plus_event_posts,gradient_boosting,0,0,0.48835288717951636
2024-04-11,next_day_large_move,event_days_only,next_large_move_direction,controls_plus_event_posts,gradient_boosting,0,1,0.5234041148004934
2024-04-12,next_day_large_move,event_days_only,next_large_move_direction,controls_plus_event_posts,gradient_boosting,0,1,0.6426737142766806
2024-04-18,next_day_large_move,event_days_only,next_large_move_direction,controls_plus_event_posts,gradient_boosting,0,1,0.8314751612874605
2024-04-19,next_day_large_move,event_days_only,next_large_move_direction,controls_plus_event_posts,gradient_boosting,1,1,0.7687451531933103
2024-04-22,next_day_large_move,event_days_only,next_large_move_direction,controls_plus_event_posts,gradient_boosting,1,1,0.5594405244730637
2024-04-25,next_day_large_move,event_days_only,next_large_move_direction,controls_plus_event_posts,gradient_boosting,1,1,0.6086942830784913
2024-04-29,next_day_large_move,event_days_only,next_large_move_direction,controls_plus_event_posts,gradient_boosting,0,1,0.5650932887989402
2024-05-01,next_day_large_move,event_days_only,next_large_move_direction,controls_plus_event_posts,gradient_boosting,1,1,0.5991139742205858
2024-05-02,next_day_large_move,event_days_only,next_large_move_direction,controls_plus_event_posts,gradient_boosting,1,1,0.6913476468005813
2024-05-03,next_day_large_move,event_days_only,next_large_move_direction,controls_plus_event_posts,gradient_boosting,1,1,0.5332858885355534
2024-05-14,next_day_large_move,event_days_only,next_large_move_direction,controls_plus_event_posts,gradient_boosting,1,1,0.6308371765413102
2024-06-04,next_day_large_move,event_days_only,next_large_move_direction,controls_plus_event_posts,gradient_boosting,1,0,0.4521116961076384
2024-06-11,next_day_large_move,event_days_only,next_large_move_direction,controls_plus_event_posts,gradient_boosting,1,1,0.6766946725742954
2024-07-09,next_day_large_move,event_days_only,next_large_move_direction,controls_plus_event_posts,gradient_boosting,1,1,0.6051946274601119
2024-07-10,next_day_large_move,event_days_only,next_large_move_direction,controls_plus_event_posts,gradient_boosting,0,1,0.7656576943920748
2024-07-16,next_day_large_move,event_days_only,next_large_move_direction,controls_plus_event_posts,gradient_boosting,0,1,0.6191649835230456
2024-07-19,next_day_large_move,event_days_only,next_large_move_direction,controls_plus_event_posts,gradient_boosting,1,1,0.5563028593915686
2024-07-23,next_day_large_move,event_days_only,next_large_move_direction,controls_plus_event_posts,gradient_boosting,0,0,0.44680420952600647
2024-07-25,next_day_large_move,event_days_only,next_large_move_direction,controls_plus_event_posts,gradient_boosting,1,0,0.43655861433422677
2024-07-30,next_day_large_move,event_days_only,next_large_move_direction,controls_plus_event_posts,gradient_boosting,1,1,0.7105271889294894
2024-07-31,next_day_large_move,event_days_only,next_large_move_direction,controls_plus_event_posts,gradient_boosting,0,1,0.6108588266546119
2024-08-01,next_day_large_move,event_days_only,next_large_move_direction,controls_plus_event_posts,gradient_boosting,0,1,0.5969853730555689
2024-08-02,next_day_large_move,event_days_only,next_large_move_direction,controls_plus_event_posts,gradient_boosting,0,0,0.4967670326066244
2024-08-05,next_day_large_move,event_days_only,next_large_move_direction,controls_plus_event_posts,gradient_boosting,1,1,0.5558828618591463
2024-08-07,next_day_large_move,event_days_only,next_large_move_direction,controls_plus_event_posts,gradient_boosting,1,1,0.6461916633236222
2024-08-12,next_day_large_move,event_days_only,next_large_move_direction,controls_plus_event_posts,gradient_boosting,1,1,0.6518723719591912
2024-08-14,next_day_large_move,event_days_only,next_large_move_direction,controls_plus_event_posts,gradient_boosting,1,1,0.504984257065157
2024-08-16,next_day_large_move,event_days_only,next_large_move_direction,controls_plus_event_posts,gradient_boosting,1,0,0.49529808283910615
2024-08-21,next_day_large_move,event_days_only,next_large_move_direction,controls_plus_event_posts,gradient_boosting,0,1,0.5035243524337949
2024-08-22,next_day_large_move,event_days_only,next_large_move_direction,controls_plus_event_posts,gradient_boosting,1,0,0.43262676289573126
2024-08-29,next_day_large_move,event_days_only,next_large_move_direction,controls_plus_event_posts,gradient_boosting,1,1,0.7708026875742081
2024-08-30,next_day_large_move,event_days_only,next_large_move_direction,controls_plus_event_posts,gradient_boosting,0,1,0.6596715231392637
2024-09-05,next_day_large_move,event_days_only,next_large_move_direction,controls_plus_event_posts,gradient_boosting,0,1,0.6809627522192628
2024-09-06,next_day_large_move,event_days_only,next_large_move_direction,controls_plus_event_posts,gradient_boosting,1,1,0.512788741741417
2024-09-10,next_day_large_move,event_days_only,next_large_move_direction,controls_plus_event_posts,gradient_boosting,1,1,0.6325035184842387
2024-09-18,next_day_large_move,event_days_only,next_large_move_direction,controls_plus_event_posts,gradient_boosting,1,1,0.7175152684429993
2024-09-30,next_day_large_move,event_days_only,next_large_move_direction,controls_plus_event_posts,gradient_boosting,0,1,0.7596453990516446
2024-10-03,next_day_large_move,event_days_only,next_large_move_direction,controls_plus_event_posts,gradient_boosting,1,0,0.4687574219469667
2024-10-04,next_day_large_move,event_days_only,next_large_move_direction,controls_plus_event_posts,gradient_boosting,0,1,0.6612027714505652
2024-10-07,next_day_large_move,event_days_only,next_large_move_direction,controls_plus_event_posts,gradient_boosting,1,1,0.8616014118388889
2024-10-22,next_day_large_move,event_days_only,next_large_move_direction,controls_plus_event_posts,gradient_boosting,0,0,0.4024164331697681
2024-10-30,next_day_large_move,event_days_only,next_large_move_direction,controls_plus_event_posts,gradient_boosting,0,0,0.4735331309739285
2024-11-04,next_day_large_move,event_days_only,next_large_move_direction,controls_plus_event_posts,gradient_boosting,1,1,0.5886941838642601
2024-11-05,next_day_large_move,event_days_only,next_large_move_direction,controls_plus_event_posts,gradient_boosting,1,0,0.46763465413829014
2024-11-14,next_day_large_move,event_days_only,next_large_move_direction,controls_plus_event_posts,gradient_boosting,0,1,0.6485845777603413
2024-12-10,next_day_large_move,event_days_only,next_large_move_direction,controls_plus_event_posts,gradient_boosting,1,1,0.5917244650277138
2024-12-17,next_day_large_move,event_days_only,next_large_move_direction,controls_plus_event_posts,gradient_boosting,0,1,0.5488064031411453
2024-12-19,next_day_large_move,event_days_only,next_large_move_direction,controls_plus_event_posts,gradient_boosting,1,0,0.3980229102500149
2024-12-23,next_day_large_move,event_days_only,next_large_move_direction,controls_plus_event_posts,gradient_boosting,1,1,0.6313126365401664
2024-12-26,next_day_large_move,event_days_only,next_large_move_direction,controls_plus_event_posts,gradient_boosting,0,0,0.4060858848794495
2024-12-27,next_day_large_move,event_days_only,next_large_move_direction,controls_plus_event_posts,gradient_boosting,0,1,0.6356276077676014
2025-01-02,next_day_large_move,event_days_only,next_large_move_direction,controls_plus_event_posts,gradient_boosting,1,1,0.5544328371970549
2025-01-06,next_day_large_move,event_days_only,next_large_move_direction,controls_plus_event_posts,gradient_boosting,0,1,0.6652364234027457
2025-01-08,next_day_large_move,event_days_only,next_large_move_direction,controls_plus_event_posts,gradient_boosting,0,0,0.49799832326739696
2025-01-14,next_day_large_move,event_days_only,next_large_move_direction,controls_plus_event_posts,gradient_boosting,1,1,0.6925384382535709
2025-01-16,next_day_large_move,event_days_only,next_large_move_direction,controls_plus_event_posts,gradient_boosting,1,1,0.8160342820510144
2025-01-17,next_day_large_move,event_days_only,next_large_move_direction,controls_plus_event_posts,gradient_boosting,1,1,0.5828995482959152
2025-01-24,next_day_large_move,event_days_only,next_large_move_direction,controls_plus_event_posts,gradient_boosting,0,0,0.3294173635158931
2025-01-27,next_day_large_move,event_days_only,next_large_move_direction,controls_plus_event_posts,gradient_boosting,1,0,0.4500470728429868
2025-02-06,next_day_large_move,event_days_only,next_large_move_direction,controls_plus_event_posts,gradient_boosting,0,1,0.6743171438685903
2025-02-12,next_day_large_move,event_days_only,next_large_move_direction,controls_plus_event_posts,gradient_boosting,1,1,0.6211350506728619
2025-02-20,next_day_large_move,event_days_only,next_large_move_direction,controls_plus_event_posts,gradient_boosting,0,0,0.24898918273450074
2025-02-26,next_day_large_move,event_days_only,next_large_move_direction,controls_plus_event_posts,gradient_boosting,0,1,0.6535307132871545
2025-02-27,next_day_large_move,event_days_only,next_large_move_direction,controls_plus_event_posts,gradient_boosting,1,0,0.4556493063110377
2025-02-28,next_day_large_move,event_days_only,next_large_move_direction,controls_plus_event_posts,gradient_boosting,0,1,0.5101298912723875
2025-03-03,next_day_large_move,event_days_only,next_large_move_direction,controls_plus_event_posts,gradient_boosting,0,0,0.49747155971448453
2025-03-04,next_day_large_move,event_days_only,next_large_move_direction,controls_plus_event_posts,gradient_boosting,1,1,0.663011263431298
2025-03-05,next_day_large_move,event_days_only,next_large_move_direction,controls_plus_event_posts,gradient_boosting,0,1,0.524972164994878
2025-03-07,next_day_large_move,event_days_only,next_large_move_direction,controls_plus_event_posts,gradient_boosting,0,1,0.7200678417614643
2025-03-12,next_day_large_move,event_days_only,next_large_move_direction,controls_plus_event_posts,gradient_boosting,0,1,0.5748327665316724
2025-03-13,next_day_large_move,event_days_only,next_large_move_direction,controls_plus_event_posts,gradient_boosting,1,0,0.4393012087227998
2025-03-17,next_day_large_move,event_days_only,next_large_move_direction,controls_plus_event_posts,gradient_boosting,0,1,0.8288420746084513
2025-03-18,next_day_large_move,event_days_only,next_large_move_direction,controls_plus_event_posts,gradient_boosting,1,0,0.40756013480902176
2025-03-21,next_day_large_move,event_days_only,next_large_move_direction,controls_plus_event_posts,gradient_boosting,1,0,0.3005792014862271
2025-03-25,next_day_large_move,event_days_only,next_large_move_direction,controls_plus_event_posts,gradient_boosting,0,1,0.7335403056438035
2025-03-27,next_day_large_move,event_days_only,next_large_move_direction,controls_plus_event_posts,gradient_boosting,0,1,0.6567389705954969
2025-04-02,next_day_large_move,event_days_only,next_large_move_direction,controls_plus_event_posts,gradient_boosting,0,1,0.58912970410975
2025-04-03,next_day_large_move,event_days_only,next_large_move_direction,controls_plus_event_posts,gradient_boosting,0,0,0.48990421383337707
2025-04-07,next_day_large_move,event_days_only,next_large_move_direction,controls_plus_event_posts,gradient_boosting,0,1,0.6667374643032143
2025-04-08,next_day_large_move,event_days_only,next_large_move_direction,controls_plus_event_posts,gradient_boosting,1,1,0.6560815503634281
2025-04-09,next_day_large_move,event_days_only,next_large_move_direction,controls_plus_event_posts,gradient_boosting,0,0,0.4041770420488657
2025-04-10,next_day_large_move,event_days_only,next_large_move_direction,controls_plus_event_posts,gradient_boosting,1,1,0.5931953562593308
2025-04-15,next_day_large_move,event_days_only,next_large_move_direction,controls_plus_event_posts,gradient_boosting,0,1,0.6408214737519707
2025-04-17,next_day_large_move,event_days_only,next_large_move_direction,controls_plus_event_posts,gradient_boosting,0,1,0.6682956969721041
2025-04-21,next_day_large_move,event_days_only,next_large_move_direction,controls_plus_event_posts,gradient_boosting,1,0,0.44171622552518813
2025-04-22,next_day_large_move,event_days_only,next_large_move_direction,controls_plus_event_posts,gradient_boosting,1,1,0.5254977279269137
2025-04-23,next_day_large_move,event_days_only,next_large_move_direction,controls_plus_event_posts,gradient_boosting,1,1,0.7258243302426802
2025-05-01,next_day_large_move,event_days_only,next_large_move_direction,controls_plus_event_posts,gradient_boosting,1,1,0.5484994984006932
2025-05-09,next_day_large_move,event_days_only,next_large_move_direction,controls_plus_event_posts,gradient_boosting,1,1,0.5483458568692446
2025-05-20,next_day_large_move,event_days_only,next_large_move_direction,controls_plus_event_posts,gradient_boosting,0,1,0.6761938887563572
2025-05-23,next_day_large_move,event_days_only,next_large_move_direction,controls_plus_event_posts,gradient_boosting,1,1,0.7614528040315152
2025-06-05,next_day_large_move,event_days_only,next_large_move_direction,controls_plus_event_posts,gradient_boosting,1,1,0.5886563022298953
2025-06-12,next_day_large_move,event_days_only,next_large_move_direction,controls_plus_event_posts,gradient_boosting,0,0,0.3927212423678384
2025-06-13,next_day_large_move,event_days_only,next_large_move_direction,controls_plus_event_posts,gradient_boosting,1,1,0.6496872784428858
2025-06-16,next_day_large_move,event_days_only,next_large_move_direction,controls_plus_event_posts,gradient_boosting,0,1,0.660167035467669
2025-06-20,next_day_large_move,event_days_only,next_large_move_direction,controls_plus_event_posts,gradient_boosting,1,0,0.4388630083359209
2025-06-23,next_day_large_move,event_days_only,next_large_move_direction,controls_plus_event_posts,gradient_boosting,1,1,0.6689274768871137
2025-07-02,next_day_large_move,event_days_only,next_large_move_direction,controls_plus_event_posts,gradient_boosting,1,0,0.39143728240315173
2025-07-31,next_day_large_move,event_days_only,next_large_move_direction,controls_plus_event_posts,gradient_boosting,0,0,0.4106554437134655
2025-08-01,next_day_large_move,event_days_only,next_large_move_direction,controls_plus_event_posts,gradient_boosting,1,0,0.42562591739084127
2025-08-11,next_day_large_move,event_days_only,next_large_move_direction,controls_plus_event_posts,gradient_boosting,1,0,0.4861766754940873
2025-08-21,next_day_large_move,event_days_only,next_large_move_direction,controls_plus_event_posts,gradient_boosting,1,1,0.5162013109077599
2025-09-03,next_day_large_move,event_days_only,next_large_move_direction,controls_plus_event_posts,gradient_boosting,1,0,0.4604779344592755
2025-09-10,next_day_large_move,event_days_only,next_large_move_direction,controls_plus_event_posts,gradient_boosting,1,1,0.5179067370115661
2025-10-09,next_day_large_move,event_days_only,next_large_move_direction,controls_plus_event_posts,gradient_boosting,0,0,0.2917392066566953
2025-10-10,next_day_large_move,event_days_only,next_large_move_direction,controls_plus_event_posts,gradient_boosting,1,1,0.5507595745134213
2025-10-17,next_day_large_move,event_days_only,next_large_move_direction,controls_plus_event_posts,gradient_boosting,1,1,0.7486648882792456
2025-10-24,next_day_large_move,event_days_only,next_large_move_direction,controls_plus_event_posts,gradient_boosting,1,1,0.7129911585490131
2025-10-29,next_day_large_move,event_days_only,next_large_move_direction,controls_plus_event_posts,gradient_boosting,0,1,0.7503600252081168
2025-11-03,next_day_large_move,event_days_only,next_large_move_direction,controls_plus_event_posts,gradient_boosting,0,0,0.21500339670387486
2025-11-05,next_day_large_move,event_days_only,next_large_move_direction,controls_plus_event_posts,gradient_boosting,0,1,0.7380564557184024
2025-11-07,next_day_large_move,event_days_only,next_large_move_direction,controls_plus_event_posts,gradient_boosting,1,1,0.6760654254684042
2025-11-12,next_day_large_move,event_days_only,next_large_move_direction,controls_plus_event_posts,gradient_boosting,0,1,0.8135937387863783
2025-11-14,next_day_large_move,event_days_only,next_large_move_direction,controls_plus_event_posts,gradient_boosting,0,1,0.7621056827008825
2025-11-17,next_day_large_move,event_days_only,next_large_move_direction,controls_plus_event_posts,gradient_boosting,0,1,0.6920033967132555
2025-11-19,next_day_large_move,event_days_only,next_large_move_direction,controls_plus_event_posts,gradient_boosting,0,1,0.5872558124768539
2025-11-20,next_day_large_move,event_days_only,next_large_move_direction,controls_plus_event_posts,gradient_boosting,1,1,0.6223919010425966
2025-11-21,next_day_large_move,event_days_only,next_large_move_direction,controls_plus_event_posts,gradient_boosting,1,1,0.7000509684289218
2025-11-24,next_day_large_move,event_days_only,next_large_move_direction,controls_plus_event_posts,gradient_boosting,1,1,0.6443015853333661
2025-12-11,next_day_large_move,event_days_only,next_large_move_direction,controls_plus_event_posts,gradient_boosting,0,1,0.5642914643726654
2025-12-16,next_day_large_move,event_days_only,next_large_move_direction,controls_plus_event_posts,gradient_boosting,0,0,0.4233645042568908
2025-12-18,next_day_large_move,event_days_only,next_large_move_direction,controls_plus_event_posts,gradient_boosting,1,1,0.7527359232928376
2022-02-14,next_day_large_move,event_days_only,next_large_move_direction,controls_event_regimes,logreg,1,0,0.43255742575884554
2022-04-28,next_day_large_move,event_days_only,next_large_move_direction,controls_event_regimes,logreg,0,0,0.4055178066405006
2022-05-10,next_day_large_move,event_days_only,next_large_move_direction,controls_event_regimes,logreg,0,0,0.47103518923387694
2022-05-12,next_day_large_move,event_days_only,next_large_move_direction,controls_event_regimes,logreg,1,0,0.4523253636278669
2022-05-16,next_day_large_move,event_days_only,next_large_move_direction,controls_event_regimes,logreg,1,1,0.6260975443074147
2022-05-17,next_day_large_move,event_days_only,next_large_move_direction,controls_event_regimes,logreg,0,0,0.470851068233854
2022-05-20,next_day_large_move,event_days_only,next_large_move_direction,controls_event_regimes,logreg,1,0,0.4701344572104089
2022-05-23,next_day_large_move,event_days_only,next_large_move_direction,controls_event_regimes,logreg,0,1,0.6005123450989562
2022-05-24,next_day_large_move,event_days_only,next_large_move_direction,controls_event_regimes,logreg,1,1,0.7217840279359278
2022-05-25,next_day_large_move,event_days_only,next_large_move_direction,controls_event_regimes,logreg,1,1,0.607285696493457
2022-05-26,next_day_large_move,event_days_only,next_large_move_direction,controls_event_regimes,logreg,1,1,0.5747951706243114
2022-06-01,next_day_large_move,event_days_only,next_large_move_direction,controls_event_regimes,logreg,1,1,0.5339297313031726
2022-06-02,next_day_large_move,event_days_only,next_large_move_direction,controls_event_regimes,logreg,0,1,0.5280130819203713
2022-06-06,next_day_large_move,event_days_only,next_large_move_direction,controls_event_regimes,logreg,1,1,0.5632582769313031
2022-06-07,next_day_large_move,event_days_only,next_large_move_direction,controls_event_regimes,logreg,0,0,0.49518929212043256
2022-06-08,next_day_large_move,event_days_only,next_large_move_direction,controls_event_regimes,logreg,0,1,0.5384599714977953
2022-06-09,next_day_large_move,event_days_only,next_large_move_direction,controls_event_regimes,logreg,0,1,0.5538374321951308
2022-06-10,next_day_large_move,event_days_only,next_large_move_direction,controls_event_regimes,logreg,0,1,0.5845445067084226
2022-06-14,next_day_large_move,event_days_only,next_large_move_direction,controls_event_regimes,logreg,1,1,0.639294084993981
2022-06-15,next_day_large_move,event_days_only,next_large_move_direction,controls_event_regimes,logreg,0,1,0.6713208116329372
2022-06-17,next_day_large_move,event_days_only,next_large_move_direction,controls_event_regimes,logreg,1,1,0.6748496632042019
2022-06-22,next_day_large_move,event_days_only,next_large_move_direction,controls_event_regimes,logreg,1,1,0.6151948780121939
2022-06-23,next_day_large_move,event_days_only,next_large_move_direction,controls_event_regimes,logreg,1,1,0.5899253646211557
2022-06-29,next_day_large_move,event_days_only,next_large_move_direction,controls_event_regimes,logreg,0,1,0.5578900204577661
2022-06-30,next_day_large_move,event_days_only,next_large_move_direction,controls_event_regimes,logreg,1,1,0.5327101850073034
2022-07-06,next_day_large_move,event_days_only,next_large_move_direction,controls_event_regimes,logreg,1,0,0.48926661278537237
2022-07-08,next_day_large_move,event_days_only,next_large_move_direction,controls_event_regimes,logreg,0,1,0.500535632328948
2022-07-14,next_day_large_move,event_days_only,next_large_move_direction,controls_event_regimes,logreg,1,1,0.5624277960497465
2022-07-15,next_day_large_move,event_days_only,next_large_move_direction,controls_event_regimes,logreg,0,1,0.6073532242699954
2022-07-18,next_day_large_move,event_days_only,next_large_move_direction,controls_event_regimes,logreg,1,1,0.5959262814455679
2022-07-20,next_day_large_move,event_days_only,next_large_move_direction,controls_event_regimes,logreg,1,1,0.7313132371342264
2022-07-21,next_day_large_move,event_days_only,next_large_move_direction,controls_event_regimes,logreg,0,0,0.4715822614613814
2022-07-25,next_day_large_move,event_days_only,next_large_move_direction,controls_event_regimes,logreg,0,0,0.4692225617896374
2022-07-26,next_day_large_move,event_days_only,next_large_move_direction,controls_event_regimes,logreg,1,1,0.6076253509084696
2022-07-27,next_day_large_move,event_days_only,next_large_move_direction,controls_event_regimes,logreg,1,1,0.5238397102637893
2022-08-02,next_day_large_move,event_days_only,next_large_move_direction,controls_event_regimes,logreg,1,1,0.6057708196383658
2022-08-09,next_day_large_move,event_days_only,next_large_move_direction,controls_event_regimes,logreg,1,0,0.4283363773163273
2022-08-11,next_day_large_move,event_days_only,next_large_move_direction,controls_event_regimes,logreg,1,0,0.4874335109231544
2022-08-18,next_day_large_move,event_days_only,next_large_move_direction,controls_event_regimes,logreg,0,0,0.4889091501624665
2022-08-19,next_day_large_move,event_days_only,next_large_move_direction,controls_event_regimes,logreg,0,0,0.4215573359365525
2022-08-24,next_day_large_move,event_days_only,next_large_move_direction,controls_event_regimes,logreg,1,0,0.40795150148204495
2022-08-25,next_day_large_move,event_days_only,next_large_move_direction,controls_event_regimes,logreg,0,1,0.6092507333550429
2022-08-29,next_day_large_move,event_days_only,next_large_move_direction,controls_event_regimes,logreg,0,1,0.5782808684030278
2022-09-06,next_day_large_move,event_days_only,next_large_move_direction,controls_event_regimes,logreg,1,1,0.6192823816743872
2022-09-08,next_day_large_move,event_days_only,next_large_move_direction,controls_event_regimes,logreg,1,0,0.4265897387693317
2022-09-09,next_day_large_move,event_days_only,next_large_move_direction,controls_event_regimes,logreg,1,0,0.3899324906870839
2022-09-12,next_day_large_move,event_days_only,next_large_move_direction,controls_event_regimes,logreg,0,1,0.5297238385307486
2022-09-14,next_day_large_move,event_days_only,next_large_move_direction,controls_event_regimes,logreg,0,1,0.5077233812588323
2022-09-19,next_day_large_move,event_days_only,next_large_move_direction,controls_event_regimes,logreg,0,1,0.6577653898028945
2022-09-20,next_day_large_move,event_days_only,next_large_move_direction,controls_event_regimes,logreg,0,1,0.5808535421311529
2022-09-21,next_day_large_move,event_days_only,next_large_move_direction,controls_event_regimes,logreg,0,1,0.6173664386397011
2022-09-22,next_day_large_move,event_days_only,next_large_move_direction,controls_event_regimes,logreg,0,0,0.478116909905203
2022-09-23,next_day_large_move,event_days_only,next_large_move_direction,controls_event_regimes,logreg,0,1,0.5567997337664498
2022-09-27,next_day_large_move,event_days_only,next_large_move_direction,controls_event_regimes,logreg,1,1,0.5846204383554985
2022-09-28,next_day_large_move,event_days_only,next_large_move_direction,controls_event_regimes,logreg,0,1,0.535476021634417
2022-09-29,next_day_large_move,event_days_only,next_large_move_direction,controls_event_regimes,logreg,0,1,0.5278252686500999
2022-09-30,next_day_large_move,event_days_only,next_large_move_direction,controls_event_regimes,logreg,1,1,0.5276211351353409
2022-10-03,next_day_large_move,event_days_only,next_large_move_direction,controls_event_regimes,logreg,1,0,0.48117130276860104
2022-10-05,next_day_large_move,event_days_only,next_large_move_direction,controls_event_regimes,logreg,0,0,0.49554011974494544
2022-10-06,next_day_large_move,event_days_only,next_large_move_direction,controls_event_regimes,logreg,0,0,0.39110165446545603
2022-10-12,next_day_large_move,event_days_only,next_large_move_direction,controls_event_regimes,logreg,1,1,0.6869694848832566
2022-10-13,next_day_large_move,event_days_only,next_large_move_direction,controls_event_regimes,logreg,0,0,0.4097157679096889
2022-10-14,next_day_large_move,event_days_only,next_large_move_direction,controls_event_regimes,logreg,1,1,0.6653396068739742
2022-10-17,next_day_large_move,event_days_only,next_large_move_direction,controls_event_regimes,logreg,1,0,0.38661951819180757
2022-10-20,next_day_large_move,event_days_only,next_large_move_direction,controls_event_regimes,logreg,1,1,0.5065434052994606
2022-10-21,next_day_large_move,event_days_only,next_large_move_direction,controls_event_regimes,logreg,1,0,0.4132984708910155
2022-10-24,next_day_large_move,event_days_only,next_large_move_direction,controls_event_regimes,logreg,1,1,0.5420271444784047
2022-10-27,next_day_large_move,event_days_only,next_large_move_direction,controls_event_regimes,logreg,1,0,0.4399761842145943
2022-11-01,next_day_large_move,event_days_only,next_large_move_direction,controls_event_regimes,logreg,0,1,0.5611804717341212
2022-11-02,next_day_large_move,event_days_only,next_large_move_direction,controls_event_regimes,logreg,0,0,0.469348385481575
2022-11-03,next_day_large_move,event_days_only,next_large_move_direction,controls_event_regimes,logreg,1,0,0.47245437673180035
2022-11-04,next_day_large_move,event_days_only,next_large_move_direction,controls_event_regimes,logreg,1,0,0.4984949567761562
2022-11-08,next_day_large_move,event_days_only,next_large_move_direction,controls_event_regimes,logreg,0,1,0.635136960310812
2022-11-09,next_day_large_move,event_days_only,next_large_move_direction,controls_event_regimes,logreg,1,1,0.5214877486469482
2022-11-10,next_day_large_move,event_days_only,next_large_move_direction,controls_event_regimes,logreg,1,0,0.14639494132681474
2022-11-11,next_day_large_move,event_days_only,next_large_move_direction,controls_event_regimes,logreg,0,0,0.4565091167201643
2022-11-14,next_day_large_move,event_days_only,next_large_move_direction,controls_event_regimes,logreg,1,1,0.584539479191572
2022-11-15,next_day_large_move,event_days_only,next_large_move_direction,controls_event_regimes,logreg,0,0,0.43469156210484844
2022-11-29,next_day_large_move,event_days_only,next_large_move_direction,controls_event_regimes,logreg,1,1,0.5127462082834967
2022-12-02,next_day_large_move,event_days_only,next_large_move_direction,controls_event_regimes,logreg,0,1,0.5322516684288667
2022-12-05,next_day_large_move,event_days_only,next_large_move_direction,controls_event_regimes,logreg,0,1,0.5461062953150271
2022-12-09,next_day_large_move,event_days_only,next_large_move_direction,controls_event_regimes,logreg,1,0,0.46567548820044175
2022-12-14,next_day_large_move,event_days_only,next_large_move_direction,controls_event_regimes,logreg,0,0,0.49344080171042515
2022-12-15,next_day_large_move,event_days_only,next_large_move_direction,controls_event_regimes,logreg,0,1,0.5114531377484507
2022-12-16,next_day_large_move,event_days_only,next_large_move_direction,controls_event_regimes,logreg,0,0,0.4402939082586161
2022-12-20,next_day_large_move,event_days_only,next_large_move_direction,controls_event_regimes,logreg,1,1,0.6167252648365095
2022-12-21,next_day_large_move,event_days_only,next_large_move_direction,controls_event_regimes,logreg,0,1,0.5116958260100641
2022-12-27,next_day_large_move,event_days_only,next_large_move_direction,controls_event_regimes,logreg,0,1,0.5398803603109072
2022-12-28,next_day_large_move,event_days_only,next_large_move_direction,controls_event_regimes,logreg,1,1,0.6142356469503215
2023-01-04,next_day_large_move,event_days_only,next_large_move_direction,controls_event_regimes,logreg,0,1,0.5407460807762151
2023-01-05,next_day_large_move,event_days_only,next_large_move_direction,controls_event_regimes,logreg,1,0,0.389340731049736
2023-01-10,next_day_large_move,event_days_only,next_large_move_direction,controls_event_regimes,logreg,1,0,0.3034735795392136
2023-01-17,next_day_large_move,event_days_only,next_large_move_direction,controls_event_regimes,logreg,0,0,0.48280812771275283
2023-01-19,next_day_large_move,event_days_only,next_large_move_direction,controls_event_regimes,logreg,1,1,0.5254585901584428
2023-01-20,next_day_large_move,event_days_only,next_large_move_direction,controls_event_regimes,logreg,1,0,0.4255288396052448
2023-01-25,next_day_large_move,event_days_only,next_large_move_direction,controls_event_regimes,logreg,1,0,0.4989225687280618
2023-01-27,next_day_large_move,event_days_only,next_large_move_direction,controls_event_regimes,logreg,0,0,0.33698420314301775
2023-01-30,next_day_large_move,event_days_only,next_large_move_direction,controls_event_regimes,logreg,1,0,0.4189131838801543
2023-01-31,next_day_large_move,event_days_only,next_large_move_direction,controls_event_regimes,logreg,1,0,0.4787364425890231
2023-02-01,next_day_large_move,event_days_only,next_large_move_direction,controls_event_regimes,logreg,1,0,0.3763953178367522
2023-02-02,next_day_large_move,event_days_only,next_large_move_direction,controls_event_regimes,logreg,0,0,0.27524435969608463
2023-02-06,next_day_large_move,event_days_only,next_large_move_direction,controls_event_regimes,logreg,1,1,0.5259584111143514
2023-02-07,next_day_large_move,event_days_only,next_large_move_direction,controls_event_regimes,logreg,0,0,0.3354442621405452
2023-02-08,next_day_large_move,event_days_only,next_large_move_direction,controls_event_regimes,logreg,0,1,0.5062489855021458
2023-02-10,next_day_large_move,event_days_only,next_large_move_direction,controls_event_regimes,logreg,1,0,0.3601121579350992
2023-02-15,next_day_large_move,event_days_only,next_large_move_direction,controls_event_regimes,logreg,0,1,0.5442752859320318
2023-02-17,next_day_large_move,event_days_only,next_large_move_direction,controls_event_regimes,logreg,0,0,0.4599578855194317
2023-02-23,next_day_large_move,event_days_only,next_large_move_direction,controls_event_regimes,logreg,0,0,0.3215926096658503
2023-03-02,next_day_large_move,event_days_only,next_large_move_direction,controls_event_regimes,logreg,1,0,0.49574470856846165
2023-03-06,next_day_large_move,event_days_only,next_large_move_direction,controls_event_regimes,logreg,0,1,0.570990741945882
2023-03-08,next_day_large_move,event_days_only,next_large_move_direction,controls_event_regimes,logreg,0,1,0.6679362520803195
2023-03-09,next_day_large_move,event_days_only,next_large_move_direction,controls_event_regimes,logreg,0,0,0.36378037475015357
2023-03-13,next_day_large_move,event_days_only,next_large_move_direction,controls_event_regimes,logreg,1,0,0.3896618150134856
2023-03-15,next_day_large_move,event_days_only,next_large_move_direction,controls_event_regimes,logreg,1,0,0.4502238695470616
2023-03-16,next_day_large_move,event_days_only,next_large_move_direction,controls_event_regimes,logreg,0,0,0.4455878445838137
2023-03-17,next_day_large_move,event_days_only,next_large_move_direction,controls_event_regimes,logreg,1,0,0.475397362366612
2023-03-20,next_day_large_move,event_days_only,next_large_move_direction,controls_event_regimes,logreg,1,0,0.41619765110491136
2023-03-21,next_day_large_move,event_days_only,next_large_move_direction,controls_event_regimes,logreg,0,0,0.44627820215724806
2023-03-28,next_day_large_move,event_days_only,next_large_move_direction,controls_event_regimes,logreg,1,0,0.4659986010242155
2023-03-30,next_day_large_move,event_days_only,next_large_move_direction,controls_event_regimes,logreg,1,0,0.3998889389829912
2023-04-12,next_day_large_move,event_days_only,next_large_move_direction,controls_event_regimes,logreg,1,0,0.4673298168916618
2023-04-24,next_day_large_move,event_days_only,next_large_move_direction,controls_event_regimes,logreg,0,0,0.4957738168442479
2023-04-26,next_day_large_move,event_days_only,next_large_move_direction,controls_event_regimes,logreg,1,0,0.48751166452953065
2023-04-27,next_day_large_move,event_days_only,next_large_move_direction,controls_event_regimes,logreg,1,0,0.21625728416510004
2023-05-04,next_day_large_move,event_days_only,next_large_move_direction,controls_event_regimes,logreg,1,0,0.3101406971300916
2023-05-16,next_day_large_move,event_days_only,next_large_move_direction,controls_event_regimes,logreg,1,0,0.34273033364808925
2023-05-17,next_day_large_move,event_days_only,next_large_move_direction,controls_event_regimes,logreg,1,0,0.3670450427466989
2023-05-22,next_day_large_move,event_days_only,next_large_move_direction,controls_event_regimes,logreg,0,0,0.3462248392779753
2023-05-24,next_day_large_move,event_days_only,next_large_move_direction,controls_event_regimes,logreg,1,0,0.34998745516892715
2023-05-25,next_day_large_move,event_days_only,next_large_move_direction,controls_event_regimes,logreg,1,0,0.3556963208850395
2023-05-31,next_day_large_move,event_days_only,next_large_move_direction,controls_event_regimes,logreg,1,0,0.27679540647050366
2023-06-01,next_day_large_move,event_days_only,next_large_move_direction,controls_event_regimes,logreg,1,0,0.2857229433495924
2023-06-09,next_day_large_move,event_days_only,next_large_move_direction,controls_event_regimes,logreg,1,0,0.3585847616395594
2023-06-14,next_day_large_move,event_days_only,next_large_move_direction,controls_event_regimes,logreg,1,0,0.38643524246083394
2023-06-26,next_day_large_move,event_days_only,next_large_move_direction,controls_event_regimes,logreg,1,1,0.5138393834468121
2023-06-29,next_day_large_move,event_days_only,next_large_move_direction,controls_event_regimes,logreg,1,0,0.2663496162727083
2023-07-12,next_day_large_move,event_days_only,next_large_move_direction,controls_event_regimes,logreg,1,1,0.7060792007314314
2023-07-27,next_day_large_move,event_days_only,next_large_move_direction,controls_event_regimes,logreg,1,0,0.3879261990418558
2023-08-01,next_day_large_move,event_days_only,next_large_move_direction,controls_event_regimes,logreg,0,0,0.4183929630244574
2023-08-04,next_day_large_move,event_days_only,next_large_move_direction,controls_event_regimes,logreg,1,0,0.35147653016647723
2023-08-14,next_day_large_move,event_days_only,next_large_move_direction,controls_event_regimes,logreg,0,1,0.6503998312519332
2023-08-22,next_day_large_move,event_days_only,next_large_move_direction,controls_event_regimes,logreg,1,0,0.4922466925547176
2023-08-23,next_day_large_move,event_days_only,next_large_move_direction,controls_event_regimes,logreg,0,0,0.29732004664436706
2023-08-28,next_day_large_move,event_days_only,next_large_move_direction,controls_event_regimes,logreg,1,1,0.6616459700836475
2023-09-13,next_day_large_move,event_days_only,next_large_move_direction,controls_event_regimes,logreg,1,0,0.3186122620654394
2023-09-14,next_day_large_move,event_days_only,next_large_move_direction,controls_event_regimes,logreg,0,0,0.2709248132952716
2023-09-19,next_day_large_move,event_days_only,next_large_move_direction,controls_event_regimes,logreg,0,0,0.416440635767667
2023-09-20,next_day_large_move,event_days_only,next_large_move_direction,controls_event_regimes,logreg,0,0,0.30240789760958303
2023-09-25,next_day_large_move,event_days_only,next_large_move_direction,controls_event_regimes,logreg,0,1,0.8740568795819702
2023-10-02,next_day_large_move,event_days_only,next_large_move_direction,controls_event_regimes,logreg,0,0,0.459676143297406
2023-10-05,next_day_large_move,event_days_only,next_large_move_direction,controls_event_regimes,logreg,1,1,0.5669527268900001
2023-10-13,next_day_large_move,event_days_only,next_large_move_direction,controls_event_regimes,logreg,1,0,0.36740295912372395
2023-10-17,next_day_large_move,event_days_only,next_large_move_direction,controls_event_regimes,logreg,0,0,0.3891817949396283
2023-10-18,next_day_large_move,event_days_only,next_large_move_direction,controls_event_regimes,logreg,0,0,0.3127669096735252
2023-10-19,next_day_large_move,event_days_only,next_large_move_direction,controls_event_regimes,logreg,0,0,0.390992337698967
2023-10-24,next_day_large_move,event_days_only,next_large_move_direction,controls_event_regimes,logreg,0,1,0.656211562682182
2023-10-25,next_day_large_move,event_days_only,next_large_move_direction,controls_event_regimes,logreg,0,0,0.46770747232274795
2023-10-27,next_day_large_move,event_days_only,next_large_move_direction,controls_event_regimes,logreg,1,0,0.34423171576825745
2023-10-31,next_day_large_move,event_days_only,next_large_move_direction,controls_event_regimes,logreg,1,0,0.3827928677291684
2023-11-01,next_day_large_move,event_days_only,next_large_move_direction,controls_event_regimes,logreg,1,0,0.4223325528724119
2023-11-02,next_day_large_move,event_days_only,next_large_move_direction,controls_event_regimes,logreg,1,0,0.3603837043714506
2023-11-09,next_day_large_move,event_days_only,next_large_move_direction,controls_event_regimes,logreg,1,0,0.34636017740668945
2023-11-13,next_day_large_move,event_days_only,next_large_move_direction,controls_event_regimes,logreg,1,1,0.6450681225979823
2023-12-12,next_day_large_move,event_days_only,next_large_move_direction,controls_event_regimes,logreg,1,0,0.36531022111200767
2023-12-19,next_day_large_move,event_days_only,next_large_move_direction,controls_event_regimes,logreg,0,0,0.32292674263799886
2023-12-20,next_day_large_move,event_days_only,next_large_move_direction,controls_event_regimes,logreg,1,0,0.4030997647237117
2024-01-05,next_day_large_move,event_days_only,next_large_move_direction,controls_event_regimes,logreg,1,0,0.4955398464601244
2024-01-17,next_day_large_move,event_days_only,next_large_move_direction,controls_event_regimes,logreg,1,1,0.5295312043433679
2024-01-18,next_day_large_move,event_days_only,next_large_move_direction,controls_event_regimes,logreg,1,0,0.44828664674267144
2024-01-30,next_day_large_move,event_days_only,next_large_move_direction,controls_event_regimes,logreg,0,0,0.48392905206701137
2024-01-31,next_day_large_move,event_days_only,next_large_move_direction,controls_event_regimes,logreg,1,0,0.4054956561450475
2024-02-06,next_day_large_move,event_days_only,next_large_move_direction,controls_event_regimes,logreg,1,0,0.44774539250772577
2024-02-12,next_day_large_move,event_days_only,next_large_move_direction,controls_event_regimes,logreg,0,1,0.6123378113269271
2024-02-13,next_day_large_move,event_days_only,next_large_move_direction,controls_event_regimes,logreg,1,0,0.48914873297586603
2024-02-21,next_day_large_move,event_days_only,next_large_move_direction,controls_event_regimes,logreg,1,0,0.43491418344497845
2024-03-04,next_day_large_move,event_days_only,next_large_move_direction,controls_event_regimes,logreg,0,0,0.4412994954814503
2024-03-06,next_day_large_move,event_days_only,next_large_move_direction,controls_event_regimes,logreg,1,0,0.3686987200857637
2024-03-11,next_day_large_move,event_days_only,next_large_move_direction,controls_event_regimes,logreg,1,0,0.39199409255124645
2024-03-19,next_day_large_move,event_days_only,next_large_move_direction,controls_event_regimes,logreg,1,0,0.46708454941262695
2024-03-26,next_day_large_move,event_days_only,next_large_move_direction,controls_event_regimes,logreg,1,0,0.4843248165522388
2024-04-03,next_day_large_move,event_days_only,next_large_move_direction,controls_event_regimes,logreg,0,1,0.5250369673981893
2024-04-04,next_day_large_move,event_days_only,next_large_move_direction,controls_event_regimes,logreg,1,0,0.48286240209509534
2024-04-09,next_day_large_move,event_days_only,next_large_move_direction,controls_event_regimes,logreg,0,0,0.40156739434314154
2024-04-11,next_day_large_move,event_days_only,next_large_move_direction,controls_event_regimes,logreg,0,0,0.4466873317789394
2024-04-12,next_day_large_move,event_days_only,next_large_move_direction,controls_event_regimes,logreg,0,0,0.4521809592278942
2024-04-18,next_day_large_move,event_days_only,next_large_move_direction,controls_event_regimes,logreg,0,1,0.6707130893831129
2024-04-19,next_day_large_move,event_days_only,next_large_move_direction,controls_event_regimes,logreg,1,1,0.5789140778488236
2024-04-22,next_day_large_move,event_days_only,next_large_move_direction,controls_event_regimes,logreg,1,0,0.4740051940180159
2024-04-25,next_day_large_move,event_days_only,next_large_move_direction,controls_event_regimes,logreg,1,0,0.4078411631864177
2024-04-29,next_day_large_move,event_days_only,next_large_move_direction,controls_event_regimes,logreg,0,0,0.47631710240661534
2024-05-01,next_day_large_move,event_days_only,next_large_move_direction,controls_event_regimes,logreg,1,1,0.5145970374496754
2024-05-02,next_day_large_move,event_days_only,next_large_move_direction,controls_event_regimes,logreg,1,0,0.43221428053290667
2024-05-03,next_day_large_move,event_days_only,next_large_move_direction,controls_event_regimes,logreg,1,0,0.4315096309767265
2024-05-14,next_day_large_move,event_days_only,next_large_move_direction,controls_event_regimes,logreg,1,0,0.46206172165662995
2024-06-04,next_day_large_move,event_days_only,next_large_move_direction,controls_event_regimes,logreg,1,0,0.45620241520473825
2024-06-11,next_day_large_move,event_days_only,next_large_move_direction,controls_event_regimes,logreg,1,0,0.4927778754672428
2024-07-09,next_day_large_move,event_days_only,next_large_move_direction,controls_event_regimes,logreg,1,1,0.5863129750831271
2024-07-10,next_day_large_move,event_days_only,next_large_move_direction,controls_event_regimes,logreg,0,1,0.5551423928135532
2024-07-16,next_day_large_move,event_days_only,next_large_move_direction,controls_event_regimes,logreg,0,0,0.4946420486537981
2024-07-19,next_day_large_move,event_days_only,next_large_move_direction,controls_event_regimes,logreg,1,0,0.48237915300876066
2024-07-23,next_day_large_move,event_days_only,next_large_move_direction,controls_event_regimes,logreg,0,1,0.6077880651785788
2024-07-25,next_day_large_move,event_days_only,next_large_move_direction,controls_event_regimes,logreg,1,0,0.4059414503120384
2024-07-30,next_day_large_move,event_days_only,next_large_move_direction,controls_event_regimes,logreg,1,1,0.5720104408053819
2024-07-31,next_day_large_move,event_days_only,next_large_move_direction,controls_event_regimes,logreg,0,0,0.3568828728290987
2024-08-01,next_day_large_move,event_days_only,next_large_move_direction,controls_event_regimes,logreg,0,0,0.44325831194000653
2024-08-02,next_day_large_move,event_days_only,next_large_move_direction,controls_event_regimes,logreg,0,1,0.5719176382290945
2024-08-05,next_day_large_move,event_days_only,next_large_move_direction,controls_event_regimes,logreg,1,0,0.432279236545111
2024-08-07,next_day_large_move,event_days_only,next_large_move_direction,controls_event_regimes,logreg,1,1,0.5296214055191144
2024-08-12,next_day_large_move,event_days_only,next_large_move_direction,controls_event_regimes,logreg,1,0,0.4774555581416294
2024-08-14,next_day_large_move,event_days_only,next_large_move_direction,controls_event_regimes,logreg,1,0,0.48676269409996065
2024-08-16,next_day_large_move,event_days_only,next_large_move_direction,controls_event_regimes,logreg,1,1,0.5365806989064594
2024-08-21,next_day_large_move,event_days_only,next_large_move_direction,controls_event_regimes,logreg,0,0,0.4236794498230172
2024-08-22,next_day_large_move,event_days_only,next_large_move_direction,controls_event_regimes,logreg,1,0,0.40144016676433103
2024-08-29,next_day_large_move,event_days_only,next_large_move_direction,controls_event_regimes,logreg,1,0,0.3849132121951795
2024-08-30,next_day_large_move,event_days_only,next_large_move_direction,controls_event_regimes,logreg,0,0,0.4656434187512307
2024-09-05,next_day_large_move,event_days_only,next_large_move_direction,controls_event_regimes,logreg,0,0,0.4658429206992266
2024-09-06,next_day_large_move,event_days_only,next_large_move_direction,controls_event_regimes,logreg,1,0,0.45283173289229417
2024-09-10,next_day_large_move,event_days_only,next_large_move_direction,controls_event_regimes,logreg,1,0,0.4672248249101723
2024-09-18,next_day_large_move,event_days_only,next_large_move_direction,controls_event_regimes,logreg,1,0,0.48408304479927833
2024-09-30,next_day_large_move,event_days_only,next_large_move_direction,controls_event_regimes,logreg,0,0,0.46393387668881325
2024-10-03,next_day_large_move,event_days_only,next_large_move_direction,controls_event_regimes,logreg,1,0,0.4467290969972074
2024-10-04,next_day_large_move,event_days_only,next_large_move_direction,controls_event_regimes,logreg,0,0,0.47271714397648673
2024-10-07,next_day_large_move,event_days_only,next_large_move_direction,controls_event_regimes,logreg,1,1,0.5136199187308425
2024-10-22,next_day_large_move,event_days_only,next_large_move_direction,controls_event_regimes,logreg,0,1,0.5076163804933752
2024-10-30,next_day_large_move,event_days_only,next_large_move_direction,controls_event_regimes,logreg,0,0,0.4580995351116894
2024-11-04,next_day_large_move,event_days_only,next_large_move_direction,controls_event_regimes,logreg,1,0,0.47164199139932317
2024-11-05,next_day_large_move,event_days_only,next_large_move_direction,controls_event_regimes,logreg,1,1,0.5364583713867139
2024-11-14,next_day_large_move,event_days_only,next_large_move_direction,controls_event_regimes,logreg,0,0,0.49153077773388215
2024-12-10,next_day_large_move,event_days_only,next_large_move_direction,controls_event_regimes,logreg,1,0,0.4663224691360672
2024-12-17,next_day_large_move,event_days_only,next_large_move_direction,controls_event_regimes,logreg,0,1,0.5214011183750742
2024-12-19,next_day_large_move,event_days_only,next_large_move_direction,controls_event_regimes,logreg,1,0,0.4752661968777824
2024-12-23,next_day_large_move,event_days_only,next_large_move_direction,controls_event_regimes,logreg,1,1,0.5225820485563405
2024-12-26,next_day_large_move,event_days_only,next_large_move_direction,controls_event_regimes,logreg,0,0,0.3670137069879828
2024-12-27,next_day_large_move,event_days_only,next_large_move_direction,controls_event_regimes,logreg,0,1,0.54269034324157
2025-01-02,next_day_large_move,event_days_only,next_large_move_direction,controls_event_regimes,logreg,1,1,0.5867252603412482
2025-01-06,next_day_large_move,event_days_only,next_large_move_direction,controls_event_regimes,logreg,0,1,0.6376378520238668
2025-01-08,next_day_large_move,event_days_only,next_large_move_direction,controls_event_regimes,logreg,0,1,0.5221590201760622
2025-01-14,next_day_large_move,event_days_only,next_large_move_direction,controls_event_regimes,logreg,1,1,0.6572452134108817
2025-01-16,next_day_large_move,event_days_only,next_large_move_direction,controls_event_regimes,logreg,1,1,0.5893454573761204
2025-01-17,next_day_large_move,event_days_only,next_large_move_direction,controls_event_regimes,logreg,1,0,0.47904538667973273
2025-01-24,next_day_large_move,event_days_only,next_large_move_direction,controls_event_regimes,logreg,0,1,0.5073457449011942
2025-01-27,next_day_large_move,event_days_only,next_large_move_direction,controls_event_regimes,logreg,1,1,0.5518506015692849
2025-02-06,next_day_large_move,event_days_only,next_large_move_direction,controls_event_regimes,logreg,0,1,0.5103865900295461
2025-02-12,next_day_large_move,event_days_only,next_large_move_direction,controls_event_regimes,logreg,1,1,0.6362976190022358
2025-02-20,next_day_large_move,event_days_only,next_large_move_direction,controls_event_regimes,logreg,0,0,0.44584249050901426
2025-02-26,next_day_large_move,event_days_only,next_large_move_direction,controls_event_regimes,logreg,0,1,0.5285770850607657
2025-02-27,next_day_large_move,event_days_only,next_large_move_direction,controls_event_regimes,logreg,1,1,0.6318342398725983
2025-02-28,next_day_large_move,event_days_only,next_large_move_direction,controls_event_regimes,logreg,0,1,0.6096539668059848
2025-03-03,next_day_large_move,event_days_only,next_large_move_direction,controls_event_regimes,logreg,0,1,0.7303269179277992
2025-03-04,next_day_large_move,event_days_only,next_large_move_direction,controls_event_regimes,logreg,1,1,0.7023207435367758
2025-03-05,next_day_large_move,event_days_only,next_large_move_direction,controls_event_regimes,logreg,0,1,0.6711349917070977
2025-03-07,next_day_large_move,event_days_only,next_large_move_direction,controls_event_regimes,logreg,0,1,0.5306310176979372
2025-03-12,next_day_large_move,event_days_only,next_large_move_direction,controls_event_regimes,logreg,0,1,0.5785346730733788
2025-03-13,next_day_large_move,event_days_only,next_large_move_direction,controls_event_regimes,logreg,1,1,0.6443143964574939
2025-03-17,next_day_large_move,event_days_only,next_large_move_direction,controls_event_regimes,logreg,0,1,0.6438530766589822
2025-03-18,next_day_large_move,event_days_only,next_large_move_direction,controls_event_regimes,logreg,1,1,0.6510778837747102
2025-03-21,next_day_large_move,event_days_only,next_large_move_direction,controls_event_regimes,logreg,1,1,0.6820741956077462
2025-03-25,next_day_large_move,event_days_only,next_large_move_direction,controls_event_regimes,logreg,0,1,0.5193321592941277
2025-03-27,next_day_large_move,event_days_only,next_large_move_direction,controls_event_regimes,logreg,0,1,0.5508227365401464
2025-04-02,next_day_large_move,event_days_only,next_large_move_direction,controls_event_regimes,logreg,0,0,0.4908398861632998
2025-04-03,next_day_large_move,event_days_only,next_large_move_direction,controls_event_regimes,logreg,0,1,0.5739852168687204
2025-04-07,next_day_large_move,event_days_only,next_large_move_direction,controls_event_regimes,logreg,0,0,0.49030985101329416
2025-04-08,next_day_large_move,event_days_only,next_large_move_direction,controls_event_regimes,logreg,1,1,0.6767571524304388
2025-04-09,next_day_large_move,event_days_only,next_large_move_direction,controls_event_regimes,logreg,0,0,0.11610322908276174
2025-04-10,next_day_large_move,event_days_only,next_large_move_direction,controls_event_regimes,logreg,1,1,0.5048529847385905
2025-04-15,next_day_large_move,event_days_only,next_large_move_direction,controls_event_regimes,logreg,0,1,0.5212186797245407
2025-04-17,next_day_large_move,event_days_only,next_large_move_direction,controls_event_regimes,logreg,0,0,0.48670569146214504
2025-04-21,next_day_large_move,event_days_only,next_large_move_direction,controls_event_regimes,logreg,1,1,0.7115648142937884
2025-04-22,next_day_large_move,event_days_only,next_large_move_direction,controls_event_regimes,logreg,1,1,0.6960301784575404
2025-04-23,next_day_large_move,event_days_only,next_large_move_direction,controls_event_regimes,logreg,1,1,0.6665479353832899
2025-05-01,next_day_large_move,event_days_only,next_large_move_direction,controls_event_regimes,logreg,1,0,0.43155780378084735
2025-05-09,next_day_large_move,event_days_only,next_large_move_direction,controls_event_regimes,logreg,1,1,0.5753173238206926
2025-05-20,next_day_large_move,event_days_only,next_large_move_direction,controls_event_regimes,logreg,0,1,0.6224017829354804
2025-05-23,next_day_large_move,event_days_only,next_large_move_direction,controls_event_regimes,logreg,1,1,0.5527202791171222
2025-06-05,next_day_large_move,event_days_only,next_large_move_direction,controls_event_regimes,logreg,1,0,0.41015363109155206
2025-06-12,next_day_large_move,event_days_only,next_large_move_direction,controls_event_regimes,logreg,0,0,0.4993184021465638
2025-06-13,next_day_large_move,event_days_only,next_large_move_direction,controls_event_regimes,logreg,1,1,0.7370074256889613
2025-06-16,next_day_large_move,event_days_only,next_large_move_direction,controls_event_regimes,logreg,0,1,0.6053366400592332
2025-06-20,next_day_large_move,event_days_only,next_large_move_direction,controls_event_regimes,logreg,1,1,0.5562483019893085
2025-06-23,next_day_large_move,event_days_only,next_large_move_direction,controls_event_regimes,logreg,1,1,0.5527148632628801
2025-07-02,next_day_large_move,event_days_only,next_large_move_direction,controls_event_regimes,logreg,1,0,0.4150939256630115
2025-07-31,next_day_large_move,event_days_only,next_large_move_direction,controls_event_regimes,logreg,0,0,0.4821386779831116
2025-08-01,next_day_large_move,event_days_only,next_large_move_direction,controls_event_regimes,logreg,1,1,0.5940012462968463
2025-08-11,next_day_large_move,event_days_only,next_large_move_direction,controls_event_regimes,logreg,1,1,0.5329173867416611
2025-08-21,next_day_large_move,event_days_only,next_large_move_direction,controls_event_regimes,logreg,1,0,0.4095798931390371
2025-09-03,next_day_large_move,event_days_only,next_large_move_direction,controls_event_regimes,logreg,1,1,0.6203978187256745
2025-09-10,next_day_large_move,event_days_only,next_large_move_direction,controls_event_regimes,logreg,1,1,0.6383214942520903
2025-10-09,next_day_large_move,event_days_only,next_large_move_direction,controls_event_regimes,logreg,0,1,0.5260719013040497
2025-10-10,next_day_large_move,event_days_only,next_large_move_direction,controls_event_regimes,logreg,1,1,0.5740574421883167
2025-10-17,next_day_large_move,event_days_only,next_large_move_direction,controls_event_regimes,logreg,1,1,0.6211345685912641
2025-10-24,next_day_large_move,event_days_only,next_large_move_direction,controls_event_regimes,logreg,1,1,0.5026625064878945
2025-10-29,next_day_large_move,event_days_only,next_large_move_direction,controls_event_regimes,logreg,0,0,0.4841736311632318
2025-11-03,next_day_large_move,event_days_only,next_large_move_direction,controls_event_regimes,logreg,0,0,0.479240997177554
2025-11-05,next_day_large_move,event_days_only,next_large_move_direction,controls_event_regimes,logreg,0,0,0.4470389127613335
2025-11-07,next_day_large_move,event_days_only,next_large_move_direction,controls_event_regimes,logreg,1,1,0.5978598472320443
2025-11-12,next_day_large_move,event_days_only,next_large_move_direction,controls_event_regimes,logreg,0,1,0.6818340283552576
2025-11-14,next_day_large_move,event_days_only,next_large_move_direction,controls_event_regimes,logreg,0,1,0.604456111804619
2025-11-17,next_day_large_move,event_days_only,next_large_move_direction,controls_event_regimes,logreg,0,1,0.637651018660702
2025-11-19,next_day_large_move,event_days_only,next_large_move_direction,controls_event_regimes,logreg,0,1,0.5494421842042285
2025-11-20,next_day_large_move,event_days_only,next_large_move_direction,controls_event_regimes,logreg,1,1,0.5840043423699159
2025-11-21,next_day_large_move,event_days_only,next_large_move_direction,controls_event_regimes,logreg,1,0,0.46429230586878095
2025-11-24,next_day_large_move,event_days_only,next_large_move_direction,controls_event_regimes,logreg,1,1,0.5201428746919343
2025-12-11,next_day_large_move,event_days_only,next_large_move_direction,controls_event_regimes,logreg,0,1,0.6047790194039218
2025-12-16,next_day_large_move,event_days_only,next_large_move_direction,controls_event_regimes,logreg,0,1,0.6140231226506994
2025-12-18,next_day_large_move,event_days_only,next_large_move_direction,controls_event_regimes,logreg,1,1,0.5603224200746391
2022-02-14,next_day_large_move,event_days_only,next_large_move_direction,controls_event_regimes,random_forest,1,0,0.4436073769021593
2022-04-28,next_day_large_move,event_days_only,next_large_move_direction,controls_event_regimes,random_forest,0,0,0.47724034919194536
2022-05-10,next_day_large_move,event_days_only,next_large_move_direction,controls_event_regimes,random_forest,0,1,0.5963073921906485
2022-05-12,next_day_large_move,event_days_only,next_large_move_direction,controls_event_regimes,random_forest,1,1,0.5642610942687604
2022-05-16,next_day_large_move,event_days_only,next_large_move_direction,controls_event_regimes,random_forest,1,1,0.5825014707129843
2022-05-17,next_day_large_move,event_days_only,next_large_move_direction,controls_event_regimes,random_forest,0,1,0.5240093666235834
2022-05-20,next_day_large_move,event_days_only,next_large_move_direction,controls_event_regimes,random_forest,1,1,0.5415194892644338
2022-05-23,next_day_large_move,event_days_only,next_large_move_direction,controls_event_regimes,random_forest,0,1,0.5491706371572911
2022-05-24,next_day_large_move,event_days_only,next_large_move_direction,controls_event_regimes,random_forest,1,1,0.639240417032167
2022-05-25,next_day_large_move,event_days_only,next_large_move_direction,controls_event_regimes,random_forest,1,1,0.5387468132258839
2022-05-26,next_day_large_move,event_days_only,next_large_move_direction,controls_event_regimes,random_forest,1,0,0.4993250522531922
2022-06-01,next_day_large_move,event_days_only,next_large_move_direction,controls_event_regimes,random_forest,1,1,0.5629664930180371
2022-06-02,next_day_large_move,event_days_only,next_large_move_direction,controls_event_regimes,random_forest,0,1,0.5146691560418634
2022-06-06,next_day_large_move,event_days_only,next_large_move_direction,controls_event_regimes,random_forest,1,1,0.5426906267661955
2022-06-07,next_day_large_move,event_days_only,next_large_move_direction,controls_event_regimes,random_forest,0,0,0.4764774487978084
2022-06-08,next_day_large_move,event_days_only,next_large_move_direction,controls_event_regimes,random_forest,0,1,0.6249681620442764
2022-06-09,next_day_large_move,event_days_only,next_large_move_direction,controls_event_regimes,random_forest,0,1,0.5514454693049828
2022-06-10,next_day_large_move,event_days_only,next_large_move_direction,controls_event_regimes,random_forest,0,1,0.5881184524012216
2022-06-14,next_day_large_move,event_days_only,next_large_move_direction,controls_event_regimes,random_forest,1,1,0.6306520572383625
2022-06-15,next_day_large_move,event_days_only,next_large_move_direction,controls_event_regimes,random_forest,0,1,0.6320282604266096
2022-06-17,next_day_large_move,event_days_only,next_large_move_direction,controls_event_regimes,random_forest,1,1,0.5580071140424661
2022-06-22,next_day_large_move,event_days_only,next_large_move_direction,controls_event_regimes,random_forest,1,1,0.5863827075803527
2022-06-23,next_day_large_move,event_days_only,next_large_move_direction,controls_event_regimes,random_forest,1,1,0.5541442023582944
2022-06-29,next_day_large_move,event_days_only,next_large_move_direction,controls_event_regimes,random_forest,0,1,0.6064577879967985
2022-06-30,next_day_large_move,event_days_only,next_large_move_direction,controls_event_regimes,random_forest,1,1,0.5890198606330689
2022-07-06,next_day_large_move,event_days_only,next_large_move_direction,controls_event_regimes,random_forest,1,1,0.5253735594250599
2022-07-08,next_day_large_move,event_days_only,next_large_move_direction,controls_event_regimes,random_forest,0,1,0.5248722298108563
2022-07-14,next_day_large_move,event_days_only,next_large_move_direction,controls_event_regimes,random_forest,1,1,0.5119090862286498
2022-07-15,next_day_large_move,event_days_only,next_large_move_direction,controls_event_regimes,random_forest,0,1,0.5305509875740122
2022-07-18,next_day_large_move,event_days_only,next_large_move_direction,controls_event_regimes,random_forest,1,1,0.5619205558717547
2022-07-20,next_day_large_move,event_days_only,next_large_move_direction,controls_event_regimes,random_forest,1,1,0.5521676940456666
2022-07-21,next_day_large_move,event_days_only,next_large_move_direction,controls_event_regimes,random_forest,0,1,0.5229008189318498
2022-07-25,next_day_large_move,event_days_only,next_large_move_direction,controls_event_regimes,random_forest,0,1,0.5554933909262321
2022-07-26,next_day_large_move,event_days_only,next_large_move_direction,controls_event_regimes,random_forest,1,1,0.5000457936633362
2022-07-27,next_day_large_move,event_days_only,next_large_move_direction,controls_event_regimes,random_forest,1,1,0.6004110783850206
2022-08-02,next_day_large_move,event_days_only,next_large_move_direction,controls_event_regimes,random_forest,1,1,0.6339257043673364
2022-08-09,next_day_large_move,event_days_only,next_large_move_direction,controls_event_regimes,random_forest,1,1,0.5529754882134217
2022-08-11,next_day_large_move,event_days_only,next_large_move_direction,controls_event_regimes,random_forest,1,1,0.5975243220633079
2022-08-18,next_day_large_move,event_days_only,next_large_move_direction,controls_event_regimes,random_forest,0,1,0.5841317207983863
2022-08-19,next_day_large_move,event_days_only,next_large_move_direction,controls_event_regimes,random_forest,0,0,0.4920042211568307
2022-08-24,next_day_large_move,event_days_only,next_large_move_direction,controls_event_regimes,random_forest,1,1,0.5256789995923877
2022-08-25,next_day_large_move,event_days_only,next_large_move_direction,controls_event_regimes,random_forest,0,1,0.5742551774481196
2022-08-29,next_day_large_move,event_days_only,next_large_move_direction,controls_event_regimes,random_forest,0,1,0.5794920797743883
2022-09-06,next_day_large_move,event_days_only,next_large_move_direction,controls_event_regimes,random_forest,1,1,0.5230730378005842
2022-09-08,next_day_large_move,event_days_only,next_large_move_direction,controls_event_regimes,random_forest,1,1,0.5434075883265662
2022-09-09,next_day_large_move,event_days_only,next_large_move_direction,controls_event_regimes,random_forest,1,0,0.49520768643929175
2022-09-12,next_day_large_move,event_days_only,next_large_move_direction,controls_event_regimes,random_forest,0,1,0.5158839833143027
2022-09-14,next_day_large_move,event_days_only,next_large_move_direction,controls_event_regimes,random_forest,0,1,0.5239327172799897
2022-09-19,next_day_large_move,event_days_only,next_large_move_direction,controls_event_regimes,random_forest,0,1,0.6218138147294872
2022-09-20,next_day_large_move,event_days_only,next_large_move_direction,controls_event_regimes,random_forest,0,0,0.4993592319914187
2022-09-21,next_day_large_move,event_days_only,next_large_move_direction,controls_event_regimes,random_forest,0,0,0.46543405051579667
2022-09-22,next_day_large_move,event_days_only,next_large_move_direction,controls_event_regimes,random_forest,0,0,0.49170702687801665
2022-09-23,next_day_large_move,event_days_only,next_large_move_direction,controls_event_regimes,random_forest,0,0,0.4781128967331828
2022-09-27,next_day_large_move,event_days_only,next_large_move_direction,controls_event_regimes,random_forest,1,0,0.4965745954223704
2022-09-28,next_day_large_move,event_days_only,next_large_move_direction,controls_event_regimes,random_forest,0,1,0.5786967939419465
2022-09-29,next_day_large_move,event_days_only,next_large_move_direction,controls_event_regimes,random_forest,0,1,0.5014901578325169
2022-09-30,next_day_large_move,event_days_only,next_large_move_direction,controls_event_regimes,random_forest,1,1,0.5380193010083825
2022-10-03,next_day_large_move,event_days_only,next_large_move_direction,controls_event_regimes,random_forest,1,1,0.5591171560059027
2022-10-05,next_day_large_move,event_days_only,next_large_move_direction,controls_event_regimes,random_forest,0,0,0.4957927010001964
2022-10-06,next_day_large_move,event_days_only,next_large_move_direction,controls_event_regimes,random_forest,0,0,0.4962949889223847
2022-10-12,next_day_large_move,event_days_only,next_large_move_direction,controls_event_regimes,random_forest,1,1,0.5109618559026826
2022-10-13,next_day_large_move,event_days_only,next_large_move_direction,controls_event_regimes,random_forest,0,1,0.528614304821347
2022-10-14,next_day_large_move,event_days_only,next_large_move_direction,controls_event_regimes,random_forest,1,1,0.5508408980415723
2022-10-17,next_day_large_move,event_days_only,next_large_move_direction,controls_event_regimes,random_forest,1,1,0.5719683796061301
2022-10-20,next_day_large_move,event_days_only,next_large_move_direction,controls_event_regimes,random_forest,1,1,0.5740075131045864
2022-10-21,next_day_large_move,event_days_only,next_large_move_direction,controls_event_regimes,random_forest,1,0,0.4761456662172907
2022-10-24,next_day_large_move,event_days_only,next_large_move_direction,controls_event_regimes,random_forest,1,0,0.47946523491702137
2022-10-27,next_day_large_move,event_days_only,next_large_move_direction,controls_event_regimes,random_forest,1,1,0.5236868510018297
2022-11-01,next_day_large_move,event_days_only,next_large_move_direction,controls_event_regimes,random_forest,0,1,0.5069510735737872
2022-11-02,next_day_large_move,event_days_only,next_large_move_direction,controls_event_regimes,random_forest,0,1,0.5046822123702215
2022-11-03,next_day_large_move,event_days_only,next_large_move_direction,controls_event_regimes,random_forest,1,1,0.5815335785584111
2022-11-04,next_day_large_move,event_days_only,next_large_move_direction,controls_event_regimes,random_forest,1,1,0.5383343850811849
2022-11-08,next_day_large_move,event_days_only,next_large_move_direction,controls_event_regimes,random_forest,0,1,0.5473819736354424
2022-11-09,next_day_large_move,event_days_only,next_large_move_direction,controls_event_regimes,random_forest,1,1,0.5541637163987132
2022-11-10,next_day_large_move,event_days_only,next_large_move_direction,controls_event_regimes,random_forest,1,0,0.41686708492845426
2022-11-11,next_day_large_move,event_days_only,next_large_move_direction,controls_event_regimes,random_forest,0,0,0.4653484387484052
2022-11-14,next_day_large_move,event_days_only,next_large_move_direction,controls_event_regimes,random_forest,1,1,0.574440829922005
2022-11-15,next_day_large_move,event_days_only,next_large_move_direction,controls_event_regimes,random_forest,0,1,0.5387400548697425
2022-11-29,next_day_large_move,event_days_only,next_large_move_direction,controls_event_regimes,random_forest,1,0,0.4705672192789091
2022-12-02,next_day_large_move,event_days_only,next_large_move_direction,controls_event_regimes,random_forest,0,1,0.6334688880474462
2022-12-05,next_day_large_move,event_days_only,next_large_move_direction,controls_event_regimes,random_forest,0,1,0.5949068827922936
2022-12-09,next_day_large_move,event_days_only,next_large_move_direction,controls_event_regimes,random_forest,1,0,0.48118259501306065
2022-12-14,next_day_large_move,event_days_only,next_large_move_direction,controls_event_regimes,random_forest,0,0,0.490009213150115
2022-12-15,next_day_large_move,event_days_only,next_large_move_direction,controls_event_regimes,random_forest,0,0,0.49112863015890246
2022-12-16,next_day_large_move,event_days_only,next_large_move_direction,controls_event_regimes,random_forest,0,0,0.423917985649145
2022-12-20,next_day_large_move,event_days_only,next_large_move_direction,controls_event_regimes,random_forest,1,0,0.4675556626687885
2022-12-21,next_day_large_move,event_days_only,next_large_move_direction,controls_event_regimes,random_forest,0,1,0.5488700532361718
2022-12-27,next_day_large_move,event_days_only,next_large_move_direction,controls_event_regimes,random_forest,0,0,0.4782784554002349
2022-12-28,next_day_large_move,event_days_only,next_large_move_direction,controls_event_regimes,random_forest,1,1,0.5668895923941081
2023-01-04,next_day_large_move,event_days_only,next_large_move_direction,controls_event_regimes,random_forest,0,1,0.585
2023-01-05,next_day_large_move,event_days_only,next_large_move_direction,controls_event_regimes,random_forest,1,0,0.49
2023-01-10,next_day_large_move,event_days_only,next_large_move_direction,controls_event_regimes,random_forest,1,0,0.39
2023-01-17,next_day_large_move,event_days_only,next_large_move_direction,controls_event_regimes,random_forest,0,1,0.58
2023-01-19,next_day_large_move,event_days_only,next_large_move_direction,controls_event_regimes,random_forest,1,1,0.6
2023-01-20,next_day_large_move,event_days_only,next_large_move_direction,controls_event_regimes,random_forest,1,1,0.59
2023-01-25,next_day_large_move,event_days_only,next_large_move_direction,controls_event_regimes,random_forest,1,1,0.565
2023-01-27,next_day_large_move,event_days_only,next_large_move_direction,controls_event_regimes,random_forest,0,0,0.345
2023-01-30,next_day_large_move,event_days_only,next_large_move_direction,controls_event_regimes,random_forest,1,0,0.48
2023-01-31,next_day_large_move,event_days_only,next_large_move_direction,controls_event_regimes,random_forest,1,1,0.635
2023-02-01,next_day_large_move,event_days_only,next_large_move_direction,controls_event_regimes,random_forest,1,1,0.525
2023-02-02,next_day_large_move,event_days_only,next_large_move_direction,controls_event_regimes,random_forest,0,1,0.51
2023-02-06,next_day_large_move,event_days_only,next_large_move_direction,controls_event_regimes,random_forest,1,1,0.625
2023-02-07,next_day_large_move,event_days_only,next_large_move_direction,controls_event_regimes,random_forest,0,1,0.505
2023-02-08,next_day_large_move,event_days_only,next_large_move_direction,controls_event_regimes,random_forest,0,1,0.585
2023-02-10,next_day_large_move,event_days_only,next_large_move_direction,controls_event_regimes,random_forest,1,0,0.485
2023-02-15,next_day_large_move,event_days_only,next_large_move_direction,controls_event_regimes,random_forest,0,1,0.645
2023-02-17,next_day_large_move,event_days_only,next_large_move_direction,controls_event_regimes,random_forest,0,1,0.595
2023-02-23,next_day_large_move,event_days_only,next_large_move_direction,controls_event_regimes,random_forest,0,1,0.545
2023-03-02,next_day_large_move,event_days_only,next_large_move_direction,controls_event_regimes,random_forest,1,1,0.52
2023-03-06,next_day_large_move,event_days_only,next_large_move_direction,controls_event_regimes,random_forest,0,1,0.8
2023-03-08,next_day_large_move,event_days_only,next_large_move_direction,controls_event_regimes,random_forest,0,1,0.71
2023-03-09,next_day_large_move,event_days_only,next_large_move_direction,controls_event_regimes,random_forest,0,0,0.3
2023-03-13,next_day_large_move,event_days_only,next_large_move_direction,controls_event_regimes,random_forest,1,1,0.63
2023-03-15,next_day_large_move,event_days_only,next_large_move_direction,controls_event_regimes,random_forest,1,0,0.48
2023-03-16,next_day_large_move,event_days_only,next_large_move_direction,controls_event_regimes,random_forest,0,0,0.44
2023-03-17,next_day_large_move,event_days_only,next_large_move_direction,controls_event_regimes,random_forest,1,1,0.615
2023-03-20,next_day_large_move,event_days_only,next_large_move_direction,controls_event_regimes,random_forest,1,1,0.51
2023-03-21,next_day_large_move,event_days_only,next_large_move_direction,controls_event_regimes,random_forest,0,1,0.525
2023-03-28,next_day_large_move,event_days_only,next_large_move_direction,controls_event_regimes,random_forest,1,1,0.57
2023-03-30,next_day_large_move,event_days_only,next_large_move_direction,controls_event_regimes,random_forest,1,1,0.59
2023-04-12,next_day_large_move,event_days_only,next_large_move_direction,controls_event_regimes,random_forest,1,1,0.58
2023-04-24,next_day_large_move,event_days_only,next_large_move_direction,controls_event_regimes,random_forest,0,1,0.69
2023-04-26,next_day_large_move,event_days_only,next_large_move_direction,controls_event_regimes,random_forest,1,1,0.575
2023-04-27,next_day_large_move,event_days_only,next_large_move_direction,controls_event_regimes,random_forest,1,0,0.395
2023-05-04,next_day_large_move,event_days_only,next_large_move_direction,controls_event_regimes,random_forest,1,1,0.585
2023-05-16,next_day_large_move,event_days_only,next_large_move_direction,controls_event_regimes,random_forest,1,1,0.655
2023-05-17,next_day_large_move,event_days_only,next_large_move_direction,controls_event_regimes,random_forest,1,0,0.42
2023-05-22,next_day_large_move,event_days_only,next_large_move_direction,controls_event_regimes,random_forest,0,0,0.4
2023-05-24,next_day_large_move,event_days_only,next_large_move_direction,controls_event_regimes,random_forest,1,0,0.5
2023-05-25,next_day_large_move,event_days_only,next_large_move_direction,controls_event_regimes,random_forest,1,0,0.445
2023-05-31,next_day_large_move,event_days_only,next_large_move_direction,controls_event_regimes,random_forest,1,0,0.37
2023-06-01,next_day_large_move,event_days_only,next_large_move_direction,controls_event_regimes,random_forest,1,0,0.355
2023-06-09,next_day_large_move,event_days_only,next_large_move_direction,controls_event_regimes,random_forest,1,0,0.45
2023-06-14,next_day_large_move,event_days_only,next_large_move_direction,controls_event_regimes,random_forest,1,1,0.605
2023-06-26,next_day_large_move,event_days_only,next_large_move_direction,controls_event_regimes,random_forest,1,1,0.61
2023-06-29,next_day_large_move,event_days_only,next_large_move_direction,controls_event_regimes,random_forest,1,1,0.51
2023-07-12,next_day_large_move,event_days_only,next_large_move_direction,controls_event_regimes,random_forest,1,1,0.73
2023-07-27,next_day_large_move,event_days_only,next_large_move_direction,controls_event_regimes,random_forest,1,1,0.57
2023-08-01,next_day_large_move,event_days_only,next_large_move_direction,controls_event_regimes,random_forest,0,0,0.42
2023-08-04,next_day_large_move,event_days_only,next_large_move_direction,controls_event_regimes,random_forest,1,1,0.535
2023-08-14,next_day_large_move,event_days_only,next_large_move_direction,controls_event_regimes,random_forest,0,1,0.67
2023-08-22,next_day_large_move,event_days_only,next_large_move_direction,controls_event_regimes,random_forest,1,1,0.59
2023-08-23,next_day_large_move,event_days_only,next_large_move_direction,controls_event_regimes,random_forest,0,0,0.41
2023-08-28,next_day_large_move,event_days_only,next_large_move_direction,controls_event_regimes,random_forest,1,1,0.69
2023-09-13,next_day_large_move,event_days_only,next_large_move_direction,controls_event_regimes,random_forest,1,0,0.425
2023-09-14,next_day_large_move,event_days_only,next_large_move_direction,controls_event_regimes,random_forest,0,0,0.41
2023-09-19,next_day_large_move,event_days_only,next_large_move_direction,controls_event_regimes,random_forest,0,1,0.575
2023-09-20,next_day_large_move,event_days_only,next_large_move_direction,controls_event_regimes,random_forest,0,0,0.41
2023-09-25,next_day_large_move,event_days_only,next_large_move_direction,controls_event_regimes,random_forest,0,1,0.64
2023-10-02,next_day_large_move,event_days_only,next_large_move_direction,controls_event_regimes,random_forest,0,1,0.555
2023-10-05,next_day_large_move,event_days_only,next_large_move_direction,controls_event_regimes,random_forest,1,1,0.59
2023-10-13,next_day_large_move,event_days_only,next_large_move_direction,controls_event_regimes,random_forest,1,1,0.505
2023-10-17,next_day_large_move,event_days_only,next_large_move_direction,controls_event_regimes,random_forest,0,0,0.48
2023-10-18,next_day_large_move,event_days_only,next_large_move_direction,controls_event_regimes,random_forest,0,0,0.48
2023-10-19,next_day_large_move,event_days_only,next_large_move_direction,controls_event_regimes,random_forest,0,1,0.52
2023-10-24,next_day_large_move,event_days_only,next_large_move_direction,controls_event_regimes,random_forest,0,1,0.645
2023-10-25,next_day_large_move,event_days_only,next_large_move_direction,controls_event_regimes,random_forest,0,0,0.425
2023-10-27,next_day_large_move,event_days_only,next_large_move_direction,controls_event_regimes,random_forest,1,1,0.645
2023-10-31,next_day_large_move,event_days_only,next_large_move_direction,controls_event_regimes,random_forest,1,0,0.47
2023-11-01,next_day_large_move,event_days_only,next_large_move_direction,controls_event_regimes,random_forest,1,1,0.525
2023-11-02,next_day_large_move,event_days_only,next_large_move_direction,controls_event_regimes,random_forest,1,1,0.55
2023-11-09,next_day_large_move,event_days_only,next_large_move_direction,controls_event_regimes,random_forest,1,1,0.575
2023-11-13,next_day_large_move,event_days_only,next_large_move_direction,controls_event_regimes,random_forest,1,1,0.79
2023-12-12,next_day_large_move,event_days_only,next_large_move_direction,controls_event_regimes,random_forest,1,1,0.53
2023-12-19,next_day_large_move,event_days_only,next_large_move_direction,controls_event_regimes,random_forest,0,0,0.415
2023-12-20,next_day_large_move,event_days_only,next_large_move_direction,controls_event_regimes,random_forest,1,0,0.475
2024-01-05,next_day_large_move,event_days_only,next_large_move_direction,controls_event_regimes,random_forest,1,1,0.58387948350291
2024-01-17,next_day_large_move,event_days_only,next_large_move_direction,controls_event_regimes,random_forest,1,1,0.5305841977164532
2024-01-18,next_day_large_move,event_days_only,next_large_move_direction,controls_event_regimes,random_forest,1,1,0.5493790769852162
2024-01-30,next_day_large_move,event_days_only,next_large_move_direction,controls_event_regimes,random_forest,0,0,0.39582890578192964
2024-01-31,next_day_large_move,event_days_only,next_large_move_direction,controls_event_regimes,random_forest,1,1,0.5139463937560123
2024-02-06,next_day_large_move,event_days_only,next_large_move_direction,controls_event_regimes,random_forest,1,0,0.4883917827106286
2024-02-12,next_day_large_move,event_days_only,next_large_move_direction,controls_event_regimes,random_forest,0,1,0.6485932310683811
2024-02-13,next_day_large_move,event_days_only,next_large_move_direction,controls_event_regimes,random_forest,1,1,0.5079440147284526
2024-02-21,next_day_large_move,event_days_only,next_large_move_direction,controls_event_regimes,random_forest,1,1,0.5612993766321799
2024-03-04,next_day_large_move,event_days_only,next_large_move_direction,controls_event_regimes,random_forest,0,0,0.47139550336694747
2024-03-06,next_day_large_move,event_days_only,next_large_move_direction,controls_event_regimes,random_forest,1,0,0.42234803585307007
2024-03-11,next_day_large_move,event_days_only,next_large_move_direction,controls_event_regimes,random_forest,1,0,0.44660767414271396
2024-03-19,next_day_large_move,event_days_only,next_large_move_direction,controls_event_regimes,random_forest,1,0,0.4758549517690083
2024-03-26,next_day_large_move,event_days_only,next_large_move_direction,controls_event_regimes,random_forest,1,0,0.4692103106015466
2024-04-03,next_day_large_move,event_days_only,next_large_move_direction,controls_event_regimes,random_forest,0,1,0.5257504187747142
2024-04-04,next_day_large_move,event_days_only,next_large_move_direction,controls_event_regimes,random_forest,1,1,0.5551059946424317
2024-04-09,next_day_large_move,event_days_only,next_large_move_direction,controls_event_regimes,random_forest,0,0,0.3684215365887537
2024-04-11,next_day_large_move,event_days_only,next_large_move_direction,controls_event_regimes,random_forest,0,1,0.5452587798913688
2024-04-12,next_day_large_move,event_days_only,next_large_move_direction,controls_event_regimes,random_forest,0,0,0.42740467572362995
2024-04-18,next_day_large_move,event_days_only,next_large_move_direction,controls_event_regimes,random_forest,0,1,0.6995843798142792
2024-04-19,next_day_large_move,event_days_only,next_large_move_direction,controls_event_regimes,random_forest,1,1,0.6031036915084325
2024-04-22,next_day_large_move,event_days_only,next_large_move_direction,controls_event_regimes,random_forest,1,1,0.6026198320939704
2024-04-25,next_day_large_move,event_days_only,next_large_move_direction,controls_event_regimes,random_forest,1,0,0.4541651527558008
2024-04-29,next_day_large_move,event_days_only,next_large_move_direction,controls_event_regimes,random_forest,0,1,0.5632073703317954
2024-05-01,next_day_large_move,event_days_only,next_large_move_direction,controls_event_regimes,random_forest,1,1,0.592352741309627
2024-05-02,next_day_large_move,event_days_only,next_large_move_direction,controls_event_regimes,random_forest,1,1,0.5332133975604645
2024-05-03,next_day_large_move,event_days_only,next_large_move_direction,controls_event_regimes,random_forest,1,0,0.4814435184800368
2024-05-14,next_day_large_move,event_days_only,next_large_move_direction,controls_event_regimes,random_forest,1,1,0.604455424266572
2024-06-04,next_day_large_move,event_days_only,next_large_move_direction,controls_event_regimes,random_forest,1,0,0.46237640272301034
2024-06-11,next_day_large_move,event_days_only,next_large_move_direction,controls_event_regimes,random_forest,1,1,0.5061608969402895
2024-07-09,next_day_large_move,event_days_only,next_large_move_direction,controls_event_regimes,random_forest,1,1,0.5569277523397176
2024-07-10,next_day_large_move,event_days_only,next_large_move_direction,controls_event_regimes,random_forest,0,1,0.6052154314817509
2024-07-16,next_day_large_move,event_days_only,next_large_move_direction,controls_event_regimes,random_forest,0,1,0.5869307241483553
2024-07-19,next_day_large_move,event_days_only,next_large_move_direction,controls_event_regimes,random_forest,1,1,0.5236424541899808
2024-07-23,next_day_large_move,event_days_only,next_large_move_direction,controls_event_regimes,random_forest,0,0,0.47638656226389126
2024-07-25,next_day_large_move,event_days_only,next_large_move_direction,controls_event_regimes,random_forest,1,0,0.4497507661934519
2024-07-30,next_day_large_move,event_days_only,next_large_move_direction,controls_event_regimes,random_forest,1,1,0.640610356311243
2024-07-31,next_day_large_move,event_days_only,next_large_move_direction,controls_event_regimes,random_forest,0,0,0.44424693261077985
2024-08-01,next_day_large_move,event_days_only,next_large_move_direction,controls_event_regimes,random_forest,0,0,0.4419904971511436
2024-08-02,next_day_large_move,event_days_only,next_large_move_direction,controls_event_regimes,random_forest,0,0,0.43576614859458623
2024-08-05,next_day_large_move,event_days_only,next_large_move_direction,controls_event_regimes,random_forest,1,0,0.42346257965389783
2024-08-07,next_day_large_move,event_days_only,next_large_move_direction,controls_event_regimes,random_forest,1,1,0.6518713229034349
2024-08-12,next_day_large_move,event_days_only,next_large_move_direction,controls_event_regimes,random_forest,1,0,0.4836613934214744
2024-08-14,next_day_large_move,event_days_only,next_large_move_direction,controls_event_regimes,random_forest,1,1,0.5366663522131736
2024-08-16,next_day_large_move,event_days_only,next_large_move_direction,controls_event_regimes,random_forest,1,1,0.5306332645478395
2024-08-21,next_day_large_move,event_days_only,next_large_move_direction,controls_event_regimes,random_forest,0,1,0.5274019588622214
2024-08-22,next_day_large_move,event_days_only,next_large_move_direction,controls_event_regimes,random_forest,1,0,0.46073878988344896
2024-08-29,next_day_large_move,event_days_only,next_large_move_direction,controls_event_regimes,random_forest,1,1,0.5135459594873133
2024-08-30,next_day_large_move,event_days_only,next_large_move_direction,controls_event_regimes,random_forest,0,1,0.5648365488571211
2024-09-05,next_day_large_move,event_days_only,next_large_move_direction,controls_event_regimes,random_forest,0,1,0.5088402435193229
2024-09-06,next_day_large_move,event_days_only,next_large_move_direction,controls_event_regimes,random_forest,1,0,0.39511213318464206
2024-09-10,next_day_large_move,event_days_only,next_large_move_direction,controls_event_regimes,random_forest,1,1,0.5240611291398634
2024-09-18,next_day_large_move,event_days_only,next_large_move_direction,controls_event_regimes,random_forest,1,1,0.5989654229384742
2024-09-30,next_day_large_move,event_days_only,next_large_move_direction,controls_event_regimes,random_forest,0,1,0.5749065456457645
2024-10-03,next_day_large_move,event_days_only,next_large_move_direction,controls_event_regimes,random_forest,1,1,0.5049877775015778
2024-10-04,next_day_large_move,event_days_only,next_large_move_direction,controls_event_regimes,random_forest,0,0,0.42303144429381523
2024-10-07,next_day_large_move,event_days_only,next_large_move_direction,controls_event_regimes,random_forest,1,1,0.6311368451753797
2024-10-22,next_day_large_move,event_days_only,next_large_move_direction,controls_event_regimes,random_forest,0,0,0.463974043451076
2024-10-30,next_day_large_move,event_days_only,next_large_move_direction,controls_event_regimes,random_forest,0,0,0.441953473471544
2024-11-04,next_day_large_move,event_days_only,next_large_move_direction,controls_event_regimes,random_forest,1,1,0.506010373951439
2024-11-05,next_day_large_move,event_days_only,next_large_move_direction,controls_event_regimes,random_forest,1,1,0.520996126340452
2024-11-14,next_day_large_move,event_days_only,next_large_move_direction,controls_event_regimes,random_forest,0,1,0.5388059829706772
2024-12-10,next_day_large_move,event_days_only,next_large_move_direction,controls_event_regimes,random_forest,1,0,0.47046457381228934
2024-12-17,next_day_large_move,event_days_only,next_large_move_direction,controls_event_regimes,random_forest,0,0,0.45469387760737445
2024-12-19,next_day_large_move,event_days_only,next_large_move_direction,controls_event_regimes,random_forest,1,0,0.48399443296411016
2024-12-23,next_day_large_move,event_days_only,next_large_move_direction,controls_event_regimes,random_forest,1,1,0.6618124019537964
2024-12-26,next_day_large_move,event_days_only,next_large_move_direction,controls_event_regimes,random_forest,0,1,0.5758725480215179
2024-12-27,next_day_large_move,event_days_only,next_large_move_direction,controls_event_regimes,random_forest,0,1,0.565738798398348
2025-01-02,next_day_large_move,event_days_only,next_large_move_direction,controls_event_regimes,random_forest,1,1,0.5515690467839047
2025-01-06,next_day_large_move,event_days_only,next_large_move_direction,controls_event_regimes,random_forest,0,1,0.5970027236339265
2025-01-08,next_day_large_move,event_days_only,next_large_move_direction,controls_event_regimes,random_forest,0,1,0.5062895416683009
2025-01-14,next_day_large_move,event_days_only,next_large_move_direction,controls_event_regimes,random_forest,1,1,0.5170283625441864
2025-01-16,next_day_large_move,event_days_only,next_large_move_direction,controls_event_regimes,random_forest,1,1,0.5666565924090299
2025-01-17,next_day_large_move,event_days_only,next_large_move_direction,controls_event_regimes,random_forest,1,1,0.5299587619383863
2025-01-24,next_day_large_move,event_days_only,next_large_move_direction,controls_event_regimes,random_forest,0,0,0.4333558652345233
2025-01-27,next_day_large_move,event_days_only,next_large_move_direction,controls_event_regimes,random_forest,1,0,0.4779088692170741
2025-02-06,next_day_large_move,event_days_only,next_large_move_direction,controls_event_regimes,random_forest,0,1,0.5924235860671831
2025-02-12,next_day_large_move,event_days_only,next_large_move_direction,controls_event_regimes,random_forest,1,1,0.5630093915897778
2025-02-20,next_day_large_move,event_days_only,next_large_move_direction,controls_event_regimes,random_forest,0,0,0.44180961066388547
2025-02-26,next_day_large_move,event_days_only,next_large_move_direction,controls_event_regimes,random_forest,0,1,0.6430528236646426
2025-02-27,next_day_large_move,event_days_only,next_large_move_direction,controls_event_regimes,random_forest,1,1,0.509013269427487
2025-02-28,next_day_large_move,event_days_only,next_large_move_direction,controls_event_regimes,random_forest,0,1,0.606520207107147
2025-03-03,next_day_large_move,event_days_only,next_large_move_direction,controls_event_regimes,random_forest,0,1,0.5235259253134527
2025-03-04,next_day_large_move,event_days_only,next_large_move_direction,controls_event_regimes,random_forest,1,1,0.5717640084871124
2025-03-05,next_day_large_move,event_days_only,next_large_move_direction,controls_event_regimes,random_forest,0,1,0.5787816868198902
2025-03-07,next_day_large_move,event_days_only,next_large_move_direction,controls_event_regimes,random_forest,0,1,0.6588368057216456
2025-03-12,next_day_large_move,event_days_only,next_large_move_direction,controls_event_regimes,random_forest,0,1,0.6160227617331347
2025-03-13,next_day_large_move,event_days_only,next_large_move_direction,controls_event_regimes,random_forest,1,1,0.5105528988924265
2025-03-17,next_day_large_move,event_days_only,next_large_move_direction,controls_event_regimes,random_forest,0,1,0.6744569661841386
2025-03-18,next_day_large_move,event_days_only,next_large_move_direction,controls_event_regimes,random_forest,1,1,0.5173782614174346
2025-03-21,next_day_large_move,event_days_only,next_large_move_direction,controls_event_regimes,random_forest,1,0,0.4945977801661363
2025-03-25,next_day_large_move,event_days_only,next_large_move_direction,controls_event_regimes,random_forest,0,0,0.46471853628250076
2025-03-27,next_day_large_move,event_days_only,next_large_move_direction,controls_event_regimes,random_forest,0,1,0.5499189893476545
2025-04-02,next_day_large_move,event_days_only,next_large_move_direction,controls_event_regimes,random_forest,0,1,0.5854049068575198
2025-04-03,next_day_large_move,event_days_only,next_large_move_direction,controls_event_regimes,random_forest,0,0,0.46509763088564104
2025-04-07,next_day_large_move,event_days_only,next_large_move_direction,controls_event_regimes,random_forest,0,1,0.6107055192790454
2025-04-08,next_day_large_move,event_days_only,next_large_move_direction,controls_event_regimes,random_forest,1,1,0.5327144224087828
2025-04-09,next_day_large_move,event_days_only,next_large_move_direction,controls_event_regimes,random_forest,0,0,0.4643887473751774
2025-04-10,next_day_large_move,event_days_only,next_large_move_direction,controls_event_regimes,random_forest,1,1,0.5557245380078977
2025-04-15,next_day_large_move,event_days_only,next_large_move_direction,controls_event_regimes,random_forest,0,1,0.5011194646022931
2025-04-17,next_day_large_move,event_days_only,next_large_move_direction,controls_event_regimes,random_forest,0,1,0.5885538550394792
2025-04-21,next_day_large_move,event_days_only,next_large_move_direction,controls_event_regimes,random_forest,1,1,0.5230892644454382
2025-04-22,next_day_large_move,event_days_only,next_large_move_direction,controls_event_regimes,random_forest,1,1,0.513924799253605
2025-04-23,next_day_large_move,event_days_only,next_large_move_direction,controls_event_regimes,random_forest,1,1,0.5590247289444449
2025-05-01,next_day_large_move,event_days_only,next_large_move_direction,controls_event_regimes,random_forest,1,0,0.4910536560509772
2025-05-09,next_day_large_move,event_days_only,next_large_move_direction,controls_event_regimes,random_forest,1,1,0.5593733392955953
2025-05-20,next_day_large_move,event_days_only,next_large_move_direction,controls_event_regimes,random_forest,0,1,0.5036958211020991
2025-05-23,next_day_large_move,event_days_only,next_large_move_direction,controls_event_regimes,random_forest,1,1,0.5925571916343795
2025-06-05,next_day_large_move,event_days_only,next_large_move_direction,controls_event_regimes,random_forest,1,1,0.5103797035491606
2025-06-12,next_day_large_move,event_days_only,next_large_move_direction,controls_event_regimes,random_forest,0,1,0.5087865298423742
2025-06-13,next_day_large_move,event_days_only,next_large_move_direction,controls_event_regimes,random_forest,1,1,0.5567756740453157
2025-06-16,next_day_large_move,event_days_only,next_large_move_direction,controls_event_regimes,random_forest,0,1,0.5485854248301963
2025-06-20,next_day_large_move,event_days_only,next_large_move_direction,controls_event_regimes,random_forest,1,1,0.5459076140190892
2025-06-23,next_day_large_move,event_days_only,next_large_move_direction,controls_event_regimes,random_forest,1,1,0.556251679110257
2025-07-02,next_day_large_move,event_days_only,next_large_move_direction,controls_event_regimes,random_forest,1,0,0.494772092014844
2025-07-31,next_day_large_move,event_days_only,next_large_move_direction,controls_event_regimes,random_forest,0,1,0.5844269234269337
2025-08-01,next_day_large_move,event_days_only,next_large_move_direction,controls_event_regimes,random_forest,1,0,0.48610869665899914
2025-08-11,next_day_large_move,event_days_only,next_large_move_direction,controls_event_regimes,random_forest,1,0,0.4877670116813523
2025-08-21,next_day_large_move,event_days_only,next_large_move_direction,controls_event_regimes,random_forest,1,1,0.5309459042294625
2025-09-03,next_day_large_move,event_days_only,next_large_move_direction,controls_event_regimes,random_forest,1,0,0.4816578541191736
2025-09-10,next_day_large_move,event_days_only,next_large_move_direction,controls_event_regimes,random_forest,1,1,0.5401263907103505
2025-10-09,next_day_large_move,event_days_only,next_large_move_direction,controls_event_regimes,random_forest,0,0,0.486146269225262
2025-10-10,next_day_large_move,event_days_only,next_large_move_direction,controls_event_regimes,random_forest,1,0,0.4980955297743773
2025-10-17,next_day_large_move,event_days_only,next_large_move_direction,controls_event_regimes,random_forest,1,1,0.5559482295586552
2025-10-24,next_day_large_move,event_days_only,next_large_move_direction,controls_event_regimes,random_forest,1,1,0.5388485394639353
2025-10-29,next_day_large_move,event_days_only,next_large_move_direction,controls_event_regimes,random_forest,0,1,0.5595278888160893
2025-11-03,next_day_large_move,event_days_only,next_large_move_direction,controls_event_regimes,random_forest,0,1,0.5197809506959469
2025-11-05,next_day_large_move,event_days_only,next_large_move_direction,controls_event_regimes,random_forest,0,1,0.6141121994059001
2025-11-07,next_day_large_move,event_days_only,next_large_move_direction,controls_event_regimes,random_forest,1,1,0.5543313875872784
2025-11-12,next_day_large_move,event_days_only,next_large_move_direction,controls_event_regimes,random_forest,0,1,0.609711809601261
2025-11-14,next_day_large_move,event_days_only,next_large_move_direction,controls_event_regimes,random_forest,0,1,0.6387729513593965
2025-11-17,next_day_large_move,event_days_only,next_large_move_direction,controls_event_regimes,random_forest,0,1,0.6232315789756189
2025-11-19,next_day_large_move,event_days_only,next_large_move_direction,controls_event_regimes,random_forest,0,1,0.5502867502355887
2025-11-20,next_day_large_move,event_days_only,next_large_move_direction,controls_event_regimes,random_forest,1,0,0.4882468927157745
2025-11-21,next_day_large_move,event_days_only,next_large_move_direction,controls_event_regimes,random_forest,1,1,0.5737554685198699
2025-11-24,next_day_large_move,event_days_only,next_large_move_direction,controls_event_regimes,random_forest,1,1,0.5155640663775717
2025-12-11,next_day_large_move,event_days_only,next_large_move_direction,controls_event_regimes,random_forest,0,1,0.5264602636994496
2025-12-16,next_day_large_move,event_days_only,next_large_move_direction,controls_event_regimes,random_forest,0,1,0.5465140806041658
2025-12-18,next_day_large_move,event_days_only,next_large_move_direction,controls_event_regimes,random_forest,1,1,0.560853767796544
2022-02-14,next_day_large_move,event_days_only,next_large_move_direction,controls_event_regimes,gradient_boosting,1,0,0.4116155662050289
2022-04-28,next_day_large_move,event_days_only,next_large_move_direction,controls_event_regimes,gradient_boosting,0,0,0.28980608858165563
2022-05-10,next_day_large_move,event_days_only,next_large_move_direction,controls_event_regimes,gradient_boosting,0,1,0.8962608525457756
2022-05-12,next_day_large_move,event_days_only,next_large_move_direction,controls_event_regimes,gradient_boosting,1,1,0.8588309181954631
2022-05-16,next_day_large_move,event_days_only,next_large_move_direction,controls_event_regimes,gradient_boosting,1,1,0.7091492115063323
2022-05-17,next_day_large_move,event_days_only,next_large_move_direction,controls_event_regimes,gradient_boosting,0,1,0.6354674002719168
2022-05-20,next_day_large_move,event_days_only,next_large_move_direction,controls_event_regimes,gradient_boosting,1,1,0.8026215061202744
2022-05-23,next_day_large_move,event_days_only,next_large_move_direction,controls_event_regimes,gradient_boosting,0,1,0.5491865738816206
2022-05-24,next_day_large_move,event_days_only,next_large_move_direction,controls_event_regimes,gradient_boosting,1,1,0.8537184383728504
2022-05-25,next_day_large_move,event_days_only,next_large_move_direction,controls_event_regimes,gradient_boosting,1,1,0.6937832634362058
2022-05-26,next_day_large_move,event_days_only,next_large_move_direction,controls_event_regimes,gradient_boosting,1,0,0.2020613480409305
2022-06-01,next_day_large_move,event_days_only,next_large_move_direction,controls_event_regimes,gradient_boosting,1,1,0.5380412721707458
2022-06-02,next_day_large_move,event_days_only,next_large_move_direction,controls_event_regimes,gradient_boosting,0,0,0.44948399959190405
2022-06-06,next_day_large_move,event_days_only,next_large_move_direction,controls_event_regimes,gradient_boosting,1,0,0.41311496450170954
2022-06-07,next_day_large_move,event_days_only,next_large_move_direction,controls_event_regimes,gradient_boosting,0,0,0.3252357515165115
2022-06-08,next_day_large_move,event_days_only,next_large_move_direction,controls_event_regimes,gradient_boosting,0,1,0.5319762561801984
2022-06-09,next_day_large_move,event_days_only,next_large_move_direction,controls_event_regimes,gradient_boosting,0,0,0.30769103075265064
2022-06-10,next_day_large_move,event_days_only,next_large_move_direction,controls_event_regimes,gradient_boosting,0,1,0.8318483631779082
2022-06-14,next_day_large_move,event_days_only,next_large_move_direction,controls_event_regimes,gradient_boosting,1,1,0.8476342188885767
2022-06-15,next_day_large_move,event_days_only,next_large_move_direction,controls_event_regimes,gradient_boosting,0,1,0.7246647937722064
2022-06-17,next_day_large_move,event_days_only,next_large_move_direction,controls_event_regimes,gradient_boosting,1,1,0.6199332259060935
2022-06-22,next_day_large_move,event_days_only,next_large_move_direction,controls_event_regimes,gradient_boosting,1,1,0.625544584746042
2022-06-23,next_day_large_move,event_days_only,next_large_move_direction,controls_event_regimes,gradient_boosting,1,1,0.6137681448809477
2022-06-29,next_day_large_move,event_days_only,next_large_move_direction,controls_event_regimes,gradient_boosting,0,1,0.6965460639867205
2022-06-30,next_day_large_move,event_days_only,next_large_move_direction,controls_event_regimes,gradient_boosting,1,1,0.6252290183365022
2022-07-06,next_day_large_move,event_days_only,next_large_move_direction,controls_event_regimes,gradient_boosting,1,1,0.5363974456037199
2022-07-08,next_day_large_move,event_days_only,next_large_move_direction,controls_event_regimes,gradient_boosting,0,0,0.37113144698035727
2022-07-14,next_day_large_move,event_days_only,next_large_move_direction,controls_event_regimes,gradient_boosting,1,0,0.3260592856653794
2022-07-15,next_day_large_move,event_days_only,next_large_move_direction,controls_event_regimes,gradient_boosting,0,1,0.7391077866925174
2022-07-18,next_day_large_move,event_days_only,next_large_move_direction,controls_event_regimes,gradient_boosting,1,1,0.7259644581288794
2022-07-20,next_day_large_move,event_days_only,next_large_move_direction,controls_event_regimes,gradient_boosting,1,0,0.47056871880663154
2022-07-21,next_day_large_move,event_days_only,next_large_move_direction,controls_event_regimes,gradient_boosting,0,0,0.33298902298904937
2022-07-25,next_day_large_move,event_days_only,next_large_move_direction,controls_event_regimes,gradient_boosting,0,1,0.5081296206005265
2022-07-26,next_day_large_move,event_days_only,next_large_move_direction,controls_event_regimes,gradient_boosting,1,1,0.5716614398175268
2022-07-27,next_day_large_move,event_days_only,next_large_move_direction,controls_event_regimes,gradient_boosting,1,1,0.844378352192474
2022-08-02,next_day_large_move,event_days_only,next_large_move_direction,controls_event_regimes,gradient_boosting,1,1,0.7475333961889636
2022-08-09,next_day_large_move,event_days_only,next_large_move_direction,controls_event_regimes,gradient_boosting,1,1,0.7618927490865227
2022-08-11,next_day_large_move,event_days_only,next_large_move_direction,controls_event_regimes,gradient_boosting,1,1,0.8397846618222626
2022-08-18,next_day_large_move,event_days_only,next_large_move_direction,controls_event_regimes,gradient_boosting,0,1,0.7928405659789283
2022-08-19,next_day_large_move,event_days_only,next_large_move_direction,controls_event_regimes,gradient_boosting,0,1,0.6830507202680492
2022-08-24,next_day_large_move,event_days_only,next_large_move_direction,controls_event_regimes,gradient_boosting,1,1,0.7462140513629248
2022-08-25,next_day_large_move,event_days_only,next_large_move_direction,controls_event_regimes,gradient_boosting,0,1,0.5480516129811662
2022-08-29,next_day_large_move,event_days_only,next_large_move_direction,controls_event_regimes,gradient_boosting,0,1,0.6029168454748146
2022-09-06,next_day_large_move,event_days_only,next_large_move_direction,controls_event_regimes,gradient_boosting,1,1,0.65827477008561
2022-09-08,next_day_large_move,event_days_only,next_large_move_direction,controls_event_regimes,gradient_boosting,1,1,0.5445699620125636
2022-09-09,next_day_large_move,event_days_only,next_large_move_direction,controls_event_regimes,gradient_boosting,1,1,0.617502051525656
2022-09-12,next_day_large_move,event_days_only,next_large_move_direction,controls_event_regimes,gradient_boosting,0,1,0.5050719804666554
2022-09-14,next_day_large_move,event_days_only,next_large_move_direction,controls_event_regimes,gradient_boosting,0,1,0.6528615971955145
2022-09-19,next_day_large_move,event_days_only,next_large_move_direction,controls_event_regimes,gradient_boosting,0,1,0.5605716307087171
2022-09-20,next_day_large_move,event_days_only,next_large_move_direction,controls_event_regimes,gradient_boosting,0,0,0.4545992495027584
2022-09-21,next_day_large_move,event_days_only,next_large_move_direction,controls_event_regimes,gradient_boosting,0,1,0.5540090514758441
2022-09-22,next_day_large_move,event_days_only,next_large_move_direction,controls_event_regimes,gradient_boosting,0,0,0.45313884966431445
2022-09-23,next_day_large_move,event_days_only,next_large_move_direction,controls_event_regimes,gradient_boosting,0,0,0.4643357507601699
2022-09-27,next_day_large_move,event_days_only,next_large_move_direction,controls_event_regimes,gradient_boosting,1,1,0.5169353496432978
2022-09-28,next_day_large_move,event_days_only,next_large_move_direction,controls_event_regimes,gradient_boosting,0,1,0.6480844180873446
2022-09-29,next_day_large_move,event_days_only,next_large_move_direction,controls_event_regimes,gradient_boosting,0,0,0.4806587336524401
2022-09-30,next_day_large_move,event_days_only,next_large_move_direction,controls_event_regimes,gradient_boosting,1,0,0.4920000122039539
2022-10-03,next_day_large_move,event_days_only,next_large_move_direction,controls_event_regimes,gradient_boosting,1,0,0.4580808977918883
2022-10-05,next_day_large_move,event_days_only,next_large_move_direction,controls_event_regimes,gradient_boosting,0,1,0.5087472008210698
2022-10-06,next_day_large_move,event_days_only,next_large_move_direction,controls_event_regimes,gradient_boosting,0,0,0.4117003601320092
2022-10-12,next_day_large_move,event_days_only,next_large_move_direction,controls_event_regimes,gradient_boosting,1,0,0.44879285099428146
2022-10-13,next_day_large_move,event_days_only,next_large_move_direction,controls_event_regimes,gradient_boosting,0,1,0.5806449287216057
2022-10-14,next_day_large_move,event_days_only,next_large_move_direction,controls_event_regimes,gradient_boosting,1,1,0.6516650710622521
2022-10-17,next_day_large_move,event_days_only,next_large_move_direction,controls_event_regimes,gradient_boosting,1,1,0.7039371307141051
2022-10-20,next_day_large_move,event_days_only,next_large_move_direction,controls_event_regimes,gradient_boosting,1,1,0.6192845584674809
2022-10-21,next_day_large_move,event_days_only,next_large_move_direction,controls_event_regimes,gradient_boosting,1,0,0.4654439484904482
2022-10-24,next_day_large_move,event_days_only,next_large_move_direction,controls_event_regimes,gradient_boosting,1,0,0.3236478982322759
2022-10-27,next_day_large_move,event_days_only,next_large_move_direction,controls_event_regimes,gradient_boosting,1,1,0.5896962220001191
2022-11-01,next_day_large_move,event_days_only,next_large_move_direction,controls_event_regimes,gradient_boosting,0,1,0.6352200096878408
2022-11-02,next_day_large_move,event_days_only,next_large_move_direction,controls_event_regimes,gradient_boosting,0,1,0.6282961130196113
2022-11-03,next_day_large_move,event_days_only,next_large_move_direction,controls_event_regimes,gradient_boosting,1,1,0.5838139914188128
2022-11-04,next_day_large_move,event_days_only,next_large_move_direction,controls_event_regimes,gradient_boosting,1,1,0.6879743365449347
2022-11-08,next_day_large_move,event_days_only,next_large_move_direction,controls_event_regimes,gradient_boosting,0,1,0.749455988993962
2022-11-09,next_day_large_move,event_days_only,next_large_move_direction,controls_event_regimes,gradient_boosting,1,1,0.5603785265008757
2022-11-10,next_day_large_move,event_days_only,next_large_move_direction,controls_event_regimes,gradient_boosting,1,0,0.14634251208379193
2022-11-11,next_day_large_move,event_days_only,next_large_move_direction,controls_event_regimes,gradient_boosting,0,0,0.47762483429286245
2022-11-14,next_day_large_move,event_days_only,next_large_move_direction,controls_event_regimes,gradient_boosting,1,1,0.5841692350362088
2022-11-15,next_day_large_move,event_days_only,next_large_move_direction,controls_event_regimes,gradient_boosting,0,0,0.4493365756142613
2022-11-29,next_day_large_move,event_days_only,next_large_move_direction,controls_event_regimes,gradient_boosting,1,0,0.3437948011863101
2022-12-02,next_day_large_move,event_days_only,next_large_move_direction,controls_event_regimes,gradient_boosting,0,1,0.8149419368470496
2022-12-05,next_day_large_move,event_days_only,next_large_move_direction,controls_event_regimes,gradient_boosting,0,1,0.511559675332799
2022-12-09,next_day_large_move,event_days_only,next_large_move_direction,controls_event_regimes,gradient_boosting,1,0,0.3904023036450897
2022-12-14,next_day_large_move,event_days_only,next_large_move_direction,controls_event_regimes,gradient_boosting,0,1,0.5185601328184113
2022-12-15,next_day_large_move,event_days_only,next_large_move_direction,controls_event_regimes,gradient_boosting,0,0,0.47438269964943874
2022-12-16,next_day_large_move,event_days_only,next_large_move_direction,controls_event_regimes,gradient_boosting,0,0,0.180554360191198
2022-12-20,next_day_large_move,event_days_only,next_large_move_direction,controls_event_regimes,gradient_boosting,1,0,0.3434913043869295
2022-12-21,next_day_large_move,event_days_only,next_large_move_direction,controls_event_regimes,gradient_boosting,0,1,0.5889889479751982
2022-12-27,next_day_large_move,event_days_only,next_large_move_direction,controls_event_regimes,gradient_boosting,0,1,0.5055498210487366
2022-12-28,next_day_large_move,event_days_only,next_large_move_direction,controls_event_regimes,gradient_boosting,1,1,0.8212574305054134
2023-01-04,next_day_large_move,event_days_only,next_large_move_direction,controls_event_regimes,gradient_boosting,0,1,0.7325162326447798
2023-01-05,next_day_large_move,event_days_only,next_large_move_direction,controls_event_regimes,gradient_boosting,1,1,0.5171284930942683
2023-01-10,next_day_large_move,event_days_only,next_large_move_direction,controls_event_regimes,gradient_boosting,1,1,0.5636994846647735
2023-01-17,next_day_large_move,event_days_only,next_large_move_direction,controls_event_regimes,gradient_boosting,0,1,0.7192493268122111
2023-01-19,next_day_large_move,event_days_only,next_large_move_direction,controls_event_regimes,gradient_boosting,1,1,0.76593661109498
2023-01-20,next_day_large_move,event_days_only,next_large_move_direction,controls_event_regimes,gradient_boosting,1,0,0.4696485422490058
2023-01-25,next_day_large_move,event_days_only,next_large_move_direction,controls_event_regimes,gradient_boosting,1,1,0.5359512845127318
2023-01-27,next_day_large_move,event_days_only,next_large_move_direction,controls_event_regimes,gradient_boosting,0,0,0.4116379107628661
2023-01-30,next_day_large_move,event_days_only,next_large_move_direction,controls_event_regimes,gradient_boosting,1,0,0.17791351311738526
2023-01-31,next_day_large_move,event_days_only,next_large_move_direction,controls_event_regimes,gradient_boosting,1,1,0.6256732677631097
2023-02-01,next_day_large_move,event_days_only,next_large_move_direction,controls_event_regimes,gradient_boosting,1,1,0.6109029660571416
2023-02-02,next_day_large_move,event_days_only,next_large_move_direction,controls_event_regimes,gradient_boosting,0,0,0.49417487932361837
2023-02-06,next_day_large_move,event_days_only,next_large_move_direction,controls_event_regimes,gradient_boosting,1,1,0.6196607101693972
2023-02-07,next_day_large_move,event_days_only,next_large_move_direction,controls_event_regimes,gradient_boosting,0,0,0.48599468042429855
2023-02-08,next_day_large_move,event_days_only,next_large_move_direction,controls_event_regimes,gradient_boosting,0,1,0.5987014982086903
2023-02-10,next_day_large_move,event_days_only,next_large_move_direction,controls_event_regimes,gradient_boosting,1,0,0.4734471716822016
2023-02-15,next_day_large_move,event_days_only,next_large_move_direction,controls_event_regimes,gradient_boosting,0,1,0.6781658686170725
2023-02-17,next_day_large_move,event_days_only,next_large_move_direction,controls_event_regimes,gradient_boosting,0,1,0.542795791137724
2023-02-23,next_day_large_move,event_days_only,next_large_move_direction,controls_event_regimes,gradient_boosting,0,0,0.48893282341578376
2023-03-02,next_day_large_move,event_days_only,next_large_move_direction,controls_event_regimes,gradient_boosting,1,0,0.4825679378693646
2023-03-06,next_day_large_move,event_days_only,next_large_move_direction,controls_event_regimes,gradient_boosting,0,1,0.8195066880883176
2023-03-08,next_day_large_move,event_days_only,next_large_move_direction,controls_event_regimes,gradient_boosting,0,1,0.7007490967889177
2023-03-09,next_day_large_move,event_days_only,next_large_move_direction,controls_event_regimes,gradient_boosting,0,0,0.3843771784898496
2023-03-13,next_day_large_move,event_days_only,next_large_move_direction,controls_event_regimes,gradient_boosting,1,1,0.6939202594081397
2023-03-15,next_day_large_move,event_days_only,next_large_move_direction,controls_event_regimes,gradient_boosting,1,1,0.5546267080373113
2023-03-16,next_day_large_move,event_days_only,next_large_move_direction,controls_event_regimes,gradient_boosting,0,0,0.35158578361258974
2023-03-17,next_day_large_move,event_days_only,next_large_move_direction,controls_event_regimes,gradient_boosting,1,0,0.49422559947787953
2023-03-20,next_day_large_move,event_days_only,next_large_move_direction,controls_event_regimes,gradient_boosting,1,1,0.5709931718885175
2023-03-21,next_day_large_move,event_days_only,next_large_move_direction,controls_event_regimes,gradient_boosting,0,1,0.6720555353832206
2023-03-28,next_day_large_move,event_days_only,next_large_move_direction,controls_event_regimes,gradient_boosting,1,0,0.48986888041020776
2023-03-30,next_day_large_move,event_days_only,next_large_move_direction,controls_event_regimes,gradient_boosting,1,1,0.6432724239613659
2023-04-12,next_day_large_move,event_days_only,next_large_move_direction,controls_event_regimes,gradient_boosting,1,0,0.4663425387534858
2023-04-24,next_day_large_move,event_days_only,next_large_move_direction,controls_event_regimes,gradient_boosting,0,1,0.5055304053244628
2023-04-26,next_day_large_move,event_days_only,next_large_move_direction,controls_event_regimes,gradient_boosting,1,1,0.7454245187453689
2023-04-27,next_day_large_move,event_days_only,next_large_move_direction,controls_event_regimes,gradient_boosting,1,0,0.20095316660974608
2023-05-04,next_day_large_move,event_days_only,next_large_move_direction,controls_event_regimes,gradient_boosting,1,1,0.5903469208098735
2023-05-16,next_day_large_move,event_days_only,next_large_move_direction,controls_event_regimes,gradient_boosting,1,1,0.7855373626545024
2023-05-17,next_day_large_move,event_days_only,next_large_move_direction,controls_event_regimes,gradient_boosting,1,0,0.36398675072622194
2023-05-22,next_day_large_move,event_days_only,next_large_move_direction,controls_event_regimes,gradient_boosting,0,1,0.5323077073126511
2023-05-24,next_day_large_move,event_days_only,next_large_move_direction,controls_event_regimes,gradient_boosting,1,1,0.6008273663399636
2023-05-25,next_day_large_move,event_days_only,next_large_move_direction,controls_event_regimes,gradient_boosting,1,1,0.5265246492324315
2023-05-31,next_day_large_move,event_days_only,next_large_move_direction,controls_event_regimes,gradient_boosting,1,0,0.3469983533275029
2023-06-01,next_day_large_move,event_days_only,next_large_move_direction,controls_event_regimes,gradient_boosting,1,0,0.45087599392218025
2023-06-09,next_day_large_move,event_days_only,next_large_move_direction,controls_event_regimes,gradient_boosting,1,0,0.42652779484373293
2023-06-14,next_day_large_move,event_days_only,next_large_move_direction,controls_event_regimes,gradient_boosting,1,1,0.774465867508503
2023-06-26,next_day_large_move,event_days_only,next_large_move_direction,controls_event_regimes,gradient_boosting,1,0,0.4213682309959497
2023-06-29,next_day_large_move,event_days_only,next_large_move_direction,controls_event_regimes,gradient_boosting,1,1,0.5002921717582539
2023-07-12,next_day_large_move,event_days_only,next_large_move_direction,controls_event_regimes,gradient_boosting,1,1,0.9307947676236228
2023-07-27,next_day_large_move,event_days_only,next_large_move_direction,controls_event_regimes,gradient_boosting,1,1,0.6117985172291067
2023-08-01,next_day_large_move,event_days_only,next_large_move_direction,controls_event_regimes,gradient_boosting,0,0,0.46818204481697656
2023-08-04,next_day_large_move,event_days_only,next_large_move_direction,controls_event_regimes,gradient_boosting,1,1,0.5153495017037549
2023-08-14,next_day_large_move,event_days_only,next_large_move_direction,controls_event_regimes,gradient_boosting,0,1,0.8527222797318201
2023-08-22,next_day_large_move,event_days_only,next_large_move_direction,controls_event_regimes,gradient_boosting,1,1,0.6043850184258418
2023-08-23,next_day_large_move,event_days_only,next_large_move_direction,controls_event_regimes,gradient_boosting,0,0,0.4198968291873272
2023-08-28,next_day_large_move,event_days_only,next_large_move_direction,controls_event_regimes,gradient_boosting,1,1,0.8652083200527102
2023-09-13,next_day_large_move,event_days_only,next_large_move_direction,controls_event_regimes,gradient_boosting,1,0,0.32050412935636435
2023-09-14,next_day_large_move,event_days_only,next_large_move_direction,controls_event_regimes,gradient_boosting,0,0,0.49657152045498204
2023-09-19,next_day_large_move,event_days_only,next_large_move_direction,controls_event_regimes,gradient_boosting,0,1,0.7632522328310398
2023-09-20,next_day_large_move,event_days_only,next_large_move_direction,controls_event_regimes,gradient_boosting,0,1,0.5350327480208565
2023-09-25,next_day_large_move,event_days_only,next_large_move_direction,controls_event_regimes,gradient_boosting,0,1,0.7724370060784638
2023-10-02,next_day_large_move,event_days_only,next_large_move_direction,controls_event_regimes,gradient_boosting,0,0,0.3198003772760584
2023-10-05,next_day_large_move,event_days_only,next_large_move_direction,controls_event_regimes,gradient_boosting,1,1,0.7935935237784398
2023-10-13,next_day_large_move,event_days_only,next_large_move_direction,controls_event_regimes,gradient_boosting,1,0,0.40363291880669366
2023-10-17,next_day_large_move,event_days_only,next_large_move_direction,controls_event_regimes,gradient_boosting,0,0,0.1860511721642372
2023-10-18,next_day_large_move,event_days_only,next_large_move_direction,controls_event_regimes,gradient_boosting,0,0,0.2461532979047972
2023-10-19,next_day_large_move,event_days_only,next_large_move_direction,controls_event_regimes,gradient_boosting,0,0,0.4250500153431519
2023-10-24,next_day_large_move,event_days_only,next_large_move_direction,controls_event_regimes,gradient_boosting,0,0,0.49248069322487376
2023-10-25,next_day_large_move,event_days_only,next_large_move_direction,controls_event_regimes,gradient_boosting,0,0,0.34422107343616926
2023-10-27,next_day_large_move,event_days_only,next_large_move_direction,controls_event_regimes,gradient_boosting,1,1,0.6925852393248547
2023-10-31,next_day_large_move,event_days_only,next_large_move_direction,controls_event_regimes,gradient_boosting,1,0,0.3216469970730031
2023-11-01,next_day_large_move,event_days_only,next_large_move_direction,controls_event_regimes,gradient_boosting,1,1,0.5198699004527156
2023-11-02,next_day_large_move,event_days_only,next_large_move_direction,controls_event_regimes,gradient_boosting,1,0,0.27502437457631357
2023-11-09,next_day_large_move,event_days_only,next_large_move_direction,controls_event_regimes,gradient_boosting,1,1,0.5620288803315271
2023-11-13,next_day_large_move,event_days_only,next_large_move_direction,controls_event_regimes,gradient_boosting,1,1,0.8447076362784038
2023-12-12,next_day_large_move,event_days_only,next_large_move_direction,controls_event_regimes,gradient_boosting,1,1,0.6650891446751771
2023-12-19,next_day_large_move,event_days_only,next_large_move_direction,controls_event_regimes,gradient_boosting,0,0,0.2615096163169296
2023-12-20,next_day_large_move,event_days_only,next_large_move_direction,controls_event_regimes,gradient_boosting,1,0,0.30247161211696416
2024-01-05,next_day_large_move,event_days_only,next_large_move_direction,controls_event_regimes,gradient_boosting,1,1,0.5720121496447378
2024-01-17,next_day_large_move,event_days_only,next_large_move_direction,controls_event_regimes,gradient_boosting,1,1,0.521189540200759
2024-01-18,next_day_large_move,event_days_only,next_large_move_direction,controls_event_regimes,gradient_boosting,1,1,0.7082752765332878
2024-01-30,next_day_large_move,event_days_only,next_large_move_direction,controls_event_regimes,gradient_boosting,0,0,0.326542194803865
2024-01-31,next_day_large_move,event_days_only,next_large_move_direction,controls_event_regimes,gradient_boosting,1,0,0.3790817918399625
2024-02-06,next_day_large_move,event_days_only,next_large_move_direction,controls_event_regimes,gradient_boosting,1,1,0.5799980027019264
2024-02-12,next_day_large_move,event_days_only,next_large_move_direction,controls_event_regimes,gradient_boosting,0,1,0.6166878513693074
2024-02-13,next_day_large_move,event_days_only,next_large_move_direction,controls_event_regimes,gradient_boosting,1,0,0.23610606287924046
2024-02-21,next_day_large_move,event_days_only,next_large_move_direction,controls_event_regimes,gradient_boosting,1,1,0.734546976420887
2024-03-04,next_day_large_move,event_days_only,next_large_move_direction,controls_event_regimes,gradient_boosting,0,0,0.39326817628055044
2024-03-06,next_day_large_move,event_days_only,next_large_move_direction,controls_event_regimes,gradient_boosting,1,1,0.5144460052319111
2024-03-11,next_day_large_move,event_days_only,next_large_move_direction,controls_event_regimes,gradient_boosting,1,0,0.27278493065848025
2024-03-19,next_day_large_move,event_days_only,next_large_move_direction,controls_event_regimes,gradient_boosting,1,0,0.47123577629146635
2024-03-26,next_day_large_move,event_days_only,next_large_move_direction,controls_event_regimes,gradient_boosting,1,0,0.34465938163184795
2024-04-03,next_day_large_move,event_days_only,next_large_move_direction,controls_event_regimes,gradient_boosting,0,0,0.47578287243953754
2024-04-04,next_day_large_move,event_days_only,next_large_move_direction,controls_event_regimes,gradient_boosting,1,0,0.49735919804208467
2024-04-09,next_day_large_move,event_days_only,next_large_move_direction,controls_event_regimes,gradient_boosting,0,0,0.4661716671197249
2024-04-11,next_day_large_move,event_days_only,next_large_move_direction,controls_event_regimes,gradient_boosting,0,1,0.5085707601265801
2024-04-12,next_day_large_move,event_days_only,next_large_move_direction,controls_event_regimes,gradient_boosting,0,1,0.5900813871939535
2024-04-18,next_day_large_move,event_days_only,next_large_move_direction,controls_event_regimes,gradient_boosting,0,1,0.817432860842505
2024-04-19,next_day_large_move,event_days_only,next_large_move_direction,controls_event_regimes,gradient_boosting,1,1,0.7699348074243506
2024-04-22,next_day_large_move,event_days_only,next_large_move_direction,controls_event_regimes,gradient_boosting,1,1,0.5546303368075342
2024-04-25,next_day_large_move,event_days_only,next_large_move_direction,controls_event_regimes,gradient_boosting,1,1,0.5788423366894804
2024-04-29,next_day_large_move,event_days_only,next_large_move_direction,controls_event_regimes,gradient_boosting,0,1,0.5640207941657092
2024-05-01,next_day_large_move,event_days_only,next_large_move_direction,controls_event_regimes,gradient_boosting,1,1,0.6193942358646432
2024-05-02,next_day_large_move,event_days_only,next_large_move_direction,controls_event_regimes,gradient_boosting,1,1,0.680785597369896
2024-05-03,next_day_large_move,event_days_only,next_large_move_direction,controls_event_regimes,gradient_boosting,1,1,0.5099432970552237
2024-05-14,next_day_large_move,event_days_only,next_large_move_direction,controls_event_regimes,gradient_boosting,1,1,0.6222932791925544
2024-06-04,next_day_large_move,event_days_only,next_large_move_direction,controls_event_regimes,gradient_boosting,1,0,0.44227293969113013
2024-06-11,next_day_large_move,event_days_only,next_large_move_direction,controls_event_regimes,gradient_boosting,1,1,0.6794426707751533
2024-07-09,next_day_large_move,event_days_only,next_large_move_direction,controls_event_regimes,gradient_boosting,1,1,0.6075677569139639
2024-07-10,next_day_large_move,event_days_only,next_large_move_direction,controls_event_regimes,gradient_boosting,0,1,0.7886113125079798
2024-07-16,next_day_large_move,event_days_only,next_large_move_direction,controls_event_regimes,gradient_boosting,0,1,0.587442793792879
2024-07-19,next_day_large_move,event_days_only,next_large_move_direction,controls_event_regimes,gradient_boosting,1,1,0.522449632601104
2024-07-23,next_day_large_move,event_days_only,next_large_move_direction,controls_event_regimes,gradient_boosting,0,0,0.3952740263981215
2024-07-25,next_day_large_move,event_days_only,next_large_move_direction,controls_event_regimes,gradient_boosting,1,0,0.4225168172835133
2024-07-30,next_day_large_move,event_days_only,next_large_move_direction,controls_event_regimes,gradient_boosting,1,1,0.7015722536025353
2024-07-31,next_day_large_move,event_days_only,next_large_move_direction,controls_event_regimes,gradient_boosting,0,1,0.6349201578363987
2024-08-01,next_day_large_move,event_days_only,next_large_move_direction,controls_event_regimes,gradient_boosting,0,1,0.5770661519643674
2024-08-02,next_day_large_move,event_days_only,next_large_move_direction,controls_event_regimes,gradient_boosting,0,0,0.4687081549230908
2024-08-05,next_day_large_move,event_days_only,next_large_move_direction,controls_event_regimes,gradient_boosting,1,1,0.5355338952455122
2024-08-07,next_day_large_move,event_days_only,next_large_move_direction,controls_event_regimes,gradient_boosting,1,1,0.6321245839402421
2024-08-12,next_day_large_move,event_days_only,next_large_move_direction,controls_event_regimes,gradient_boosting,1,1,0.7010885615141831
2024-08-14,next_day_large_move,event_days_only,next_large_move_direction,controls_event_regimes,gradient_boosting,1,1,0.5281034886682823
2024-08-16,next_day_large_move,event_days_only,next_large_move_direction,controls_event_regimes,gradient_boosting,1,0,0.48922724889434227
2024-08-21,next_day_large_move,event_days_only,next_large_move_direction,controls_event_regimes,gradient_boosting,0,1,0.5225216897296295
2024-08-22,next_day_large_move,event_days_only,next_large_move_direction,controls_event_regimes,gradient_boosting,1,0,0.43747290562043606
2024-08-29,next_day_large_move,event_days_only,next_large_move_direction,controls_event_regimes,gradient_boosting,1,1,0.7931606519756521
2024-08-30,next_day_large_move,event_days_only,next_large_move_direction,controls_event_regimes,gradient_boosting,0,1,0.6544759098653851
2024-09-05,next_day_large_move,event_days_only,next_large_move_direction,controls_event_regimes,gradient_boosting,0,1,0.7214545365790541
2024-09-06,next_day_large_move,event_days_only,next_large_move_direction,controls_event_regimes,gradient_boosting,1,1,0.5239036708522138
2024-09-10,next_day_large_move,event_days_only,next_large_move_direction,controls_event_regimes,gradient_boosting,1,1,0.6012889760922493
2024-09-18,next_day_large_move,event_days_only,next_large_move_direction,controls_event_regimes,gradient_boosting,1,1,0.7154757062566436
2024-09-30,next_day_large_move,event_days_only,next_large_move_direction,controls_event_regimes,gradient_boosting,0,1,0.7788195015508196
2024-10-03,next_day_large_move,event_days_only,next_large_move_direction,controls_event_regimes,gradient_boosting,1,0,0.4722217414526709
2024-10-04,next_day_large_move,event_days_only,next_large_move_direction,controls_event_regimes,gradient_boosting,0,1,0.6617829190998351
2024-10-07,next_day_large_move,event_days_only,next_large_move_direction,controls_event_regimes,gradient_boosting,1,1,0.8699563472114354
2024-10-22,next_day_large_move,event_days_only,next_large_move_direction,controls_event_regimes,gradient_boosting,0,0,0.4045120312063583
2024-10-30,next_day_large_move,event_days_only,next_large_move_direction,controls_event_regimes,gradient_boosting,0,0,0.44282160409330595
2024-11-04,next_day_large_move,event_days_only,next_large_move_direction,controls_event_regimes,gradient_boosting,1,1,0.5848425680118993
2024-11-05,next_day_large_move,event_days_only,next_large_move_direction,controls_event_regimes,gradient_boosting,1,0,0.434720009727103
2024-11-14,next_day_large_move,event_days_only,next_large_move_direction,controls_event_regimes,gradient_boosting,0,1,0.6319357529774159
2024-12-10,next_day_large_move,event_days_only,next_large_move_direction,controls_event_regimes,gradient_boosting,1,1,0.6062757576524018
2024-12-17,next_day_large_move,event_days_only,next_large_move_direction,controls_event_regimes,gradient_boosting,0,1,0.5396532946313025
2024-12-19,next_day_large_move,event_days_only,next_large_move_direction,controls_event_regimes,gradient_boosting,1,0,0.3902938681626842
2024-12-23,next_day_large_move,event_days_only,next_large_move_direction,controls_event_regimes,gradient_boosting,1,1,0.6277205316196437
2024-12-26,next_day_large_move,event_days_only,next_large_move_direction,controls_event_regimes,gradient_boosting,0,0,0.408254836450655
2024-12-27,next_day_large_move,event_days_only,next_large_move_direction,controls_event_regimes,gradient_boosting,0,1,0.622308487233968
2025-01-02,next_day_large_move,event_days_only,next_large_move_direction,controls_event_regimes,gradient_boosting,1,0,0.4805963862594888
2025-01-06,next_day_large_move,event_days_only,next_large_move_direction,controls_event_regimes,gradient_boosting,0,1,0.7190395652553769
2025-01-08,next_day_large_move,event_days_only,next_large_move_direction,controls_event_regimes,gradient_boosting,0,0,0.4400572529947124
2025-01-14,next_day_large_move,event_days_only,next_large_move_direction,controls_event_regimes,gradient_boosting,1,1,0.7022249355444099
2025-01-16,next_day_large_move,event_days_only,next_large_move_direction,controls_event_regimes,gradient_boosting,1,1,0.799649441297804
2025-01-17,next_day_large_move,event_days_only,next_large_move_direction,controls_event_regimes,gradient_boosting,1,1,0.6752986770183844
2025-01-24,next_day_large_move,event_days_only,next_large_move_direction,controls_event_regimes,gradient_boosting,0,0,0.2822192738521313
2025-01-27,next_day_large_move,event_days_only,next_large_move_direction,controls_event_regimes,gradient_boosting,1,0,0.4259625962251325
2025-02-06,next_day_large_move,event_days_only,next_large_move_direction,controls_event_regimes,gradient_boosting,0,1,0.6853251824995086
2025-02-12,next_day_large_move,event_days_only,next_large_move_direction,controls_event_regimes,gradient_boosting,1,1,0.7159441992682234
2025-02-20,next_day_large_move,event_days_only,next_large_move_direction,controls_event_regimes,gradient_boosting,0,0,0.2513040830609695
2025-02-26,next_day_large_move,event_days_only,next_large_move_direction,controls_event_regimes,gradient_boosting,0,1,0.6835609639844717
2025-02-27,next_day_large_move,event_days_only,next_large_move_direction,controls_event_regimes,gradient_boosting,1,0,0.42646191914265646
2025-02-28,next_day_large_move,event_days_only,next_large_move_direction,controls_event_regimes,gradient_boosting,0,1,0.5143440949559845
2025-03-03,next_day_large_move,event_days_only,next_large_move_direction,controls_event_regimes,gradient_boosting,0,0,0.4894162844976686
2025-03-04,next_day_large_move,event_days_only,next_large_move_direction,controls_event_regimes,gradient_boosting,1,1,0.6862073432665182
2025-03-05,next_day_large_move,event_days_only,next_large_move_direction,controls_event_regimes,gradient_boosting,0,0,0.4794033248050275
2025-03-07,next_day_large_move,event_days_only,next_large_move_direction,controls_event_regimes,gradient_boosting,0,1,0.7428150737107213
2025-03-12,next_day_large_move,event_days_only,next_large_move_direction,controls_event_regimes,gradient_boosting,0,1,0.5815494393064613
2025-03-13,next_day_large_move,event_days_only,next_large_move_direction,controls_event_regimes,gradient_boosting,1,0,0.4161441396203144
2025-03-17,next_day_large_move,event_days_only,next_large_move_direction,controls_event_regimes,gradient_boosting,0,1,0.8462903498257687
2025-03-18,next_day_large_move,event_days_only,next_large_move_direction,controls_event_regimes,gradient_boosting,1,0,0.39644385573256213
2025-03-21,next_day_large_move,event_days_only,next_large_move_direction,controls_event_regimes,gradient_boosting,1,0,0.32814024040638745
2025-03-25,next_day_large_move,event_days_only,next_large_move_direction,controls_event_regimes,gradient_boosting,0,1,0.7385680608230396
2025-03-27,next_day_large_move,event_days_only,next_large_move_direction,controls_event_regimes,gradient_boosting,0,1,0.6110331585885347
2025-04-02,next_day_large_move,event_days_only,next_large_move_direction,controls_event_regimes,gradient_boosting,0,1,0.5936379004538953
2025-04-03,next_day_large_move,event_days_only,next_large_move_direction,controls_event_regimes,gradient_boosting,0,1,0.5172967521914449
2025-04-07,next_day_large_move,event_days_only,next_large_move_direction,controls_event_regimes,gradient_boosting,0,1,0.6969357347010137
2025-04-08,next_day_large_move,event_days_only,next_large_move_direction,controls_event_regimes,gradient_boosting,1,1,0.6804176293199642
2025-04-09,next_day_large_move,event_days_only,next_large_move_direction,controls_event_regimes,gradient_boosting,0,0,0.42353199773769323
2025-04-10,next_day_large_move,event_days_only,next_large_move_direction,controls_event_regimes,gradient_boosting,1,1,0.6029008744285058
2025-04-15,next_day_large_move,event_days_only,next_large_move_direction,controls_event_regimes,gradient_boosting,0,1,0.6308378391417908
2025-04-17,next_day_large_move,event_days_only,next_large_move_direction,controls_event_regimes,gradient_boosting,0,1,0.7043360415770976
2025-04-21,next_day_large_move,event_days_only,next_large_move_direction,controls_event_regimes,gradient_boosting,1,0,0.40301825806386243
2025-04-22,next_day_large_move,event_days_only,next_large_move_direction,controls_event_regimes,gradient_boosting,1,1,0.5428152909761266
2025-04-23,next_day_large_move,event_days_only,next_large_move_direction,controls_event_regimes,gradient_boosting,1,1,0.683412111913533
2025-05-01,next_day_large_move,event_days_only,next_large_move_direction,controls_event_regimes,gradient_boosting,1,1,0.5467117727791024
2025-05-09,next_day_large_move,event_days_only,next_large_move_direction,controls_event_regimes,gradient_boosting,1,1,0.5714564413279547
2025-05-20,next_day_large_move,event_days_only,next_large_move_direction,controls_event_regimes,gradient_boosting,0,1,0.6586108552969454
2025-05-23,next_day_large_move,event_days_only,next_large_move_direction,controls_event_regimes,gradient_boosting,1,1,0.7350838201974494
2025-06-05,next_day_large_move,event_days_only,next_large_move_direction,controls_event_regimes,gradient_boosting,1,1,0.5830538973618605
2025-06-12,next_day_large_move,event_days_only,next_large_move_direction,controls_event_regimes,gradient_boosting,0,0,0.4041628424727743
2025-06-13,next_day_large_move,event_days_only,next_large_move_direction,controls_event_regimes,gradient_boosting,1,1,0.7164089301990493
2025-06-16,next_day_large_move,event_days_only,next_large_move_direction,controls_event_regimes,gradient_boosting,0,1,0.6758788365488863
2025-06-20,next_day_large_move,event_days_only,next_large_move_direction,controls_event_regimes,gradient_boosting,1,1,0.5362109653478251
2025-06-23,next_day_large_move,event_days_only,next_large_move_direction,controls_event_regimes,gradient_boosting,1,1,0.6697740970749123
2025-07-02,next_day_large_move,event_days_only,next_large_move_direction,controls_event_regimes,gradient_boosting,1,0,0.3436929850291616
2025-07-31,next_day_large_move,event_days_only,next_large_move_direction,controls_event_regimes,gradient_boosting,0,0,0.3822283811090034
2025-08-01,next_day_large_move,event_days_only,next_large_move_direction,controls_event_regimes,gradient_boosting,1,0,0.4975607394965436
2025-08-11,next_day_large_move,event_days_only,next_large_move_direction,controls_event_regimes,gradient_boosting,1,0,0.47632592451605743
2025-08-21,next_day_large_move,event_days_only,next_large_move_direction,controls_event_regimes,gradient_boosting,1,1,0.5326410954685594
2025-09-03,next_day_large_move,event_days_only,next_large_move_direction,controls_event_regimes,gradient_boosting,1,0,0.480217042773381
2025-09-10,next_day_large_move,event_days_only,next_large_move_direction,controls_event_regimes,gradient_boosting,1,1,0.6554801816288396
2025-10-09,next_day_large_move,event_days_only,next_large_move_direction,controls_event_regimes,gradient_boosting,0,0,0.25369881525263316
2025-10-10,next_day_large_move,event_days_only,next_large_move_direction,controls_event_regimes,gradient_boosting,1,1,0.5731658338088714
2025-10-17,next_day_large_move,event_days_only,next_large_move_direction,controls_event_regimes,gradient_boosting,1,1,0.6749521553626655
2025-10-24,next_day_large_move,event_days_only,next_large_move_direction,controls_event_regimes,gradient_boosting,1,1,0.6803126361994243
2025-10-29,next_day_large_move,event_days_only,next_large_move_direction,controls_event_regimes,gradient_boosting,0,1,0.7413126531967571
2025-11-03,next_day_large_move,event_days_only,next_large_move_direction,controls_event_regimes,gradient_boosting,0,0,0.19012309458807858
2025-11-05,next_day_large_move,event_days_only,next_large_move_direction,controls_event_regimes,gradient_boosting,0,1,0.7484937224763437
2025-11-07,next_day_large_move,event_days_only,next_large_move_direction,controls_event_regimes,gradient_boosting,1,1,0.6530152615494218
2025-11-12,next_day_large_move,event_days_only,next_large_move_direction,controls_event_regimes,gradient_boosting,0,1,0.8185675610264533
2025-11-14,next_day_large_move,event_days_only,next_large_move_direction,controls_event_regimes,gradient_boosting,0,1,0.7643084744069156
2025-11-17,next_day_large_move,event_days_only,next_large_move_direction,controls_event_regimes,gradient_boosting,0,1,0.6892186481688739
2025-11-19,next_day_large_move,event_days_only,next_large_move_direction,controls_event_regimes,gradient_boosting,0,1,0.5697311778583223
2025-11-20,next_day_large_move,event_days_only,next_large_move_direction,controls_event_regimes,gradient_boosting,1,1,0.5791318643858013
2025-11-21,next_day_large_move,event_days_only,next_large_move_direction,controls_event_regimes,gradient_boosting,1,1,0.6936273160936818
2025-11-24,next_day_large_move,event_days_only,next_large_move_direction,controls_event_regimes,gradient_boosting,1,1,0.6111852605650366
2025-12-11,next_day_large_move,event_days_only,next_large_move_direction,controls_event_regimes,gradient_boosting,0,1,0.542634213611396
2025-12-16,next_day_large_move,event_days_only,next_large_move_direction,controls_event_regimes,gradient_boosting,0,0,0.4165069851215046
2025-12-18,next_day_large_move,event_days_only,next_large_move_direction,controls_event_regimes,gradient_boosting,1,1,0.7134170245627847
