date,scenario,sample_name,target,feature_set,model,y_true,y_pred,y_score
2023-01-04,next_day_large_move_high_impact_days,high_impact_days_only,next_large_move_direction,controls_only,logreg,0,1,0.5734272433287917
2023-01-17,next_day_large_move_high_impact_days,high_impact_days_only,next_large_move_direction,controls_only,logreg,0,0,0.49826846685510745
2023-01-25,next_day_large_move_high_impact_days,high_impact_days_only,next_large_move_direction,controls_only,logreg,1,1,0.5261946095630946
2023-01-27,next_day_large_move_high_impact_days,high_impact_days_only,next_large_move_direction,controls_only,logreg,0,0,0.4662475928339755
2023-01-30,next_day_large_move_high_impact_days,high_impact_days_only,next_large_move_direction,controls_only,logreg,1,0,0.4812952840340014
2023-01-31,next_day_large_move_high_impact_days,high_impact_days_only,next_large_move_direction,controls_only,logreg,1,0,0.36946823126120526
2023-02-01,next_day_large_move_high_impact_days,high_impact_days_only,next_large_move_direction,controls_only,logreg,1,1,0.5220693211129982
2023-02-02,next_day_large_move_high_impact_days,high_impact_days_only,next_large_move_direction,controls_only,logreg,0,0,0.3323373364800754
2023-02-07,next_day_large_move_high_impact_days,high_impact_days_only,next_large_move_direction,controls_only,logreg,0,0,0.37950011429842695
2023-02-15,next_day_large_move_high_impact_days,high_impact_days_only,next_large_move_direction,controls_only,logreg,0,1,0.5669567677672753
2023-02-17,next_day_large_move_high_impact_days,high_impact_days_only,next_large_move_direction,controls_only,logreg,0,0,0.4578262708210194
2023-02-23,next_day_large_move_high_impact_days,high_impact_days_only,next_large_move_direction,controls_only,logreg,0,1,0.5279464958930188
2023-03-02,next_day_large_move_high_impact_days,high_impact_days_only,next_large_move_direction,controls_only,logreg,1,0,0.455881628948121
2023-03-06,next_day_large_move_high_impact_days,high_impact_days_only,next_large_move_direction,controls_only,logreg,0,1,0.5532501851310289
2023-03-08,next_day_large_move_high_impact_days,high_impact_days_only,next_large_move_direction,controls_only,logreg,0,1,0.5414834026169031
2023-03-13,next_day_large_move_high_impact_days,high_impact_days_only,next_large_move_direction,controls_only,logreg,1,1,0.6133859879203788
2023-03-16,next_day_large_move_high_impact_days,high_impact_days_only,next_large_move_direction,controls_only,logreg,0,0,0.34989651924594856
2023-03-20,next_day_large_move_high_impact_days,high_impact_days_only,next_large_move_direction,controls_only,logreg,1,0,0.4002667037592994
2023-03-28,next_day_large_move_high_impact_days,high_impact_days_only,next_large_move_direction,controls_only,logreg,1,1,0.5966068189714424
2023-03-30,next_day_large_move_high_impact_days,high_impact_days_only,next_large_move_direction,controls_only,logreg,1,0,0.4596258584454209
2023-04-12,next_day_large_move_high_impact_days,high_impact_days_only,next_large_move_direction,controls_only,logreg,1,1,0.5814536300821972
2023-04-24,next_day_large_move_high_impact_days,high_impact_days_only,next_large_move_direction,controls_only,logreg,0,1,0.5044884731642112
2023-04-26,next_day_large_move_high_impact_days,high_impact_days_only,next_large_move_direction,controls_only,logreg,1,1,0.5642684807002183
2023-05-16,next_day_large_move_high_impact_days,high_impact_days_only,next_large_move_direction,controls_only,logreg,1,1,0.5249339989186694
2023-05-17,next_day_large_move_high_impact_days,high_impact_days_only,next_large_move_direction,controls_only,logreg,1,0,0.49282792388297864
2023-05-22,next_day_large_move_high_impact_days,high_impact_days_only,next_large_move_direction,controls_only,logreg,0,0,0.4679016931475484
2023-05-31,next_day_large_move_high_impact_days,high_impact_days_only,next_large_move_direction,controls_only,logreg,1,1,0.5291754062486176
2023-06-01,next_day_large_move_high_impact_days,high_impact_days_only,next_large_move_direction,controls_only,logreg,1,0,0.3104718074360208
2023-06-14,next_day_large_move_high_impact_days,high_impact_days_only,next_large_move_direction,controls_only,logreg,1,1,0.5305856626988141
2023-06-26,next_day_large_move_high_impact_days,high_impact_days_only,next_large_move_direction,controls_only,logreg,1,0,0.48768244224022866
2023-06-29,next_day_large_move_high_impact_days,high_impact_days_only,next_large_move_direction,controls_only,logreg,1,0,0.3889779429038763
2023-07-27,next_day_large_move_high_impact_days,high_impact_days_only,next_large_move_direction,controls_only,logreg,1,0,0.3885879407984367
2023-08-01,next_day_large_move_high_impact_days,high_impact_days_only,next_large_move_direction,controls_only,logreg,0,0,0.4779914551790209
2023-08-14,next_day_large_move_high_impact_days,high_impact_days_only,next_large_move_direction,controls_only,logreg,0,0,0.49347514908925166
2023-08-22,next_day_large_move_high_impact_days,high_impact_days_only,next_large_move_direction,controls_only,logreg,1,1,0.5872148252589161
2023-08-23,next_day_large_move_high_impact_days,high_impact_days_only,next_large_move_direction,controls_only,logreg,0,1,0.5237787470908044
2023-08-28,next_day_large_move_high_impact_days,high_impact_days_only,next_large_move_direction,controls_only,logreg,1,1,0.5189110567217528
2023-09-14,next_day_large_move_high_impact_days,high_impact_days_only,next_large_move_direction,controls_only,logreg,0,0,0.3835389726104352
2023-09-19,next_day_large_move_high_impact_days,high_impact_days_only,next_large_move_direction,controls_only,logreg,0,1,0.5249808400318126
2023-09-20,next_day_large_move_high_impact_days,high_impact_days_only,next_large_move_direction,controls_only,logreg,0,1,0.5746752401850862
2023-09-25,next_day_large_move_high_impact_days,high_impact_days_only,next_large_move_direction,controls_only,logreg,0,1,0.5440050496359978
2023-10-02,next_day_large_move_high_impact_days,high_impact_days_only,next_large_move_direction,controls_only,logreg,0,1,0.557137450955588
2023-10-05,next_day_large_move_high_impact_days,high_impact_days_only,next_large_move_direction,controls_only,logreg,1,1,0.519574793288468
2023-10-13,next_day_large_move_high_impact_days,high_impact_days_only,next_large_move_direction,controls_only,logreg,1,0,0.4797691276088115
2023-10-17,next_day_large_move_high_impact_days,high_impact_days_only,next_large_move_direction,controls_only,logreg,0,1,0.5701426340534801
2023-10-19,next_day_large_move_high_impact_days,high_impact_days_only,next_large_move_direction,controls_only,logreg,0,0,0.42102295406067813
2023-10-24,next_day_large_move_high_impact_days,high_impact_days_only,next_large_move_direction,controls_only,logreg,0,1,0.581043358519791
2023-10-25,next_day_large_move_high_impact_days,high_impact_days_only,next_large_move_direction,controls_only,logreg,0,1,0.6621159034545412
2023-10-27,next_day_large_move_high_impact_days,high_impact_days_only,next_large_move_direction,controls_only,logreg,1,1,0.5426023385156991
2023-10-31,next_day_large_move_high_impact_days,high_impact_days_only,next_large_move_direction,controls_only,logreg,1,1,0.5925309413265478
2023-11-01,next_day_large_move_high_impact_days,high_impact_days_only,next_large_move_direction,controls_only,logreg,1,1,0.5579416430877218
2023-11-02,next_day_large_move_high_impact_days,high_impact_days_only,next_large_move_direction,controls_only,logreg,1,0,0.3182054677338317
2023-11-09,next_day_large_move_high_impact_days,high_impact_days_only,next_large_move_direction,controls_only,logreg,1,0,0.42889232316502285
2023-11-13,next_day_large_move_high_impact_days,high_impact_days_only,next_large_move_direction,controls_only,logreg,1,1,0.5471697087826978
2023-12-12,next_day_large_move_high_impact_days,high_impact_days_only,next_large_move_direction,controls_only,logreg,1,0,0.4439196942008605
2023-12-19,next_day_large_move_high_impact_days,high_impact_days_only,next_large_move_direction,controls_only,logreg,0,0,0.41320376652251384
2023-12-20,next_day_large_move_high_impact_days,high_impact_days_only,next_large_move_direction,controls_only,logreg,1,1,0.5339316702764878
2024-01-05,next_day_large_move_high_impact_days,high_impact_days_only,next_large_move_direction,controls_only,logreg,1,0,0.49751805981892
2024-01-18,next_day_large_move_high_impact_days,high_impact_days_only,next_large_move_direction,controls_only,logreg,1,0,0.41325892785596896
2024-01-30,next_day_large_move_high_impact_days,high_impact_days_only,next_large_move_direction,controls_only,logreg,0,0,0.49590936248363976
2024-01-31,next_day_large_move_high_impact_days,high_impact_days_only,next_large_move_direction,controls_only,logreg,1,1,0.5187454052575764
2024-02-13,next_day_large_move_high_impact_days,high_impact_days_only,next_large_move_direction,controls_only,logreg,1,0,0.44707393436855597
2024-02-21,next_day_large_move_high_impact_days,high_impact_days_only,next_large_move_direction,controls_only,logreg,1,1,0.5267826726721043
2024-03-04,next_day_large_move_high_impact_days,high_impact_days_only,next_large_move_direction,controls_only,logreg,0,0,0.4932541085501727
2024-03-06,next_day_large_move_high_impact_days,high_impact_days_only,next_large_move_direction,controls_only,logreg,1,0,0.49624106441318594
2024-04-03,next_day_large_move_high_impact_days,high_impact_days_only,next_large_move_direction,controls_only,logreg,0,1,0.5279614399611692
2024-04-04,next_day_large_move_high_impact_days,high_impact_days_only,next_large_move_direction,controls_only,logreg,1,0,0.46957077872671354
2024-04-09,next_day_large_move_high_impact_days,high_impact_days_only,next_large_move_direction,controls_only,logreg,0,0,0.46950720609309754
2024-04-11,next_day_large_move_high_impact_days,high_impact_days_only,next_large_move_direction,controls_only,logreg,0,0,0.37434313209359804
2024-04-12,next_day_large_move_high_impact_days,high_impact_days_only,next_large_move_direction,controls_only,logreg,0,1,0.5038702971079825
2024-04-22,next_day_large_move_high_impact_days,high_impact_days_only,next_large_move_direction,controls_only,logreg,1,0,0.47716765300863706
2024-04-25,next_day_large_move_high_impact_days,high_impact_days_only,next_large_move_direction,controls_only,logreg,1,0,0.46335977352520547
2024-04-29,next_day_large_move_high_impact_days,high_impact_days_only,next_large_move_direction,controls_only,logreg,0,1,0.5121420770488693
2024-05-02,next_day_large_move_high_impact_days,high_impact_days_only,next_large_move_direction,controls_only,logreg,1,0,0.43915515467650207
2024-05-03,next_day_large_move_high_impact_days,high_impact_days_only,next_large_move_direction,controls_only,logreg,1,0,0.480001539513155
2024-05-14,next_day_large_move_high_impact_days,high_impact_days_only,next_large_move_direction,controls_only,logreg,1,0,0.48888222977575996
2024-06-04,next_day_large_move_high_impact_days,high_impact_days_only,next_large_move_direction,controls_only,logreg,1,0,0.4853686667594873
2024-07-09,next_day_large_move_high_impact_days,high_impact_days_only,next_large_move_direction,controls_only,logreg,1,0,0.4690231229985938
2024-07-19,next_day_large_move_high_impact_days,high_impact_days_only,next_large_move_direction,controls_only,logreg,1,0,0.47157805028417005
2024-07-25,next_day_large_move_high_impact_days,high_impact_days_only,next_large_move_direction,controls_only,logreg,1,0,0.4093685762550391
2024-07-30,next_day_large_move_high_impact_days,high_impact_days_only,next_large_move_direction,controls_only,logreg,1,1,0.5225729237898938
2024-07-31,next_day_large_move_high_impact_days,high_impact_days_only,next_large_move_direction,controls_only,logreg,0,0,0.480520749451066
2024-08-01,next_day_large_move_high_impact_days,high_impact_days_only,next_large_move_direction,controls_only,logreg,0,0,0.47793532779468717
2024-08-02,next_day_large_move_high_impact_days,high_impact_days_only,next_large_move_direction,controls_only,logreg,0,0,0.46393453646374894
2024-08-05,next_day_large_move_high_impact_days,high_impact_days_only,next_large_move_direction,controls_only,logreg,1,0,0.49587443501735773
2024-08-07,next_day_large_move_high_impact_days,high_impact_days_only,next_large_move_direction,controls_only,logreg,1,1,0.7306126731326664
2024-08-12,next_day_large_move_high_impact_days,high_impact_days_only,next_large_move_direction,controls_only,logreg,1,1,0.5002211516248113
2024-08-14,next_day_large_move_high_impact_days,high_impact_days_only,next_large_move_direction,controls_only,logreg,1,1,0.579396155666495
2024-08-16,next_day_large_move_high_impact_days,high_impact_days_only,next_large_move_direction,controls_only,logreg,1,1,0.5183832640780478
2024-08-22,next_day_large_move_high_impact_days,high_impact_days_only,next_large_move_direction,controls_only,logreg,1,0,0.475477428772603
2024-08-29,next_day_large_move_high_impact_days,high_impact_days_only,next_large_move_direction,controls_only,logreg,1,0,0.44913202969167243
2024-08-30,next_day_large_move_high_impact_days,high_impact_days_only,next_large_move_direction,controls_only,logreg,0,0,0.46796728457509296
2024-09-05,next_day_large_move_high_impact_days,high_impact_days_only,next_large_move_direction,controls_only,logreg,0,0,0.45065522629505134
2024-09-06,next_day_large_move_high_impact_days,high_impact_days_only,next_large_move_direction,controls_only,logreg,1,0,0.49041375568062473
2024-09-10,next_day_large_move_high_impact_days,high_impact_days_only,next_large_move_direction,controls_only,logreg,1,1,0.5353696417607549
2024-09-18,next_day_large_move_high_impact_days,high_impact_days_only,next_large_move_direction,controls_only,logreg,1,1,0.5947502726576676
2024-10-04,next_day_large_move_high_impact_days,high_impact_days_only,next_large_move_direction,controls_only,logreg,0,0,0.43039235416706023
2024-10-07,next_day_large_move_high_impact_days,high_impact_days_only,next_large_move_direction,controls_only,logreg,1,1,0.5010185794002014
2024-10-30,next_day_large_move_high_impact_days,high_impact_days_only,next_large_move_direction,controls_only,logreg,0,1,0.5820695605771493
2024-11-04,next_day_large_move_high_impact_days,high_impact_days_only,next_large_move_direction,controls_only,logreg,1,1,0.5265031767443462
2024-11-05,next_day_large_move_high_impact_days,high_impact_days_only,next_large_move_direction,controls_only,logreg,1,0,0.43759307753412696
2024-12-19,next_day_large_move_high_impact_days,high_impact_days_only,next_large_move_direction,controls_only,logreg,1,0,0.3893491963643733
2024-12-23,next_day_large_move_high_impact_days,high_impact_days_only,next_large_move_direction,controls_only,logreg,1,0,0.488036265372214
2024-12-27,next_day_large_move_high_impact_days,high_impact_days_only,next_large_move_direction,controls_only,logreg,0,0,0.4240575363326935
2025-01-02,next_day_large_move_high_impact_days,high_impact_days_only,next_large_move_direction,controls_only,logreg,1,1,0.5312706453517835
2025-01-06,next_day_large_move_high_impact_days,high_impact_days_only,next_large_move_direction,controls_only,logreg,0,1,0.5388302278986927
2025-01-08,next_day_large_move_high_impact_days,high_impact_days_only,next_large_move_direction,controls_only,logreg,0,1,0.5420455118760239
2025-01-14,next_day_large_move_high_impact_days,high_impact_days_only,next_large_move_direction,controls_only,logreg,1,1,0.6165365847489654
2025-01-16,next_day_large_move_high_impact_days,high_impact_days_only,next_large_move_direction,controls_only,logreg,1,1,0.5576895324877105
2025-01-24,next_day_large_move_high_impact_days,high_impact_days_only,next_large_move_direction,controls_only,logreg,0,0,0.4511752702437931
2025-02-06,next_day_large_move_high_impact_days,high_impact_days_only,next_large_move_direction,controls_only,logreg,0,0,0.4698312230955443
2025-02-12,next_day_large_move_high_impact_days,high_impact_days_only,next_large_move_direction,controls_only,logreg,1,1,0.5623529811980432
2025-02-20,next_day_large_move_high_impact_days,high_impact_days_only,next_large_move_direction,controls_only,logreg,0,0,0.45948119907352475
2025-02-26,next_day_large_move_high_impact_days,high_impact_days_only,next_large_move_direction,controls_only,logreg,0,1,0.6251479726751836
2025-02-27,next_day_large_move_high_impact_days,high_impact_days_only,next_large_move_direction,controls_only,logreg,1,1,0.5426355253035499
2025-03-03,next_day_large_move_high_impact_days,high_impact_days_only,next_large_move_direction,controls_only,logreg,0,1,0.5725887330023807
2025-03-04,next_day_large_move_high_impact_days,high_impact_days_only,next_large_move_direction,controls_only,logreg,1,1,0.502933185436998
2025-03-05,next_day_large_move_high_impact_days,high_impact_days_only,next_large_move_direction,controls_only,logreg,0,1,0.5398735182044032
2025-03-07,next_day_large_move_high_impact_days,high_impact_days_only,next_large_move_direction,controls_only,logreg,0,1,0.5023041845816272
2025-03-12,next_day_large_move_high_impact_days,high_impact_days_only,next_large_move_direction,controls_only,logreg,0,1,0.6782673878476505
2025-03-13,next_day_large_move_high_impact_days,high_impact_days_only,next_large_move_direction,controls_only,logreg,1,1,0.6035556673944386
2025-03-17,next_day_large_move_high_impact_days,high_impact_days_only,next_large_move_direction,controls_only,logreg,0,1,0.5973115134316015
2025-03-18,next_day_large_move_high_impact_days,high_impact_days_only,next_large_move_direction,controls_only,logreg,1,1,0.559862069291488
2025-03-21,next_day_large_move_high_impact_days,high_impact_days_only,next_large_move_direction,controls_only,logreg,1,1,0.5557697625141622
2025-03-27,next_day_large_move_high_impact_days,high_impact_days_only,next_large_move_direction,controls_only,logreg,0,0,0.48058562760119844
2025-04-02,next_day_large_move_high_impact_days,high_impact_days_only,next_large_move_direction,controls_only,logreg,0,1,0.6131531795860639
2025-04-03,next_day_large_move_high_impact_days,high_impact_days_only,next_large_move_direction,controls_only,logreg,0,1,0.5314358610676427
2025-04-07,next_day_large_move_high_impact_days,high_impact_days_only,next_large_move_direction,controls_only,logreg,0,1,0.5860623087518998
2025-04-08,next_day_large_move_high_impact_days,high_impact_days_only,next_large_move_direction,controls_only,logreg,1,1,0.7617083692117274
2025-04-09,next_day_large_move_high_impact_days,high_impact_days_only,next_large_move_direction,controls_only,logreg,0,0,0.20152029549340114
2025-04-10,next_day_large_move_high_impact_days,high_impact_days_only,next_large_move_direction,controls_only,logreg,1,1,0.6565402645810966
2025-04-15,next_day_large_move_high_impact_days,high_impact_days_only,next_large_move_direction,controls_only,logreg,0,0,0.34322037724783366
2025-04-17,next_day_large_move_high_impact_days,high_impact_days_only,next_large_move_direction,controls_only,logreg,0,1,0.5693857143078513
2025-04-21,next_day_large_move_high_impact_days,high_impact_days_only,next_large_move_direction,controls_only,logreg,1,1,0.7155943937433171
2025-04-22,next_day_large_move_high_impact_days,high_impact_days_only,next_large_move_direction,controls_only,logreg,1,1,0.5674295905268828
2025-04-23,next_day_large_move_high_impact_days,high_impact_days_only,next_large_move_direction,controls_only,logreg,1,1,0.7491928696091161
2025-05-01,next_day_large_move_high_impact_days,high_impact_days_only,next_large_move_direction,controls_only,logreg,1,1,0.6233599460425018
2025-05-09,next_day_large_move_high_impact_days,high_impact_days_only,next_large_move_direction,controls_only,logreg,1,1,0.5237812961233999
2025-05-20,next_day_large_move_high_impact_days,high_impact_days_only,next_large_move_direction,controls_only,logreg,0,0,0.4728984266027593
2025-06-12,next_day_large_move_high_impact_days,high_impact_days_only,next_large_move_direction,controls_only,logreg,0,0,0.4263025436697083
2025-06-13,next_day_large_move_high_impact_days,high_impact_days_only,next_large_move_direction,controls_only,logreg,1,0,0.490202857612475
2025-06-20,next_day_large_move_high_impact_days,high_impact_days_only,next_large_move_direction,controls_only,logreg,1,1,0.5014597683721121
2025-06-23,next_day_large_move_high_impact_days,high_impact_days_only,next_large_move_direction,controls_only,logreg,1,0,0.42999497853405816
2025-07-31,next_day_large_move_high_impact_days,high_impact_days_only,next_large_move_direction,controls_only,logreg,0,0,0.4590320462773677
2025-08-01,next_day_large_move_high_impact_days,high_impact_days_only,next_large_move_direction,controls_only,logreg,1,0,0.47004362933651855
2025-08-11,next_day_large_move_high_impact_days,high_impact_days_only,next_large_move_direction,controls_only,logreg,1,0,0.4891882484745142
2025-08-21,next_day_large_move_high_impact_days,high_impact_days_only,next_large_move_direction,controls_only,logreg,1,0,0.4747579982208131
2025-10-09,next_day_large_move_high_impact_days,high_impact_days_only,next_large_move_direction,controls_only,logreg,0,0,0.47120350068859795
2025-10-10,next_day_large_move_high_impact_days,high_impact_days_only,next_large_move_direction,controls_only,logreg,1,0,0.44284171491246654
2025-10-17,next_day_large_move_high_impact_days,high_impact_days_only,next_large_move_direction,controls_only,logreg,1,0,0.40452477603121045
2025-10-24,next_day_large_move_high_impact_days,high_impact_days_only,next_large_move_direction,controls_only,logreg,1,0,0.4441872817641134
2025-10-29,next_day_large_move_high_impact_days,high_impact_days_only,next_large_move_direction,controls_only,logreg,0,1,0.5342383396206101
2025-11-03,next_day_large_move_high_impact_days,high_impact_days_only,next_large_move_direction,controls_only,logreg,0,1,0.5361174970664603
2025-11-05,next_day_large_move_high_impact_days,high_impact_days_only,next_large_move_direction,controls_only,logreg,0,1,0.571150518226775
2025-11-07,next_day_large_move_high_impact_days,high_impact_days_only,next_large_move_direction,controls_only,logreg,1,0,0.48164974181043485
2025-11-19,next_day_large_move_high_impact_days,high_impact_days_only,next_large_move_direction,controls_only,logreg,0,1,0.5926924106636056
2025-11-20,next_day_large_move_high_impact_days,high_impact_days_only,next_large_move_direction,controls_only,logreg,1,1,0.5244518098778563
2025-11-21,next_day_large_move_high_impact_days,high_impact_days_only,next_large_move_direction,controls_only,logreg,1,0,0.4565737939077916
2025-12-11,next_day_large_move_high_impact_days,high_impact_days_only,next_large_move_direction,controls_only,logreg,0,1,0.5066731525925166
2025-12-16,next_day_large_move_high_impact_days,high_impact_days_only,next_large_move_direction,controls_only,logreg,0,1,0.5210662689409341
2023-01-04,next_day_large_move_high_impact_days,high_impact_days_only,next_large_move_direction,controls_only,random_forest,0,1,0.74
2023-01-17,next_day_large_move_high_impact_days,high_impact_days_only,next_large_move_direction,controls_only,random_forest,0,1,0.665
2023-01-25,next_day_large_move_high_impact_days,high_impact_days_only,next_large_move_direction,controls_only,random_forest,1,1,0.65
2023-01-27,next_day_large_move_high_impact_days,high_impact_days_only,next_large_move_direction,controls_only,random_forest,0,1,0.64
2023-01-30,next_day_large_move_high_impact_days,high_impact_days_only,next_large_move_direction,controls_only,random_forest,1,1,0.53
2023-01-31,next_day_large_move_high_impact_days,high_impact_days_only,next_large_move_direction,controls_only,random_forest,1,1,0.525
2023-02-01,next_day_large_move_high_impact_days,high_impact_days_only,next_large_move_direction,controls_only,random_forest,1,1,0.73
2023-02-02,next_day_large_move_high_impact_days,high_impact_days_only,next_large_move_direction,controls_only,random_forest,0,1,0.625
2023-02-07,next_day_large_move_high_impact_days,high_impact_days_only,next_large_move_direction,controls_only,random_forest,0,1,0.56
2023-02-15,next_day_large_move_high_impact_days,high_impact_days_only,next_large_move_direction,controls_only,random_forest,0,1,0.61
2023-02-17,next_day_large_move_high_impact_days,high_impact_days_only,next_large_move_direction,controls_only,random_forest,0,1,0.575
2023-02-23,next_day_large_move_high_impact_days,high_impact_days_only,next_large_move_direction,controls_only,random_forest,0,1,0.795
2023-03-02,next_day_large_move_high_impact_days,high_impact_days_only,next_large_move_direction,controls_only,random_forest,1,1,0.645
2023-03-06,next_day_large_move_high_impact_days,high_impact_days_only,next_large_move_direction,controls_only,random_forest,0,1,0.53
2023-03-08,next_day_large_move_high_impact_days,high_impact_days_only,next_large_move_direction,controls_only,random_forest,0,1,0.65
2023-03-13,next_day_large_move_high_impact_days,high_impact_days_only,next_large_move_direction,controls_only,random_forest,1,1,0.685
2023-03-16,next_day_large_move_high_impact_days,high_impact_days_only,next_large_move_direction,controls_only,random_forest,0,1,0.51
2023-03-20,next_day_large_move_high_impact_days,high_impact_days_only,next_large_move_direction,controls_only,random_forest,1,1,0.64
2023-03-28,next_day_large_move_high_impact_days,high_impact_days_only,next_large_move_direction,controls_only,random_forest,1,1,0.705
2023-03-30,next_day_large_move_high_impact_days,high_impact_days_only,next_large_move_direction,controls_only,random_forest,1,1,0.69
2023-04-12,next_day_large_move_high_impact_days,high_impact_days_only,next_large_move_direction,controls_only,random_forest,1,1,0.605
2023-04-24,next_day_large_move_high_impact_days,high_impact_days_only,next_large_move_direction,controls_only,random_forest,0,0,0.33
2023-04-26,next_day_large_move_high_impact_days,high_impact_days_only,next_large_move_direction,controls_only,random_forest,1,1,0.79
2023-05-16,next_day_large_move_high_impact_days,high_impact_days_only,next_large_move_direction,controls_only,random_forest,1,1,0.6
2023-05-17,next_day_large_move_high_impact_days,high_impact_days_only,next_large_move_direction,controls_only,random_forest,1,0,0.495
2023-05-22,next_day_large_move_high_impact_days,high_impact_days_only,next_large_move_direction,controls_only,random_forest,0,1,0.575
2023-05-31,next_day_large_move_high_impact_days,high_impact_days_only,next_large_move_direction,controls_only,random_forest,1,0,0.46
2023-06-01,next_day_large_move_high_impact_days,high_impact_days_only,next_large_move_direction,controls_only,random_forest,1,0,0.385
2023-06-14,next_day_large_move_high_impact_days,high_impact_days_only,next_large_move_direction,controls_only,random_forest,1,1,0.655
2023-06-26,next_day_large_move_high_impact_days,high_impact_days_only,next_large_move_direction,controls_only,random_forest,1,1,0.535
2023-06-29,next_day_large_move_high_impact_days,high_impact_days_only,next_large_move_direction,controls_only,random_forest,1,0,0.385
2023-07-27,next_day_large_move_high_impact_days,high_impact_days_only,next_large_move_direction,controls_only,random_forest,1,1,0.53
2023-08-01,next_day_large_move_high_impact_days,high_impact_days_only,next_large_move_direction,controls_only,random_forest,0,0,0.4
2023-08-14,next_day_large_move_high_impact_days,high_impact_days_only,next_large_move_direction,controls_only,random_forest,0,0,0.495
2023-08-22,next_day_large_move_high_impact_days,high_impact_days_only,next_large_move_direction,controls_only,random_forest,1,1,0.72
2023-08-23,next_day_large_move_high_impact_days,high_impact_days_only,next_large_move_direction,controls_only,random_forest,0,0,0.485
2023-08-28,next_day_large_move_high_impact_days,high_impact_days_only,next_large_move_direction,controls_only,random_forest,1,1,0.58
2023-09-14,next_day_large_move_high_impact_days,high_impact_days_only,next_large_move_direction,controls_only,random_forest,0,0,0.295
2023-09-19,next_day_large_move_high_impact_days,high_impact_days_only,next_large_move_direction,controls_only,random_forest,0,1,0.615
2023-09-20,next_day_large_move_high_impact_days,high_impact_days_only,next_large_move_direction,controls_only,random_forest,0,1,0.68
2023-09-25,next_day_large_move_high_impact_days,high_impact_days_only,next_large_move_direction,controls_only,random_forest,0,1,0.78
2023-10-02,next_day_large_move_high_impact_days,high_impact_days_only,next_large_move_direction,controls_only,random_forest,0,1,0.755
2023-10-05,next_day_large_move_high_impact_days,high_impact_days_only,next_large_move_direction,controls_only,random_forest,1,1,0.715
2023-10-13,next_day_large_move_high_impact_days,high_impact_days_only,next_large_move_direction,controls_only,random_forest,1,1,0.55
2023-10-17,next_day_large_move_high_impact_days,high_impact_days_only,next_large_move_direction,controls_only,random_forest,0,1,0.52
2023-10-19,next_day_large_move_high_impact_days,high_impact_days_only,next_large_move_direction,controls_only,random_forest,0,1,0.605
2023-10-24,next_day_large_move_high_impact_days,high_impact_days_only,next_large_move_direction,controls_only,random_forest,0,1,0.715
2023-10-25,next_day_large_move_high_impact_days,high_impact_days_only,next_large_move_direction,controls_only,random_forest,0,1,0.665
2023-10-27,next_day_large_move_high_impact_days,high_impact_days_only,next_large_move_direction,controls_only,random_forest,1,1,0.59
2023-10-31,next_day_large_move_high_impact_days,high_impact_days_only,next_large_move_direction,controls_only,random_forest,1,1,0.7
2023-11-01,next_day_large_move_high_impact_days,high_impact_days_only,next_large_move_direction,controls_only,random_forest,1,1,0.535
2023-11-02,next_day_large_move_high_impact_days,high_impact_days_only,next_large_move_direction,controls_only,random_forest,1,0,0.455
2023-11-09,next_day_large_move_high_impact_days,high_impact_days_only,next_large_move_direction,controls_only,random_forest,1,1,0.705
2023-11-13,next_day_large_move_high_impact_days,high_impact_days_only,next_large_move_direction,controls_only,random_forest,1,1,0.645
2023-12-12,next_day_large_move_high_impact_days,high_impact_days_only,next_large_move_direction,controls_only,random_forest,1,1,0.58
2023-12-19,next_day_large_move_high_impact_days,high_impact_days_only,next_large_move_direction,controls_only,random_forest,0,1,0.6
2023-12-20,next_day_large_move_high_impact_days,high_impact_days_only,next_large_move_direction,controls_only,random_forest,1,0,0.435
2024-01-05,next_day_large_move_high_impact_days,high_impact_days_only,next_large_move_direction,controls_only,random_forest,1,0,0.4826692218946014
2024-01-18,next_day_large_move_high_impact_days,high_impact_days_only,next_large_move_direction,controls_only,random_forest,1,0,0.4421175469141888
2024-01-30,next_day_large_move_high_impact_days,high_impact_days_only,next_large_move_direction,controls_only,random_forest,0,0,0.26645669063779154
2024-01-31,next_day_large_move_high_impact_days,high_impact_days_only,next_large_move_direction,controls_only,random_forest,1,0,0.4174010796630969
2024-02-13,next_day_large_move_high_impact_days,high_impact_days_only,next_large_move_direction,controls_only,random_forest,1,0,0.395473347172913
2024-02-21,next_day_large_move_high_impact_days,high_impact_days_only,next_large_move_direction,controls_only,random_forest,1,1,0.5271081169577647
2024-03-04,next_day_large_move_high_impact_days,high_impact_days_only,next_large_move_direction,controls_only,random_forest,0,0,0.37833794660002107
2024-03-06,next_day_large_move_high_impact_days,high_impact_days_only,next_large_move_direction,controls_only,random_forest,1,1,0.5603912732658015
2024-04-03,next_day_large_move_high_impact_days,high_impact_days_only,next_large_move_direction,controls_only,random_forest,0,0,0.3265928072512312
2024-04-04,next_day_large_move_high_impact_days,high_impact_days_only,next_large_move_direction,controls_only,random_forest,1,1,0.5138135900982683
2024-04-09,next_day_large_move_high_impact_days,high_impact_days_only,next_large_move_direction,controls_only,random_forest,0,0,0.4010001528134003
2024-04-11,next_day_large_move_high_impact_days,high_impact_days_only,next_large_move_direction,controls_only,random_forest,0,0,0.41811444284395777
2024-04-12,next_day_large_move_high_impact_days,high_impact_days_only,next_large_move_direction,controls_only,random_forest,0,0,0.4602087516913623
2024-04-22,next_day_large_move_high_impact_days,high_impact_days_only,next_large_move_direction,controls_only,random_forest,1,1,0.6291833471851586
2024-04-25,next_day_large_move_high_impact_days,high_impact_days_only,next_large_move_direction,controls_only,random_forest,1,0,0.4957353673879843
2024-04-29,next_day_large_move_high_impact_days,high_impact_days_only,next_large_move_direction,controls_only,random_forest,0,1,0.5197467097094105
2024-05-02,next_day_large_move_high_impact_days,high_impact_days_only,next_large_move_direction,controls_only,random_forest,1,1,0.5162352456882704
2024-05-03,next_day_large_move_high_impact_days,high_impact_days_only,next_large_move_direction,controls_only,random_forest,1,0,0.48375643233381427
2024-05-14,next_day_large_move_high_impact_days,high_impact_days_only,next_large_move_direction,controls_only,random_forest,1,0,0.4349800686413006
2024-06-04,next_day_large_move_high_impact_days,high_impact_days_only,next_large_move_direction,controls_only,random_forest,1,0,0.3930563231236798
2024-07-09,next_day_large_move_high_impact_days,high_impact_days_only,next_large_move_direction,controls_only,random_forest,1,0,0.26908363903976357
2024-07-19,next_day_large_move_high_impact_days,high_impact_days_only,next_large_move_direction,controls_only,random_forest,1,0,0.4969853598382894
2024-07-25,next_day_large_move_high_impact_days,high_impact_days_only,next_large_move_direction,controls_only,random_forest,1,0,0.4891287042444907
2024-07-30,next_day_large_move_high_impact_days,high_impact_days_only,next_large_move_direction,controls_only,random_forest,1,1,0.5940634512402231
2024-07-31,next_day_large_move_high_impact_days,high_impact_days_only,next_large_move_direction,controls_only,random_forest,0,0,0.47123775256044653
2024-08-01,next_day_large_move_high_impact_days,high_impact_days_only,next_large_move_direction,controls_only,random_forest,0,1,0.5678407084166378
2024-08-02,next_day_large_move_high_impact_days,high_impact_days_only,next_large_move_direction,controls_only,random_forest,0,1,0.5383701135709232
2024-08-05,next_day_large_move_high_impact_days,high_impact_days_only,next_large_move_direction,controls_only,random_forest,1,1,0.5423576706872975
2024-08-07,next_day_large_move_high_impact_days,high_impact_days_only,next_large_move_direction,controls_only,random_forest,1,1,0.7024410310153845
2024-08-12,next_day_large_move_high_impact_days,high_impact_days_only,next_large_move_direction,controls_only,random_forest,1,1,0.588825880123233
2024-08-14,next_day_large_move_high_impact_days,high_impact_days_only,next_large_move_direction,controls_only,random_forest,1,1,0.5731383681353992
2024-08-16,next_day_large_move_high_impact_days,high_impact_days_only,next_large_move_direction,controls_only,random_forest,1,1,0.5994165777273129
2024-08-22,next_day_large_move_high_impact_days,high_impact_days_only,next_large_move_direction,controls_only,random_forest,1,1,0.6740058847922521
2024-08-29,next_day_large_move_high_impact_days,high_impact_days_only,next_large_move_direction,controls_only,random_forest,1,1,0.6545667696684053
2024-08-30,next_day_large_move_high_impact_days,high_impact_days_only,next_large_move_direction,controls_only,random_forest,0,1,0.5222835104139091
2024-09-05,next_day_large_move_high_impact_days,high_impact_days_only,next_large_move_direction,controls_only,random_forest,0,0,0.46954955536152904
2024-09-06,next_day_large_move_high_impact_days,high_impact_days_only,next_large_move_direction,controls_only,random_forest,1,0,0.45508231304826213
2024-09-10,next_day_large_move_high_impact_days,high_impact_days_only,next_large_move_direction,controls_only,random_forest,1,1,0.6165954659374913
2024-09-18,next_day_large_move_high_impact_days,high_impact_days_only,next_large_move_direction,controls_only,random_forest,1,1,0.5915469836046992
2024-10-04,next_day_large_move_high_impact_days,high_impact_days_only,next_large_move_direction,controls_only,random_forest,0,0,0.467404525970382
2024-10-07,next_day_large_move_high_impact_days,high_impact_days_only,next_large_move_direction,controls_only,random_forest,1,1,0.5661392004821096
2024-10-30,next_day_large_move_high_impact_days,high_impact_days_only,next_large_move_direction,controls_only,random_forest,0,0,0.32449653692955094
2024-11-04,next_day_large_move_high_impact_days,high_impact_days_only,next_large_move_direction,controls_only,random_forest,1,1,0.5612574857422241
2024-11-05,next_day_large_move_high_impact_days,high_impact_days_only,next_large_move_direction,controls_only,random_forest,1,0,0.41579916789376875
2024-12-19,next_day_large_move_high_impact_days,high_impact_days_only,next_large_move_direction,controls_only,random_forest,1,0,0.46587312163243605
2024-12-23,next_day_large_move_high_impact_days,high_impact_days_only,next_large_move_direction,controls_only,random_forest,1,1,0.6018854227922398
2024-12-27,next_day_large_move_high_impact_days,high_impact_days_only,next_large_move_direction,controls_only,random_forest,0,0,0.41900370978253954
2025-01-02,next_day_large_move_high_impact_days,high_impact_days_only,next_large_move_direction,controls_only,random_forest,1,1,0.81
2025-01-06,next_day_large_move_high_impact_days,high_impact_days_only,next_large_move_direction,controls_only,random_forest,0,1,0.545
2025-01-08,next_day_large_move_high_impact_days,high_impact_days_only,next_large_move_direction,controls_only,random_forest,0,1,0.51
2025-01-14,next_day_large_move_high_impact_days,high_impact_days_only,next_large_move_direction,controls_only,random_forest,1,1,0.63
2025-01-16,next_day_large_move_high_impact_days,high_impact_days_only,next_large_move_direction,controls_only,random_forest,1,1,0.73
2025-01-24,next_day_large_move_high_impact_days,high_impact_days_only,next_large_move_direction,controls_only,random_forest,0,0,0.485
2025-02-06,next_day_large_move_high_impact_days,high_impact_days_only,next_large_move_direction,controls_only,random_forest,0,1,0.555
2025-02-12,next_day_large_move_high_impact_days,high_impact_days_only,next_large_move_direction,controls_only,random_forest,1,1,0.675
2025-02-20,next_day_large_move_high_impact_days,high_impact_days_only,next_large_move_direction,controls_only,random_forest,0,0,0.285
2025-02-26,next_day_large_move_high_impact_days,high_impact_days_only,next_large_move_direction,controls_only,random_forest,0,1,0.74
2025-02-27,next_day_large_move_high_impact_days,high_impact_days_only,next_large_move_direction,controls_only,random_forest,1,1,0.535
2025-03-03,next_day_large_move_high_impact_days,high_impact_days_only,next_large_move_direction,controls_only,random_forest,0,1,0.74
2025-03-04,next_day_large_move_high_impact_days,high_impact_days_only,next_large_move_direction,controls_only,random_forest,1,1,0.605
2025-03-05,next_day_large_move_high_impact_days,high_impact_days_only,next_large_move_direction,controls_only,random_forest,0,1,0.7
2025-03-07,next_day_large_move_high_impact_days,high_impact_days_only,next_large_move_direction,controls_only,random_forest,0,1,0.805
2025-03-12,next_day_large_move_high_impact_days,high_impact_days_only,next_large_move_direction,controls_only,random_forest,0,1,0.835
2025-03-13,next_day_large_move_high_impact_days,high_impact_days_only,next_large_move_direction,controls_only,random_forest,1,1,0.69
2025-03-17,next_day_large_move_high_impact_days,high_impact_days_only,next_large_move_direction,controls_only,random_forest,0,1,0.76
2025-03-18,next_day_large_move_high_impact_days,high_impact_days_only,next_large_move_direction,controls_only,random_forest,1,1,0.73
2025-03-21,next_day_large_move_high_impact_days,high_impact_days_only,next_large_move_direction,controls_only,random_forest,1,1,0.64
2025-03-27,next_day_large_move_high_impact_days,high_impact_days_only,next_large_move_direction,controls_only,random_forest,0,1,0.675
2025-04-02,next_day_large_move_high_impact_days,high_impact_days_only,next_large_move_direction,controls_only,random_forest,0,1,0.785
2025-04-03,next_day_large_move_high_impact_days,high_impact_days_only,next_large_move_direction,controls_only,random_forest,0,1,0.76
2025-04-07,next_day_large_move_high_impact_days,high_impact_days_only,next_large_move_direction,controls_only,random_forest,0,1,0.58
2025-04-08,next_day_large_move_high_impact_days,high_impact_days_only,next_large_move_direction,controls_only,random_forest,1,0,0.49
2025-04-09,next_day_large_move_high_impact_days,high_impact_days_only,next_large_move_direction,controls_only,random_forest,0,1,0.545
2025-04-10,next_day_large_move_high_impact_days,high_impact_days_only,next_large_move_direction,controls_only,random_forest,1,0,0.495
2025-04-15,next_day_large_move_high_impact_days,high_impact_days_only,next_large_move_direction,controls_only,random_forest,0,1,0.515
2025-04-17,next_day_large_move_high_impact_days,high_impact_days_only,next_large_move_direction,controls_only,random_forest,0,1,0.71
2025-04-21,next_day_large_move_high_impact_days,high_impact_days_only,next_large_move_direction,controls_only,random_forest,1,1,0.68
2025-04-22,next_day_large_move_high_impact_days,high_impact_days_only,next_large_move_direction,controls_only,random_forest,1,1,0.685
2025-04-23,next_day_large_move_high_impact_days,high_impact_days_only,next_large_move_direction,controls_only,random_forest,1,1,0.72
2025-05-01,next_day_large_move_high_impact_days,high_impact_days_only,next_large_move_direction,controls_only,random_forest,1,1,0.635
2025-05-09,next_day_large_move_high_impact_days,high_impact_days_only,next_large_move_direction,controls_only,random_forest,1,1,0.64
2025-05-20,next_day_large_move_high_impact_days,high_impact_days_only,next_large_move_direction,controls_only,random_forest,0,1,0.675
2025-06-12,next_day_large_move_high_impact_days,high_impact_days_only,next_large_move_direction,controls_only,random_forest,0,0,0.495
2025-06-13,next_day_large_move_high_impact_days,high_impact_days_only,next_large_move_direction,controls_only,random_forest,1,1,0.59
2025-06-20,next_day_large_move_high_impact_days,high_impact_days_only,next_large_move_direction,controls_only,random_forest,1,1,0.55
2025-06-23,next_day_large_move_high_impact_days,high_impact_days_only,next_large_move_direction,controls_only,random_forest,1,1,0.575
2025-07-31,next_day_large_move_high_impact_days,high_impact_days_only,next_large_move_direction,controls_only,random_forest,0,1,0.605
2025-08-01,next_day_large_move_high_impact_days,high_impact_days_only,next_large_move_direction,controls_only,random_forest,1,1,0.55
2025-08-11,next_day_large_move_high_impact_days,high_impact_days_only,next_large_move_direction,controls_only,random_forest,1,0,0.485
2025-08-21,next_day_large_move_high_impact_days,high_impact_days_only,next_large_move_direction,controls_only,random_forest,1,1,0.54
2025-10-09,next_day_large_move_high_impact_days,high_impact_days_only,next_large_move_direction,controls_only,random_forest,0,0,0.35
2025-10-10,next_day_large_move_high_impact_days,high_impact_days_only,next_large_move_direction,controls_only,random_forest,1,1,0.63
2025-10-17,next_day_large_move_high_impact_days,high_impact_days_only,next_large_move_direction,controls_only,random_forest,1,0,0.375
2025-10-24,next_day_large_move_high_impact_days,high_impact_days_only,next_large_move_direction,controls_only,random_forest,1,1,0.555
2025-10-29,next_day_large_move_high_impact_days,high_impact_days_only,next_large_move_direction,controls_only,random_forest,0,1,0.67
2025-11-03,next_day_large_move_high_impact_days,high_impact_days_only,next_large_move_direction,controls_only,random_forest,0,1,0.635
2025-11-05,next_day_large_move_high_impact_days,high_impact_days_only,next_large_move_direction,controls_only,random_forest,0,1,0.765
2025-11-07,next_day_large_move_high_impact_days,high_impact_days_only,next_large_move_direction,controls_only,random_forest,1,1,0.645
2025-11-19,next_day_large_move_high_impact_days,high_impact_days_only,next_large_move_direction,controls_only,random_forest,0,1,0.635
2025-11-20,next_day_large_move_high_impact_days,high_impact_days_only,next_large_move_direction,controls_only,random_forest,1,1,0.535
2025-11-21,next_day_large_move_high_impact_days,high_impact_days_only,next_large_move_direction,controls_only,random_forest,1,1,0.69
2025-12-11,next_day_large_move_high_impact_days,high_impact_days_only,next_large_move_direction,controls_only,random_forest,0,1,0.545
2025-12-16,next_day_large_move_high_impact_days,high_impact_days_only,next_large_move_direction,controls_only,random_forest,0,1,0.55
2023-01-04,next_day_large_move_high_impact_days,high_impact_days_only,next_large_move_direction,controls_only,gradient_boosting,0,1,0.701676426867264
2023-01-17,next_day_large_move_high_impact_days,high_impact_days_only,next_large_move_direction,controls_only,gradient_boosting,0,1,0.6392751517758081
2023-01-25,next_day_large_move_high_impact_days,high_impact_days_only,next_large_move_direction,controls_only,gradient_boosting,1,1,0.6737885288306942
2023-01-27,next_day_large_move_high_impact_days,high_impact_days_only,next_large_move_direction,controls_only,gradient_boosting,0,1,0.6503139642822612
2023-01-30,next_day_large_move_high_impact_days,high_impact_days_only,next_large_move_direction,controls_only,gradient_boosting,1,1,0.6073891674116955
2023-01-31,next_day_large_move_high_impact_days,high_impact_days_only,next_large_move_direction,controls_only,gradient_boosting,1,1,0.7081657187638796
2023-02-01,next_day_large_move_high_impact_days,high_impact_days_only,next_large_move_direction,controls_only,gradient_boosting,1,1,0.8777209214085934
2023-02-02,next_day_large_move_high_impact_days,high_impact_days_only,next_large_move_direction,controls_only,gradient_boosting,0,1,0.756135070383085
2023-02-07,next_day_large_move_high_impact_days,high_impact_days_only,next_large_move_direction,controls_only,gradient_boosting,0,1,0.5727810942586863
2023-02-15,next_day_large_move_high_impact_days,high_impact_days_only,next_large_move_direction,controls_only,gradient_boosting,0,1,0.7006403513188304
2023-02-17,next_day_large_move_high_impact_days,high_impact_days_only,next_large_move_direction,controls_only,gradient_boosting,0,1,0.6791855678402574
2023-02-23,next_day_large_move_high_impact_days,high_impact_days_only,next_large_move_direction,controls_only,gradient_boosting,0,1,0.8155653059042943
2023-03-02,next_day_large_move_high_impact_days,high_impact_days_only,next_large_move_direction,controls_only,gradient_boosting,1,1,0.5406236752501961
2023-03-06,next_day_large_move_high_impact_days,high_impact_days_only,next_large_move_direction,controls_only,gradient_boosting,0,0,0.4701584148724611
2023-03-08,next_day_large_move_high_impact_days,high_impact_days_only,next_large_move_direction,controls_only,gradient_boosting,0,1,0.5981821401644721
2023-03-13,next_day_large_move_high_impact_days,high_impact_days_only,next_large_move_direction,controls_only,gradient_boosting,1,1,0.5967694167613428
2023-03-16,next_day_large_move_high_impact_days,high_impact_days_only,next_large_move_direction,controls_only,gradient_boosting,0,1,0.5262153744670036
2023-03-20,next_day_large_move_high_impact_days,high_impact_days_only,next_large_move_direction,controls_only,gradient_boosting,1,1,0.6693119193553325
2023-03-28,next_day_large_move_high_impact_days,high_impact_days_only,next_large_move_direction,controls_only,gradient_boosting,1,1,0.6857362078571348
2023-03-30,next_day_large_move_high_impact_days,high_impact_days_only,next_large_move_direction,controls_only,gradient_boosting,1,1,0.7242096070886469
2023-04-12,next_day_large_move_high_impact_days,high_impact_days_only,next_large_move_direction,controls_only,gradient_boosting,1,1,0.6331080381144891
2023-04-24,next_day_large_move_high_impact_days,high_impact_days_only,next_large_move_direction,controls_only,gradient_boosting,0,0,0.2315531862584809
2023-04-26,next_day_large_move_high_impact_days,high_impact_days_only,next_large_move_direction,controls_only,gradient_boosting,1,1,0.7389908470890236
2023-05-16,next_day_large_move_high_impact_days,high_impact_days_only,next_large_move_direction,controls_only,gradient_boosting,1,1,0.668291492672129
2023-05-17,next_day_large_move_high_impact_days,high_impact_days_only,next_large_move_direction,controls_only,gradient_boosting,1,1,0.5531892550323582
2023-05-22,next_day_large_move_high_impact_days,high_impact_days_only,next_large_move_direction,controls_only,gradient_boosting,0,1,0.5706059913329592
2023-05-31,next_day_large_move_high_impact_days,high_impact_days_only,next_large_move_direction,controls_only,gradient_boosting,1,1,0.5238225660770884
2023-06-01,next_day_large_move_high_impact_days,high_impact_days_only,next_large_move_direction,controls_only,gradient_boosting,1,1,0.5243407687656111
2023-06-14,next_day_large_move_high_impact_days,high_impact_days_only,next_large_move_direction,controls_only,gradient_boosting,1,1,0.6038933124726206
2023-06-26,next_day_large_move_high_impact_days,high_impact_days_only,next_large_move_direction,controls_only,gradient_boosting,1,0,0.2728825669242966
2023-06-29,next_day_large_move_high_impact_days,high_impact_days_only,next_large_move_direction,controls_only,gradient_boosting,1,1,0.5589565973119954
2023-07-27,next_day_large_move_high_impact_days,high_impact_days_only,next_large_move_direction,controls_only,gradient_boosting,1,1,0.6147467057334488
2023-08-01,next_day_large_move_high_impact_days,high_impact_days_only,next_large_move_direction,controls_only,gradient_boosting,0,1,0.6011549080120472
2023-08-14,next_day_large_move_high_impact_days,high_impact_days_only,next_large_move_direction,controls_only,gradient_boosting,0,1,0.6170510011928001
2023-08-22,next_day_large_move_high_impact_days,high_impact_days_only,next_large_move_direction,controls_only,gradient_boosting,1,1,0.6113877809208845
2023-08-23,next_day_large_move_high_impact_days,high_impact_days_only,next_large_move_direction,controls_only,gradient_boosting,0,1,0.5108351750428903
2023-08-28,next_day_large_move_high_impact_days,high_impact_days_only,next_large_move_direction,controls_only,gradient_boosting,1,1,0.6402631399261378
2023-09-14,next_day_large_move_high_impact_days,high_impact_days_only,next_large_move_direction,controls_only,gradient_boosting,0,0,0.24769527644518585
2023-09-19,next_day_large_move_high_impact_days,high_impact_days_only,next_large_move_direction,controls_only,gradient_boosting,0,1,0.5648135650657227
2023-09-20,next_day_large_move_high_impact_days,high_impact_days_only,next_large_move_direction,controls_only,gradient_boosting,0,1,0.6386027859707011
2023-09-25,next_day_large_move_high_impact_days,high_impact_days_only,next_large_move_direction,controls_only,gradient_boosting,0,1,0.744256755390161
2023-10-02,next_day_large_move_high_impact_days,high_impact_days_only,next_large_move_direction,controls_only,gradient_boosting,0,1,0.6007961804193351
2023-10-05,next_day_large_move_high_impact_days,high_impact_days_only,next_large_move_direction,controls_only,gradient_boosting,1,1,0.6561335241566874
2023-10-13,next_day_large_move_high_impact_days,high_impact_days_only,next_large_move_direction,controls_only,gradient_boosting,1,1,0.5721832046723768
2023-10-17,next_day_large_move_high_impact_days,high_impact_days_only,next_large_move_direction,controls_only,gradient_boosting,0,1,0.5589653307954953
2023-10-19,next_day_large_move_high_impact_days,high_impact_days_only,next_large_move_direction,controls_only,gradient_boosting,0,1,0.5068815732955192
2023-10-24,next_day_large_move_high_impact_days,high_impact_days_only,next_large_move_direction,controls_only,gradient_boosting,0,1,0.7059756222078041
2023-10-25,next_day_large_move_high_impact_days,high_impact_days_only,next_large_move_direction,controls_only,gradient_boosting,0,1,0.5765921917544196
2023-10-27,next_day_large_move_high_impact_days,high_impact_days_only,next_large_move_direction,controls_only,gradient_boosting,1,1,0.5723811961380182
2023-10-31,next_day_large_move_high_impact_days,high_impact_days_only,next_large_move_direction,controls_only,gradient_boosting,1,1,0.6593756629126626
2023-11-01,next_day_large_move_high_impact_days,high_impact_days_only,next_large_move_direction,controls_only,gradient_boosting,1,0,0.3941724312080926
2023-11-02,next_day_large_move_high_impact_days,high_impact_days_only,next_large_move_direction,controls_only,gradient_boosting,1,1,0.5102687101808772
2023-11-09,next_day_large_move_high_impact_days,high_impact_days_only,next_large_move_direction,controls_only,gradient_boosting,1,1,0.610944833265466
2023-11-13,next_day_large_move_high_impact_days,high_impact_days_only,next_large_move_direction,controls_only,gradient_boosting,1,1,0.6375165257845022
2023-12-12,next_day_large_move_high_impact_days,high_impact_days_only,next_large_move_direction,controls_only,gradient_boosting,1,0,0.45919702597095186
2023-12-19,next_day_large_move_high_impact_days,high_impact_days_only,next_large_move_direction,controls_only,gradient_boosting,0,1,0.5778654377901129
2023-12-20,next_day_large_move_high_impact_days,high_impact_days_only,next_large_move_direction,controls_only,gradient_boosting,1,0,0.43035393898095237
2024-01-05,next_day_large_move_high_impact_days,high_impact_days_only,next_large_move_direction,controls_only,gradient_boosting,1,0,0.39708958144272954
2024-01-18,next_day_large_move_high_impact_days,high_impact_days_only,next_large_move_direction,controls_only,gradient_boosting,1,1,0.6104717658968349
2024-01-30,next_day_large_move_high_impact_days,high_impact_days_only,next_large_move_direction,controls_only,gradient_boosting,0,0,0.25389646229175805
2024-01-31,next_day_large_move_high_impact_days,high_impact_days_only,next_large_move_direction,controls_only,gradient_boosting,1,1,0.5157420665200589
2024-02-13,next_day_large_move_high_impact_days,high_impact_days_only,next_large_move_direction,controls_only,gradient_boosting,1,0,0.2791999216792909
2024-02-21,next_day_large_move_high_impact_days,high_impact_days_only,next_large_move_direction,controls_only,gradient_boosting,1,1,0.6921824235661737
2024-03-04,next_day_large_move_high_impact_days,high_impact_days_only,next_large_move_direction,controls_only,gradient_boosting,0,1,0.5281605891269328
2024-03-06,next_day_large_move_high_impact_days,high_impact_days_only,next_large_move_direction,controls_only,gradient_boosting,1,1,0.7751497314642748
2024-04-03,next_day_large_move_high_impact_days,high_impact_days_only,next_large_move_direction,controls_only,gradient_boosting,0,0,0.1844585895195488
2024-04-04,next_day_large_move_high_impact_days,high_impact_days_only,next_large_move_direction,controls_only,gradient_boosting,1,1,0.5483502813177952
2024-04-09,next_day_large_move_high_impact_days,high_impact_days_only,next_large_move_direction,controls_only,gradient_boosting,0,1,0.5826114609770425
2024-04-11,next_day_large_move_high_impact_days,high_impact_days_only,next_large_move_direction,controls_only,gradient_boosting,0,0,0.4807077689703206
2024-04-12,next_day_large_move_high_impact_days,high_impact_days_only,next_large_move_direction,controls_only,gradient_boosting,0,0,0.32956976785586317
2024-04-22,next_day_large_move_high_impact_days,high_impact_days_only,next_large_move_direction,controls_only,gradient_boosting,1,1,0.5983690687072807
2024-04-25,next_day_large_move_high_impact_days,high_impact_days_only,next_large_move_direction,controls_only,gradient_boosting,1,1,0.5208527259516896
2024-04-29,next_day_large_move_high_impact_days,high_impact_days_only,next_large_move_direction,controls_only,gradient_boosting,0,1,0.5406835860491634
2024-05-02,next_day_large_move_high_impact_days,high_impact_days_only,next_large_move_direction,controls_only,gradient_boosting,1,1,0.7319880535560639
2024-05-03,next_day_large_move_high_impact_days,high_impact_days_only,next_large_move_direction,controls_only,gradient_boosting,1,0,0.46220102260608775
2024-05-14,next_day_large_move_high_impact_days,high_impact_days_only,next_large_move_direction,controls_only,gradient_boosting,1,1,0.5200061921571779
2024-06-04,next_day_large_move_high_impact_days,high_impact_days_only,next_large_move_direction,controls_only,gradient_boosting,1,1,0.5142157044713466
2024-07-09,next_day_large_move_high_impact_days,high_impact_days_only,next_large_move_direction,controls_only,gradient_boosting,1,0,0.37797700054576494
2024-07-19,next_day_large_move_high_impact_days,high_impact_days_only,next_large_move_direction,controls_only,gradient_boosting,1,1,0.6075866338086857
2024-07-25,next_day_large_move_high_impact_days,high_impact_days_only,next_large_move_direction,controls_only,gradient_boosting,1,1,0.6806346469929888
2024-07-30,next_day_large_move_high_impact_days,high_impact_days_only,next_large_move_direction,controls_only,gradient_boosting,1,1,0.7071059605941248
2024-07-31,next_day_large_move_high_impact_days,high_impact_days_only,next_large_move_direction,controls_only,gradient_boosting,0,0,0.34284644315226515
2024-08-01,next_day_large_move_high_impact_days,high_impact_days_only,next_large_move_direction,controls_only,gradient_boosting,0,1,0.6493428847706251
2024-08-02,next_day_large_move_high_impact_days,high_impact_days_only,next_large_move_direction,controls_only,gradient_boosting,0,1,0.7621320678440179
2024-08-05,next_day_large_move_high_impact_days,high_impact_days_only,next_large_move_direction,controls_only,gradient_boosting,1,1,0.7814530042602411
2024-08-07,next_day_large_move_high_impact_days,high_impact_days_only,next_large_move_direction,controls_only,gradient_boosting,1,1,0.7581839257928107
2024-08-12,next_day_large_move_high_impact_days,high_impact_days_only,next_large_move_direction,controls_only,gradient_boosting,1,1,0.5125761712137064
2024-08-14,next_day_large_move_high_impact_days,high_impact_days_only,next_large_move_direction,controls_only,gradient_boosting,1,1,0.6578369844434946
2024-08-16,next_day_large_move_high_impact_days,high_impact_days_only,next_large_move_direction,controls_only,gradient_boosting,1,1,0.7037944057821077
2024-08-22,next_day_large_move_high_impact_days,high_impact_days_only,next_large_move_direction,controls_only,gradient_boosting,1,1,0.6633306222316123
2024-08-29,next_day_large_move_high_impact_days,high_impact_days_only,next_large_move_direction,controls_only,gradient_boosting,1,1,0.7113317822336938
2024-08-30,next_day_large_move_high_impact_days,high_impact_days_only,next_large_move_direction,controls_only,gradient_boosting,0,1,0.51423210773432
2024-09-05,next_day_large_move_high_impact_days,high_impact_days_only,next_large_move_direction,controls_only,gradient_boosting,0,1,0.6296295658644555
2024-09-06,next_day_large_move_high_impact_days,high_impact_days_only,next_large_move_direction,controls_only,gradient_boosting,1,0,0.47349895620545945
2024-09-10,next_day_large_move_high_impact_days,high_impact_days_only,next_large_move_direction,controls_only,gradient_boosting,1,1,0.7623735263978364
2024-09-18,next_day_large_move_high_impact_days,high_impact_days_only,next_large_move_direction,controls_only,gradient_boosting,1,1,0.6464532748651759
2024-10-04,next_day_large_move_high_impact_days,high_impact_days_only,next_large_move_direction,controls_only,gradient_boosting,0,0,0.47037485662583006
2024-10-07,next_day_large_move_high_impact_days,high_impact_days_only,next_large_move_direction,controls_only,gradient_boosting,1,1,0.6970907927498522
2024-10-30,next_day_large_move_high_impact_days,high_impact_days_only,next_large_move_direction,controls_only,gradient_boosting,0,0,0.2916774398985551
2024-11-04,next_day_large_move_high_impact_days,high_impact_days_only,next_large_move_direction,controls_only,gradient_boosting,1,1,0.656409224450978
2024-11-05,next_day_large_move_high_impact_days,high_impact_days_only,next_large_move_direction,controls_only,gradient_boosting,1,1,0.5367100962402036
2024-12-19,next_day_large_move_high_impact_days,high_impact_days_only,next_large_move_direction,controls_only,gradient_boosting,1,1,0.5195029387894908
2024-12-23,next_day_large_move_high_impact_days,high_impact_days_only,next_large_move_direction,controls_only,gradient_boosting,1,1,0.6936997106654916
2024-12-27,next_day_large_move_high_impact_days,high_impact_days_only,next_large_move_direction,controls_only,gradient_boosting,0,0,0.27607108054094104
2025-01-02,next_day_large_move_high_impact_days,high_impact_days_only,next_large_move_direction,controls_only,gradient_boosting,1,1,0.7751693770071464
2025-01-06,next_day_large_move_high_impact_days,high_impact_days_only,next_large_move_direction,controls_only,gradient_boosting,0,1,0.5473956176303696
2025-01-08,next_day_large_move_high_impact_days,high_impact_days_only,next_large_move_direction,controls_only,gradient_boosting,0,1,0.5542188856071462
2025-01-14,next_day_large_move_high_impact_days,high_impact_days_only,next_large_move_direction,controls_only,gradient_boosting,1,1,0.760206105600251
2025-01-16,next_day_large_move_high_impact_days,high_impact_days_only,next_large_move_direction,controls_only,gradient_boosting,1,1,0.7717815630765738
2025-01-24,next_day_large_move_high_impact_days,high_impact_days_only,next_large_move_direction,controls_only,gradient_boosting,0,0,0.40236769127616484
2025-02-06,next_day_large_move_high_impact_days,high_impact_days_only,next_large_move_direction,controls_only,gradient_boosting,0,1,0.7763793052444847
2025-02-12,next_day_large_move_high_impact_days,high_impact_days_only,next_large_move_direction,controls_only,gradient_boosting,1,1,0.8522474723439237
2025-02-20,next_day_large_move_high_impact_days,high_impact_days_only,next_large_move_direction,controls_only,gradient_boosting,0,0,0.16330420643613314
2025-02-26,next_day_large_move_high_impact_days,high_impact_days_only,next_large_move_direction,controls_only,gradient_boosting,0,1,0.8371881176192496
2025-02-27,next_day_large_move_high_impact_days,high_impact_days_only,next_large_move_direction,controls_only,gradient_boosting,1,0,0.2930597167154189
2025-03-03,next_day_large_move_high_impact_days,high_impact_days_only,next_large_move_direction,controls_only,gradient_boosting,0,1,0.8498101715437698
2025-03-04,next_day_large_move_high_impact_days,high_impact_days_only,next_large_move_direction,controls_only,gradient_boosting,1,1,0.5315711087683458
2025-03-05,next_day_large_move_high_impact_days,high_impact_days_only,next_large_move_direction,controls_only,gradient_boosting,0,1,0.7200949613453248
2025-03-07,next_day_large_move_high_impact_days,high_impact_days_only,next_large_move_direction,controls_only,gradient_boosting,0,1,0.844758614225456
2025-03-12,next_day_large_move_high_impact_days,high_impact_days_only,next_large_move_direction,controls_only,gradient_boosting,0,1,0.841656587367825
2025-03-13,next_day_large_move_high_impact_days,high_impact_days_only,next_large_move_direction,controls_only,gradient_boosting,1,1,0.5255751894386542
2025-03-17,next_day_large_move_high_impact_days,high_impact_days_only,next_large_move_direction,controls_only,gradient_boosting,0,1,0.8241703213027511
2025-03-18,next_day_large_move_high_impact_days,high_impact_days_only,next_large_move_direction,controls_only,gradient_boosting,1,1,0.7922906888107508
2025-03-21,next_day_large_move_high_impact_days,high_impact_days_only,next_large_move_direction,controls_only,gradient_boosting,1,0,0.17183714994406915
2025-03-27,next_day_large_move_high_impact_days,high_impact_days_only,next_large_move_direction,controls_only,gradient_boosting,0,1,0.7698990294509578
2025-04-02,next_day_large_move_high_impact_days,high_impact_days_only,next_large_move_direction,controls_only,gradient_boosting,0,1,0.8162402550792147
2025-04-03,next_day_large_move_high_impact_days,high_impact_days_only,next_large_move_direction,controls_only,gradient_boosting,0,1,0.5916258526302081
2025-04-07,next_day_large_move_high_impact_days,high_impact_days_only,next_large_move_direction,controls_only,gradient_boosting,0,1,0.6840156389478876
2025-04-08,next_day_large_move_high_impact_days,high_impact_days_only,next_large_move_direction,controls_only,gradient_boosting,1,1,0.6200629665268146
2025-04-09,next_day_large_move_high_impact_days,high_impact_days_only,next_large_move_direction,controls_only,gradient_boosting,0,1,0.6374318966468038
2025-04-10,next_day_large_move_high_impact_days,high_impact_days_only,next_large_move_direction,controls_only,gradient_boosting,1,0,0.46754698365921715
2025-04-15,next_day_large_move_high_impact_days,high_impact_days_only,next_large_move_direction,controls_only,gradient_boosting,0,1,0.5115648484949216
2025-04-17,next_day_large_move_high_impact_days,high_impact_days_only,next_large_move_direction,controls_only,gradient_boosting,0,1,0.718832071852144
2025-04-21,next_day_large_move_high_impact_days,high_impact_days_only,next_large_move_direction,controls_only,gradient_boosting,1,1,0.6044444290917099
2025-04-22,next_day_large_move_high_impact_days,high_impact_days_only,next_large_move_direction,controls_only,gradient_boosting,1,1,0.6691260740081775
2025-04-23,next_day_large_move_high_impact_days,high_impact_days_only,next_large_move_direction,controls_only,gradient_boosting,1,1,0.8590089781874785
2025-05-01,next_day_large_move_high_impact_days,high_impact_days_only,next_large_move_direction,controls_only,gradient_boosting,1,1,0.5521781855619114
2025-05-09,next_day_large_move_high_impact_days,high_impact_days_only,next_large_move_direction,controls_only,gradient_boosting,1,1,0.6162495036389227
2025-05-20,next_day_large_move_high_impact_days,high_impact_days_only,next_large_move_direction,controls_only,gradient_boosting,0,1,0.7655372225543444
2025-06-12,next_day_large_move_high_impact_days,high_impact_days_only,next_large_move_direction,controls_only,gradient_boosting,0,0,0.2615186844174673
2025-06-13,next_day_large_move_high_impact_days,high_impact_days_only,next_large_move_direction,controls_only,gradient_boosting,1,1,0.5682552205541606
2025-06-20,next_day_large_move_high_impact_days,high_impact_days_only,next_large_move_direction,controls_only,gradient_boosting,1,0,0.09810479276599715
2025-06-23,next_day_large_move_high_impact_days,high_impact_days_only,next_large_move_direction,controls_only,gradient_boosting,1,1,0.6501229455073513
2025-07-31,next_day_large_move_high_impact_days,high_impact_days_only,next_large_move_direction,controls_only,gradient_boosting,0,1,0.7537831033480439
2025-08-01,next_day_large_move_high_impact_days,high_impact_days_only,next_large_move_direction,controls_only,gradient_boosting,1,0,0.49168838529263426
2025-08-11,next_day_large_move_high_impact_days,high_impact_days_only,next_large_move_direction,controls_only,gradient_boosting,1,1,0.851780709420515
2025-08-21,next_day_large_move_high_impact_days,high_impact_days_only,next_large_move_direction,controls_only,gradient_boosting,1,0,0.1995119929992936
2025-10-09,next_day_large_move_high_impact_days,high_impact_days_only,next_large_move_direction,controls_only,gradient_boosting,0,0,0.49163312498046313
2025-10-10,next_day_large_move_high_impact_days,high_impact_days_only,next_large_move_direction,controls_only,gradient_boosting,1,1,0.6562335586965184
2025-10-17,next_day_large_move_high_impact_days,high_impact_days_only,next_large_move_direction,controls_only,gradient_boosting,1,0,0.33291012312126644
2025-10-24,next_day_large_move_high_impact_days,high_impact_days_only,next_large_move_direction,controls_only,gradient_boosting,1,1,0.5773996233535305
2025-10-29,next_day_large_move_high_impact_days,high_impact_days_only,next_large_move_direction,controls_only,gradient_boosting,0,1,0.7311065794574635
2025-11-03,next_day_large_move_high_impact_days,high_impact_days_only,next_large_move_direction,controls_only,gradient_boosting,0,1,0.6744110721874775
2025-11-05,next_day_large_move_high_impact_days,high_impact_days_only,next_large_move_direction,controls_only,gradient_boosting,0,1,0.7614488131942372
2025-11-07,next_day_large_move_high_impact_days,high_impact_days_only,next_large_move_direction,controls_only,gradient_boosting,1,1,0.5408122533354428
2025-11-19,next_day_large_move_high_impact_days,high_impact_days_only,next_large_move_direction,controls_only,gradient_boosting,0,1,0.6268019825712237
2025-11-20,next_day_large_move_high_impact_days,high_impact_days_only,next_large_move_direction,controls_only,gradient_boosting,1,0,0.33699751442762627
2025-11-21,next_day_large_move_high_impact_days,high_impact_days_only,next_large_move_direction,controls_only,gradient_boosting,1,1,0.6339172753602684
2025-12-11,next_day_large_move_high_impact_days,high_impact_days_only,next_large_move_direction,controls_only,gradient_boosting,0,1,0.5869258568172017
2025-12-16,next_day_large_move_high_impact_days,high_impact_days_only,next_large_move_direction,controls_only,gradient_boosting,0,1,0.6545159634763429
2023-01-04,next_day_large_move_high_impact_days,high_impact_days_only,next_large_move_direction,controls_plus_simple_nlp,logreg,0,1,0.6611266590145073
2023-01-17,next_day_large_move_high_impact_days,high_impact_days_only,next_large_move_direction,controls_plus_simple_nlp,logreg,0,1,0.5823717862504297
2023-01-25,next_day_large_move_high_impact_days,high_impact_days_only,next_large_move_direction,controls_plus_simple_nlp,logreg,1,1,0.5845083336523821
2023-01-27,next_day_large_move_high_impact_days,high_impact_days_only,next_large_move_direction,controls_plus_simple_nlp,logreg,0,0,0.4813169721458064
2023-01-30,next_day_large_move_high_impact_days,high_impact_days_only,next_large_move_direction,controls_plus_simple_nlp,logreg,1,0,0.4984886083832447
2023-01-31,next_day_large_move_high_impact_days,high_impact_days_only,next_large_move_direction,controls_plus_simple_nlp,logreg,1,0,0.44445460543419907
2023-02-01,next_day_large_move_high_impact_days,high_impact_days_only,next_large_move_direction,controls_plus_simple_nlp,logreg,1,1,0.5305874232069565
2023-02-02,next_day_large_move_high_impact_days,high_impact_days_only,next_large_move_direction,controls_plus_simple_nlp,logreg,0,0,0.3410403504811578
2023-02-07,next_day_large_move_high_impact_days,high_impact_days_only,next_large_move_direction,controls_plus_simple_nlp,logreg,0,0,0.3848617659161773
2023-02-15,next_day_large_move_high_impact_days,high_impact_days_only,next_large_move_direction,controls_plus_simple_nlp,logreg,0,1,0.5879526055806835
2023-02-17,next_day_large_move_high_impact_days,high_impact_days_only,next_large_move_direction,controls_plus_simple_nlp,logreg,0,1,0.5300020176815633
2023-02-23,next_day_large_move_high_impact_days,high_impact_days_only,next_large_move_direction,controls_plus_simple_nlp,logreg,0,1,0.5275445992992404
2023-03-02,next_day_large_move_high_impact_days,high_impact_days_only,next_large_move_direction,controls_plus_simple_nlp,logreg,1,1,0.5498243227667383
2023-03-06,next_day_large_move_high_impact_days,high_impact_days_only,next_large_move_direction,controls_plus_simple_nlp,logreg,0,1,0.6026253363459068
2023-03-08,next_day_large_move_high_impact_days,high_impact_days_only,next_large_move_direction,controls_plus_simple_nlp,logreg,0,1,0.6219462696072545
2023-03-13,next_day_large_move_high_impact_days,high_impact_days_only,next_large_move_direction,controls_plus_simple_nlp,logreg,1,1,0.5751755499720149
2023-03-16,next_day_large_move_high_impact_days,high_impact_days_only,next_large_move_direction,controls_plus_simple_nlp,logreg,0,0,0.42087097954878067
2023-03-20,next_day_large_move_high_impact_days,high_impact_days_only,next_large_move_direction,controls_plus_simple_nlp,logreg,1,0,0.44765755799331697
2023-03-28,next_day_large_move_high_impact_days,high_impact_days_only,next_large_move_direction,controls_plus_simple_nlp,logreg,1,1,0.5754749369866365
2023-03-30,next_day_large_move_high_impact_days,high_impact_days_only,next_large_move_direction,controls_plus_simple_nlp,logreg,1,1,0.5202577129204217
2023-04-12,next_day_large_move_high_impact_days,high_impact_days_only,next_large_move_direction,controls_plus_simple_nlp,logreg,1,1,0.6292521420626744
2023-04-24,next_day_large_move_high_impact_days,high_impact_days_only,next_large_move_direction,controls_plus_simple_nlp,logreg,0,1,0.5594576563035538
2023-04-26,next_day_large_move_high_impact_days,high_impact_days_only,next_large_move_direction,controls_plus_simple_nlp,logreg,1,1,0.5745742087215506
2023-05-16,next_day_large_move_high_impact_days,high_impact_days_only,next_large_move_direction,controls_plus_simple_nlp,logreg,1,1,0.5229831432063102
2023-05-17,next_day_large_move_high_impact_days,high_impact_days_only,next_large_move_direction,controls_plus_simple_nlp,logreg,1,1,0.5329447186610936
2023-05-22,next_day_large_move_high_impact_days,high_impact_days_only,next_large_move_direction,controls_plus_simple_nlp,logreg,0,0,0.4714712420577148
2023-05-31,next_day_large_move_high_impact_days,high_impact_days_only,next_large_move_direction,controls_plus_simple_nlp,logreg,1,1,0.52564645022741
2023-06-01,next_day_large_move_high_impact_days,high_impact_days_only,next_large_move_direction,controls_plus_simple_nlp,logreg,1,0,0.34852140407590637
2023-06-14,next_day_large_move_high_impact_days,high_impact_days_only,next_large_move_direction,controls_plus_simple_nlp,logreg,1,1,0.5333165508790413
2023-06-26,next_day_large_move_high_impact_days,high_impact_days_only,next_large_move_direction,controls_plus_simple_nlp,logreg,1,1,0.5729885026760451
2023-06-29,next_day_large_move_high_impact_days,high_impact_days_only,next_large_move_direction,controls_plus_simple_nlp,logreg,1,0,0.3831547153944839
2023-07-27,next_day_large_move_high_impact_days,high_impact_days_only,next_large_move_direction,controls_plus_simple_nlp,logreg,1,0,0.43458284708388895
2023-08-01,next_day_large_move_high_impact_days,high_impact_days_only,next_large_move_direction,controls_plus_simple_nlp,logreg,0,1,0.5121528384015606
2023-08-14,next_day_large_move_high_impact_days,high_impact_days_only,next_large_move_direction,controls_plus_simple_nlp,logreg,0,1,0.5955943290544923
2023-08-22,next_day_large_move_high_impact_days,high_impact_days_only,next_large_move_direction,controls_plus_simple_nlp,logreg,1,1,0.5875433796336241
2023-08-23,next_day_large_move_high_impact_days,high_impact_days_only,next_large_move_direction,controls_plus_simple_nlp,logreg,0,1,0.5178062497074353
2023-08-28,next_day_large_move_high_impact_days,high_impact_days_only,next_large_move_direction,controls_plus_simple_nlp,logreg,1,1,0.6342684024335716
2023-09-14,next_day_large_move_high_impact_days,high_impact_days_only,next_large_move_direction,controls_plus_simple_nlp,logreg,0,0,0.37837304854687104
2023-09-19,next_day_large_move_high_impact_days,high_impact_days_only,next_large_move_direction,controls_plus_simple_nlp,logreg,0,1,0.5136151557137717
2023-09-20,next_day_large_move_high_impact_days,high_impact_days_only,next_large_move_direction,controls_plus_simple_nlp,logreg,0,1,0.5763998863568943
2023-09-25,next_day_large_move_high_impact_days,high_impact_days_only,next_large_move_direction,controls_plus_simple_nlp,logreg,0,1,0.7020319162248848
2023-10-02,next_day_large_move_high_impact_days,high_impact_days_only,next_large_move_direction,controls_plus_simple_nlp,logreg,0,1,0.5913573589438902
2023-10-05,next_day_large_move_high_impact_days,high_impact_days_only,next_large_move_direction,controls_plus_simple_nlp,logreg,1,1,0.5892610778314944
2023-10-13,next_day_large_move_high_impact_days,high_impact_days_only,next_large_move_direction,controls_plus_simple_nlp,logreg,1,0,0.4695578953608813
2023-10-17,next_day_large_move_high_impact_days,high_impact_days_only,next_large_move_direction,controls_plus_simple_nlp,logreg,0,1,0.5442484907409421
2023-10-19,next_day_large_move_high_impact_days,high_impact_days_only,next_large_move_direction,controls_plus_simple_nlp,logreg,0,0,0.4261373519790873
2023-10-24,next_day_large_move_high_impact_days,high_impact_days_only,next_large_move_direction,controls_plus_simple_nlp,logreg,0,1,0.6207417195198063
2023-10-25,next_day_large_move_high_impact_days,high_impact_days_only,next_large_move_direction,controls_plus_simple_nlp,logreg,0,1,0.6717394157441214
2023-10-27,next_day_large_move_high_impact_days,high_impact_days_only,next_large_move_direction,controls_plus_simple_nlp,logreg,1,1,0.511809049536108
2023-10-31,next_day_large_move_high_impact_days,high_impact_days_only,next_large_move_direction,controls_plus_simple_nlp,logreg,1,1,0.5370155228946709
2023-11-01,next_day_large_move_high_impact_days,high_impact_days_only,next_large_move_direction,controls_plus_simple_nlp,logreg,1,1,0.5631691512505669
2023-11-02,next_day_large_move_high_impact_days,high_impact_days_only,next_large_move_direction,controls_plus_simple_nlp,logreg,1,0,0.3882678853444497
2023-11-09,next_day_large_move_high_impact_days,high_impact_days_only,next_large_move_direction,controls_plus_simple_nlp,logreg,1,0,0.4309188292432468
2023-11-13,next_day_large_move_high_impact_days,high_impact_days_only,next_large_move_direction,controls_plus_simple_nlp,logreg,1,1,0.5978664722290431
2023-12-12,next_day_large_move_high_impact_days,high_impact_days_only,next_large_move_direction,controls_plus_simple_nlp,logreg,1,0,0.4276371866686314
2023-12-19,next_day_large_move_high_impact_days,high_impact_days_only,next_large_move_direction,controls_plus_simple_nlp,logreg,0,0,0.43570862445155634
2023-12-20,next_day_large_move_high_impact_days,high_impact_days_only,next_large_move_direction,controls_plus_simple_nlp,logreg,1,1,0.5492686528644459
2024-01-05,next_day_large_move_high_impact_days,high_impact_days_only,next_large_move_direction,controls_plus_simple_nlp,logreg,1,0,0.48850974907255157
2024-01-18,next_day_large_move_high_impact_days,high_impact_days_only,next_large_move_direction,controls_plus_simple_nlp,logreg,1,0,0.399964714001635
2024-01-30,next_day_large_move_high_impact_days,high_impact_days_only,next_large_move_direction,controls_plus_simple_nlp,logreg,0,0,0.4470570948381799
2024-01-31,next_day_large_move_high_impact_days,high_impact_days_only,next_large_move_direction,controls_plus_simple_nlp,logreg,1,1,0.5129614592732507
2024-02-13,next_day_large_move_high_impact_days,high_impact_days_only,next_large_move_direction,controls_plus_simple_nlp,logreg,1,0,0.4187545894684994
2024-02-21,next_day_large_move_high_impact_days,high_impact_days_only,next_large_move_direction,controls_plus_simple_nlp,logreg,1,1,0.5336929203962868
2024-03-04,next_day_large_move_high_impact_days,high_impact_days_only,next_large_move_direction,controls_plus_simple_nlp,logreg,0,0,0.49583252396050065
2024-03-06,next_day_large_move_high_impact_days,high_impact_days_only,next_large_move_direction,controls_plus_simple_nlp,logreg,1,1,0.5023697334981027
2024-04-03,next_day_large_move_high_impact_days,high_impact_days_only,next_large_move_direction,controls_plus_simple_nlp,logreg,0,1,0.5612487697440484
2024-04-04,next_day_large_move_high_impact_days,high_impact_days_only,next_large_move_direction,controls_plus_simple_nlp,logreg,1,0,0.46127948392186635
2024-04-09,next_day_large_move_high_impact_days,high_impact_days_only,next_large_move_direction,controls_plus_simple_nlp,logreg,0,0,0.49418634442066095
2024-04-11,next_day_large_move_high_impact_days,high_impact_days_only,next_large_move_direction,controls_plus_simple_nlp,logreg,0,0,0.3928310944028398
2024-04-12,next_day_large_move_high_impact_days,high_impact_days_only,next_large_move_direction,controls_plus_simple_nlp,logreg,0,1,0.5103552797249732
2024-04-22,next_day_large_move_high_impact_days,high_impact_days_only,next_large_move_direction,controls_plus_simple_nlp,logreg,1,0,0.46568264639235146
2024-04-25,next_day_large_move_high_impact_days,high_impact_days_only,next_large_move_direction,controls_plus_simple_nlp,logreg,1,0,0.4823779082794879
2024-04-29,next_day_large_move_high_impact_days,high_impact_days_only,next_large_move_direction,controls_plus_simple_nlp,logreg,0,1,0.5163941448415728
2024-05-02,next_day_large_move_high_impact_days,high_impact_days_only,next_large_move_direction,controls_plus_simple_nlp,logreg,1,0,0.442249897958499
2024-05-03,next_day_large_move_high_impact_days,high_impact_days_only,next_large_move_direction,controls_plus_simple_nlp,logreg,1,0,0.4890825536037139
2024-05-14,next_day_large_move_high_impact_days,high_impact_days_only,next_large_move_direction,controls_plus_simple_nlp,logreg,1,1,0.508045960963642
2024-06-04,next_day_large_move_high_impact_days,high_impact_days_only,next_large_move_direction,controls_plus_simple_nlp,logreg,1,0,0.47503008793649737
2024-07-09,next_day_large_move_high_impact_days,high_impact_days_only,next_large_move_direction,controls_plus_simple_nlp,logreg,1,0,0.4634443895298789
2024-07-19,next_day_large_move_high_impact_days,high_impact_days_only,next_large_move_direction,controls_plus_simple_nlp,logreg,1,0,0.43844579783756205
2024-07-25,next_day_large_move_high_impact_days,high_impact_days_only,next_large_move_direction,controls_plus_simple_nlp,logreg,1,0,0.42888324968334773
2024-07-30,next_day_large_move_high_impact_days,high_impact_days_only,next_large_move_direction,controls_plus_simple_nlp,logreg,1,1,0.536477149570871
2024-07-31,next_day_large_move_high_impact_days,high_impact_days_only,next_large_move_direction,controls_plus_simple_nlp,logreg,0,0,0.4597362403600134
2024-08-01,next_day_large_move_high_impact_days,high_impact_days_only,next_large_move_direction,controls_plus_simple_nlp,logreg,0,0,0.46387661497440036
2024-08-02,next_day_large_move_high_impact_days,high_impact_days_only,next_large_move_direction,controls_plus_simple_nlp,logreg,0,0,0.4591183931324422
2024-08-05,next_day_large_move_high_impact_days,high_impact_days_only,next_large_move_direction,controls_plus_simple_nlp,logreg,1,0,0.494455596993357
2024-08-07,next_day_large_move_high_impact_days,high_impact_days_only,next_large_move_direction,controls_plus_simple_nlp,logreg,1,1,0.7240096453503593
2024-08-12,next_day_large_move_high_impact_days,high_impact_days_only,next_large_move_direction,controls_plus_simple_nlp,logreg,1,1,0.521396870776876
2024-08-14,next_day_large_move_high_impact_days,high_impact_days_only,next_large_move_direction,controls_plus_simple_nlp,logreg,1,1,0.5922672904035295
2024-08-16,next_day_large_move_high_impact_days,high_impact_days_only,next_large_move_direction,controls_plus_simple_nlp,logreg,1,1,0.5163845561305558
2024-08-22,next_day_large_move_high_impact_days,high_impact_days_only,next_large_move_direction,controls_plus_simple_nlp,logreg,1,0,0.431566604480316
2024-08-29,next_day_large_move_high_impact_days,high_impact_days_only,next_large_move_direction,controls_plus_simple_nlp,logreg,1,0,0.4567264499811512
2024-08-30,next_day_large_move_high_impact_days,high_impact_days_only,next_large_move_direction,controls_plus_simple_nlp,logreg,0,0,0.48177259398298944
2024-09-05,next_day_large_move_high_impact_days,high_impact_days_only,next_large_move_direction,controls_plus_simple_nlp,logreg,0,0,0.44890550425672476
2024-09-06,next_day_large_move_high_impact_days,high_impact_days_only,next_large_move_direction,controls_plus_simple_nlp,logreg,1,0,0.4751038543059284
2024-09-10,next_day_large_move_high_impact_days,high_impact_days_only,next_large_move_direction,controls_plus_simple_nlp,logreg,1,1,0.5457932557704681
2024-09-18,next_day_large_move_high_impact_days,high_impact_days_only,next_large_move_direction,controls_plus_simple_nlp,logreg,1,1,0.6102320701091072
2024-10-04,next_day_large_move_high_impact_days,high_impact_days_only,next_large_move_direction,controls_plus_simple_nlp,logreg,0,0,0.4463561488302432
2024-10-07,next_day_large_move_high_impact_days,high_impact_days_only,next_large_move_direction,controls_plus_simple_nlp,logreg,1,1,0.506465554393574
2024-10-30,next_day_large_move_high_impact_days,high_impact_days_only,next_large_move_direction,controls_plus_simple_nlp,logreg,0,1,0.5539664956514606
2024-11-04,next_day_large_move_high_impact_days,high_impact_days_only,next_large_move_direction,controls_plus_simple_nlp,logreg,1,0,0.4950431450477818
2024-11-05,next_day_large_move_high_impact_days,high_impact_days_only,next_large_move_direction,controls_plus_simple_nlp,logreg,1,0,0.4103320059629129
2024-12-19,next_day_large_move_high_impact_days,high_impact_days_only,next_large_move_direction,controls_plus_simple_nlp,logreg,1,0,0.4299441230692416
2024-12-23,next_day_large_move_high_impact_days,high_impact_days_only,next_large_move_direction,controls_plus_simple_nlp,logreg,1,1,0.5149055390232394
2024-12-27,next_day_large_move_high_impact_days,high_impact_days_only,next_large_move_direction,controls_plus_simple_nlp,logreg,0,0,0.42452621631907955
2025-01-02,next_day_large_move_high_impact_days,high_impact_days_only,next_large_move_direction,controls_plus_simple_nlp,logreg,1,0,0.4424166912159324
2025-01-06,next_day_large_move_high_impact_days,high_impact_days_only,next_large_move_direction,controls_plus_simple_nlp,logreg,0,1,0.5185883780292323
2025-01-08,next_day_large_move_high_impact_days,high_impact_days_only,next_large_move_direction,controls_plus_simple_nlp,logreg,0,1,0.540956026903361
2025-01-14,next_day_large_move_high_impact_days,high_impact_days_only,next_large_move_direction,controls_plus_simple_nlp,logreg,1,1,0.6113816518358505
2025-01-16,next_day_large_move_high_impact_days,high_impact_days_only,next_large_move_direction,controls_plus_simple_nlp,logreg,1,1,0.5687417614618727
2025-01-24,next_day_large_move_high_impact_days,high_impact_days_only,next_large_move_direction,controls_plus_simple_nlp,logreg,0,0,0.42854033025240673
2025-02-06,next_day_large_move_high_impact_days,high_impact_days_only,next_large_move_direction,controls_plus_simple_nlp,logreg,0,0,0.4467877505973831
2025-02-12,next_day_large_move_high_impact_days,high_impact_days_only,next_large_move_direction,controls_plus_simple_nlp,logreg,1,0,0.48200609336830486
2025-02-20,next_day_large_move_high_impact_days,high_impact_days_only,next_large_move_direction,controls_plus_simple_nlp,logreg,0,0,0.401728355255196
2025-02-26,next_day_large_move_high_impact_days,high_impact_days_only,next_large_move_direction,controls_plus_simple_nlp,logreg,0,1,0.6204376042920807
2025-02-27,next_day_large_move_high_impact_days,high_impact_days_only,next_large_move_direction,controls_plus_simple_nlp,logreg,1,1,0.5230100615475556
2025-03-03,next_day_large_move_high_impact_days,high_impact_days_only,next_large_move_direction,controls_plus_simple_nlp,logreg,0,1,0.6248261470556306
2025-03-04,next_day_large_move_high_impact_days,high_impact_days_only,next_large_move_direction,controls_plus_simple_nlp,logreg,1,1,0.5481996682743252
2025-03-05,next_day_large_move_high_impact_days,high_impact_days_only,next_large_move_direction,controls_plus_simple_nlp,logreg,0,0,0.4624110548445838
2025-03-07,next_day_large_move_high_impact_days,high_impact_days_only,next_large_move_direction,controls_plus_simple_nlp,logreg,0,1,0.5136658560976191
2025-03-12,next_day_large_move_high_impact_days,high_impact_days_only,next_large_move_direction,controls_plus_simple_nlp,logreg,0,1,0.7086914004258547
2025-03-13,next_day_large_move_high_impact_days,high_impact_days_only,next_large_move_direction,controls_plus_simple_nlp,logreg,1,1,0.6823946527228125
2025-03-17,next_day_large_move_high_impact_days,high_impact_days_only,next_large_move_direction,controls_plus_simple_nlp,logreg,0,1,0.6343149458013089
2025-03-18,next_day_large_move_high_impact_days,high_impact_days_only,next_large_move_direction,controls_plus_simple_nlp,logreg,1,1,0.5438586352798503
2025-03-21,next_day_large_move_high_impact_days,high_impact_days_only,next_large_move_direction,controls_plus_simple_nlp,logreg,1,1,0.6050816849795256
2025-03-27,next_day_large_move_high_impact_days,high_impact_days_only,next_large_move_direction,controls_plus_simple_nlp,logreg,0,0,0.4700839035844249
2025-04-02,next_day_large_move_high_impact_days,high_impact_days_only,next_large_move_direction,controls_plus_simple_nlp,logreg,0,1,0.6272103696560729
2025-04-03,next_day_large_move_high_impact_days,high_impact_days_only,next_large_move_direction,controls_plus_simple_nlp,logreg,0,1,0.5604590089684902
2025-04-07,next_day_large_move_high_impact_days,high_impact_days_only,next_large_move_direction,controls_plus_simple_nlp,logreg,0,1,0.5293522846154047
2025-04-08,next_day_large_move_high_impact_days,high_impact_days_only,next_large_move_direction,controls_plus_simple_nlp,logreg,1,1,0.7751902380441863
2025-04-09,next_day_large_move_high_impact_days,high_impact_days_only,next_large_move_direction,controls_plus_simple_nlp,logreg,0,0,0.06338649749551878
2025-04-10,next_day_large_move_high_impact_days,high_impact_days_only,next_large_move_direction,controls_plus_simple_nlp,logreg,1,1,0.5390632430864442
2025-04-15,next_day_large_move_high_impact_days,high_impact_days_only,next_large_move_direction,controls_plus_simple_nlp,logreg,0,0,0.23773334469085802
2025-04-17,next_day_large_move_high_impact_days,high_impact_days_only,next_large_move_direction,controls_plus_simple_nlp,logreg,0,1,0.5817504854364736
2025-04-21,next_day_large_move_high_impact_days,high_impact_days_only,next_large_move_direction,controls_plus_simple_nlp,logreg,1,1,0.7862849163827825
2025-04-22,next_day_large_move_high_impact_days,high_impact_days_only,next_large_move_direction,controls_plus_simple_nlp,logreg,1,1,0.620442722091166
2025-04-23,next_day_large_move_high_impact_days,high_impact_days_only,next_large_move_direction,controls_plus_simple_nlp,logreg,1,1,0.8451841857116725
2025-05-01,next_day_large_move_high_impact_days,high_impact_days_only,next_large_move_direction,controls_plus_simple_nlp,logreg,1,1,0.7062170530994746
2025-05-09,next_day_large_move_high_impact_days,high_impact_days_only,next_large_move_direction,controls_plus_simple_nlp,logreg,1,1,0.513853189993545
2025-05-20,next_day_large_move_high_impact_days,high_impact_days_only,next_large_move_direction,controls_plus_simple_nlp,logreg,0,0,0.42368602112914794
2025-06-12,next_day_large_move_high_impact_days,high_impact_days_only,next_large_move_direction,controls_plus_simple_nlp,logreg,0,0,0.34832728905976
2025-06-13,next_day_large_move_high_impact_days,high_impact_days_only,next_large_move_direction,controls_plus_simple_nlp,logreg,1,0,0.420956380386859
2025-06-20,next_day_large_move_high_impact_days,high_impact_days_only,next_large_move_direction,controls_plus_simple_nlp,logreg,1,0,0.39608547582439585
2025-06-23,next_day_large_move_high_impact_days,high_impact_days_only,next_large_move_direction,controls_plus_simple_nlp,logreg,1,0,0.3721837313798049
2025-07-31,next_day_large_move_high_impact_days,high_impact_days_only,next_large_move_direction,controls_plus_simple_nlp,logreg,0,0,0.4225510127461378
2025-08-01,next_day_large_move_high_impact_days,high_impact_days_only,next_large_move_direction,controls_plus_simple_nlp,logreg,1,0,0.4595302719885562
2025-08-11,next_day_large_move_high_impact_days,high_impact_days_only,next_large_move_direction,controls_plus_simple_nlp,logreg,1,0,0.4144937667243499
2025-08-21,next_day_large_move_high_impact_days,high_impact_days_only,next_large_move_direction,controls_plus_simple_nlp,logreg,1,0,0.35071948002696485
2025-10-09,next_day_large_move_high_impact_days,high_impact_days_only,next_large_move_direction,controls_plus_simple_nlp,logreg,0,0,0.4757018215766478
2025-10-10,next_day_large_move_high_impact_days,high_impact_days_only,next_large_move_direction,controls_plus_simple_nlp,logreg,1,0,0.42453190533725055
2025-10-17,next_day_large_move_high_impact_days,high_impact_days_only,next_large_move_direction,controls_plus_simple_nlp,logreg,1,0,0.1902968038090171
2025-10-24,next_day_large_move_high_impact_days,high_impact_days_only,next_large_move_direction,controls_plus_simple_nlp,logreg,1,0,0.35350124126250243
2025-10-29,next_day_large_move_high_impact_days,high_impact_days_only,next_large_move_direction,controls_plus_simple_nlp,logreg,0,0,0.47456875757166284
2025-11-03,next_day_large_move_high_impact_days,high_impact_days_only,next_large_move_direction,controls_plus_simple_nlp,logreg,0,0,0.4212967480622435
2025-11-05,next_day_large_move_high_impact_days,high_impact_days_only,next_large_move_direction,controls_plus_simple_nlp,logreg,0,1,0.565291034522792
2025-11-07,next_day_large_move_high_impact_days,high_impact_days_only,next_large_move_direction,controls_plus_simple_nlp,logreg,1,1,0.5011572468528739
2025-11-19,next_day_large_move_high_impact_days,high_impact_days_only,next_large_move_direction,controls_plus_simple_nlp,logreg,0,1,0.5407341615260438
2025-11-20,next_day_large_move_high_impact_days,high_impact_days_only,next_large_move_direction,controls_plus_simple_nlp,logreg,1,0,0.44883433301546055
2025-11-21,next_day_large_move_high_impact_days,high_impact_days_only,next_large_move_direction,controls_plus_simple_nlp,logreg,1,0,0.4188737575872406
2025-12-11,next_day_large_move_high_impact_days,high_impact_days_only,next_large_move_direction,controls_plus_simple_nlp,logreg,0,0,0.4334035348474416
2025-12-16,next_day_large_move_high_impact_days,high_impact_days_only,next_large_move_direction,controls_plus_simple_nlp,logreg,0,0,0.430019640760851
2023-01-04,next_day_large_move_high_impact_days,high_impact_days_only,next_large_move_direction,controls_plus_simple_nlp,random_forest,0,1,0.6785543745556888
2023-01-17,next_day_large_move_high_impact_days,high_impact_days_only,next_large_move_direction,controls_plus_simple_nlp,random_forest,0,1,0.5957438225772126
2023-01-25,next_day_large_move_high_impact_days,high_impact_days_only,next_large_move_direction,controls_plus_simple_nlp,random_forest,1,1,0.6019412375924812
2023-01-27,next_day_large_move_high_impact_days,high_impact_days_only,next_large_move_direction,controls_plus_simple_nlp,random_forest,0,1,0.5073687019128773
2023-01-30,next_day_large_move_high_impact_days,high_impact_days_only,next_large_move_direction,controls_plus_simple_nlp,random_forest,1,0,0.46068996105254506
2023-01-31,next_day_large_move_high_impact_days,high_impact_days_only,next_large_move_direction,controls_plus_simple_nlp,random_forest,1,1,0.5475844131521101
2023-02-01,next_day_large_move_high_impact_days,high_impact_days_only,next_large_move_direction,controls_plus_simple_nlp,random_forest,1,1,0.5806585824404789
2023-02-02,next_day_large_move_high_impact_days,high_impact_days_only,next_large_move_direction,controls_plus_simple_nlp,random_forest,0,0,0.43683877078926786
2023-02-07,next_day_large_move_high_impact_days,high_impact_days_only,next_large_move_direction,controls_plus_simple_nlp,random_forest,0,0,0.4363721954869951
2023-02-15,next_day_large_move_high_impact_days,high_impact_days_only,next_large_move_direction,controls_plus_simple_nlp,random_forest,0,1,0.5813043147487297
2023-02-17,next_day_large_move_high_impact_days,high_impact_days_only,next_large_move_direction,controls_plus_simple_nlp,random_forest,0,1,0.5900542940662118
2023-02-23,next_day_large_move_high_impact_days,high_impact_days_only,next_large_move_direction,controls_plus_simple_nlp,random_forest,0,1,0.7385355263710774
2023-03-02,next_day_large_move_high_impact_days,high_impact_days_only,next_large_move_direction,controls_plus_simple_nlp,random_forest,1,1,0.6275008690934141
2023-03-06,next_day_large_move_high_impact_days,high_impact_days_only,next_large_move_direction,controls_plus_simple_nlp,random_forest,0,1,0.6077538143680886
2023-03-08,next_day_large_move_high_impact_days,high_impact_days_only,next_large_move_direction,controls_plus_simple_nlp,random_forest,0,1,0.6389024813302379
2023-03-13,next_day_large_move_high_impact_days,high_impact_days_only,next_large_move_direction,controls_plus_simple_nlp,random_forest,1,1,0.6648523094112079
2023-03-16,next_day_large_move_high_impact_days,high_impact_days_only,next_large_move_direction,controls_plus_simple_nlp,random_forest,0,0,0.48189359902287093
2023-03-20,next_day_large_move_high_impact_days,high_impact_days_only,next_large_move_direction,controls_plus_simple_nlp,random_forest,1,1,0.5171446419582612
2023-03-28,next_day_large_move_high_impact_days,high_impact_days_only,next_large_move_direction,controls_plus_simple_nlp,random_forest,1,1,0.567918453162185
2023-03-30,next_day_large_move_high_impact_days,high_impact_days_only,next_large_move_direction,controls_plus_simple_nlp,random_forest,1,1,0.5915349077704088
2023-04-12,next_day_large_move_high_impact_days,high_impact_days_only,next_large_move_direction,controls_plus_simple_nlp,random_forest,1,1,0.5478959047582165
2023-04-24,next_day_large_move_high_impact_days,high_impact_days_only,next_large_move_direction,controls_plus_simple_nlp,random_forest,0,0,0.41305912301310044
2023-04-26,next_day_large_move_high_impact_days,high_impact_days_only,next_large_move_direction,controls_plus_simple_nlp,random_forest,1,1,0.6891317599254393
2023-05-16,next_day_large_move_high_impact_days,high_impact_days_only,next_large_move_direction,controls_plus_simple_nlp,random_forest,1,1,0.5915952352927822
2023-05-17,next_day_large_move_high_impact_days,high_impact_days_only,next_large_move_direction,controls_plus_simple_nlp,random_forest,1,0,0.4849727996573739
2023-05-22,next_day_large_move_high_impact_days,high_impact_days_only,next_large_move_direction,controls_plus_simple_nlp,random_forest,0,0,0.4848937639612037
2023-05-31,next_day_large_move_high_impact_days,high_impact_days_only,next_large_move_direction,controls_plus_simple_nlp,random_forest,1,0,0.4726901679717336
2023-06-01,next_day_large_move_high_impact_days,high_impact_days_only,next_large_move_direction,controls_plus_simple_nlp,random_forest,1,1,0.5064083471514526
2023-06-14,next_day_large_move_high_impact_days,high_impact_days_only,next_large_move_direction,controls_plus_simple_nlp,random_forest,1,0,0.4783977780663008
2023-06-26,next_day_large_move_high_impact_days,high_impact_days_only,next_large_move_direction,controls_plus_simple_nlp,random_forest,1,1,0.5466468387474869
2023-06-29,next_day_large_move_high_impact_days,high_impact_days_only,next_large_move_direction,controls_plus_simple_nlp,random_forest,1,0,0.4378630029592802
2023-07-27,next_day_large_move_high_impact_days,high_impact_days_only,next_large_move_direction,controls_plus_simple_nlp,random_forest,1,0,0.47566458881605206
2023-08-01,next_day_large_move_high_impact_days,high_impact_days_only,next_large_move_direction,controls_plus_simple_nlp,random_forest,0,0,0.3857336028588748
2023-08-14,next_day_large_move_high_impact_days,high_impact_days_only,next_large_move_direction,controls_plus_simple_nlp,random_forest,0,1,0.577101428182463
2023-08-22,next_day_large_move_high_impact_days,high_impact_days_only,next_large_move_direction,controls_plus_simple_nlp,random_forest,1,1,0.6084504009630554
2023-08-23,next_day_large_move_high_impact_days,high_impact_days_only,next_large_move_direction,controls_plus_simple_nlp,random_forest,0,0,0.442987459997881
2023-08-28,next_day_large_move_high_impact_days,high_impact_days_only,next_large_move_direction,controls_plus_simple_nlp,random_forest,1,1,0.6392648793400989
2023-09-14,next_day_large_move_high_impact_days,high_impact_days_only,next_large_move_direction,controls_plus_simple_nlp,random_forest,0,0,0.38939073528361484
2023-09-19,next_day_large_move_high_impact_days,high_impact_days_only,next_large_move_direction,controls_plus_simple_nlp,random_forest,0,1,0.5518369403125747
2023-09-20,next_day_large_move_high_impact_days,high_impact_days_only,next_large_move_direction,controls_plus_simple_nlp,random_forest,0,1,0.6061436481014407
2023-09-25,next_day_large_move_high_impact_days,high_impact_days_only,next_large_move_direction,controls_plus_simple_nlp,random_forest,0,1,0.7371955415924774
2023-10-02,next_day_large_move_high_impact_days,high_impact_days_only,next_large_move_direction,controls_plus_simple_nlp,random_forest,0,1,0.5559660795228256
2023-10-05,next_day_large_move_high_impact_days,high_impact_days_only,next_large_move_direction,controls_plus_simple_nlp,random_forest,1,1,0.6354017489052544
2023-10-13,next_day_large_move_high_impact_days,high_impact_days_only,next_large_move_direction,controls_plus_simple_nlp,random_forest,1,1,0.5141676591376426
2023-10-17,next_day_large_move_high_impact_days,high_impact_days_only,next_large_move_direction,controls_plus_simple_nlp,random_forest,0,1,0.5009961788376058
2023-10-19,next_day_large_move_high_impact_days,high_impact_days_only,next_large_move_direction,controls_plus_simple_nlp,random_forest,0,1,0.55594114321722
2023-10-24,next_day_large_move_high_impact_days,high_impact_days_only,next_large_move_direction,controls_plus_simple_nlp,random_forest,0,1,0.692862253812417
2023-10-25,next_day_large_move_high_impact_days,high_impact_days_only,next_large_move_direction,controls_plus_simple_nlp,random_forest,0,1,0.5834257052511025
2023-10-27,next_day_large_move_high_impact_days,high_impact_days_only,next_large_move_direction,controls_plus_simple_nlp,random_forest,1,1,0.6506089046400177
2023-10-31,next_day_large_move_high_impact_days,high_impact_days_only,next_large_move_direction,controls_plus_simple_nlp,random_forest,1,1,0.61978276687828
2023-11-01,next_day_large_move_high_impact_days,high_impact_days_only,next_large_move_direction,controls_plus_simple_nlp,random_forest,1,0,0.49575264545589115
2023-11-02,next_day_large_move_high_impact_days,high_impact_days_only,next_large_move_direction,controls_plus_simple_nlp,random_forest,1,0,0.4469586575471183
2023-11-09,next_day_large_move_high_impact_days,high_impact_days_only,next_large_move_direction,controls_plus_simple_nlp,random_forest,1,1,0.5275237218817647
2023-11-13,next_day_large_move_high_impact_days,high_impact_days_only,next_large_move_direction,controls_plus_simple_nlp,random_forest,1,1,0.6346015194611969
2023-12-12,next_day_large_move_high_impact_days,high_impact_days_only,next_large_move_direction,controls_plus_simple_nlp,random_forest,1,0,0.4174327089381382
2023-12-19,next_day_large_move_high_impact_days,high_impact_days_only,next_large_move_direction,controls_plus_simple_nlp,random_forest,0,0,0.38107099140633466
2023-12-20,next_day_large_move_high_impact_days,high_impact_days_only,next_large_move_direction,controls_plus_simple_nlp,random_forest,1,0,0.4685780820133166
2024-01-05,next_day_large_move_high_impact_days,high_impact_days_only,next_large_move_direction,controls_plus_simple_nlp,random_forest,1,1,0.5049646451886322
2024-01-18,next_day_large_move_high_impact_days,high_impact_days_only,next_large_move_direction,controls_plus_simple_nlp,random_forest,1,1,0.522129150772402
2024-01-30,next_day_large_move_high_impact_days,high_impact_days_only,next_large_move_direction,controls_plus_simple_nlp,random_forest,0,0,0.3514668463275145
2024-01-31,next_day_large_move_high_impact_days,high_impact_days_only,next_large_move_direction,controls_plus_simple_nlp,random_forest,1,0,0.48191434669528677
2024-02-13,next_day_large_move_high_impact_days,high_impact_days_only,next_large_move_direction,controls_plus_simple_nlp,random_forest,1,0,0.3852738750879846
2024-02-21,next_day_large_move_high_impact_days,high_impact_days_only,next_large_move_direction,controls_plus_simple_nlp,random_forest,1,1,0.5459507785738258
2024-03-04,next_day_large_move_high_impact_days,high_impact_days_only,next_large_move_direction,controls_plus_simple_nlp,random_forest,0,0,0.39399328227210517
2024-03-06,next_day_large_move_high_impact_days,high_impact_days_only,next_large_move_direction,controls_plus_simple_nlp,random_forest,1,0,0.4880551363717976
2024-04-03,next_day_large_move_high_impact_days,high_impact_days_only,next_large_move_direction,controls_plus_simple_nlp,random_forest,0,0,0.4392629785220354
2024-04-04,next_day_large_move_high_impact_days,high_impact_days_only,next_large_move_direction,controls_plus_simple_nlp,random_forest,1,1,0.5096426749667183
2024-04-09,next_day_large_move_high_impact_days,high_impact_days_only,next_large_move_direction,controls_plus_simple_nlp,random_forest,0,1,0.5106095105336567
2024-04-11,next_day_large_move_high_impact_days,high_impact_days_only,next_large_move_direction,controls_plus_simple_nlp,random_forest,0,0,0.464655408277704
2024-04-12,next_day_large_move_high_impact_days,high_impact_days_only,next_large_move_direction,controls_plus_simple_nlp,random_forest,0,0,0.48115428122004755
2024-04-22,next_day_large_move_high_impact_days,high_impact_days_only,next_large_move_direction,controls_plus_simple_nlp,random_forest,1,1,0.530026683991149
2024-04-25,next_day_large_move_high_impact_days,high_impact_days_only,next_large_move_direction,controls_plus_simple_nlp,random_forest,1,0,0.4877878838725632
2024-04-29,next_day_large_move_high_impact_days,high_impact_days_only,next_large_move_direction,controls_plus_simple_nlp,random_forest,0,1,0.5127614822138804
2024-05-02,next_day_large_move_high_impact_days,high_impact_days_only,next_large_move_direction,controls_plus_simple_nlp,random_forest,1,1,0.5119497019646428
2024-05-03,next_day_large_move_high_impact_days,high_impact_days_only,next_large_move_direction,controls_plus_simple_nlp,random_forest,1,0,0.46710272912659223
2024-05-14,next_day_large_move_high_impact_days,high_impact_days_only,next_large_move_direction,controls_plus_simple_nlp,random_forest,1,0,0.4677562096548019
2024-06-04,next_day_large_move_high_impact_days,high_impact_days_only,next_large_move_direction,controls_plus_simple_nlp,random_forest,1,0,0.4302127155904963
2024-07-09,next_day_large_move_high_impact_days,high_impact_days_only,next_large_move_direction,controls_plus_simple_nlp,random_forest,1,0,0.41450043318095625
2024-07-19,next_day_large_move_high_impact_days,high_impact_days_only,next_large_move_direction,controls_plus_simple_nlp,random_forest,1,0,0.4780327018879481
2024-07-25,next_day_large_move_high_impact_days,high_impact_days_only,next_large_move_direction,controls_plus_simple_nlp,random_forest,1,1,0.5095727798100795
2024-07-30,next_day_large_move_high_impact_days,high_impact_days_only,next_large_move_direction,controls_plus_simple_nlp,random_forest,1,1,0.5501930034387257
2024-07-31,next_day_large_move_high_impact_days,high_impact_days_only,next_large_move_direction,controls_plus_simple_nlp,random_forest,0,0,0.45716051324584234
2024-08-01,next_day_large_move_high_impact_days,high_impact_days_only,next_large_move_direction,controls_plus_simple_nlp,random_forest,0,1,0.537810025855825
2024-08-02,next_day_large_move_high_impact_days,high_impact_days_only,next_large_move_direction,controls_plus_simple_nlp,random_forest,0,1,0.5243216480005004
2024-08-05,next_day_large_move_high_impact_days,high_impact_days_only,next_large_move_direction,controls_plus_simple_nlp,random_forest,1,1,0.5150837798966479
2024-08-07,next_day_large_move_high_impact_days,high_impact_days_only,next_large_move_direction,controls_plus_simple_nlp,random_forest,1,1,0.5925042130973367
2024-08-12,next_day_large_move_high_impact_days,high_impact_days_only,next_large_move_direction,controls_plus_simple_nlp,random_forest,1,1,0.5119162414540911
2024-08-14,next_day_large_move_high_impact_days,high_impact_days_only,next_large_move_direction,controls_plus_simple_nlp,random_forest,1,1,0.5574700220115313
2024-08-16,next_day_large_move_high_impact_days,high_impact_days_only,next_large_move_direction,controls_plus_simple_nlp,random_forest,1,1,0.5535175557815708
2024-08-22,next_day_large_move_high_impact_days,high_impact_days_only,next_large_move_direction,controls_plus_simple_nlp,random_forest,1,1,0.5058614099770761
2024-08-29,next_day_large_move_high_impact_days,high_impact_days_only,next_large_move_direction,controls_plus_simple_nlp,random_forest,1,1,0.5023878883189631
2024-08-30,next_day_large_move_high_impact_days,high_impact_days_only,next_large_move_direction,controls_plus_simple_nlp,random_forest,0,0,0.4951321753169438
2024-09-05,next_day_large_move_high_impact_days,high_impact_days_only,next_large_move_direction,controls_plus_simple_nlp,random_forest,0,1,0.5217251116038883
2024-09-06,next_day_large_move_high_impact_days,high_impact_days_only,next_large_move_direction,controls_plus_simple_nlp,random_forest,1,0,0.4889701468372707
2024-09-10,next_day_large_move_high_impact_days,high_impact_days_only,next_large_move_direction,controls_plus_simple_nlp,random_forest,1,1,0.5375529091024349
2024-09-18,next_day_large_move_high_impact_days,high_impact_days_only,next_large_move_direction,controls_plus_simple_nlp,random_forest,1,1,0.5363506202476462
2024-10-04,next_day_large_move_high_impact_days,high_impact_days_only,next_large_move_direction,controls_plus_simple_nlp,random_forest,0,0,0.450363638697192
2024-10-07,next_day_large_move_high_impact_days,high_impact_days_only,next_large_move_direction,controls_plus_simple_nlp,random_forest,1,1,0.5583711122387567
2024-10-30,next_day_large_move_high_impact_days,high_impact_days_only,next_large_move_direction,controls_plus_simple_nlp,random_forest,0,0,0.42715335496448004
2024-11-04,next_day_large_move_high_impact_days,high_impact_days_only,next_large_move_direction,controls_plus_simple_nlp,random_forest,1,1,0.522742972130301
2024-11-05,next_day_large_move_high_impact_days,high_impact_days_only,next_large_move_direction,controls_plus_simple_nlp,random_forest,1,0,0.44376023954657234
2024-12-19,next_day_large_move_high_impact_days,high_impact_days_only,next_large_move_direction,controls_plus_simple_nlp,random_forest,1,0,0.48926567513753305
2024-12-23,next_day_large_move_high_impact_days,high_impact_days_only,next_large_move_direction,controls_plus_simple_nlp,random_forest,1,1,0.5748135945325664
2024-12-27,next_day_large_move_high_impact_days,high_impact_days_only,next_large_move_direction,controls_plus_simple_nlp,random_forest,0,0,0.49228028110143635
2025-01-02,next_day_large_move_high_impact_days,high_impact_days_only,next_large_move_direction,controls_plus_simple_nlp,random_forest,1,1,0.6133810117755573
2025-01-06,next_day_large_move_high_impact_days,high_impact_days_only,next_large_move_direction,controls_plus_simple_nlp,random_forest,0,1,0.6212256568093745
2025-01-08,next_day_large_move_high_impact_days,high_impact_days_only,next_large_move_direction,controls_plus_simple_nlp,random_forest,0,0,0.4723480459316301
2025-01-14,next_day_large_move_high_impact_days,high_impact_days_only,next_large_move_direction,controls_plus_simple_nlp,random_forest,1,1,0.5979837485973725
2025-01-16,next_day_large_move_high_impact_days,high_impact_days_only,next_large_move_direction,controls_plus_simple_nlp,random_forest,1,1,0.6870950282660216
2025-01-24,next_day_large_move_high_impact_days,high_impact_days_only,next_large_move_direction,controls_plus_simple_nlp,random_forest,0,0,0.4302062288583612
2025-02-06,next_day_large_move_high_impact_days,high_impact_days_only,next_large_move_direction,controls_plus_simple_nlp,random_forest,0,1,0.6228072853185266
2025-02-12,next_day_large_move_high_impact_days,high_impact_days_only,next_large_move_direction,controls_plus_simple_nlp,random_forest,1,1,0.6538965460245943
2025-02-20,next_day_large_move_high_impact_days,high_impact_days_only,next_large_move_direction,controls_plus_simple_nlp,random_forest,0,0,0.319494340260157
2025-02-26,next_day_large_move_high_impact_days,high_impact_days_only,next_large_move_direction,controls_plus_simple_nlp,random_forest,0,1,0.7164509987387414
2025-02-27,next_day_large_move_high_impact_days,high_impact_days_only,next_large_move_direction,controls_plus_simple_nlp,random_forest,1,1,0.533568701869913
2025-03-03,next_day_large_move_high_impact_days,high_impact_days_only,next_large_move_direction,controls_plus_simple_nlp,random_forest,0,1,0.6453437448417748
2025-03-04,next_day_large_move_high_impact_days,high_impact_days_only,next_large_move_direction,controls_plus_simple_nlp,random_forest,1,1,0.645580976252808
2025-03-05,next_day_large_move_high_impact_days,high_impact_days_only,next_large_move_direction,controls_plus_simple_nlp,random_forest,0,1,0.5963780924853195
2025-03-07,next_day_large_move_high_impact_days,high_impact_days_only,next_large_move_direction,controls_plus_simple_nlp,random_forest,0,1,0.751687709789702
2025-03-12,next_day_large_move_high_impact_days,high_impact_days_only,next_large_move_direction,controls_plus_simple_nlp,random_forest,0,1,0.7350587158070748
2025-03-13,next_day_large_move_high_impact_days,high_impact_days_only,next_large_move_direction,controls_plus_simple_nlp,random_forest,1,1,0.5838831599192047
2025-03-17,next_day_large_move_high_impact_days,high_impact_days_only,next_large_move_direction,controls_plus_simple_nlp,random_forest,0,1,0.783850010211036
2025-03-18,next_day_large_move_high_impact_days,high_impact_days_only,next_large_move_direction,controls_plus_simple_nlp,random_forest,1,1,0.6284745880971063
2025-03-21,next_day_large_move_high_impact_days,high_impact_days_only,next_large_move_direction,controls_plus_simple_nlp,random_forest,1,1,0.6199805107197777
2025-03-27,next_day_large_move_high_impact_days,high_impact_days_only,next_large_move_direction,controls_plus_simple_nlp,random_forest,0,1,0.6366566319125714
2025-04-02,next_day_large_move_high_impact_days,high_impact_days_only,next_large_move_direction,controls_plus_simple_nlp,random_forest,0,1,0.7280651289562869
2025-04-03,next_day_large_move_high_impact_days,high_impact_days_only,next_large_move_direction,controls_plus_simple_nlp,random_forest,0,1,0.6139891206433802
2025-04-07,next_day_large_move_high_impact_days,high_impact_days_only,next_large_move_direction,controls_plus_simple_nlp,random_forest,0,1,0.5011966044985777
2025-04-08,next_day_large_move_high_impact_days,high_impact_days_only,next_large_move_direction,controls_plus_simple_nlp,random_forest,1,0,0.48332130984841626
2025-04-09,next_day_large_move_high_impact_days,high_impact_days_only,next_large_move_direction,controls_plus_simple_nlp,random_forest,0,0,0.4493041950028747
2025-04-10,next_day_large_move_high_impact_days,high_impact_days_only,next_large_move_direction,controls_plus_simple_nlp,random_forest,1,1,0.5336949960248176
2025-04-15,next_day_large_move_high_impact_days,high_impact_days_only,next_large_move_direction,controls_plus_simple_nlp,random_forest,0,1,0.5712733555021297
2025-04-17,next_day_large_move_high_impact_days,high_impact_days_only,next_large_move_direction,controls_plus_simple_nlp,random_forest,0,1,0.6283430033806507
2025-04-21,next_day_large_move_high_impact_days,high_impact_days_only,next_large_move_direction,controls_plus_simple_nlp,random_forest,1,1,0.5149983595440472
2025-04-22,next_day_large_move_high_impact_days,high_impact_days_only,next_large_move_direction,controls_plus_simple_nlp,random_forest,1,1,0.5713324178390414
2025-04-23,next_day_large_move_high_impact_days,high_impact_days_only,next_large_move_direction,controls_plus_simple_nlp,random_forest,1,1,0.6016919515156856
2025-05-01,next_day_large_move_high_impact_days,high_impact_days_only,next_large_move_direction,controls_plus_simple_nlp,random_forest,1,1,0.51317798920981
2025-05-09,next_day_large_move_high_impact_days,high_impact_days_only,next_large_move_direction,controls_plus_simple_nlp,random_forest,1,1,0.5832275827413602
2025-05-20,next_day_large_move_high_impact_days,high_impact_days_only,next_large_move_direction,controls_plus_simple_nlp,random_forest,0,1,0.6054380922953708
2025-06-12,next_day_large_move_high_impact_days,high_impact_days_only,next_large_move_direction,controls_plus_simple_nlp,random_forest,0,0,0.43946959381470374
2025-06-13,next_day_large_move_high_impact_days,high_impact_days_only,next_large_move_direction,controls_plus_simple_nlp,random_forest,1,1,0.5781856681686728
2025-06-20,next_day_large_move_high_impact_days,high_impact_days_only,next_large_move_direction,controls_plus_simple_nlp,random_forest,1,1,0.527814467411611
2025-06-23,next_day_large_move_high_impact_days,high_impact_days_only,next_large_move_direction,controls_plus_simple_nlp,random_forest,1,1,0.5234917048635002
2025-07-31,next_day_large_move_high_impact_days,high_impact_days_only,next_large_move_direction,controls_plus_simple_nlp,random_forest,0,0,0.47740871442244176
2025-08-01,next_day_large_move_high_impact_days,high_impact_days_only,next_large_move_direction,controls_plus_simple_nlp,random_forest,1,0,0.4397593468061482
2025-08-11,next_day_large_move_high_impact_days,high_impact_days_only,next_large_move_direction,controls_plus_simple_nlp,random_forest,1,0,0.48863072736791574
2025-08-21,next_day_large_move_high_impact_days,high_impact_days_only,next_large_move_direction,controls_plus_simple_nlp,random_forest,1,0,0.4423927281910636
2025-10-09,next_day_large_move_high_impact_days,high_impact_days_only,next_large_move_direction,controls_plus_simple_nlp,random_forest,0,0,0.3829761610380203
2025-10-10,next_day_large_move_high_impact_days,high_impact_days_only,next_large_move_direction,controls_plus_simple_nlp,random_forest,1,1,0.5318627753684199
2025-10-17,next_day_large_move_high_impact_days,high_impact_days_only,next_large_move_direction,controls_plus_simple_nlp,random_forest,1,0,0.4769217525651459
2025-10-24,next_day_large_move_high_impact_days,high_impact_days_only,next_large_move_direction,controls_plus_simple_nlp,random_forest,1,1,0.5743140365351207
2025-10-29,next_day_large_move_high_impact_days,high_impact_days_only,next_large_move_direction,controls_plus_simple_nlp,random_forest,0,1,0.512599930557826
2025-11-03,next_day_large_move_high_impact_days,high_impact_days_only,next_large_move_direction,controls_plus_simple_nlp,random_forest,0,1,0.531490706952842
2025-11-05,next_day_large_move_high_impact_days,high_impact_days_only,next_large_move_direction,controls_plus_simple_nlp,random_forest,0,1,0.6210796659335049
2025-11-07,next_day_large_move_high_impact_days,high_impact_days_only,next_large_move_direction,controls_plus_simple_nlp,random_forest,1,1,0.5935036865097885
2025-11-19,next_day_large_move_high_impact_days,high_impact_days_only,next_large_move_direction,controls_plus_simple_nlp,random_forest,0,1,0.6424095087388428
2025-11-20,next_day_large_move_high_impact_days,high_impact_days_only,next_large_move_direction,controls_plus_simple_nlp,random_forest,1,1,0.5406177644886728
2025-11-21,next_day_large_move_high_impact_days,high_impact_days_only,next_large_move_direction,controls_plus_simple_nlp,random_forest,1,1,0.7006683941434101
2025-12-11,next_day_large_move_high_impact_days,high_impact_days_only,next_large_move_direction,controls_plus_simple_nlp,random_forest,0,1,0.6219442430546294
2025-12-16,next_day_large_move_high_impact_days,high_impact_days_only,next_large_move_direction,controls_plus_simple_nlp,random_forest,0,1,0.5441531184255605
2023-01-04,next_day_large_move_high_impact_days,high_impact_days_only,next_large_move_direction,controls_plus_simple_nlp,gradient_boosting,0,1,0.9288316715445819
2023-01-17,next_day_large_move_high_impact_days,high_impact_days_only,next_large_move_direction,controls_plus_simple_nlp,gradient_boosting,0,1,0.8618242278162505
2023-01-25,next_day_large_move_high_impact_days,high_impact_days_only,next_large_move_direction,controls_plus_simple_nlp,gradient_boosting,1,1,0.8499708144270464
2023-01-27,next_day_large_move_high_impact_days,high_impact_days_only,next_large_move_direction,controls_plus_simple_nlp,gradient_boosting,0,1,0.5254519375787216
2023-01-30,next_day_large_move_high_impact_days,high_impact_days_only,next_large_move_direction,controls_plus_simple_nlp,gradient_boosting,1,0,0.2525988468764745
2023-01-31,next_day_large_move_high_impact_days,high_impact_days_only,next_large_move_direction,controls_plus_simple_nlp,gradient_boosting,1,1,0.6135024682472433
2023-02-01,next_day_large_move_high_impact_days,high_impact_days_only,next_large_move_direction,controls_plus_simple_nlp,gradient_boosting,1,1,0.9532177633652351
2023-02-02,next_day_large_move_high_impact_days,high_impact_days_only,next_large_move_direction,controls_plus_simple_nlp,gradient_boosting,0,1,0.820589131424805
2023-02-07,next_day_large_move_high_impact_days,high_impact_days_only,next_large_move_direction,controls_plus_simple_nlp,gradient_boosting,0,1,0.6890788058239621
2023-02-15,next_day_large_move_high_impact_days,high_impact_days_only,next_large_move_direction,controls_plus_simple_nlp,gradient_boosting,0,1,0.7625683056127212
2023-02-17,next_day_large_move_high_impact_days,high_impact_days_only,next_large_move_direction,controls_plus_simple_nlp,gradient_boosting,0,1,0.90834062038738
2023-02-23,next_day_large_move_high_impact_days,high_impact_days_only,next_large_move_direction,controls_plus_simple_nlp,gradient_boosting,0,1,0.9832791244756514
2023-03-02,next_day_large_move_high_impact_days,high_impact_days_only,next_large_move_direction,controls_plus_simple_nlp,gradient_boosting,1,1,0.8465881563869984
2023-03-06,next_day_large_move_high_impact_days,high_impact_days_only,next_large_move_direction,controls_plus_simple_nlp,gradient_boosting,0,1,0.718273684983046
2023-03-08,next_day_large_move_high_impact_days,high_impact_days_only,next_large_move_direction,controls_plus_simple_nlp,gradient_boosting,0,1,0.905778208401022
2023-03-13,next_day_large_move_high_impact_days,high_impact_days_only,next_large_move_direction,controls_plus_simple_nlp,gradient_boosting,1,1,0.6233833556870312
2023-03-16,next_day_large_move_high_impact_days,high_impact_days_only,next_large_move_direction,controls_plus_simple_nlp,gradient_boosting,0,0,0.35931700971556785
2023-03-20,next_day_large_move_high_impact_days,high_impact_days_only,next_large_move_direction,controls_plus_simple_nlp,gradient_boosting,1,1,0.5556343738166097
2023-03-28,next_day_large_move_high_impact_days,high_impact_days_only,next_large_move_direction,controls_plus_simple_nlp,gradient_boosting,1,1,0.788664790735785
2023-03-30,next_day_large_move_high_impact_days,high_impact_days_only,next_large_move_direction,controls_plus_simple_nlp,gradient_boosting,1,1,0.8148829495199735
2023-04-12,next_day_large_move_high_impact_days,high_impact_days_only,next_large_move_direction,controls_plus_simple_nlp,gradient_boosting,1,1,0.9494958299208807
2023-04-24,next_day_large_move_high_impact_days,high_impact_days_only,next_large_move_direction,controls_plus_simple_nlp,gradient_boosting,0,0,0.029438494417607472
2023-04-26,next_day_large_move_high_impact_days,high_impact_days_only,next_large_move_direction,controls_plus_simple_nlp,gradient_boosting,1,1,0.9391759727974273
2023-05-16,next_day_large_move_high_impact_days,high_impact_days_only,next_large_move_direction,controls_plus_simple_nlp,gradient_boosting,1,1,0.7865163725819824
2023-05-17,next_day_large_move_high_impact_days,high_impact_days_only,next_large_move_direction,controls_plus_simple_nlp,gradient_boosting,1,1,0.7059101111582313
2023-05-22,next_day_large_move_high_impact_days,high_impact_days_only,next_large_move_direction,controls_plus_simple_nlp,gradient_boosting,0,1,0.5292683161619914
2023-05-31,next_day_large_move_high_impact_days,high_impact_days_only,next_large_move_direction,controls_plus_simple_nlp,gradient_boosting,1,1,0.632951831358797
2023-06-01,next_day_large_move_high_impact_days,high_impact_days_only,next_large_move_direction,controls_plus_simple_nlp,gradient_boosting,1,1,0.7180099411969088
2023-06-14,next_day_large_move_high_impact_days,high_impact_days_only,next_large_move_direction,controls_plus_simple_nlp,gradient_boosting,1,1,0.756326455449142
2023-06-26,next_day_large_move_high_impact_days,high_impact_days_only,next_large_move_direction,controls_plus_simple_nlp,gradient_boosting,1,0,0.196414508453173
2023-06-29,next_day_large_move_high_impact_days,high_impact_days_only,next_large_move_direction,controls_plus_simple_nlp,gradient_boosting,1,0,0.3404278925415908
2023-07-27,next_day_large_move_high_impact_days,high_impact_days_only,next_large_move_direction,controls_plus_simple_nlp,gradient_boosting,1,1,0.877599298156169
2023-08-01,next_day_large_move_high_impact_days,high_impact_days_only,next_large_move_direction,controls_plus_simple_nlp,gradient_boosting,0,1,0.7663304762670535
2023-08-14,next_day_large_move_high_impact_days,high_impact_days_only,next_large_move_direction,controls_plus_simple_nlp,gradient_boosting,0,1,0.917144843082257
2023-08-22,next_day_large_move_high_impact_days,high_impact_days_only,next_large_move_direction,controls_plus_simple_nlp,gradient_boosting,1,1,0.8829698462306192
2023-08-23,next_day_large_move_high_impact_days,high_impact_days_only,next_large_move_direction,controls_plus_simple_nlp,gradient_boosting,0,0,0.2483794364884857
2023-08-28,next_day_large_move_high_impact_days,high_impact_days_only,next_large_move_direction,controls_plus_simple_nlp,gradient_boosting,1,1,0.9735531459681678
2023-09-14,next_day_large_move_high_impact_days,high_impact_days_only,next_large_move_direction,controls_plus_simple_nlp,gradient_boosting,0,0,0.045025937826262664
2023-09-19,next_day_large_move_high_impact_days,high_impact_days_only,next_large_move_direction,controls_plus_simple_nlp,gradient_boosting,0,0,0.4591313638316103
2023-09-20,next_day_large_move_high_impact_days,high_impact_days_only,next_large_move_direction,controls_plus_simple_nlp,gradient_boosting,0,1,0.5230241503275845
2023-09-25,next_day_large_move_high_impact_days,high_impact_days_only,next_large_move_direction,controls_plus_simple_nlp,gradient_boosting,0,1,0.9854088102432063
2023-10-02,next_day_large_move_high_impact_days,high_impact_days_only,next_large_move_direction,controls_plus_simple_nlp,gradient_boosting,0,1,0.6397547963660134
2023-10-05,next_day_large_move_high_impact_days,high_impact_days_only,next_large_move_direction,controls_plus_simple_nlp,gradient_boosting,1,1,0.9134393958010095
2023-10-13,next_day_large_move_high_impact_days,high_impact_days_only,next_large_move_direction,controls_plus_simple_nlp,gradient_boosting,1,1,0.5866469210979918
2023-10-17,next_day_large_move_high_impact_days,high_impact_days_only,next_large_move_direction,controls_plus_simple_nlp,gradient_boosting,0,0,0.15555693257466574
2023-10-19,next_day_large_move_high_impact_days,high_impact_days_only,next_large_move_direction,controls_plus_simple_nlp,gradient_boosting,0,0,0.4694280386014961
2023-10-24,next_day_large_move_high_impact_days,high_impact_days_only,next_large_move_direction,controls_plus_simple_nlp,gradient_boosting,0,1,0.9430881261213199
2023-10-25,next_day_large_move_high_impact_days,high_impact_days_only,next_large_move_direction,controls_plus_simple_nlp,gradient_boosting,0,1,0.5934693209353086
2023-10-27,next_day_large_move_high_impact_days,high_impact_days_only,next_large_move_direction,controls_plus_simple_nlp,gradient_boosting,1,1,0.8722348738547853
2023-10-31,next_day_large_move_high_impact_days,high_impact_days_only,next_large_move_direction,controls_plus_simple_nlp,gradient_boosting,1,1,0.6633485495822442
2023-11-01,next_day_large_move_high_impact_days,high_impact_days_only,next_large_move_direction,controls_plus_simple_nlp,gradient_boosting,1,0,0.26666699916117714
2023-11-02,next_day_large_move_high_impact_days,high_impact_days_only,next_large_move_direction,controls_plus_simple_nlp,gradient_boosting,1,0,0.16640622322986576
2023-11-09,next_day_large_move_high_impact_days,high_impact_days_only,next_large_move_direction,controls_plus_simple_nlp,gradient_boosting,1,1,0.814066874984003
2023-11-13,next_day_large_move_high_impact_days,high_impact_days_only,next_large_move_direction,controls_plus_simple_nlp,gradient_boosting,1,1,0.9047799876909252
2023-12-12,next_day_large_move_high_impact_days,high_impact_days_only,next_large_move_direction,controls_plus_simple_nlp,gradient_boosting,1,0,0.3401988125089104
2023-12-19,next_day_large_move_high_impact_days,high_impact_days_only,next_large_move_direction,controls_plus_simple_nlp,gradient_boosting,0,0,0.2845927187513636
2023-12-20,next_day_large_move_high_impact_days,high_impact_days_only,next_large_move_direction,controls_plus_simple_nlp,gradient_boosting,1,0,0.38137108580880097
2024-01-05,next_day_large_move_high_impact_days,high_impact_days_only,next_large_move_direction,controls_plus_simple_nlp,gradient_boosting,1,1,0.5404451139055593
2024-01-18,next_day_large_move_high_impact_days,high_impact_days_only,next_large_move_direction,controls_plus_simple_nlp,gradient_boosting,1,1,0.7398722045420227
2024-01-30,next_day_large_move_high_impact_days,high_impact_days_only,next_large_move_direction,controls_plus_simple_nlp,gradient_boosting,0,0,0.03833528691655918
2024-01-31,next_day_large_move_high_impact_days,high_impact_days_only,next_large_move_direction,controls_plus_simple_nlp,gradient_boosting,1,0,0.33301995748711977
2024-02-13,next_day_large_move_high_impact_days,high_impact_days_only,next_large_move_direction,controls_plus_simple_nlp,gradient_boosting,1,0,0.02637860403469726
2024-02-21,next_day_large_move_high_impact_days,high_impact_days_only,next_large_move_direction,controls_plus_simple_nlp,gradient_boosting,1,1,0.8564202609614936
2024-03-04,next_day_large_move_high_impact_days,high_impact_days_only,next_large_move_direction,controls_plus_simple_nlp,gradient_boosting,0,0,0.14956802225637109
2024-03-06,next_day_large_move_high_impact_days,high_impact_days_only,next_large_move_direction,controls_plus_simple_nlp,gradient_boosting,1,0,0.45817445495592046
2024-04-03,next_day_large_move_high_impact_days,high_impact_days_only,next_large_move_direction,controls_plus_simple_nlp,gradient_boosting,0,1,0.5832930637092183
2024-04-04,next_day_large_move_high_impact_days,high_impact_days_only,next_large_move_direction,controls_plus_simple_nlp,gradient_boosting,1,0,0.4124874294099922
2024-04-09,next_day_large_move_high_impact_days,high_impact_days_only,next_large_move_direction,controls_plus_simple_nlp,gradient_boosting,0,0,0.32784563765275304
2024-04-11,next_day_large_move_high_impact_days,high_impact_days_only,next_large_move_direction,controls_plus_simple_nlp,gradient_boosting,0,0,0.4486501237812653
2024-04-12,next_day_large_move_high_impact_days,high_impact_days_only,next_large_move_direction,controls_plus_simple_nlp,gradient_boosting,0,0,0.48642055619957525
2024-04-22,next_day_large_move_high_impact_days,high_impact_days_only,next_large_move_direction,controls_plus_simple_nlp,gradient_boosting,1,1,0.8239589154477618
2024-04-25,next_day_large_move_high_impact_days,high_impact_days_only,next_large_move_direction,controls_plus_simple_nlp,gradient_boosting,1,1,0.5532444023310864
2024-04-29,next_day_large_move_high_impact_days,high_impact_days_only,next_large_move_direction,controls_plus_simple_nlp,gradient_boosting,0,1,0.6175246921327686
2024-05-02,next_day_large_move_high_impact_days,high_impact_days_only,next_large_move_direction,controls_plus_simple_nlp,gradient_boosting,1,1,0.9462422273439471
2024-05-03,next_day_large_move_high_impact_days,high_impact_days_only,next_large_move_direction,controls_plus_simple_nlp,gradient_boosting,1,0,0.3480165847645278
2024-05-14,next_day_large_move_high_impact_days,high_impact_days_only,next_large_move_direction,controls_plus_simple_nlp,gradient_boosting,1,0,0.38506757291372623
2024-06-04,next_day_large_move_high_impact_days,high_impact_days_only,next_large_move_direction,controls_plus_simple_nlp,gradient_boosting,1,0,0.2733871371256054
2024-07-09,next_day_large_move_high_impact_days,high_impact_days_only,next_large_move_direction,controls_plus_simple_nlp,gradient_boosting,1,0,0.48495235468469616
2024-07-19,next_day_large_move_high_impact_days,high_impact_days_only,next_large_move_direction,controls_plus_simple_nlp,gradient_boosting,1,0,0.30178584020269567
2024-07-25,next_day_large_move_high_impact_days,high_impact_days_only,next_large_move_direction,controls_plus_simple_nlp,gradient_boosting,1,1,0.6528181264945302
2024-07-30,next_day_large_move_high_impact_days,high_impact_days_only,next_large_move_direction,controls_plus_simple_nlp,gradient_boosting,1,1,0.8463296639881857
2024-07-31,next_day_large_move_high_impact_days,high_impact_days_only,next_large_move_direction,controls_plus_simple_nlp,gradient_boosting,0,0,0.3987368064186653
2024-08-01,next_day_large_move_high_impact_days,high_impact_days_only,next_large_move_direction,controls_plus_simple_nlp,gradient_boosting,0,1,0.5013443403307718
2024-08-02,next_day_large_move_high_impact_days,high_impact_days_only,next_large_move_direction,controls_plus_simple_nlp,gradient_boosting,0,0,0.27906384233201076
2024-08-05,next_day_large_move_high_impact_days,high_impact_days_only,next_large_move_direction,controls_plus_simple_nlp,gradient_boosting,1,1,0.6609052718035745
2024-08-07,next_day_large_move_high_impact_days,high_impact_days_only,next_large_move_direction,controls_plus_simple_nlp,gradient_boosting,1,1,0.8110027203847449
2024-08-12,next_day_large_move_high_impact_days,high_impact_days_only,next_large_move_direction,controls_plus_simple_nlp,gradient_boosting,1,0,0.03487933658223978
2024-08-14,next_day_large_move_high_impact_days,high_impact_days_only,next_large_move_direction,controls_plus_simple_nlp,gradient_boosting,1,1,0.8947188547871561
2024-08-16,next_day_large_move_high_impact_days,high_impact_days_only,next_large_move_direction,controls_plus_simple_nlp,gradient_boosting,1,1,0.817246273140387
2024-08-22,next_day_large_move_high_impact_days,high_impact_days_only,next_large_move_direction,controls_plus_simple_nlp,gradient_boosting,1,0,0.3074487304613092
2024-08-29,next_day_large_move_high_impact_days,high_impact_days_only,next_large_move_direction,controls_plus_simple_nlp,gradient_boosting,1,1,0.578238584583731
2024-08-30,next_day_large_move_high_impact_days,high_impact_days_only,next_large_move_direction,controls_plus_simple_nlp,gradient_boosting,0,1,0.6925927588990057
2024-09-05,next_day_large_move_high_impact_days,high_impact_days_only,next_large_move_direction,controls_plus_simple_nlp,gradient_boosting,0,1,0.5920166495868985
2024-09-06,next_day_large_move_high_impact_days,high_impact_days_only,next_large_move_direction,controls_plus_simple_nlp,gradient_boosting,1,1,0.6592894212865753
2024-09-10,next_day_large_move_high_impact_days,high_impact_days_only,next_large_move_direction,controls_plus_simple_nlp,gradient_boosting,1,1,0.9287909984468825
2024-09-18,next_day_large_move_high_impact_days,high_impact_days_only,next_large_move_direction,controls_plus_simple_nlp,gradient_boosting,1,1,0.7382029544805506
2024-10-04,next_day_large_move_high_impact_days,high_impact_days_only,next_large_move_direction,controls_plus_simple_nlp,gradient_boosting,0,0,0.2693006734834352
2024-10-07,next_day_large_move_high_impact_days,high_impact_days_only,next_large_move_direction,controls_plus_simple_nlp,gradient_boosting,1,1,0.8465263119155695
2024-10-30,next_day_large_move_high_impact_days,high_impact_days_only,next_large_move_direction,controls_plus_simple_nlp,gradient_boosting,0,0,0.15222886892427093
2024-11-04,next_day_large_move_high_impact_days,high_impact_days_only,next_large_move_direction,controls_plus_simple_nlp,gradient_boosting,1,1,0.8551517476895537
2024-11-05,next_day_large_move_high_impact_days,high_impact_days_only,next_large_move_direction,controls_plus_simple_nlp,gradient_boosting,1,0,0.3944858226468178
2024-12-19,next_day_large_move_high_impact_days,high_impact_days_only,next_large_move_direction,controls_plus_simple_nlp,gradient_boosting,1,0,0.12374686044242324
2024-12-23,next_day_large_move_high_impact_days,high_impact_days_only,next_large_move_direction,controls_plus_simple_nlp,gradient_boosting,1,1,0.8994103722136041
2024-12-27,next_day_large_move_high_impact_days,high_impact_days_only,next_large_move_direction,controls_plus_simple_nlp,gradient_boosting,0,0,0.1427192053151621
2025-01-02,next_day_large_move_high_impact_days,high_impact_days_only,next_large_move_direction,controls_plus_simple_nlp,gradient_boosting,1,1,0.6887238284231147
2025-01-06,next_day_large_move_high_impact_days,high_impact_days_only,next_large_move_direction,controls_plus_simple_nlp,gradient_boosting,0,1,0.6534134980102704
2025-01-08,next_day_large_move_high_impact_days,high_impact_days_only,next_large_move_direction,controls_plus_simple_nlp,gradient_boosting,0,1,0.5896402652053809
2025-01-14,next_day_large_move_high_impact_days,high_impact_days_only,next_large_move_direction,controls_plus_simple_nlp,gradient_boosting,1,1,0.6596143643013911
2025-01-16,next_day_large_move_high_impact_days,high_impact_days_only,next_large_move_direction,controls_plus_simple_nlp,gradient_boosting,1,1,0.7668478762064533
2025-01-24,next_day_large_move_high_impact_days,high_impact_days_only,next_large_move_direction,controls_plus_simple_nlp,gradient_boosting,0,0,0.3139883905172731
2025-02-06,next_day_large_move_high_impact_days,high_impact_days_only,next_large_move_direction,controls_plus_simple_nlp,gradient_boosting,0,1,0.5942571251048443
2025-02-12,next_day_large_move_high_impact_days,high_impact_days_only,next_large_move_direction,controls_plus_simple_nlp,gradient_boosting,1,1,0.7110773705580244
2025-02-20,next_day_large_move_high_impact_days,high_impact_days_only,next_large_move_direction,controls_plus_simple_nlp,gradient_boosting,0,0,0.35629896077950474
2025-02-26,next_day_large_move_high_impact_days,high_impact_days_only,next_large_move_direction,controls_plus_simple_nlp,gradient_boosting,0,1,0.7436015612770941
2025-02-27,next_day_large_move_high_impact_days,high_impact_days_only,next_large_move_direction,controls_plus_simple_nlp,gradient_boosting,1,0,0.4538399025747609
2025-03-03,next_day_large_move_high_impact_days,high_impact_days_only,next_large_move_direction,controls_plus_simple_nlp,gradient_boosting,0,1,0.6514059454019973
2025-03-04,next_day_large_move_high_impact_days,high_impact_days_only,next_large_move_direction,controls_plus_simple_nlp,gradient_boosting,1,1,0.728328987482038
2025-03-05,next_day_large_move_high_impact_days,high_impact_days_only,next_large_move_direction,controls_plus_simple_nlp,gradient_boosting,0,1,0.676595573931172
2025-03-07,next_day_large_move_high_impact_days,high_impact_days_only,next_large_move_direction,controls_plus_simple_nlp,gradient_boosting,0,1,0.7170492285849586
2025-03-12,next_day_large_move_high_impact_days,high_impact_days_only,next_large_move_direction,controls_plus_simple_nlp,gradient_boosting,0,1,0.7216667945255212
2025-03-13,next_day_large_move_high_impact_days,high_impact_days_only,next_large_move_direction,controls_plus_simple_nlp,gradient_boosting,1,1,0.519422103489568
2025-03-17,next_day_large_move_high_impact_days,high_impact_days_only,next_large_move_direction,controls_plus_simple_nlp,gradient_boosting,0,1,0.7512729167730827
2025-03-18,next_day_large_move_high_impact_days,high_impact_days_only,next_large_move_direction,controls_plus_simple_nlp,gradient_boosting,1,1,0.6374075948041117
2025-03-21,next_day_large_move_high_impact_days,high_impact_days_only,next_large_move_direction,controls_plus_simple_nlp,gradient_boosting,1,0,0.3564452574387886
2025-03-27,next_day_large_move_high_impact_days,high_impact_days_only,next_large_move_direction,controls_plus_simple_nlp,gradient_boosting,0,1,0.7059575034552384
2025-04-02,next_day_large_move_high_impact_days,high_impact_days_only,next_large_move_direction,controls_plus_simple_nlp,gradient_boosting,0,1,0.741799105865907
2025-04-03,next_day_large_move_high_impact_days,high_impact_days_only,next_large_move_direction,controls_plus_simple_nlp,gradient_boosting,0,1,0.7254981977577097
2025-04-07,next_day_large_move_high_impact_days,high_impact_days_only,next_large_move_direction,controls_plus_simple_nlp,gradient_boosting,0,1,0.6806151168887095
2025-04-08,next_day_large_move_high_impact_days,high_impact_days_only,next_large_move_direction,controls_plus_simple_nlp,gradient_boosting,1,1,0.6750092342164891
2025-04-09,next_day_large_move_high_impact_days,high_impact_days_only,next_large_move_direction,controls_plus_simple_nlp,gradient_boosting,0,1,0.5230563897071026
2025-04-10,next_day_large_move_high_impact_days,high_impact_days_only,next_large_move_direction,controls_plus_simple_nlp,gradient_boosting,1,1,0.620675978984749
2025-04-15,next_day_large_move_high_impact_days,high_impact_days_only,next_large_move_direction,controls_plus_simple_nlp,gradient_boosting,0,1,0.5510580494241198
2025-04-17,next_day_large_move_high_impact_days,high_impact_days_only,next_large_move_direction,controls_plus_simple_nlp,gradient_boosting,0,1,0.6211806953447557
2025-04-21,next_day_large_move_high_impact_days,high_impact_days_only,next_large_move_direction,controls_plus_simple_nlp,gradient_boosting,1,1,0.5507899664532099
2025-04-22,next_day_large_move_high_impact_days,high_impact_days_only,next_large_move_direction,controls_plus_simple_nlp,gradient_boosting,1,1,0.5464260273071301
2025-04-23,next_day_large_move_high_impact_days,high_impact_days_only,next_large_move_direction,controls_plus_simple_nlp,gradient_boosting,1,1,0.6807831070277438
2025-05-01,next_day_large_move_high_impact_days,high_impact_days_only,next_large_move_direction,controls_plus_simple_nlp,gradient_boosting,1,1,0.5178007081564304
2025-05-09,next_day_large_move_high_impact_days,high_impact_days_only,next_large_move_direction,controls_plus_simple_nlp,gradient_boosting,1,1,0.6221337057309205
2025-05-20,next_day_large_move_high_impact_days,high_impact_days_only,next_large_move_direction,controls_plus_simple_nlp,gradient_boosting,0,1,0.5549614318941904
2025-06-12,next_day_large_move_high_impact_days,high_impact_days_only,next_large_move_direction,controls_plus_simple_nlp,gradient_boosting,0,0,0.34341079962483956
2025-06-13,next_day_large_move_high_impact_days,high_impact_days_only,next_large_move_direction,controls_plus_simple_nlp,gradient_boosting,1,1,0.6490928272038655
2025-06-20,next_day_large_move_high_impact_days,high_impact_days_only,next_large_move_direction,controls_plus_simple_nlp,gradient_boosting,1,0,0.3793797969452533
2025-06-23,next_day_large_move_high_impact_days,high_impact_days_only,next_large_move_direction,controls_plus_simple_nlp,gradient_boosting,1,1,0.6275009876805466
2025-07-31,next_day_large_move_high_impact_days,high_impact_days_only,next_large_move_direction,controls_plus_simple_nlp,gradient_boosting,0,0,0.48296758291577674
2025-08-01,next_day_large_move_high_impact_days,high_impact_days_only,next_large_move_direction,controls_plus_simple_nlp,gradient_boosting,1,0,0.41702343968674593
2025-08-11,next_day_large_move_high_impact_days,high_impact_days_only,next_large_move_direction,controls_plus_simple_nlp,gradient_boosting,1,1,0.6942847958447549
2025-08-21,next_day_large_move_high_impact_days,high_impact_days_only,next_large_move_direction,controls_plus_simple_nlp,gradient_boosting,1,0,0.43954871428344866
2025-10-09,next_day_large_move_high_impact_days,high_impact_days_only,next_large_move_direction,controls_plus_simple_nlp,gradient_boosting,0,0,0.3058556415621243
2025-10-10,next_day_large_move_high_impact_days,high_impact_days_only,next_large_move_direction,controls_plus_simple_nlp,gradient_boosting,1,1,0.6177335763407098
2025-10-17,next_day_large_move_high_impact_days,high_impact_days_only,next_large_move_direction,controls_plus_simple_nlp,gradient_boosting,1,0,0.3085361258058273
2025-10-24,next_day_large_move_high_impact_days,high_impact_days_only,next_large_move_direction,controls_plus_simple_nlp,gradient_boosting,1,1,0.5649612225571429
2025-10-29,next_day_large_move_high_impact_days,high_impact_days_only,next_large_move_direction,controls_plus_simple_nlp,gradient_boosting,0,0,0.36841579881205294
2025-11-03,next_day_large_move_high_impact_days,high_impact_days_only,next_large_move_direction,controls_plus_simple_nlp,gradient_boosting,0,1,0.6033033765897149
2025-11-05,next_day_large_move_high_impact_days,high_impact_days_only,next_large_move_direction,controls_plus_simple_nlp,gradient_boosting,0,1,0.6932747070501705
2025-11-07,next_day_large_move_high_impact_days,high_impact_days_only,next_large_move_direction,controls_plus_simple_nlp,gradient_boosting,1,1,0.6469390002142065
2025-11-19,next_day_large_move_high_impact_days,high_impact_days_only,next_large_move_direction,controls_plus_simple_nlp,gradient_boosting,0,1,0.6545234235593075
2025-11-20,next_day_large_move_high_impact_days,high_impact_days_only,next_large_move_direction,controls_plus_simple_nlp,gradient_boosting,1,1,0.5621625652997592
2025-11-21,next_day_large_move_high_impact_days,high_impact_days_only,next_large_move_direction,controls_plus_simple_nlp,gradient_boosting,1,1,0.7803176110302269
2025-12-11,next_day_large_move_high_impact_days,high_impact_days_only,next_large_move_direction,controls_plus_simple_nlp,gradient_boosting,0,0,0.4397085853779496
2025-12-16,next_day_large_move_high_impact_days,high_impact_days_only,next_large_move_direction,controls_plus_simple_nlp,gradient_boosting,0,1,0.5546804205049309
2023-01-04,next_day_large_move_high_impact_days,high_impact_days_only,next_large_move_direction,controls_plus_event_proxies,logreg,0,1,0.7185638570556224
2023-01-17,next_day_large_move_high_impact_days,high_impact_days_only,next_large_move_direction,controls_plus_event_proxies,logreg,0,1,0.6302029737590241
2023-01-25,next_day_large_move_high_impact_days,high_impact_days_only,next_large_move_direction,controls_plus_event_proxies,logreg,1,1,0.5642357089335837
2023-01-27,next_day_large_move_high_impact_days,high_impact_days_only,next_large_move_direction,controls_plus_event_proxies,logreg,0,0,0.4254801565027616
2023-01-30,next_day_large_move_high_impact_days,high_impact_days_only,next_large_move_direction,controls_plus_event_proxies,logreg,1,0,0.45846990318684694
2023-01-31,next_day_large_move_high_impact_days,high_impact_days_only,next_large_move_direction,controls_plus_event_proxies,logreg,1,0,0.3696901841831799
2023-02-01,next_day_large_move_high_impact_days,high_impact_days_only,next_large_move_direction,controls_plus_event_proxies,logreg,1,1,0.6035141506191907
2023-02-02,next_day_large_move_high_impact_days,high_impact_days_only,next_large_move_direction,controls_plus_event_proxies,logreg,0,0,0.2762416427391195
2023-02-07,next_day_large_move_high_impact_days,high_impact_days_only,next_large_move_direction,controls_plus_event_proxies,logreg,0,0,0.3811592745839343
2023-02-15,next_day_large_move_high_impact_days,high_impact_days_only,next_large_move_direction,controls_plus_event_proxies,logreg,0,1,0.5752288477038593
2023-02-17,next_day_large_move_high_impact_days,high_impact_days_only,next_large_move_direction,controls_plus_event_proxies,logreg,0,1,0.5884328814899249
2023-02-23,next_day_large_move_high_impact_days,high_impact_days_only,next_large_move_direction,controls_plus_event_proxies,logreg,0,1,0.5521439149538991
2023-03-02,next_day_large_move_high_impact_days,high_impact_days_only,next_large_move_direction,controls_plus_event_proxies,logreg,1,1,0.5588171562363329
2023-03-06,next_day_large_move_high_impact_days,high_impact_days_only,next_large_move_direction,controls_plus_event_proxies,logreg,0,1,0.6452842220780581
2023-03-08,next_day_large_move_high_impact_days,high_impact_days_only,next_large_move_direction,controls_plus_event_proxies,logreg,0,1,0.6881827109641133
2023-03-13,next_day_large_move_high_impact_days,high_impact_days_only,next_large_move_direction,controls_plus_event_proxies,logreg,1,1,0.5861184819161142
2023-03-16,next_day_large_move_high_impact_days,high_impact_days_only,next_large_move_direction,controls_plus_event_proxies,logreg,0,0,0.373545459843668
2023-03-20,next_day_large_move_high_impact_days,high_impact_days_only,next_large_move_direction,controls_plus_event_proxies,logreg,1,0,0.42538743975979915
2023-03-28,next_day_large_move_high_impact_days,high_impact_days_only,next_large_move_direction,controls_plus_event_proxies,logreg,1,1,0.6222966720027557
2023-03-30,next_day_large_move_high_impact_days,high_impact_days_only,next_large_move_direction,controls_plus_event_proxies,logreg,1,1,0.5117003970383076
2023-04-12,next_day_large_move_high_impact_days,high_impact_days_only,next_large_move_direction,controls_plus_event_proxies,logreg,1,1,0.6064953417730857
2023-04-24,next_day_large_move_high_impact_days,high_impact_days_only,next_large_move_direction,controls_plus_event_proxies,logreg,0,1,0.5380736942882394
2023-04-26,next_day_large_move_high_impact_days,high_impact_days_only,next_large_move_direction,controls_plus_event_proxies,logreg,1,1,0.5777224805800444
2023-05-16,next_day_large_move_high_impact_days,high_impact_days_only,next_large_move_direction,controls_plus_event_proxies,logreg,1,0,0.3844694158106701
2023-05-17,next_day_large_move_high_impact_days,high_impact_days_only,next_large_move_direction,controls_plus_event_proxies,logreg,1,0,0.461091876397243
2023-05-22,next_day_large_move_high_impact_days,high_impact_days_only,next_large_move_direction,controls_plus_event_proxies,logreg,0,0,0.42034145336640616
2023-05-31,next_day_large_move_high_impact_days,high_impact_days_only,next_large_move_direction,controls_plus_event_proxies,logreg,1,1,0.5394424787725088
2023-06-01,next_day_large_move_high_impact_days,high_impact_days_only,next_large_move_direction,controls_plus_event_proxies,logreg,1,0,0.2892647075768686
2023-06-14,next_day_large_move_high_impact_days,high_impact_days_only,next_large_move_direction,controls_plus_event_proxies,logreg,1,1,0.5008404848788776
2023-06-26,next_day_large_move_high_impact_days,high_impact_days_only,next_large_move_direction,controls_plus_event_proxies,logreg,1,1,0.547251379842056
2023-06-29,next_day_large_move_high_impact_days,high_impact_days_only,next_large_move_direction,controls_plus_event_proxies,logreg,1,0,0.4364826448993963
2023-07-27,next_day_large_move_high_impact_days,high_impact_days_only,next_large_move_direction,controls_plus_event_proxies,logreg,1,0,0.3842780979289379
2023-08-01,next_day_large_move_high_impact_days,high_impact_days_only,next_large_move_direction,controls_plus_event_proxies,logreg,0,0,0.46135200937300547
2023-08-14,next_day_large_move_high_impact_days,high_impact_days_only,next_large_move_direction,controls_plus_event_proxies,logreg,0,1,0.5705139312357589
2023-08-22,next_day_large_move_high_impact_days,high_impact_days_only,next_large_move_direction,controls_plus_event_proxies,logreg,1,1,0.5816744952423873
2023-08-23,next_day_large_move_high_impact_days,high_impact_days_only,next_large_move_direction,controls_plus_event_proxies,logreg,0,1,0.686849705901086
2023-08-28,next_day_large_move_high_impact_days,high_impact_days_only,next_large_move_direction,controls_plus_event_proxies,logreg,1,1,0.6727382953690267
2023-09-14,next_day_large_move_high_impact_days,high_impact_days_only,next_large_move_direction,controls_plus_event_proxies,logreg,0,0,0.2793577991673549
2023-09-19,next_day_large_move_high_impact_days,high_impact_days_only,next_large_move_direction,controls_plus_event_proxies,logreg,0,0,0.4305769839435923
2023-09-20,next_day_large_move_high_impact_days,high_impact_days_only,next_large_move_direction,controls_plus_event_proxies,logreg,0,1,0.7145843816448116
2023-09-25,next_day_large_move_high_impact_days,high_impact_days_only,next_large_move_direction,controls_plus_event_proxies,logreg,0,1,0.6612378966645986
2023-10-02,next_day_large_move_high_impact_days,high_impact_days_only,next_large_move_direction,controls_plus_event_proxies,logreg,0,1,0.6958254817969167
2023-10-05,next_day_large_move_high_impact_days,high_impact_days_only,next_large_move_direction,controls_plus_event_proxies,logreg,1,1,0.5575323728901828
2023-10-13,next_day_large_move_high_impact_days,high_impact_days_only,next_large_move_direction,controls_plus_event_proxies,logreg,1,0,0.4812926618302074
2023-10-17,next_day_large_move_high_impact_days,high_impact_days_only,next_large_move_direction,controls_plus_event_proxies,logreg,0,1,0.5365033339573417
2023-10-19,next_day_large_move_high_impact_days,high_impact_days_only,next_large_move_direction,controls_plus_event_proxies,logreg,0,0,0.42626201688481496
2023-10-24,next_day_large_move_high_impact_days,high_impact_days_only,next_large_move_direction,controls_plus_event_proxies,logreg,0,1,0.5954809382302445
2023-10-25,next_day_large_move_high_impact_days,high_impact_days_only,next_large_move_direction,controls_plus_event_proxies,logreg,0,1,0.7303349132263189
2023-10-27,next_day_large_move_high_impact_days,high_impact_days_only,next_large_move_direction,controls_plus_event_proxies,logreg,1,1,0.5303136590021857
2023-10-31,next_day_large_move_high_impact_days,high_impact_days_only,next_large_move_direction,controls_plus_event_proxies,logreg,1,0,0.45099339723540455
2023-11-01,next_day_large_move_high_impact_days,high_impact_days_only,next_large_move_direction,controls_plus_event_proxies,logreg,1,1,0.5635831863865908
2023-11-02,next_day_large_move_high_impact_days,high_impact_days_only,next_large_move_direction,controls_plus_event_proxies,logreg,1,0,0.31949687045049063
2023-11-09,next_day_large_move_high_impact_days,high_impact_days_only,next_large_move_direction,controls_plus_event_proxies,logreg,1,0,0.46040851762156976
2023-11-13,next_day_large_move_high_impact_days,high_impact_days_only,next_large_move_direction,controls_plus_event_proxies,logreg,1,1,0.5909876839871979
2023-12-12,next_day_large_move_high_impact_days,high_impact_days_only,next_large_move_direction,controls_plus_event_proxies,logreg,1,0,0.4446739353578659
2023-12-19,next_day_large_move_high_impact_days,high_impact_days_only,next_large_move_direction,controls_plus_event_proxies,logreg,0,0,0.283390442058472
2023-12-20,next_day_large_move_high_impact_days,high_impact_days_only,next_large_move_direction,controls_plus_event_proxies,logreg,1,1,0.6092071207919794
2024-01-05,next_day_large_move_high_impact_days,high_impact_days_only,next_large_move_direction,controls_plus_event_proxies,logreg,1,0,0.3301932035339652
2024-01-18,next_day_large_move_high_impact_days,high_impact_days_only,next_large_move_direction,controls_plus_event_proxies,logreg,1,0,0.2558431478821668
2024-01-30,next_day_large_move_high_impact_days,high_impact_days_only,next_large_move_direction,controls_plus_event_proxies,logreg,0,0,0.30239014559125277
2024-01-31,next_day_large_move_high_impact_days,high_impact_days_only,next_large_move_direction,controls_plus_event_proxies,logreg,1,0,0.45467353617299294
2024-02-13,next_day_large_move_high_impact_days,high_impact_days_only,next_large_move_direction,controls_plus_event_proxies,logreg,1,0,0.28866341325411166
2024-02-21,next_day_large_move_high_impact_days,high_impact_days_only,next_large_move_direction,controls_plus_event_proxies,logreg,1,0,0.4368756295962645
2024-03-04,next_day_large_move_high_impact_days,high_impact_days_only,next_large_move_direction,controls_plus_event_proxies,logreg,0,0,0.4436415140367386
2024-03-06,next_day_large_move_high_impact_days,high_impact_days_only,next_large_move_direction,controls_plus_event_proxies,logreg,1,0,0.47552371157085355
2024-04-03,next_day_large_move_high_impact_days,high_impact_days_only,next_large_move_direction,controls_plus_event_proxies,logreg,0,1,0.5604683715289834
2024-04-04,next_day_large_move_high_impact_days,high_impact_days_only,next_large_move_direction,controls_plus_event_proxies,logreg,1,0,0.40680226471010145
2024-04-09,next_day_large_move_high_impact_days,high_impact_days_only,next_large_move_direction,controls_plus_event_proxies,logreg,0,0,0.49129317100610176
2024-04-11,next_day_large_move_high_impact_days,high_impact_days_only,next_large_move_direction,controls_plus_event_proxies,logreg,0,0,0.3395245859143337
2024-04-12,next_day_large_move_high_impact_days,high_impact_days_only,next_large_move_direction,controls_plus_event_proxies,logreg,0,0,0.45539879851805937
2024-04-22,next_day_large_move_high_impact_days,high_impact_days_only,next_large_move_direction,controls_plus_event_proxies,logreg,1,0,0.3576872424540875
2024-04-25,next_day_large_move_high_impact_days,high_impact_days_only,next_large_move_direction,controls_plus_event_proxies,logreg,1,1,0.6289359922226936
2024-04-29,next_day_large_move_high_impact_days,high_impact_days_only,next_large_move_direction,controls_plus_event_proxies,logreg,0,1,0.5241253785759233
2024-05-02,next_day_large_move_high_impact_days,high_impact_days_only,next_large_move_direction,controls_plus_event_proxies,logreg,1,1,0.5347884903951193
2024-05-03,next_day_large_move_high_impact_days,high_impact_days_only,next_large_move_direction,controls_plus_event_proxies,logreg,1,1,0.5922521655472864
2024-05-14,next_day_large_move_high_impact_days,high_impact_days_only,next_large_move_direction,controls_plus_event_proxies,logreg,1,0,0.41572132388933725
2024-06-04,next_day_large_move_high_impact_days,high_impact_days_only,next_large_move_direction,controls_plus_event_proxies,logreg,1,0,0.4272301584251644
2024-07-09,next_day_large_move_high_impact_days,high_impact_days_only,next_large_move_direction,controls_plus_event_proxies,logreg,1,0,0.3955641011160445
2024-07-19,next_day_large_move_high_impact_days,high_impact_days_only,next_large_move_direction,controls_plus_event_proxies,logreg,1,0,0.43133648681024167
2024-07-25,next_day_large_move_high_impact_days,high_impact_days_only,next_large_move_direction,controls_plus_event_proxies,logreg,1,0,0.4656781927727682
2024-07-30,next_day_large_move_high_impact_days,high_impact_days_only,next_large_move_direction,controls_plus_event_proxies,logreg,1,1,0.5538578315229659
2024-07-31,next_day_large_move_high_impact_days,high_impact_days_only,next_large_move_direction,controls_plus_event_proxies,logreg,0,0,0.3359252743919935
2024-08-01,next_day_large_move_high_impact_days,high_impact_days_only,next_large_move_direction,controls_plus_event_proxies,logreg,0,0,0.43449462362389835
2024-08-02,next_day_large_move_high_impact_days,high_impact_days_only,next_large_move_direction,controls_plus_event_proxies,logreg,0,0,0.4513266563573032
2024-08-05,next_day_large_move_high_impact_days,high_impact_days_only,next_large_move_direction,controls_plus_event_proxies,logreg,1,1,0.6141651891008562
2024-08-07,next_day_large_move_high_impact_days,high_impact_days_only,next_large_move_direction,controls_plus_event_proxies,logreg,1,1,0.8273550194794381
2024-08-12,next_day_large_move_high_impact_days,high_impact_days_only,next_large_move_direction,controls_plus_event_proxies,logreg,1,0,0.4940211560575401
2024-08-14,next_day_large_move_high_impact_days,high_impact_days_only,next_large_move_direction,controls_plus_event_proxies,logreg,1,1,0.5812467994544417
2024-08-16,next_day_large_move_high_impact_days,high_impact_days_only,next_large_move_direction,controls_plus_event_proxies,logreg,1,1,0.5364917950243815
2024-08-22,next_day_large_move_high_impact_days,high_impact_days_only,next_large_move_direction,controls_plus_event_proxies,logreg,1,1,0.5291556345142288
2024-08-29,next_day_large_move_high_impact_days,high_impact_days_only,next_large_move_direction,controls_plus_event_proxies,logreg,1,0,0.42602772514631826
2024-08-30,next_day_large_move_high_impact_days,high_impact_days_only,next_large_move_direction,controls_plus_event_proxies,logreg,0,0,0.40025145013911695
2024-09-05,next_day_large_move_high_impact_days,high_impact_days_only,next_large_move_direction,controls_plus_event_proxies,logreg,0,0,0.3345175754889701
2024-09-06,next_day_large_move_high_impact_days,high_impact_days_only,next_large_move_direction,controls_plus_event_proxies,logreg,1,0,0.39800213069319373
2024-09-10,next_day_large_move_high_impact_days,high_impact_days_only,next_large_move_direction,controls_plus_event_proxies,logreg,1,0,0.4952740307749219
2024-09-18,next_day_large_move_high_impact_days,high_impact_days_only,next_large_move_direction,controls_plus_event_proxies,logreg,1,1,0.6257418415439344
2024-10-04,next_day_large_move_high_impact_days,high_impact_days_only,next_large_move_direction,controls_plus_event_proxies,logreg,0,0,0.4297587585270589
2024-10-07,next_day_large_move_high_impact_days,high_impact_days_only,next_large_move_direction,controls_plus_event_proxies,logreg,1,1,0.5347538980581504
2024-10-30,next_day_large_move_high_impact_days,high_impact_days_only,next_large_move_direction,controls_plus_event_proxies,logreg,0,0,0.42217249060001977
2024-11-04,next_day_large_move_high_impact_days,high_impact_days_only,next_large_move_direction,controls_plus_event_proxies,logreg,1,0,0.48820455298796245
2024-11-05,next_day_large_move_high_impact_days,high_impact_days_only,next_large_move_direction,controls_plus_event_proxies,logreg,1,0,0.3332116951620165
2024-12-19,next_day_large_move_high_impact_days,high_impact_days_only,next_large_move_direction,controls_plus_event_proxies,logreg,1,0,0.46796147192969
2024-12-23,next_day_large_move_high_impact_days,high_impact_days_only,next_large_move_direction,controls_plus_event_proxies,logreg,1,1,0.557143653067603
2024-12-27,next_day_large_move_high_impact_days,high_impact_days_only,next_large_move_direction,controls_plus_event_proxies,logreg,0,0,0.39636545326011224
2025-01-02,next_day_large_move_high_impact_days,high_impact_days_only,next_large_move_direction,controls_plus_event_proxies,logreg,1,0,0.3968779102795724
2025-01-06,next_day_large_move_high_impact_days,high_impact_days_only,next_large_move_direction,controls_plus_event_proxies,logreg,0,1,0.531572290780666
2025-01-08,next_day_large_move_high_impact_days,high_impact_days_only,next_large_move_direction,controls_plus_event_proxies,logreg,0,1,0.5387693316786104
2025-01-14,next_day_large_move_high_impact_days,high_impact_days_only,next_large_move_direction,controls_plus_event_proxies,logreg,1,1,0.5943443794019428
2025-01-16,next_day_large_move_high_impact_days,high_impact_days_only,next_large_move_direction,controls_plus_event_proxies,logreg,1,1,0.6359627781968603
2025-01-24,next_day_large_move_high_impact_days,high_impact_days_only,next_large_move_direction,controls_plus_event_proxies,logreg,0,0,0.45428451694791855
2025-02-06,next_day_large_move_high_impact_days,high_impact_days_only,next_large_move_direction,controls_plus_event_proxies,logreg,0,0,0.4724246436554612
2025-02-12,next_day_large_move_high_impact_days,high_impact_days_only,next_large_move_direction,controls_plus_event_proxies,logreg,1,0,0.48814866838098264
2025-02-20,next_day_large_move_high_impact_days,high_impact_days_only,next_large_move_direction,controls_plus_event_proxies,logreg,0,0,0.4257072664108917
2025-02-26,next_day_large_move_high_impact_days,high_impact_days_only,next_large_move_direction,controls_plus_event_proxies,logreg,0,0,0.48015327230423965
2025-02-27,next_day_large_move_high_impact_days,high_impact_days_only,next_large_move_direction,controls_plus_event_proxies,logreg,1,1,0.5334243559915322
2025-03-03,next_day_large_move_high_impact_days,high_impact_days_only,next_large_move_direction,controls_plus_event_proxies,logreg,0,1,0.5981266550730112
2025-03-04,next_day_large_move_high_impact_days,high_impact_days_only,next_large_move_direction,controls_plus_event_proxies,logreg,1,1,0.5276734625633283
2025-03-05,next_day_large_move_high_impact_days,high_impact_days_only,next_large_move_direction,controls_plus_event_proxies,logreg,0,0,0.470538818433244
2025-03-07,next_day_large_move_high_impact_days,high_impact_days_only,next_large_move_direction,controls_plus_event_proxies,logreg,0,1,0.6013040670797212
2025-03-12,next_day_large_move_high_impact_days,high_impact_days_only,next_large_move_direction,controls_plus_event_proxies,logreg,0,1,0.6063421883113457
2025-03-13,next_day_large_move_high_impact_days,high_impact_days_only,next_large_move_direction,controls_plus_event_proxies,logreg,1,1,0.7033444957209505
2025-03-17,next_day_large_move_high_impact_days,high_impact_days_only,next_large_move_direction,controls_plus_event_proxies,logreg,0,1,0.7691231862162298
2025-03-18,next_day_large_move_high_impact_days,high_impact_days_only,next_large_move_direction,controls_plus_event_proxies,logreg,1,1,0.6332257534254816
2025-03-21,next_day_large_move_high_impact_days,high_impact_days_only,next_large_move_direction,controls_plus_event_proxies,logreg,1,1,0.6724796160209214
2025-03-27,next_day_large_move_high_impact_days,high_impact_days_only,next_large_move_direction,controls_plus_event_proxies,logreg,0,1,0.5040891461312939
2025-04-02,next_day_large_move_high_impact_days,high_impact_days_only,next_large_move_direction,controls_plus_event_proxies,logreg,0,1,0.6348254941635174
2025-04-03,next_day_large_move_high_impact_days,high_impact_days_only,next_large_move_direction,controls_plus_event_proxies,logreg,0,1,0.6233729612032078
2025-04-07,next_day_large_move_high_impact_days,high_impact_days_only,next_large_move_direction,controls_plus_event_proxies,logreg,0,0,0.4033724670195101
2025-04-08,next_day_large_move_high_impact_days,high_impact_days_only,next_large_move_direction,controls_plus_event_proxies,logreg,1,1,0.7531015861234136
2025-04-09,next_day_large_move_high_impact_days,high_impact_days_only,next_large_move_direction,controls_plus_event_proxies,logreg,0,0,0.014982963930004178
2025-04-10,next_day_large_move_high_impact_days,high_impact_days_only,next_large_move_direction,controls_plus_event_proxies,logreg,1,0,0.4018966505937078
2025-04-15,next_day_large_move_high_impact_days,high_impact_days_only,next_large_move_direction,controls_plus_event_proxies,logreg,0,0,0.19831802574896987
2025-04-17,next_day_large_move_high_impact_days,high_impact_days_only,next_large_move_direction,controls_plus_event_proxies,logreg,0,1,0.6455564464146774
2025-04-21,next_day_large_move_high_impact_days,high_impact_days_only,next_large_move_direction,controls_plus_event_proxies,logreg,1,1,0.8381089566990934
2025-04-22,next_day_large_move_high_impact_days,high_impact_days_only,next_large_move_direction,controls_plus_event_proxies,logreg,1,1,0.711411369402558
2025-04-23,next_day_large_move_high_impact_days,high_impact_days_only,next_large_move_direction,controls_plus_event_proxies,logreg,1,1,0.9008638143390094
2025-05-01,next_day_large_move_high_impact_days,high_impact_days_only,next_large_move_direction,controls_plus_event_proxies,logreg,1,1,0.7950572722172985
2025-05-09,next_day_large_move_high_impact_days,high_impact_days_only,next_large_move_direction,controls_plus_event_proxies,logreg,1,0,0.34370452090741793
2025-05-20,next_day_large_move_high_impact_days,high_impact_days_only,next_large_move_direction,controls_plus_event_proxies,logreg,0,0,0.39073459191563376
2025-06-12,next_day_large_move_high_impact_days,high_impact_days_only,next_large_move_direction,controls_plus_event_proxies,logreg,0,0,0.37077518136646376
2025-06-13,next_day_large_move_high_impact_days,high_impact_days_only,next_large_move_direction,controls_plus_event_proxies,logreg,1,0,0.2880080509955452
2025-06-20,next_day_large_move_high_impact_days,high_impact_days_only,next_large_move_direction,controls_plus_event_proxies,logreg,1,0,0.43567568757656827
2025-06-23,next_day_large_move_high_impact_days,high_impact_days_only,next_large_move_direction,controls_plus_event_proxies,logreg,1,0,0.25641790877798243
2025-07-31,next_day_large_move_high_impact_days,high_impact_days_only,next_large_move_direction,controls_plus_event_proxies,logreg,0,1,0.5215293635412104
2025-08-01,next_day_large_move_high_impact_days,high_impact_days_only,next_large_move_direction,controls_plus_event_proxies,logreg,1,1,0.5114292104348384
2025-08-11,next_day_large_move_high_impact_days,high_impact_days_only,next_large_move_direction,controls_plus_event_proxies,logreg,1,0,0.45456880673597105
2025-08-21,next_day_large_move_high_impact_days,high_impact_days_only,next_large_move_direction,controls_plus_event_proxies,logreg,1,0,0.297544238610688
2025-10-09,next_day_large_move_high_impact_days,high_impact_days_only,next_large_move_direction,controls_plus_event_proxies,logreg,0,1,0.5560385921309651
2025-10-10,next_day_large_move_high_impact_days,high_impact_days_only,next_large_move_direction,controls_plus_event_proxies,logreg,1,0,0.4975973824687286
2025-10-17,next_day_large_move_high_impact_days,high_impact_days_only,next_large_move_direction,controls_plus_event_proxies,logreg,1,0,0.18846782879074572
2025-10-24,next_day_large_move_high_impact_days,high_impact_days_only,next_large_move_direction,controls_plus_event_proxies,logreg,1,0,0.31675020070173626
2025-10-29,next_day_large_move_high_impact_days,high_impact_days_only,next_large_move_direction,controls_plus_event_proxies,logreg,0,1,0.5681713192956912
2025-11-03,next_day_large_move_high_impact_days,high_impact_days_only,next_large_move_direction,controls_plus_event_proxies,logreg,0,0,0.3750452128221387
2025-11-05,next_day_large_move_high_impact_days,high_impact_days_only,next_large_move_direction,controls_plus_event_proxies,logreg,0,0,0.4629832734859846
2025-11-07,next_day_large_move_high_impact_days,high_impact_days_only,next_large_move_direction,controls_plus_event_proxies,logreg,1,1,0.5280144826582078
2025-11-19,next_day_large_move_high_impact_days,high_impact_days_only,next_large_move_direction,controls_plus_event_proxies,logreg,0,1,0.5552353628129584
2025-11-20,next_day_large_move_high_impact_days,high_impact_days_only,next_large_move_direction,controls_plus_event_proxies,logreg,1,0,0.4184272394812224
2025-11-21,next_day_large_move_high_impact_days,high_impact_days_only,next_large_move_direction,controls_plus_event_proxies,logreg,1,0,0.4665529042362202
2025-12-11,next_day_large_move_high_impact_days,high_impact_days_only,next_large_move_direction,controls_plus_event_proxies,logreg,0,0,0.3462553423174093
2025-12-16,next_day_large_move_high_impact_days,high_impact_days_only,next_large_move_direction,controls_plus_event_proxies,logreg,0,0,0.4300820847065429
2023-01-04,next_day_large_move_high_impact_days,high_impact_days_only,next_large_move_direction,controls_plus_event_proxies,random_forest,0,1,0.67
2023-01-17,next_day_large_move_high_impact_days,high_impact_days_only,next_large_move_direction,controls_plus_event_proxies,random_forest,0,1,0.7
2023-01-25,next_day_large_move_high_impact_days,high_impact_days_only,next_large_move_direction,controls_plus_event_proxies,random_forest,1,1,0.625
2023-01-27,next_day_large_move_high_impact_days,high_impact_days_only,next_large_move_direction,controls_plus_event_proxies,random_forest,0,0,0.49
2023-01-30,next_day_large_move_high_impact_days,high_impact_days_only,next_large_move_direction,controls_plus_event_proxies,random_forest,1,0,0.4
2023-01-31,next_day_large_move_high_impact_days,high_impact_days_only,next_large_move_direction,controls_plus_event_proxies,random_forest,1,1,0.615
2023-02-01,next_day_large_move_high_impact_days,high_impact_days_only,next_large_move_direction,controls_plus_event_proxies,random_forest,1,1,0.65
2023-02-02,next_day_large_move_high_impact_days,high_impact_days_only,next_large_move_direction,controls_plus_event_proxies,random_forest,0,1,0.51
2023-02-07,next_day_large_move_high_impact_days,high_impact_days_only,next_large_move_direction,controls_plus_event_proxies,random_forest,0,1,0.575
2023-02-15,next_day_large_move_high_impact_days,high_impact_days_only,next_large_move_direction,controls_plus_event_proxies,random_forest,0,1,0.715
2023-02-17,next_day_large_move_high_impact_days,high_impact_days_only,next_large_move_direction,controls_plus_event_proxies,random_forest,0,1,0.69
2023-02-23,next_day_large_move_high_impact_days,high_impact_days_only,next_large_move_direction,controls_plus_event_proxies,random_forest,0,1,0.745
2023-03-02,next_day_large_move_high_impact_days,high_impact_days_only,next_large_move_direction,controls_plus_event_proxies,random_forest,1,1,0.7
2023-03-06,next_day_large_move_high_impact_days,high_impact_days_only,next_large_move_direction,controls_plus_event_proxies,random_forest,0,1,0.75
2023-03-08,next_day_large_move_high_impact_days,high_impact_days_only,next_large_move_direction,controls_plus_event_proxies,random_forest,0,1,0.685
2023-03-13,next_day_large_move_high_impact_days,high_impact_days_only,next_large_move_direction,controls_plus_event_proxies,random_forest,1,1,0.66
2023-03-16,next_day_large_move_high_impact_days,high_impact_days_only,next_large_move_direction,controls_plus_event_proxies,random_forest,0,1,0.545
2023-03-20,next_day_large_move_high_impact_days,high_impact_days_only,next_large_move_direction,controls_plus_event_proxies,random_forest,1,1,0.555
2023-03-28,next_day_large_move_high_impact_days,high_impact_days_only,next_large_move_direction,controls_plus_event_proxies,random_forest,1,1,0.555
2023-03-30,next_day_large_move_high_impact_days,high_impact_days_only,next_large_move_direction,controls_plus_event_proxies,random_forest,1,1,0.695
2023-04-12,next_day_large_move_high_impact_days,high_impact_days_only,next_large_move_direction,controls_plus_event_proxies,random_forest,1,1,0.66
2023-04-24,next_day_large_move_high_impact_days,high_impact_days_only,next_large_move_direction,controls_plus_event_proxies,random_forest,0,0,0.49
2023-04-26,next_day_large_move_high_impact_days,high_impact_days_only,next_large_move_direction,controls_plus_event_proxies,random_forest,1,1,0.725
2023-05-16,next_day_large_move_high_impact_days,high_impact_days_only,next_large_move_direction,controls_plus_event_proxies,random_forest,1,1,0.65
2023-05-17,next_day_large_move_high_impact_days,high_impact_days_only,next_large_move_direction,controls_plus_event_proxies,random_forest,1,0,0.46
2023-05-22,next_day_large_move_high_impact_days,high_impact_days_only,next_large_move_direction,controls_plus_event_proxies,random_forest,0,0,0.435
2023-05-31,next_day_large_move_high_impact_days,high_impact_days_only,next_large_move_direction,controls_plus_event_proxies,random_forest,1,0,0.45
2023-06-01,next_day_large_move_high_impact_days,high_impact_days_only,next_large_move_direction,controls_plus_event_proxies,random_forest,1,0,0.47
2023-06-14,next_day_large_move_high_impact_days,high_impact_days_only,next_large_move_direction,controls_plus_event_proxies,random_forest,1,1,0.59
2023-06-26,next_day_large_move_high_impact_days,high_impact_days_only,next_large_move_direction,controls_plus_event_proxies,random_forest,1,1,0.63
2023-06-29,next_day_large_move_high_impact_days,high_impact_days_only,next_large_move_direction,controls_plus_event_proxies,random_forest,1,0,0.4
2023-07-27,next_day_large_move_high_impact_days,high_impact_days_only,next_large_move_direction,controls_plus_event_proxies,random_forest,1,1,0.62
2023-08-01,next_day_large_move_high_impact_days,high_impact_days_only,next_large_move_direction,controls_plus_event_proxies,random_forest,0,0,0.425
2023-08-14,next_day_large_move_high_impact_days,high_impact_days_only,next_large_move_direction,controls_plus_event_proxies,random_forest,0,1,0.685
2023-08-22,next_day_large_move_high_impact_days,high_impact_days_only,next_large_move_direction,controls_plus_event_proxies,random_forest,1,1,0.675
2023-08-23,next_day_large_move_high_impact_days,high_impact_days_only,next_large_move_direction,controls_plus_event_proxies,random_forest,0,0,0.48
2023-08-28,next_day_large_move_high_impact_days,high_impact_days_only,next_large_move_direction,controls_plus_event_proxies,random_forest,1,1,0.695
2023-09-14,next_day_large_move_high_impact_days,high_impact_days_only,next_large_move_direction,controls_plus_event_proxies,random_forest,0,0,0.34
2023-09-19,next_day_large_move_high_impact_days,high_impact_days_only,next_large_move_direction,controls_plus_event_proxies,random_forest,0,1,0.56
2023-09-20,next_day_large_move_high_impact_days,high_impact_days_only,next_large_move_direction,controls_plus_event_proxies,random_forest,0,1,0.615
2023-09-25,next_day_large_move_high_impact_days,high_impact_days_only,next_large_move_direction,controls_plus_event_proxies,random_forest,0,1,0.775
2023-10-02,next_day_large_move_high_impact_days,high_impact_days_only,next_large_move_direction,controls_plus_event_proxies,random_forest,0,1,0.62
2023-10-05,next_day_large_move_high_impact_days,high_impact_days_only,next_large_move_direction,controls_plus_event_proxies,random_forest,1,1,0.67
2023-10-13,next_day_large_move_high_impact_days,high_impact_days_only,next_large_move_direction,controls_plus_event_proxies,random_forest,1,0,0.485
2023-10-17,next_day_large_move_high_impact_days,high_impact_days_only,next_large_move_direction,controls_plus_event_proxies,random_forest,0,0,0.455
2023-10-19,next_day_large_move_high_impact_days,high_impact_days_only,next_large_move_direction,controls_plus_event_proxies,random_forest,0,1,0.505
2023-10-24,next_day_large_move_high_impact_days,high_impact_days_only,next_large_move_direction,controls_plus_event_proxies,random_forest,0,1,0.75
2023-10-25,next_day_large_move_high_impact_days,high_impact_days_only,next_large_move_direction,controls_plus_event_proxies,random_forest,0,1,0.55
2023-10-27,next_day_large_move_high_impact_days,high_impact_days_only,next_large_move_direction,controls_plus_event_proxies,random_forest,1,1,0.68
2023-10-31,next_day_large_move_high_impact_days,high_impact_days_only,next_large_move_direction,controls_plus_event_proxies,random_forest,1,1,0.7
2023-11-01,next_day_large_move_high_impact_days,high_impact_days_only,next_large_move_direction,controls_plus_event_proxies,random_forest,1,0,0.42
2023-11-02,next_day_large_move_high_impact_days,high_impact_days_only,next_large_move_direction,controls_plus_event_proxies,random_forest,1,1,0.505
2023-11-09,next_day_large_move_high_impact_days,high_impact_days_only,next_large_move_direction,controls_plus_event_proxies,random_forest,1,1,0.575
2023-11-13,next_day_large_move_high_impact_days,high_impact_days_only,next_large_move_direction,controls_plus_event_proxies,random_forest,1,1,0.73
2023-12-12,next_day_large_move_high_impact_days,high_impact_days_only,next_large_move_direction,controls_plus_event_proxies,random_forest,1,1,0.565
2023-12-19,next_day_large_move_high_impact_days,high_impact_days_only,next_large_move_direction,controls_plus_event_proxies,random_forest,0,1,0.535
2023-12-20,next_day_large_move_high_impact_days,high_impact_days_only,next_large_move_direction,controls_plus_event_proxies,random_forest,1,1,0.56
2024-01-05,next_day_large_move_high_impact_days,high_impact_days_only,next_large_move_direction,controls_plus_event_proxies,random_forest,1,1,0.5002110981168427
2024-01-18,next_day_large_move_high_impact_days,high_impact_days_only,next_large_move_direction,controls_plus_event_proxies,random_forest,1,1,0.5231564034390341
2024-01-30,next_day_large_move_high_impact_days,high_impact_days_only,next_large_move_direction,controls_plus_event_proxies,random_forest,0,0,0.2978728447138166
2024-01-31,next_day_large_move_high_impact_days,high_impact_days_only,next_large_move_direction,controls_plus_event_proxies,random_forest,1,0,0.4370028634933959
2024-02-13,next_day_large_move_high_impact_days,high_impact_days_only,next_large_move_direction,controls_plus_event_proxies,random_forest,1,0,0.33633054826335607
2024-02-21,next_day_large_move_high_impact_days,high_impact_days_only,next_large_move_direction,controls_plus_event_proxies,random_forest,1,1,0.580007966247858
2024-03-04,next_day_large_move_high_impact_days,high_impact_days_only,next_large_move_direction,controls_plus_event_proxies,random_forest,0,0,0.3521585325540344
2024-03-06,next_day_large_move_high_impact_days,high_impact_days_only,next_large_move_direction,controls_plus_event_proxies,random_forest,1,1,0.5133744885034734
2024-04-03,next_day_large_move_high_impact_days,high_impact_days_only,next_large_move_direction,controls_plus_event_proxies,random_forest,0,0,0.4439085555081915
2024-04-04,next_day_large_move_high_impact_days,high_impact_days_only,next_large_move_direction,controls_plus_event_proxies,random_forest,1,1,0.5064813889645121
2024-04-09,next_day_large_move_high_impact_days,high_impact_days_only,next_large_move_direction,controls_plus_event_proxies,random_forest,0,1,0.5262284828097116
2024-04-11,next_day_large_move_high_impact_days,high_impact_days_only,next_large_move_direction,controls_plus_event_proxies,random_forest,0,0,0.4673203992897203
2024-04-12,next_day_large_move_high_impact_days,high_impact_days_only,next_large_move_direction,controls_plus_event_proxies,random_forest,0,1,0.501668218357463
2024-04-22,next_day_large_move_high_impact_days,high_impact_days_only,next_large_move_direction,controls_plus_event_proxies,random_forest,1,1,0.5171134688352441
2024-04-25,next_day_large_move_high_impact_days,high_impact_days_only,next_large_move_direction,controls_plus_event_proxies,random_forest,1,1,0.5091802767890353
2024-04-29,next_day_large_move_high_impact_days,high_impact_days_only,next_large_move_direction,controls_plus_event_proxies,random_forest,0,1,0.5265099113976804
2024-05-02,next_day_large_move_high_impact_days,high_impact_days_only,next_large_move_direction,controls_plus_event_proxies,random_forest,1,1,0.5291692613046589
2024-05-03,next_day_large_move_high_impact_days,high_impact_days_only,next_large_move_direction,controls_plus_event_proxies,random_forest,1,0,0.47275268637304285
2024-05-14,next_day_large_move_high_impact_days,high_impact_days_only,next_large_move_direction,controls_plus_event_proxies,random_forest,1,0,0.3738371694439191
2024-06-04,next_day_large_move_high_impact_days,high_impact_days_only,next_large_move_direction,controls_plus_event_proxies,random_forest,1,0,0.4378228478508697
2024-07-09,next_day_large_move_high_impact_days,high_impact_days_only,next_large_move_direction,controls_plus_event_proxies,random_forest,1,0,0.3360975842218501
2024-07-19,next_day_large_move_high_impact_days,high_impact_days_only,next_large_move_direction,controls_plus_event_proxies,random_forest,1,1,0.5028625899403897
2024-07-25,next_day_large_move_high_impact_days,high_impact_days_only,next_large_move_direction,controls_plus_event_proxies,random_forest,1,0,0.4794867054057603
2024-07-30,next_day_large_move_high_impact_days,high_impact_days_only,next_large_move_direction,controls_plus_event_proxies,random_forest,1,1,0.5378636992121215
2024-07-31,next_day_large_move_high_impact_days,high_impact_days_only,next_large_move_direction,controls_plus_event_proxies,random_forest,0,0,0.43785928974163496
2024-08-01,next_day_large_move_high_impact_days,high_impact_days_only,next_large_move_direction,controls_plus_event_proxies,random_forest,0,1,0.5223445494901966
2024-08-02,next_day_large_move_high_impact_days,high_impact_days_only,next_large_move_direction,controls_plus_event_proxies,random_forest,0,0,0.4821514165298183
2024-08-05,next_day_large_move_high_impact_days,high_impact_days_only,next_large_move_direction,controls_plus_event_proxies,random_forest,1,1,0.5122191676647383
2024-08-07,next_day_large_move_high_impact_days,high_impact_days_only,next_large_move_direction,controls_plus_event_proxies,random_forest,1,1,0.5833200324189945
2024-08-12,next_day_large_move_high_impact_days,high_impact_days_only,next_large_move_direction,controls_plus_event_proxies,random_forest,1,1,0.5053327247008985
2024-08-14,next_day_large_move_high_impact_days,high_impact_days_only,next_large_move_direction,controls_plus_event_proxies,random_forest,1,1,0.560516712311642
2024-08-16,next_day_large_move_high_impact_days,high_impact_days_only,next_large_move_direction,controls_plus_event_proxies,random_forest,1,1,0.5670761703549914
2024-08-22,next_day_large_move_high_impact_days,high_impact_days_only,next_large_move_direction,controls_plus_event_proxies,random_forest,1,1,0.5111571087466192
2024-08-29,next_day_large_move_high_impact_days,high_impact_days_only,next_large_move_direction,controls_plus_event_proxies,random_forest,1,1,0.5469845792196272
2024-08-30,next_day_large_move_high_impact_days,high_impact_days_only,next_large_move_direction,controls_plus_event_proxies,random_forest,0,1,0.5254483669998655
2024-09-05,next_day_large_move_high_impact_days,high_impact_days_only,next_large_move_direction,controls_plus_event_proxies,random_forest,0,1,0.5295312058824763
2024-09-06,next_day_large_move_high_impact_days,high_impact_days_only,next_large_move_direction,controls_plus_event_proxies,random_forest,1,0,0.4871535391633953
2024-09-10,next_day_large_move_high_impact_days,high_impact_days_only,next_large_move_direction,controls_plus_event_proxies,random_forest,1,1,0.5624809490166335
2024-09-18,next_day_large_move_high_impact_days,high_impact_days_only,next_large_move_direction,controls_plus_event_proxies,random_forest,1,1,0.5695660542731178
2024-10-04,next_day_large_move_high_impact_days,high_impact_days_only,next_large_move_direction,controls_plus_event_proxies,random_forest,0,0,0.46662355831877184
2024-10-07,next_day_large_move_high_impact_days,high_impact_days_only,next_large_move_direction,controls_plus_event_proxies,random_forest,1,1,0.5658316708429794
2024-10-30,next_day_large_move_high_impact_days,high_impact_days_only,next_large_move_direction,controls_plus_event_proxies,random_forest,0,0,0.3697355068059921
2024-11-04,next_day_large_move_high_impact_days,high_impact_days_only,next_large_move_direction,controls_plus_event_proxies,random_forest,1,1,0.5486043470048019
2024-11-05,next_day_large_move_high_impact_days,high_impact_days_only,next_large_move_direction,controls_plus_event_proxies,random_forest,1,0,0.45343229570065785
2024-12-19,next_day_large_move_high_impact_days,high_impact_days_only,next_large_move_direction,controls_plus_event_proxies,random_forest,1,0,0.4503319588343296
2024-12-23,next_day_large_move_high_impact_days,high_impact_days_only,next_large_move_direction,controls_plus_event_proxies,random_forest,1,1,0.5857498598819536
2024-12-27,next_day_large_move_high_impact_days,high_impact_days_only,next_large_move_direction,controls_plus_event_proxies,random_forest,0,0,0.4766572132137186
2025-01-02,next_day_large_move_high_impact_days,high_impact_days_only,next_large_move_direction,controls_plus_event_proxies,random_forest,1,1,0.6575
2025-01-06,next_day_large_move_high_impact_days,high_impact_days_only,next_large_move_direction,controls_plus_event_proxies,random_forest,0,1,0.6525
2025-01-08,next_day_large_move_high_impact_days,high_impact_days_only,next_large_move_direction,controls_plus_event_proxies,random_forest,0,1,0.61
2025-01-14,next_day_large_move_high_impact_days,high_impact_days_only,next_large_move_direction,controls_plus_event_proxies,random_forest,1,1,0.7025
2025-01-16,next_day_large_move_high_impact_days,high_impact_days_only,next_large_move_direction,controls_plus_event_proxies,random_forest,1,1,0.6475
2025-01-24,next_day_large_move_high_impact_days,high_impact_days_only,next_large_move_direction,controls_plus_event_proxies,random_forest,0,0,0.335
2025-02-06,next_day_large_move_high_impact_days,high_impact_days_only,next_large_move_direction,controls_plus_event_proxies,random_forest,0,1,0.615
2025-02-12,next_day_large_move_high_impact_days,high_impact_days_only,next_large_move_direction,controls_plus_event_proxies,random_forest,1,1,0.7375
2025-02-20,next_day_large_move_high_impact_days,high_impact_days_only,next_large_move_direction,controls_plus_event_proxies,random_forest,0,0,0.2375
2025-02-26,next_day_large_move_high_impact_days,high_impact_days_only,next_large_move_direction,controls_plus_event_proxies,random_forest,0,1,0.7475
2025-02-27,next_day_large_move_high_impact_days,high_impact_days_only,next_large_move_direction,controls_plus_event_proxies,random_forest,1,0,0.4625
2025-03-03,next_day_large_move_high_impact_days,high_impact_days_only,next_large_move_direction,controls_plus_event_proxies,random_forest,0,1,0.625
2025-03-04,next_day_large_move_high_impact_days,high_impact_days_only,next_large_move_direction,controls_plus_event_proxies,random_forest,1,1,0.54
2025-03-05,next_day_large_move_high_impact_days,high_impact_days_only,next_large_move_direction,controls_plus_event_proxies,random_forest,0,1,0.69
2025-03-07,next_day_large_move_high_impact_days,high_impact_days_only,next_large_move_direction,controls_plus_event_proxies,random_forest,0,1,0.8425
2025-03-12,next_day_large_move_high_impact_days,high_impact_days_only,next_large_move_direction,controls_plus_event_proxies,random_forest,0,1,0.705
2025-03-13,next_day_large_move_high_impact_days,high_impact_days_only,next_large_move_direction,controls_plus_event_proxies,random_forest,1,1,0.5625
2025-03-17,next_day_large_move_high_impact_days,high_impact_days_only,next_large_move_direction,controls_plus_event_proxies,random_forest,0,1,0.81
2025-03-18,next_day_large_move_high_impact_days,high_impact_days_only,next_large_move_direction,controls_plus_event_proxies,random_forest,1,1,0.635
2025-03-21,next_day_large_move_high_impact_days,high_impact_days_only,next_large_move_direction,controls_plus_event_proxies,random_forest,1,1,0.6175
2025-03-27,next_day_large_move_high_impact_days,high_impact_days_only,next_large_move_direction,controls_plus_event_proxies,random_forest,0,1,0.7
2025-04-02,next_day_large_move_high_impact_days,high_impact_days_only,next_large_move_direction,controls_plus_event_proxies,random_forest,0,1,0.78
2025-04-03,next_day_large_move_high_impact_days,high_impact_days_only,next_large_move_direction,controls_plus_event_proxies,random_forest,0,1,0.6
2025-04-07,next_day_large_move_high_impact_days,high_impact_days_only,next_large_move_direction,controls_plus_event_proxies,random_forest,0,1,0.5825
2025-04-08,next_day_large_move_high_impact_days,high_impact_days_only,next_large_move_direction,controls_plus_event_proxies,random_forest,1,0,0.4725
2025-04-09,next_day_large_move_high_impact_days,high_impact_days_only,next_large_move_direction,controls_plus_event_proxies,random_forest,0,0,0.45
2025-04-10,next_day_large_move_high_impact_days,high_impact_days_only,next_large_move_direction,controls_plus_event_proxies,random_forest,1,1,0.59
2025-04-15,next_day_large_move_high_impact_days,high_impact_days_only,next_large_move_direction,controls_plus_event_proxies,random_forest,0,1,0.5925
2025-04-17,next_day_large_move_high_impact_days,high_impact_days_only,next_large_move_direction,controls_plus_event_proxies,random_forest,0,1,0.695
2025-04-21,next_day_large_move_high_impact_days,high_impact_days_only,next_large_move_direction,controls_plus_event_proxies,random_forest,1,1,0.5425
2025-04-22,next_day_large_move_high_impact_days,high_impact_days_only,next_large_move_direction,controls_plus_event_proxies,random_forest,1,1,0.56
2025-04-23,next_day_large_move_high_impact_days,high_impact_days_only,next_large_move_direction,controls_plus_event_proxies,random_forest,1,1,0.6725
2025-05-01,next_day_large_move_high_impact_days,high_impact_days_only,next_large_move_direction,controls_plus_event_proxies,random_forest,1,1,0.58
2025-05-09,next_day_large_move_high_impact_days,high_impact_days_only,next_large_move_direction,controls_plus_event_proxies,random_forest,1,1,0.585
2025-05-20,next_day_large_move_high_impact_days,high_impact_days_only,next_large_move_direction,controls_plus_event_proxies,random_forest,0,1,0.62
2025-06-12,next_day_large_move_high_impact_days,high_impact_days_only,next_large_move_direction,controls_plus_event_proxies,random_forest,0,1,0.5275
2025-06-13,next_day_large_move_high_impact_days,high_impact_days_only,next_large_move_direction,controls_plus_event_proxies,random_forest,1,1,0.64
2025-06-20,next_day_large_move_high_impact_days,high_impact_days_only,next_large_move_direction,controls_plus_event_proxies,random_forest,1,1,0.59
2025-06-23,next_day_large_move_high_impact_days,high_impact_days_only,next_large_move_direction,controls_plus_event_proxies,random_forest,1,1,0.555
2025-07-31,next_day_large_move_high_impact_days,high_impact_days_only,next_large_move_direction,controls_plus_event_proxies,random_forest,0,1,0.5375
2025-08-01,next_day_large_move_high_impact_days,high_impact_days_only,next_large_move_direction,controls_plus_event_proxies,random_forest,1,0,0.43
2025-08-11,next_day_large_move_high_impact_days,high_impact_days_only,next_large_move_direction,controls_plus_event_proxies,random_forest,1,1,0.585
2025-08-21,next_day_large_move_high_impact_days,high_impact_days_only,next_large_move_direction,controls_plus_event_proxies,random_forest,1,0,0.4325
2025-10-09,next_day_large_move_high_impact_days,high_impact_days_only,next_large_move_direction,controls_plus_event_proxies,random_forest,0,0,0.495
2025-10-10,next_day_large_move_high_impact_days,high_impact_days_only,next_large_move_direction,controls_plus_event_proxies,random_forest,1,1,0.5275
2025-10-17,next_day_large_move_high_impact_days,high_impact_days_only,next_large_move_direction,controls_plus_event_proxies,random_forest,1,1,0.635
2025-10-24,next_day_large_move_high_impact_days,high_impact_days_only,next_large_move_direction,controls_plus_event_proxies,random_forest,1,1,0.6325
2025-10-29,next_day_large_move_high_impact_days,high_impact_days_only,next_large_move_direction,controls_plus_event_proxies,random_forest,0,1,0.57
2025-11-03,next_day_large_move_high_impact_days,high_impact_days_only,next_large_move_direction,controls_plus_event_proxies,random_forest,0,1,0.515
2025-11-05,next_day_large_move_high_impact_days,high_impact_days_only,next_large_move_direction,controls_plus_event_proxies,random_forest,0,1,0.725
2025-11-07,next_day_large_move_high_impact_days,high_impact_days_only,next_large_move_direction,controls_plus_event_proxies,random_forest,1,1,0.7
2025-11-19,next_day_large_move_high_impact_days,high_impact_days_only,next_large_move_direction,controls_plus_event_proxies,random_forest,0,1,0.71
2025-11-20,next_day_large_move_high_impact_days,high_impact_days_only,next_large_move_direction,controls_plus_event_proxies,random_forest,1,1,0.5725
2025-11-21,next_day_large_move_high_impact_days,high_impact_days_only,next_large_move_direction,controls_plus_event_proxies,random_forest,1,1,0.805
2025-12-11,next_day_large_move_high_impact_days,high_impact_days_only,next_large_move_direction,controls_plus_event_proxies,random_forest,0,1,0.6475
2025-12-16,next_day_large_move_high_impact_days,high_impact_days_only,next_large_move_direction,controls_plus_event_proxies,random_forest,0,1,0.595
2023-01-04,next_day_large_move_high_impact_days,high_impact_days_only,next_large_move_direction,controls_plus_event_proxies,gradient_boosting,0,1,0.9019206263718875
2023-01-17,next_day_large_move_high_impact_days,high_impact_days_only,next_large_move_direction,controls_plus_event_proxies,gradient_boosting,0,1,0.7456440464296983
2023-01-25,next_day_large_move_high_impact_days,high_impact_days_only,next_large_move_direction,controls_plus_event_proxies,gradient_boosting,1,1,0.6751327386296994
2023-01-27,next_day_large_move_high_impact_days,high_impact_days_only,next_large_move_direction,controls_plus_event_proxies,gradient_boosting,0,1,0.5530300323870546
2023-01-30,next_day_large_move_high_impact_days,high_impact_days_only,next_large_move_direction,controls_plus_event_proxies,gradient_boosting,1,1,0.5258481240049204
2023-01-31,next_day_large_move_high_impact_days,high_impact_days_only,next_large_move_direction,controls_plus_event_proxies,gradient_boosting,1,0,0.4995964657679535
2023-02-01,next_day_large_move_high_impact_days,high_impact_days_only,next_large_move_direction,controls_plus_event_proxies,gradient_boosting,1,1,0.872967879575352
2023-02-02,next_day_large_move_high_impact_days,high_impact_days_only,next_large_move_direction,controls_plus_event_proxies,gradient_boosting,0,1,0.6199560974701758
2023-02-07,next_day_large_move_high_impact_days,high_impact_days_only,next_large_move_direction,controls_plus_event_proxies,gradient_boosting,0,1,0.7500034898379424
2023-02-15,next_day_large_move_high_impact_days,high_impact_days_only,next_large_move_direction,controls_plus_event_proxies,gradient_boosting,0,1,0.7693732834887509
2023-02-17,next_day_large_move_high_impact_days,high_impact_days_only,next_large_move_direction,controls_plus_event_proxies,gradient_boosting,0,1,0.8352220161892969
2023-02-23,next_day_large_move_high_impact_days,high_impact_days_only,next_large_move_direction,controls_plus_event_proxies,gradient_boosting,0,1,0.882089804858206
2023-03-02,next_day_large_move_high_impact_days,high_impact_days_only,next_large_move_direction,controls_plus_event_proxies,gradient_boosting,1,1,0.6449039278376361
2023-03-06,next_day_large_move_high_impact_days,high_impact_days_only,next_large_move_direction,controls_plus_event_proxies,gradient_boosting,0,1,0.7669579133815765
2023-03-08,next_day_large_move_high_impact_days,high_impact_days_only,next_large_move_direction,controls_plus_event_proxies,gradient_boosting,0,1,0.851994267017226
2023-03-13,next_day_large_move_high_impact_days,high_impact_days_only,next_large_move_direction,controls_plus_event_proxies,gradient_boosting,1,1,0.651422933622785
2023-03-16,next_day_large_move_high_impact_days,high_impact_days_only,next_large_move_direction,controls_plus_event_proxies,gradient_boosting,0,0,0.35452757208187186
2023-03-20,next_day_large_move_high_impact_days,high_impact_days_only,next_large_move_direction,controls_plus_event_proxies,gradient_boosting,1,1,0.7191627548654781
2023-03-28,next_day_large_move_high_impact_days,high_impact_days_only,next_large_move_direction,controls_plus_event_proxies,gradient_boosting,1,1,0.6708943752390347
2023-03-30,next_day_large_move_high_impact_days,high_impact_days_only,next_large_move_direction,controls_plus_event_proxies,gradient_boosting,1,1,0.7675267507566155
2023-04-12,next_day_large_move_high_impact_days,high_impact_days_only,next_large_move_direction,controls_plus_event_proxies,gradient_boosting,1,1,0.8273336928063495
2023-04-24,next_day_large_move_high_impact_days,high_impact_days_only,next_large_move_direction,controls_plus_event_proxies,gradient_boosting,0,0,0.28542590904947585
2023-04-26,next_day_large_move_high_impact_days,high_impact_days_only,next_large_move_direction,controls_plus_event_proxies,gradient_boosting,1,1,0.8474638262610785
2023-05-16,next_day_large_move_high_impact_days,high_impact_days_only,next_large_move_direction,controls_plus_event_proxies,gradient_boosting,1,1,0.6526091296153032
2023-05-17,next_day_large_move_high_impact_days,high_impact_days_only,next_large_move_direction,controls_plus_event_proxies,gradient_boosting,1,1,0.5332414483095453
2023-05-22,next_day_large_move_high_impact_days,high_impact_days_only,next_large_move_direction,controls_plus_event_proxies,gradient_boosting,0,0,0.3335350822088539
2023-05-31,next_day_large_move_high_impact_days,high_impact_days_only,next_large_move_direction,controls_plus_event_proxies,gradient_boosting,1,1,0.5092691441981843
2023-06-01,next_day_large_move_high_impact_days,high_impact_days_only,next_large_move_direction,controls_plus_event_proxies,gradient_boosting,1,1,0.5315982958083394
2023-06-14,next_day_large_move_high_impact_days,high_impact_days_only,next_large_move_direction,controls_plus_event_proxies,gradient_boosting,1,1,0.6262513225929796
2023-06-26,next_day_large_move_high_impact_days,high_impact_days_only,next_large_move_direction,controls_plus_event_proxies,gradient_boosting,1,0,0.4127655146053664
2023-06-29,next_day_large_move_high_impact_days,high_impact_days_only,next_large_move_direction,controls_plus_event_proxies,gradient_boosting,1,1,0.7042892989033808
2023-07-27,next_day_large_move_high_impact_days,high_impact_days_only,next_large_move_direction,controls_plus_event_proxies,gradient_boosting,1,1,0.7961656705009178
2023-08-01,next_day_large_move_high_impact_days,high_impact_days_only,next_large_move_direction,controls_plus_event_proxies,gradient_boosting,0,1,0.5577119486023029
2023-08-14,next_day_large_move_high_impact_days,high_impact_days_only,next_large_move_direction,controls_plus_event_proxies,gradient_boosting,0,1,0.7988262478332583
2023-08-22,next_day_large_move_high_impact_days,high_impact_days_only,next_large_move_direction,controls_plus_event_proxies,gradient_boosting,1,1,0.7378878590647237
2023-08-23,next_day_large_move_high_impact_days,high_impact_days_only,next_large_move_direction,controls_plus_event_proxies,gradient_boosting,0,1,0.5007060910931701
2023-08-28,next_day_large_move_high_impact_days,high_impact_days_only,next_large_move_direction,controls_plus_event_proxies,gradient_boosting,1,1,0.8353490366256534
2023-09-14,next_day_large_move_high_impact_days,high_impact_days_only,next_large_move_direction,controls_plus_event_proxies,gradient_boosting,0,0,0.09996373457940073
2023-09-19,next_day_large_move_high_impact_days,high_impact_days_only,next_large_move_direction,controls_plus_event_proxies,gradient_boosting,0,1,0.5563005971206528
2023-09-20,next_day_large_move_high_impact_days,high_impact_days_only,next_large_move_direction,controls_plus_event_proxies,gradient_boosting,0,1,0.5224270471856757
2023-09-25,next_day_large_move_high_impact_days,high_impact_days_only,next_large_move_direction,controls_plus_event_proxies,gradient_boosting,0,1,0.8871885402811255
2023-10-02,next_day_large_move_high_impact_days,high_impact_days_only,next_large_move_direction,controls_plus_event_proxies,gradient_boosting,0,1,0.5974662361257507
2023-10-05,next_day_large_move_high_impact_days,high_impact_days_only,next_large_move_direction,controls_plus_event_proxies,gradient_boosting,1,1,0.7096241880483244
2023-10-13,next_day_large_move_high_impact_days,high_impact_days_only,next_large_move_direction,controls_plus_event_proxies,gradient_boosting,1,1,0.6028007810432618
2023-10-17,next_day_large_move_high_impact_days,high_impact_days_only,next_large_move_direction,controls_plus_event_proxies,gradient_boosting,0,0,0.204894260002701
2023-10-19,next_day_large_move_high_impact_days,high_impact_days_only,next_large_move_direction,controls_plus_event_proxies,gradient_boosting,0,0,0.4902151688602715
2023-10-24,next_day_large_move_high_impact_days,high_impact_days_only,next_large_move_direction,controls_plus_event_proxies,gradient_boosting,0,1,0.8120739139614487
2023-10-25,next_day_large_move_high_impact_days,high_impact_days_only,next_large_move_direction,controls_plus_event_proxies,gradient_boosting,0,1,0.5330883522695373
2023-10-27,next_day_large_move_high_impact_days,high_impact_days_only,next_large_move_direction,controls_plus_event_proxies,gradient_boosting,1,1,0.6857511674975171
2023-10-31,next_day_large_move_high_impact_days,high_impact_days_only,next_large_move_direction,controls_plus_event_proxies,gradient_boosting,1,1,0.661513798931639
2023-11-01,next_day_large_move_high_impact_days,high_impact_days_only,next_large_move_direction,controls_plus_event_proxies,gradient_boosting,1,0,0.29635786990605867
2023-11-02,next_day_large_move_high_impact_days,high_impact_days_only,next_large_move_direction,controls_plus_event_proxies,gradient_boosting,1,0,0.24668598239377623
2023-11-09,next_day_large_move_high_impact_days,high_impact_days_only,next_large_move_direction,controls_plus_event_proxies,gradient_boosting,1,1,0.6649112551137153
2023-11-13,next_day_large_move_high_impact_days,high_impact_days_only,next_large_move_direction,controls_plus_event_proxies,gradient_boosting,1,1,0.8470716263149941
2023-12-12,next_day_large_move_high_impact_days,high_impact_days_only,next_large_move_direction,controls_plus_event_proxies,gradient_boosting,1,1,0.5990186212443832
2023-12-19,next_day_large_move_high_impact_days,high_impact_days_only,next_large_move_direction,controls_plus_event_proxies,gradient_boosting,0,0,0.2268700353680384
2023-12-20,next_day_large_move_high_impact_days,high_impact_days_only,next_large_move_direction,controls_plus_event_proxies,gradient_boosting,1,1,0.6532151714719092
2024-01-05,next_day_large_move_high_impact_days,high_impact_days_only,next_large_move_direction,controls_plus_event_proxies,gradient_boosting,1,1,0.5931943125792435
2024-01-18,next_day_large_move_high_impact_days,high_impact_days_only,next_large_move_direction,controls_plus_event_proxies,gradient_boosting,1,1,0.6779662069229084
2024-01-30,next_day_large_move_high_impact_days,high_impact_days_only,next_large_move_direction,controls_plus_event_proxies,gradient_boosting,0,0,0.1535876875636532
2024-01-31,next_day_large_move_high_impact_days,high_impact_days_only,next_large_move_direction,controls_plus_event_proxies,gradient_boosting,1,0,0.31951031905482163
2024-02-13,next_day_large_move_high_impact_days,high_impact_days_only,next_large_move_direction,controls_plus_event_proxies,gradient_boosting,1,0,0.12419438884903404
2024-02-21,next_day_large_move_high_impact_days,high_impact_days_only,next_large_move_direction,controls_plus_event_proxies,gradient_boosting,1,1,0.8113296669591777
2024-03-04,next_day_large_move_high_impact_days,high_impact_days_only,next_large_move_direction,controls_plus_event_proxies,gradient_boosting,0,0,0.323672550688518
2024-03-06,next_day_large_move_high_impact_days,high_impact_days_only,next_large_move_direction,controls_plus_event_proxies,gradient_boosting,1,1,0.6090640465001831
2024-04-03,next_day_large_move_high_impact_days,high_impact_days_only,next_large_move_direction,controls_plus_event_proxies,gradient_boosting,0,0,0.4561720774925033
2024-04-04,next_day_large_move_high_impact_days,high_impact_days_only,next_large_move_direction,controls_plus_event_proxies,gradient_boosting,1,1,0.5532236267325068
2024-04-09,next_day_large_move_high_impact_days,high_impact_days_only,next_large_move_direction,controls_plus_event_proxies,gradient_boosting,0,1,0.750138179506048
2024-04-11,next_day_large_move_high_impact_days,high_impact_days_only,next_large_move_direction,controls_plus_event_proxies,gradient_boosting,0,1,0.5254869290594691
2024-04-12,next_day_large_move_high_impact_days,high_impact_days_only,next_large_move_direction,controls_plus_event_proxies,gradient_boosting,0,0,0.4423381136887408
2024-04-22,next_day_large_move_high_impact_days,high_impact_days_only,next_large_move_direction,controls_plus_event_proxies,gradient_boosting,1,1,0.5449137321457339
2024-04-25,next_day_large_move_high_impact_days,high_impact_days_only,next_large_move_direction,controls_plus_event_proxies,gradient_boosting,1,1,0.6344180280123821
2024-04-29,next_day_large_move_high_impact_days,high_impact_days_only,next_large_move_direction,controls_plus_event_proxies,gradient_boosting,0,0,0.4828227549181939
2024-05-02,next_day_large_move_high_impact_days,high_impact_days_only,next_large_move_direction,controls_plus_event_proxies,gradient_boosting,1,1,0.7786781909665751
2024-05-03,next_day_large_move_high_impact_days,high_impact_days_only,next_large_move_direction,controls_plus_event_proxies,gradient_boosting,1,1,0.5242272257054248
2024-05-14,next_day_large_move_high_impact_days,high_impact_days_only,next_large_move_direction,controls_plus_event_proxies,gradient_boosting,1,0,0.3888806103590146
2024-06-04,next_day_large_move_high_impact_days,high_impact_days_only,next_large_move_direction,controls_plus_event_proxies,gradient_boosting,1,0,0.4778937095565585
2024-07-09,next_day_large_move_high_impact_days,high_impact_days_only,next_large_move_direction,controls_plus_event_proxies,gradient_boosting,1,0,0.21215773028188312
2024-07-19,next_day_large_move_high_impact_days,high_impact_days_only,next_large_move_direction,controls_plus_event_proxies,gradient_boosting,1,1,0.5949992952610873
2024-07-25,next_day_large_move_high_impact_days,high_impact_days_only,next_large_move_direction,controls_plus_event_proxies,gradient_boosting,1,1,0.5932612048680657
2024-07-30,next_day_large_move_high_impact_days,high_impact_days_only,next_large_move_direction,controls_plus_event_proxies,gradient_boosting,1,1,0.642525806477356
2024-07-31,next_day_large_move_high_impact_days,high_impact_days_only,next_large_move_direction,controls_plus_event_proxies,gradient_boosting,0,0,0.3942814772276394
2024-08-01,next_day_large_move_high_impact_days,high_impact_days_only,next_large_move_direction,controls_plus_event_proxies,gradient_boosting,0,1,0.7070528131597765
2024-08-02,next_day_large_move_high_impact_days,high_impact_days_only,next_large_move_direction,controls_plus_event_proxies,gradient_boosting,0,1,0.5977933130285101
2024-08-05,next_day_large_move_high_impact_days,high_impact_days_only,next_large_move_direction,controls_plus_event_proxies,gradient_boosting,1,1,0.7186461350953037
2024-08-07,next_day_large_move_high_impact_days,high_impact_days_only,next_large_move_direction,controls_plus_event_proxies,gradient_boosting,1,1,0.7303747016595724
2024-08-12,next_day_large_move_high_impact_days,high_impact_days_only,next_large_move_direction,controls_plus_event_proxies,gradient_boosting,1,0,0.4849771779242775
2024-08-14,next_day_large_move_high_impact_days,high_impact_days_only,next_large_move_direction,controls_plus_event_proxies,gradient_boosting,1,1,0.6792948804577693
2024-08-16,next_day_large_move_high_impact_days,high_impact_days_only,next_large_move_direction,controls_plus_event_proxies,gradient_boosting,1,1,0.5743012161119746
2024-08-22,next_day_large_move_high_impact_days,high_impact_days_only,next_large_move_direction,controls_plus_event_proxies,gradient_boosting,1,0,0.45969334971412423
2024-08-29,next_day_large_move_high_impact_days,high_impact_days_only,next_large_move_direction,controls_plus_event_proxies,gradient_boosting,1,1,0.5478529252067302
2024-08-30,next_day_large_move_high_impact_days,high_impact_days_only,next_large_move_direction,controls_plus_event_proxies,gradient_boosting,0,1,0.5888432526732469
2024-09-05,next_day_large_move_high_impact_days,high_impact_days_only,next_large_move_direction,controls_plus_event_proxies,gradient_boosting,0,1,0.6306954947636707
2024-09-06,next_day_large_move_high_impact_days,high_impact_days_only,next_large_move_direction,controls_plus_event_proxies,gradient_boosting,1,1,0.5022358517607114
2024-09-10,next_day_large_move_high_impact_days,high_impact_days_only,next_large_move_direction,controls_plus_event_proxies,gradient_boosting,1,1,0.6306954947636707
2024-09-18,next_day_large_move_high_impact_days,high_impact_days_only,next_large_move_direction,controls_plus_event_proxies,gradient_boosting,1,1,0.6142811483885764
2024-10-04,next_day_large_move_high_impact_days,high_impact_days_only,next_large_move_direction,controls_plus_event_proxies,gradient_boosting,0,0,0.4974295630668399
2024-10-07,next_day_large_move_high_impact_days,high_impact_days_only,next_large_move_direction,controls_plus_event_proxies,gradient_boosting,1,1,0.6787032514874589
2024-10-30,next_day_large_move_high_impact_days,high_impact_days_only,next_large_move_direction,controls_plus_event_proxies,gradient_boosting,0,0,0.35141178658498334
2024-11-04,next_day_large_move_high_impact_days,high_impact_days_only,next_large_move_direction,controls_plus_event_proxies,gradient_boosting,1,1,0.6102942649988646
2024-11-05,next_day_large_move_high_impact_days,high_impact_days_only,next_large_move_direction,controls_plus_event_proxies,gradient_boosting,1,0,0.3583024346738069
2024-12-19,next_day_large_move_high_impact_days,high_impact_days_only,next_large_move_direction,controls_plus_event_proxies,gradient_boosting,1,0,0.4376791858844563
2024-12-23,next_day_large_move_high_impact_days,high_impact_days_only,next_large_move_direction,controls_plus_event_proxies,gradient_boosting,1,1,0.7707024008897624
2024-12-27,next_day_large_move_high_impact_days,high_impact_days_only,next_large_move_direction,controls_plus_event_proxies,gradient_boosting,0,0,0.4311210549626288
2025-01-02,next_day_large_move_high_impact_days,high_impact_days_only,next_large_move_direction,controls_plus_event_proxies,gradient_boosting,1,1,0.6338298879218512
2025-01-06,next_day_large_move_high_impact_days,high_impact_days_only,next_large_move_direction,controls_plus_event_proxies,gradient_boosting,0,1,0.6931919150572035
2025-01-08,next_day_large_move_high_impact_days,high_impact_days_only,next_large_move_direction,controls_plus_event_proxies,gradient_boosting,0,1,0.687992840986362
2025-01-14,next_day_large_move_high_impact_days,high_impact_days_only,next_large_move_direction,controls_plus_event_proxies,gradient_boosting,1,1,0.6481468614183339
2025-01-16,next_day_large_move_high_impact_days,high_impact_days_only,next_large_move_direction,controls_plus_event_proxies,gradient_boosting,1,1,0.8193807981613812
2025-01-24,next_day_large_move_high_impact_days,high_impact_days_only,next_large_move_direction,controls_plus_event_proxies,gradient_boosting,0,0,0.2281741670892109
2025-02-06,next_day_large_move_high_impact_days,high_impact_days_only,next_large_move_direction,controls_plus_event_proxies,gradient_boosting,0,1,0.6789137540765768
2025-02-12,next_day_large_move_high_impact_days,high_impact_days_only,next_large_move_direction,controls_plus_event_proxies,gradient_boosting,1,1,0.7793202378937105
2025-02-20,next_day_large_move_high_impact_days,high_impact_days_only,next_large_move_direction,controls_plus_event_proxies,gradient_boosting,0,0,0.23386857034990752
2025-02-26,next_day_large_move_high_impact_days,high_impact_days_only,next_large_move_direction,controls_plus_event_proxies,gradient_boosting,0,1,0.7226420381098371
2025-02-27,next_day_large_move_high_impact_days,high_impact_days_only,next_large_move_direction,controls_plus_event_proxies,gradient_boosting,1,0,0.437133754205063
2025-03-03,next_day_large_move_high_impact_days,high_impact_days_only,next_large_move_direction,controls_plus_event_proxies,gradient_boosting,0,1,0.6126446401239838
2025-03-04,next_day_large_move_high_impact_days,high_impact_days_only,next_large_move_direction,controls_plus_event_proxies,gradient_boosting,1,1,0.6370471960248081
2025-03-05,next_day_large_move_high_impact_days,high_impact_days_only,next_large_move_direction,controls_plus_event_proxies,gradient_boosting,0,1,0.6442164626936292
2025-03-07,next_day_large_move_high_impact_days,high_impact_days_only,next_large_move_direction,controls_plus_event_proxies,gradient_boosting,0,1,0.7597115125199826
2025-03-12,next_day_large_move_high_impact_days,high_impact_days_only,next_large_move_direction,controls_plus_event_proxies,gradient_boosting,0,1,0.6249923525212475
2025-03-13,next_day_large_move_high_impact_days,high_impact_days_only,next_large_move_direction,controls_plus_event_proxies,gradient_boosting,1,1,0.5102404968331515
2025-03-17,next_day_large_move_high_impact_days,high_impact_days_only,next_large_move_direction,controls_plus_event_proxies,gradient_boosting,0,1,0.7823884622697281
2025-03-18,next_day_large_move_high_impact_days,high_impact_days_only,next_large_move_direction,controls_plus_event_proxies,gradient_boosting,1,1,0.5283181305331224
2025-03-21,next_day_large_move_high_impact_days,high_impact_days_only,next_large_move_direction,controls_plus_event_proxies,gradient_boosting,1,0,0.27666611407567265
2025-03-27,next_day_large_move_high_impact_days,high_impact_days_only,next_large_move_direction,controls_plus_event_proxies,gradient_boosting,0,1,0.7983098576416474
2025-04-02,next_day_large_move_high_impact_days,high_impact_days_only,next_large_move_direction,controls_plus_event_proxies,gradient_boosting,0,1,0.7669983343568484
2025-04-03,next_day_large_move_high_impact_days,high_impact_days_only,next_large_move_direction,controls_plus_event_proxies,gradient_boosting,0,1,0.7104032863556086
2025-04-07,next_day_large_move_high_impact_days,high_impact_days_only,next_large_move_direction,controls_plus_event_proxies,gradient_boosting,0,1,0.6727752913763654
2025-04-08,next_day_large_move_high_impact_days,high_impact_days_only,next_large_move_direction,controls_plus_event_proxies,gradient_boosting,1,1,0.5999012840703601
2025-04-09,next_day_large_move_high_impact_days,high_impact_days_only,next_large_move_direction,controls_plus_event_proxies,gradient_boosting,0,0,0.43708832659560354
2025-04-10,next_day_large_move_high_impact_days,high_impact_days_only,next_large_move_direction,controls_plus_event_proxies,gradient_boosting,1,1,0.6495316038617198
2025-04-15,next_day_large_move_high_impact_days,high_impact_days_only,next_large_move_direction,controls_plus_event_proxies,gradient_boosting,0,1,0.528216236757552
2025-04-17,next_day_large_move_high_impact_days,high_impact_days_only,next_large_move_direction,controls_plus_event_proxies,gradient_boosting,0,1,0.6239071707808163
2025-04-21,next_day_large_move_high_impact_days,high_impact_days_only,next_large_move_direction,controls_plus_event_proxies,gradient_boosting,1,1,0.5739409396648912
2025-04-22,next_day_large_move_high_impact_days,high_impact_days_only,next_large_move_direction,controls_plus_event_proxies,gradient_boosting,1,1,0.5790066032467613
2025-04-23,next_day_large_move_high_impact_days,high_impact_days_only,next_large_move_direction,controls_plus_event_proxies,gradient_boosting,1,1,0.7224648502718387
2025-05-01,next_day_large_move_high_impact_days,high_impact_days_only,next_large_move_direction,controls_plus_event_proxies,gradient_boosting,1,1,0.554806866615923
2025-05-09,next_day_large_move_high_impact_days,high_impact_days_only,next_large_move_direction,controls_plus_event_proxies,gradient_boosting,1,1,0.5458835009732608
2025-05-20,next_day_large_move_high_impact_days,high_impact_days_only,next_large_move_direction,controls_plus_event_proxies,gradient_boosting,0,1,0.6017749623935951
2025-06-12,next_day_large_move_high_impact_days,high_impact_days_only,next_large_move_direction,controls_plus_event_proxies,gradient_boosting,0,0,0.31444648764991817
2025-06-13,next_day_large_move_high_impact_days,high_impact_days_only,next_large_move_direction,controls_plus_event_proxies,gradient_boosting,1,1,0.6730900113623727
2025-06-20,next_day_large_move_high_impact_days,high_impact_days_only,next_large_move_direction,controls_plus_event_proxies,gradient_boosting,1,0,0.24468236071963445
2025-06-23,next_day_large_move_high_impact_days,high_impact_days_only,next_large_move_direction,controls_plus_event_proxies,gradient_boosting,1,1,0.6129656781077729
2025-07-31,next_day_large_move_high_impact_days,high_impact_days_only,next_large_move_direction,controls_plus_event_proxies,gradient_boosting,0,1,0.6008366914012877
2025-08-01,next_day_large_move_high_impact_days,high_impact_days_only,next_large_move_direction,controls_plus_event_proxies,gradient_boosting,1,1,0.5934731997626392
2025-08-11,next_day_large_move_high_impact_days,high_impact_days_only,next_large_move_direction,controls_plus_event_proxies,gradient_boosting,1,1,0.7210702025555118
2025-08-21,next_day_large_move_high_impact_days,high_impact_days_only,next_large_move_direction,controls_plus_event_proxies,gradient_boosting,1,0,0.3167819819835288
2025-10-09,next_day_large_move_high_impact_days,high_impact_days_only,next_large_move_direction,controls_plus_event_proxies,gradient_boosting,0,1,0.7202305190464132
2025-10-10,next_day_large_move_high_impact_days,high_impact_days_only,next_large_move_direction,controls_plus_event_proxies,gradient_boosting,1,0,0.4744360456661868
2025-10-17,next_day_large_move_high_impact_days,high_impact_days_only,next_large_move_direction,controls_plus_event_proxies,gradient_boosting,1,1,0.6664048867279518
2025-10-24,next_day_large_move_high_impact_days,high_impact_days_only,next_large_move_direction,controls_plus_event_proxies,gradient_boosting,1,1,0.772971910560671
2025-10-29,next_day_large_move_high_impact_days,high_impact_days_only,next_large_move_direction,controls_plus_event_proxies,gradient_boosting,0,0,0.30975289334804634
2025-11-03,next_day_large_move_high_impact_days,high_impact_days_only,next_large_move_direction,controls_plus_event_proxies,gradient_boosting,0,1,0.6171090468091106
2025-11-05,next_day_large_move_high_impact_days,high_impact_days_only,next_large_move_direction,controls_plus_event_proxies,gradient_boosting,0,1,0.6390789419431889
2025-11-07,next_day_large_move_high_impact_days,high_impact_days_only,next_large_move_direction,controls_plus_event_proxies,gradient_boosting,1,1,0.564839230893374
2025-11-19,next_day_large_move_high_impact_days,high_impact_days_only,next_large_move_direction,controls_plus_event_proxies,gradient_boosting,0,1,0.5655624323991235
2025-11-20,next_day_large_move_high_impact_days,high_impact_days_only,next_large_move_direction,controls_plus_event_proxies,gradient_boosting,1,0,0.3329362452744604
2025-11-21,next_day_large_move_high_impact_days,high_impact_days_only,next_large_move_direction,controls_plus_event_proxies,gradient_boosting,1,1,0.8347251311822509
2025-12-11,next_day_large_move_high_impact_days,high_impact_days_only,next_large_move_direction,controls_plus_event_proxies,gradient_boosting,0,1,0.716487222130819
2025-12-16,next_day_large_move_high_impact_days,high_impact_days_only,next_large_move_direction,controls_plus_event_proxies,gradient_boosting,0,1,0.6913032458111285
2023-01-04,next_day_large_move_high_impact_days,high_impact_days_only,next_large_move_direction,controls_event_regimes,logreg,0,1,0.6584311967549977
2023-01-17,next_day_large_move_high_impact_days,high_impact_days_only,next_large_move_direction,controls_event_regimes,logreg,0,1,0.5266158187932919
2023-01-25,next_day_large_move_high_impact_days,high_impact_days_only,next_large_move_direction,controls_event_regimes,logreg,1,0,0.4439716164683759
2023-01-27,next_day_large_move_high_impact_days,high_impact_days_only,next_large_move_direction,controls_event_regimes,logreg,0,0,0.2776171862092096
2023-01-30,next_day_large_move_high_impact_days,high_impact_days_only,next_large_move_direction,controls_event_regimes,logreg,1,0,0.3562673601631818
2023-01-31,next_day_large_move_high_impact_days,high_impact_days_only,next_large_move_direction,controls_event_regimes,logreg,1,0,0.2508603119416717
2023-02-01,next_day_large_move_high_impact_days,high_impact_days_only,next_large_move_direction,controls_event_regimes,logreg,1,0,0.37922954733067094
2023-02-02,next_day_large_move_high_impact_days,high_impact_days_only,next_large_move_direction,controls_event_regimes,logreg,0,0,0.1346592905008736
2023-02-07,next_day_large_move_high_impact_days,high_impact_days_only,next_large_move_direction,controls_event_regimes,logreg,0,0,0.22468336950250112
2023-02-15,next_day_large_move_high_impact_days,high_impact_days_only,next_large_move_direction,controls_event_regimes,logreg,0,0,0.4424862530542016
2023-02-17,next_day_large_move_high_impact_days,high_impact_days_only,next_large_move_direction,controls_event_regimes,logreg,0,0,0.48568374449487617
2023-02-23,next_day_large_move_high_impact_days,high_impact_days_only,next_large_move_direction,controls_event_regimes,logreg,0,0,0.4331686949572571
2023-03-02,next_day_large_move_high_impact_days,high_impact_days_only,next_large_move_direction,controls_event_regimes,logreg,1,0,0.47823284245029113
2023-03-06,next_day_large_move_high_impact_days,high_impact_days_only,next_large_move_direction,controls_event_regimes,logreg,0,1,0.5406444342035762
2023-03-08,next_day_large_move_high_impact_days,high_impact_days_only,next_large_move_direction,controls_event_regimes,logreg,0,1,0.5888566066769355
2023-03-13,next_day_large_move_high_impact_days,high_impact_days_only,next_large_move_direction,controls_event_regimes,logreg,1,0,0.3820971222048949
2023-03-16,next_day_large_move_high_impact_days,high_impact_days_only,next_large_move_direction,controls_event_regimes,logreg,0,0,0.27297849313830835
2023-03-20,next_day_large_move_high_impact_days,high_impact_days_only,next_large_move_direction,controls_event_regimes,logreg,1,0,0.2793336152629936
2023-03-28,next_day_large_move_high_impact_days,high_impact_days_only,next_large_move_direction,controls_event_regimes,logreg,1,0,0.46040514390139536
2023-03-30,next_day_large_move_high_impact_days,high_impact_days_only,next_large_move_direction,controls_event_regimes,logreg,1,0,0.32855720627810964
2023-04-12,next_day_large_move_high_impact_days,high_impact_days_only,next_large_move_direction,controls_event_regimes,logreg,1,0,0.4024498156960685
2023-04-24,next_day_large_move_high_impact_days,high_impact_days_only,next_large_move_direction,controls_event_regimes,logreg,0,0,0.3794424955419148
2023-04-26,next_day_large_move_high_impact_days,high_impact_days_only,next_large_move_direction,controls_event_regimes,logreg,1,0,0.4394661584856724
2023-05-16,next_day_large_move_high_impact_days,high_impact_days_only,next_large_move_direction,controls_event_regimes,logreg,1,0,0.22995579697859628
2023-05-17,next_day_large_move_high_impact_days,high_impact_days_only,next_large_move_direction,controls_event_regimes,logreg,1,0,0.27073097475482305
2023-05-22,next_day_large_move_high_impact_days,high_impact_days_only,next_large_move_direction,controls_event_regimes,logreg,0,0,0.20639122195631776
2023-05-31,next_day_large_move_high_impact_days,high_impact_days_only,next_large_move_direction,controls_event_regimes,logreg,1,0,0.2779063070731752
2023-06-01,next_day_large_move_high_impact_days,high_impact_days_only,next_large_move_direction,controls_event_regimes,logreg,1,0,0.11708055668506227
2023-06-14,next_day_large_move_high_impact_days,high_impact_days_only,next_large_move_direction,controls_event_regimes,logreg,1,0,0.2948073256650762
2023-06-26,next_day_large_move_high_impact_days,high_impact_days_only,next_large_move_direction,controls_event_regimes,logreg,1,0,0.40077765914573793
2023-06-29,next_day_large_move_high_impact_days,high_impact_days_only,next_large_move_direction,controls_event_regimes,logreg,1,0,0.2635444755901684
2023-07-27,next_day_large_move_high_impact_days,high_impact_days_only,next_large_move_direction,controls_event_regimes,logreg,1,0,0.21092134715117863
2023-08-01,next_day_large_move_high_impact_days,high_impact_days_only,next_large_move_direction,controls_event_regimes,logreg,0,0,0.29822419075263906
2023-08-14,next_day_large_move_high_impact_days,high_impact_days_only,next_large_move_direction,controls_event_regimes,logreg,0,0,0.4828543325140531
2023-08-22,next_day_large_move_high_impact_days,high_impact_days_only,next_large_move_direction,controls_event_regimes,logreg,1,0,0.4615017340049529
2023-08-23,next_day_large_move_high_impact_days,high_impact_days_only,next_large_move_direction,controls_event_regimes,logreg,0,0,0.4916466055493508
2023-08-28,next_day_large_move_high_impact_days,high_impact_days_only,next_large_move_direction,controls_event_regimes,logreg,1,1,0.6097172149622082
2023-09-14,next_day_large_move_high_impact_days,high_impact_days_only,next_large_move_direction,controls_event_regimes,logreg,0,0,0.13822247270632904
2023-09-19,next_day_large_move_high_impact_days,high_impact_days_only,next_large_move_direction,controls_event_regimes,logreg,0,0,0.26774405998599765
2023-09-20,next_day_large_move_high_impact_days,high_impact_days_only,next_large_move_direction,controls_event_regimes,logreg,0,1,0.5391574113360126
2023-09-25,next_day_large_move_high_impact_days,high_impact_days_only,next_large_move_direction,controls_event_regimes,logreg,0,1,0.7771697704454463
2023-10-02,next_day_large_move_high_impact_days,high_impact_days_only,next_large_move_direction,controls_event_regimes,logreg,0,1,0.517742328129404
2023-10-05,next_day_large_move_high_impact_days,high_impact_days_only,next_large_move_direction,controls_event_regimes,logreg,1,1,0.510205088411288
2023-10-13,next_day_large_move_high_impact_days,high_impact_days_only,next_large_move_direction,controls_event_regimes,logreg,1,0,0.27261988536383525
2023-10-17,next_day_large_move_high_impact_days,high_impact_days_only,next_large_move_direction,controls_event_regimes,logreg,0,0,0.32857919053473605
2023-10-19,next_day_large_move_high_impact_days,high_impact_days_only,next_large_move_direction,controls_event_regimes,logreg,0,0,0.2656106356614706
2023-10-24,next_day_large_move_high_impact_days,high_impact_days_only,next_large_move_direction,controls_event_regimes,logreg,0,1,0.5944619756187001
2023-10-25,next_day_large_move_high_impact_days,high_impact_days_only,next_large_move_direction,controls_event_regimes,logreg,0,1,0.6824863333111093
2023-10-27,next_day_large_move_high_impact_days,high_impact_days_only,next_large_move_direction,controls_event_regimes,logreg,1,0,0.39686116667036025
2023-10-31,next_day_large_move_high_impact_days,high_impact_days_only,next_large_move_direction,controls_event_regimes,logreg,1,0,0.2919983978778262
2023-11-01,next_day_large_move_high_impact_days,high_impact_days_only,next_large_move_direction,controls_event_regimes,logreg,1,0,0.4612248336218654
2023-11-02,next_day_large_move_high_impact_days,high_impact_days_only,next_large_move_direction,controls_event_regimes,logreg,1,0,0.18581705135510493
2023-11-09,next_day_large_move_high_impact_days,high_impact_days_only,next_large_move_direction,controls_event_regimes,logreg,1,0,0.24290094040909854
2023-11-13,next_day_large_move_high_impact_days,high_impact_days_only,next_large_move_direction,controls_event_regimes,logreg,1,0,0.43266309516907137
2023-12-12,next_day_large_move_high_impact_days,high_impact_days_only,next_large_move_direction,controls_event_regimes,logreg,1,0,0.2168012226504133
2023-12-19,next_day_large_move_high_impact_days,high_impact_days_only,next_large_move_direction,controls_event_regimes,logreg,0,0,0.1471369198142157
2023-12-20,next_day_large_move_high_impact_days,high_impact_days_only,next_large_move_direction,controls_event_regimes,logreg,1,0,0.43012820174850513
2024-01-05,next_day_large_move_high_impact_days,high_impact_days_only,next_large_move_direction,controls_event_regimes,logreg,1,0,0.3691292339190393
2024-01-18,next_day_large_move_high_impact_days,high_impact_days_only,next_large_move_direction,controls_event_regimes,logreg,1,0,0.2715798758657574
2024-01-30,next_day_large_move_high_impact_days,high_impact_days_only,next_large_move_direction,controls_event_regimes,logreg,0,0,0.28753290685725735
2024-01-31,next_day_large_move_high_impact_days,high_impact_days_only,next_large_move_direction,controls_event_regimes,logreg,1,0,0.4638454215971835
2024-02-13,next_day_large_move_high_impact_days,high_impact_days_only,next_large_move_direction,controls_event_regimes,logreg,1,0,0.30480706004592834
2024-02-21,next_day_large_move_high_impact_days,high_impact_days_only,next_large_move_direction,controls_event_regimes,logreg,1,0,0.43558860263389426
2024-03-04,next_day_large_move_high_impact_days,high_impact_days_only,next_large_move_direction,controls_event_regimes,logreg,0,0,0.4059798506248331
2024-03-06,next_day_large_move_high_impact_days,high_impact_days_only,next_large_move_direction,controls_event_regimes,logreg,1,0,0.3992665765478745
2024-04-03,next_day_large_move_high_impact_days,high_impact_days_only,next_large_move_direction,controls_event_regimes,logreg,0,1,0.5552673131623796
2024-04-04,next_day_large_move_high_impact_days,high_impact_days_only,next_large_move_direction,controls_event_regimes,logreg,1,0,0.4370164850097536
2024-04-09,next_day_large_move_high_impact_days,high_impact_days_only,next_large_move_direction,controls_event_regimes,logreg,0,0,0.49128151294813144
2024-04-11,next_day_large_move_high_impact_days,high_impact_days_only,next_large_move_direction,controls_event_regimes,logreg,0,0,0.3483948504138922
2024-04-12,next_day_large_move_high_impact_days,high_impact_days_only,next_large_move_direction,controls_event_regimes,logreg,0,0,0.4487451507165822
2024-04-22,next_day_large_move_high_impact_days,high_impact_days_only,next_large_move_direction,controls_event_regimes,logreg,1,0,0.382774623043333
2024-04-25,next_day_large_move_high_impact_days,high_impact_days_only,next_large_move_direction,controls_event_regimes,logreg,1,1,0.5902815525274335
2024-04-29,next_day_large_move_high_impact_days,high_impact_days_only,next_large_move_direction,controls_event_regimes,logreg,0,0,0.4852225156562628
2024-05-02,next_day_large_move_high_impact_days,high_impact_days_only,next_large_move_direction,controls_event_regimes,logreg,1,0,0.4636208565450384
2024-05-03,next_day_large_move_high_impact_days,high_impact_days_only,next_large_move_direction,controls_event_regimes,logreg,1,1,0.5434209906493914
2024-05-14,next_day_large_move_high_impact_days,high_impact_days_only,next_large_move_direction,controls_event_regimes,logreg,1,0,0.42605660844049503
2024-06-04,next_day_large_move_high_impact_days,high_impact_days_only,next_large_move_direction,controls_event_regimes,logreg,1,0,0.43139661408094454
2024-07-09,next_day_large_move_high_impact_days,high_impact_days_only,next_large_move_direction,controls_event_regimes,logreg,1,0,0.4100583106757955
2024-07-19,next_day_large_move_high_impact_days,high_impact_days_only,next_large_move_direction,controls_event_regimes,logreg,1,0,0.37845297597071176
2024-07-25,next_day_large_move_high_impact_days,high_impact_days_only,next_large_move_direction,controls_event_regimes,logreg,1,0,0.4351195526607569
2024-07-30,next_day_large_move_high_impact_days,high_impact_days_only,next_large_move_direction,controls_event_regimes,logreg,1,1,0.548275051215608
2024-07-31,next_day_large_move_high_impact_days,high_impact_days_only,next_large_move_direction,controls_event_regimes,logreg,0,0,0.3201440852110722
2024-08-01,next_day_large_move_high_impact_days,high_impact_days_only,next_large_move_direction,controls_event_regimes,logreg,0,0,0.40476749929231043
2024-08-02,next_day_large_move_high_impact_days,high_impact_days_only,next_large_move_direction,controls_event_regimes,logreg,0,0,0.4526456741232532
2024-08-05,next_day_large_move_high_impact_days,high_impact_days_only,next_large_move_direction,controls_event_regimes,logreg,1,1,0.5558860443702096
2024-08-07,next_day_large_move_high_impact_days,high_impact_days_only,next_large_move_direction,controls_event_regimes,logreg,1,1,0.7995469062901616
2024-08-12,next_day_large_move_high_impact_days,high_impact_days_only,next_large_move_direction,controls_event_regimes,logreg,1,0,0.46229358355624167
2024-08-14,next_day_large_move_high_impact_days,high_impact_days_only,next_large_move_direction,controls_event_regimes,logreg,1,1,0.5753993291675226
2024-08-16,next_day_large_move_high_impact_days,high_impact_days_only,next_large_move_direction,controls_event_regimes,logreg,1,0,0.4879826237095466
2024-08-22,next_day_large_move_high_impact_days,high_impact_days_only,next_large_move_direction,controls_event_regimes,logreg,1,1,0.5068225748288137
2024-08-29,next_day_large_move_high_impact_days,high_impact_days_only,next_large_move_direction,controls_event_regimes,logreg,1,0,0.40094043470506424
2024-08-30,next_day_large_move_high_impact_days,high_impact_days_only,next_large_move_direction,controls_event_regimes,logreg,0,0,0.34505283786439617
2024-09-05,next_day_large_move_high_impact_days,high_impact_days_only,next_large_move_direction,controls_event_regimes,logreg,0,0,0.35383967800923793
2024-09-06,next_day_large_move_high_impact_days,high_impact_days_only,next_large_move_direction,controls_event_regimes,logreg,1,0,0.39593668996213754
2024-09-10,next_day_large_move_high_impact_days,high_impact_days_only,next_large_move_direction,controls_event_regimes,logreg,1,0,0.4792372801658355
2024-09-18,next_day_large_move_high_impact_days,high_impact_days_only,next_large_move_direction,controls_event_regimes,logreg,1,1,0.5961351150310994
2024-10-04,next_day_large_move_high_impact_days,high_impact_days_only,next_large_move_direction,controls_event_regimes,logreg,0,0,0.4171977683087616
2024-10-07,next_day_large_move_high_impact_days,high_impact_days_only,next_large_move_direction,controls_event_regimes,logreg,1,1,0.5473973590344328
2024-10-30,next_day_large_move_high_impact_days,high_impact_days_only,next_large_move_direction,controls_event_regimes,logreg,0,0,0.41829305669422656
2024-11-04,next_day_large_move_high_impact_days,high_impact_days_only,next_large_move_direction,controls_event_regimes,logreg,1,0,0.4233911217315313
2024-11-05,next_day_large_move_high_impact_days,high_impact_days_only,next_large_move_direction,controls_event_regimes,logreg,1,0,0.3376556856962836
2024-12-19,next_day_large_move_high_impact_days,high_impact_days_only,next_large_move_direction,controls_event_regimes,logreg,1,0,0.4110724941718245
2024-12-23,next_day_large_move_high_impact_days,high_impact_days_only,next_large_move_direction,controls_event_regimes,logreg,1,1,0.5770748176551609
2024-12-27,next_day_large_move_high_impact_days,high_impact_days_only,next_large_move_direction,controls_event_regimes,logreg,0,0,0.3666946885135807
2025-01-02,next_day_large_move_high_impact_days,high_impact_days_only,next_large_move_direction,controls_event_regimes,logreg,1,1,0.612598281149755
2025-01-06,next_day_large_move_high_impact_days,high_impact_days_only,next_large_move_direction,controls_event_regimes,logreg,0,1,0.6373569722972329
2025-01-08,next_day_large_move_high_impact_days,high_impact_days_only,next_large_move_direction,controls_event_regimes,logreg,0,1,0.7018096789247789
2025-01-14,next_day_large_move_high_impact_days,high_impact_days_only,next_large_move_direction,controls_event_regimes,logreg,1,1,0.7506315556120785
2025-01-16,next_day_large_move_high_impact_days,high_impact_days_only,next_large_move_direction,controls_event_regimes,logreg,1,1,0.7583676375590455
2025-01-24,next_day_large_move_high_impact_days,high_impact_days_only,next_large_move_direction,controls_event_regimes,logreg,0,1,0.5551554742642921
2025-02-06,next_day_large_move_high_impact_days,high_impact_days_only,next_large_move_direction,controls_event_regimes,logreg,0,1,0.5724062662395918
2025-02-12,next_day_large_move_high_impact_days,high_impact_days_only,next_large_move_direction,controls_event_regimes,logreg,1,1,0.6750634296357928
2025-02-20,next_day_large_move_high_impact_days,high_impact_days_only,next_large_move_direction,controls_event_regimes,logreg,0,1,0.5707958695744835
2025-02-26,next_day_large_move_high_impact_days,high_impact_days_only,next_large_move_direction,controls_event_regimes,logreg,0,1,0.6508710027037958
2025-02-27,next_day_large_move_high_impact_days,high_impact_days_only,next_large_move_direction,controls_event_regimes,logreg,1,1,0.7056910172906227
2025-03-03,next_day_large_move_high_impact_days,high_impact_days_only,next_large_move_direction,controls_event_regimes,logreg,0,1,0.7482354082651963
2025-03-04,next_day_large_move_high_impact_days,high_impact_days_only,next_large_move_direction,controls_event_regimes,logreg,1,1,0.6974867370507996
2025-03-05,next_day_large_move_high_impact_days,high_impact_days_only,next_large_move_direction,controls_event_regimes,logreg,0,1,0.6735435771842088
2025-03-07,next_day_large_move_high_impact_days,high_impact_days_only,next_large_move_direction,controls_event_regimes,logreg,0,1,0.742201493038967
2025-03-12,next_day_large_move_high_impact_days,high_impact_days_only,next_large_move_direction,controls_event_regimes,logreg,0,1,0.7559725357611197
2025-03-13,next_day_large_move_high_impact_days,high_impact_days_only,next_large_move_direction,controls_event_regimes,logreg,1,1,0.8624921617451037
2025-03-17,next_day_large_move_high_impact_days,high_impact_days_only,next_large_move_direction,controls_event_regimes,logreg,0,1,0.8665109054306493
2025-03-18,next_day_large_move_high_impact_days,high_impact_days_only,next_large_move_direction,controls_event_regimes,logreg,1,1,0.8259368234099055
2025-03-21,next_day_large_move_high_impact_days,high_impact_days_only,next_large_move_direction,controls_event_regimes,logreg,1,1,0.8079233702173328
2025-03-27,next_day_large_move_high_impact_days,high_impact_days_only,next_large_move_direction,controls_event_regimes,logreg,0,1,0.6882370689937947
2025-04-02,next_day_large_move_high_impact_days,high_impact_days_only,next_large_move_direction,controls_event_regimes,logreg,0,1,0.7852571779703671
2025-04-03,next_day_large_move_high_impact_days,high_impact_days_only,next_large_move_direction,controls_event_regimes,logreg,0,1,0.7667174441435602
2025-04-07,next_day_large_move_high_impact_days,high_impact_days_only,next_large_move_direction,controls_event_regimes,logreg,0,1,0.5177209224099601
2025-04-08,next_day_large_move_high_impact_days,high_impact_days_only,next_large_move_direction,controls_event_regimes,logreg,1,1,0.8813875768331678
2025-04-09,next_day_large_move_high_impact_days,high_impact_days_only,next_large_move_direction,controls_event_regimes,logreg,0,0,0.02421376764658413
2025-04-10,next_day_large_move_high_impact_days,high_impact_days_only,next_large_move_direction,controls_event_regimes,logreg,1,1,0.6125438050556836
2025-04-15,next_day_large_move_high_impact_days,high_impact_days_only,next_large_move_direction,controls_event_regimes,logreg,0,0,0.381163607741453
2025-04-17,next_day_large_move_high_impact_days,high_impact_days_only,next_large_move_direction,controls_event_regimes,logreg,0,1,0.7712115410470878
2025-04-21,next_day_large_move_high_impact_days,high_impact_days_only,next_large_move_direction,controls_event_regimes,logreg,1,1,0.9289164287248752
2025-04-22,next_day_large_move_high_impact_days,high_impact_days_only,next_large_move_direction,controls_event_regimes,logreg,1,1,0.8565822685798717
2025-04-23,next_day_large_move_high_impact_days,high_impact_days_only,next_large_move_direction,controls_event_regimes,logreg,1,1,0.9561497443477253
2025-05-01,next_day_large_move_high_impact_days,high_impact_days_only,next_large_move_direction,controls_event_regimes,logreg,1,1,0.8635506354836432
2025-05-09,next_day_large_move_high_impact_days,high_impact_days_only,next_large_move_direction,controls_event_regimes,logreg,1,1,0.5177527126056084
2025-05-20,next_day_large_move_high_impact_days,high_impact_days_only,next_large_move_direction,controls_event_regimes,logreg,0,1,0.5924374809629218
2025-06-12,next_day_large_move_high_impact_days,high_impact_days_only,next_large_move_direction,controls_event_regimes,logreg,0,0,0.49960518856022085
2025-06-13,next_day_large_move_high_impact_days,high_impact_days_only,next_large_move_direction,controls_event_regimes,logreg,1,0,0.4115502643290047
2025-06-20,next_day_large_move_high_impact_days,high_impact_days_only,next_large_move_direction,controls_event_regimes,logreg,1,1,0.6244356384826805
2025-06-23,next_day_large_move_high_impact_days,high_impact_days_only,next_large_move_direction,controls_event_regimes,logreg,1,0,0.3975492524799746
2025-07-31,next_day_large_move_high_impact_days,high_impact_days_only,next_large_move_direction,controls_event_regimes,logreg,0,1,0.6550498628223188
2025-08-01,next_day_large_move_high_impact_days,high_impact_days_only,next_large_move_direction,controls_event_regimes,logreg,1,1,0.6626719452009343
2025-08-11,next_day_large_move_high_impact_days,high_impact_days_only,next_large_move_direction,controls_event_regimes,logreg,1,1,0.6176192872342419
2025-08-21,next_day_large_move_high_impact_days,high_impact_days_only,next_large_move_direction,controls_event_regimes,logreg,1,0,0.4385496580387805
2025-10-09,next_day_large_move_high_impact_days,high_impact_days_only,next_large_move_direction,controls_event_regimes,logreg,0,1,0.6721870743204539
2025-10-10,next_day_large_move_high_impact_days,high_impact_days_only,next_large_move_direction,controls_event_regimes,logreg,1,1,0.6630304253470133
2025-10-17,next_day_large_move_high_impact_days,high_impact_days_only,next_large_move_direction,controls_event_regimes,logreg,1,0,0.3950610745720086
2025-10-24,next_day_large_move_high_impact_days,high_impact_days_only,next_large_move_direction,controls_event_regimes,logreg,1,0,0.41493657987785426
2025-10-29,next_day_large_move_high_impact_days,high_impact_days_only,next_large_move_direction,controls_event_regimes,logreg,0,1,0.6672840697504833
2025-11-03,next_day_large_move_high_impact_days,high_impact_days_only,next_large_move_direction,controls_event_regimes,logreg,0,0,0.4316474617753572
2025-11-05,next_day_large_move_high_impact_days,high_impact_days_only,next_large_move_direction,controls_event_regimes,logreg,0,1,0.5621630159071919
2025-11-07,next_day_large_move_high_impact_days,high_impact_days_only,next_large_move_direction,controls_event_regimes,logreg,1,1,0.6967432545506107
2025-11-19,next_day_large_move_high_impact_days,high_impact_days_only,next_large_move_direction,controls_event_regimes,logreg,0,1,0.7239964874761924
2025-11-20,next_day_large_move_high_impact_days,high_impact_days_only,next_large_move_direction,controls_event_regimes,logreg,1,1,0.6485730486845402
2025-11-21,next_day_large_move_high_impact_days,high_impact_days_only,next_large_move_direction,controls_event_regimes,logreg,1,1,0.6300992860012432
2025-12-11,next_day_large_move_high_impact_days,high_impact_days_only,next_large_move_direction,controls_event_regimes,logreg,0,1,0.5464698366758838
2025-12-16,next_day_large_move_high_impact_days,high_impact_days_only,next_large_move_direction,controls_event_regimes,logreg,0,1,0.6525448157854327
2023-01-04,next_day_large_move_high_impact_days,high_impact_days_only,next_large_move_direction,controls_event_regimes,random_forest,0,1,0.7225
2023-01-17,next_day_large_move_high_impact_days,high_impact_days_only,next_large_move_direction,controls_event_regimes,random_forest,0,1,0.6425
2023-01-25,next_day_large_move_high_impact_days,high_impact_days_only,next_large_move_direction,controls_event_regimes,random_forest,1,1,0.515
2023-01-27,next_day_large_move_high_impact_days,high_impact_days_only,next_large_move_direction,controls_event_regimes,random_forest,0,0,0.4275
2023-01-30,next_day_large_move_high_impact_days,high_impact_days_only,next_large_move_direction,controls_event_regimes,random_forest,1,0,0.485
2023-01-31,next_day_large_move_high_impact_days,high_impact_days_only,next_large_move_direction,controls_event_regimes,random_forest,1,1,0.6325
2023-02-01,next_day_large_move_high_impact_days,high_impact_days_only,next_large_move_direction,controls_event_regimes,random_forest,1,1,0.665
2023-02-02,next_day_large_move_high_impact_days,high_impact_days_only,next_large_move_direction,controls_event_regimes,random_forest,0,0,0.4975
2023-02-07,next_day_large_move_high_impact_days,high_impact_days_only,next_large_move_direction,controls_event_regimes,random_forest,0,1,0.565
2023-02-15,next_day_large_move_high_impact_days,high_impact_days_only,next_large_move_direction,controls_event_regimes,random_forest,0,1,0.6725
2023-02-17,next_day_large_move_high_impact_days,high_impact_days_only,next_large_move_direction,controls_event_regimes,random_forest,0,1,0.68
2023-02-23,next_day_large_move_high_impact_days,high_impact_days_only,next_large_move_direction,controls_event_regimes,random_forest,0,1,0.775
2023-03-02,next_day_large_move_high_impact_days,high_impact_days_only,next_large_move_direction,controls_event_regimes,random_forest,1,1,0.6475
2023-03-06,next_day_large_move_high_impact_days,high_impact_days_only,next_large_move_direction,controls_event_regimes,random_forest,0,1,0.6625
2023-03-08,next_day_large_move_high_impact_days,high_impact_days_only,next_large_move_direction,controls_event_regimes,random_forest,0,1,0.735
2023-03-13,next_day_large_move_high_impact_days,high_impact_days_only,next_large_move_direction,controls_event_regimes,random_forest,1,1,0.7375
2023-03-16,next_day_large_move_high_impact_days,high_impact_days_only,next_large_move_direction,controls_event_regimes,random_forest,0,1,0.5675
2023-03-20,next_day_large_move_high_impact_days,high_impact_days_only,next_large_move_direction,controls_event_regimes,random_forest,1,1,0.535
2023-03-28,next_day_large_move_high_impact_days,high_impact_days_only,next_large_move_direction,controls_event_regimes,random_forest,1,1,0.6225
2023-03-30,next_day_large_move_high_impact_days,high_impact_days_only,next_large_move_direction,controls_event_regimes,random_forest,1,1,0.665
2023-04-12,next_day_large_move_high_impact_days,high_impact_days_only,next_large_move_direction,controls_event_regimes,random_forest,1,1,0.6125
2023-04-24,next_day_large_move_high_impact_days,high_impact_days_only,next_large_move_direction,controls_event_regimes,random_forest,0,0,0.4825
2023-04-26,next_day_large_move_high_impact_days,high_impact_days_only,next_large_move_direction,controls_event_regimes,random_forest,1,1,0.655
2023-05-16,next_day_large_move_high_impact_days,high_impact_days_only,next_large_move_direction,controls_event_regimes,random_forest,1,1,0.615
2023-05-17,next_day_large_move_high_impact_days,high_impact_days_only,next_large_move_direction,controls_event_regimes,random_forest,1,0,0.495
2023-05-22,next_day_large_move_high_impact_days,high_impact_days_only,next_large_move_direction,controls_event_regimes,random_forest,0,0,0.465
2023-05-31,next_day_large_move_high_impact_days,high_impact_days_only,next_large_move_direction,controls_event_regimes,random_forest,1,1,0.5025
2023-06-01,next_day_large_move_high_impact_days,high_impact_days_only,next_large_move_direction,controls_event_regimes,random_forest,1,0,0.47
2023-06-14,next_day_large_move_high_impact_days,high_impact_days_only,next_large_move_direction,controls_event_regimes,random_forest,1,1,0.6225
2023-06-26,next_day_large_move_high_impact_days,high_impact_days_only,next_large_move_direction,controls_event_regimes,random_forest,1,1,0.58
2023-06-29,next_day_large_move_high_impact_days,high_impact_days_only,next_large_move_direction,controls_event_regimes,random_forest,1,0,0.46
2023-07-27,next_day_large_move_high_impact_days,high_impact_days_only,next_large_move_direction,controls_event_regimes,random_forest,1,1,0.615
2023-08-01,next_day_large_move_high_impact_days,high_impact_days_only,next_large_move_direction,controls_event_regimes,random_forest,0,0,0.455
2023-08-14,next_day_large_move_high_impact_days,high_impact_days_only,next_large_move_direction,controls_event_regimes,random_forest,0,1,0.6525
2023-08-22,next_day_large_move_high_impact_days,high_impact_days_only,next_large_move_direction,controls_event_regimes,random_forest,1,1,0.6525
2023-08-23,next_day_large_move_high_impact_days,high_impact_days_only,next_large_move_direction,controls_event_regimes,random_forest,0,0,0.47
2023-08-28,next_day_large_move_high_impact_days,high_impact_days_only,next_large_move_direction,controls_event_regimes,random_forest,1,1,0.685
2023-09-14,next_day_large_move_high_impact_days,high_impact_days_only,next_large_move_direction,controls_event_regimes,random_forest,0,0,0.3875
2023-09-19,next_day_large_move_high_impact_days,high_impact_days_only,next_large_move_direction,controls_event_regimes,random_forest,0,1,0.5675
2023-09-20,next_day_large_move_high_impact_days,high_impact_days_only,next_large_move_direction,controls_event_regimes,random_forest,0,1,0.575
2023-09-25,next_day_large_move_high_impact_days,high_impact_days_only,next_large_move_direction,controls_event_regimes,random_forest,0,1,0.7325
2023-10-02,next_day_large_move_high_impact_days,high_impact_days_only,next_large_move_direction,controls_event_regimes,random_forest,0,1,0.6425
2023-10-05,next_day_large_move_high_impact_days,high_impact_days_only,next_large_move_direction,controls_event_regimes,random_forest,1,1,0.67
2023-10-13,next_day_large_move_high_impact_days,high_impact_days_only,next_large_move_direction,controls_event_regimes,random_forest,1,1,0.52
2023-10-17,next_day_large_move_high_impact_days,high_impact_days_only,next_large_move_direction,controls_event_regimes,random_forest,0,0,0.4275
2023-10-19,next_day_large_move_high_impact_days,high_impact_days_only,next_large_move_direction,controls_event_regimes,random_forest,0,1,0.515
2023-10-24,next_day_large_move_high_impact_days,high_impact_days_only,next_large_move_direction,controls_event_regimes,random_forest,0,1,0.665
2023-10-25,next_day_large_move_high_impact_days,high_impact_days_only,next_large_move_direction,controls_event_regimes,random_forest,0,1,0.5925
2023-10-27,next_day_large_move_high_impact_days,high_impact_days_only,next_large_move_direction,controls_event_regimes,random_forest,1,1,0.7225
2023-10-31,next_day_large_move_high_impact_days,high_impact_days_only,next_large_move_direction,controls_event_regimes,random_forest,1,1,0.605
2023-11-01,next_day_large_move_high_impact_days,high_impact_days_only,next_large_move_direction,controls_event_regimes,random_forest,1,1,0.5275
2023-11-02,next_day_large_move_high_impact_days,high_impact_days_only,next_large_move_direction,controls_event_regimes,random_forest,1,0,0.4825
2023-11-09,next_day_large_move_high_impact_days,high_impact_days_only,next_large_move_direction,controls_event_regimes,random_forest,1,1,0.5975
2023-11-13,next_day_large_move_high_impact_days,high_impact_days_only,next_large_move_direction,controls_event_regimes,random_forest,1,1,0.72
2023-12-12,next_day_large_move_high_impact_days,high_impact_days_only,next_large_move_direction,controls_event_regimes,random_forest,1,1,0.58
2023-12-19,next_day_large_move_high_impact_days,high_impact_days_only,next_large_move_direction,controls_event_regimes,random_forest,0,1,0.525
2023-12-20,next_day_large_move_high_impact_days,high_impact_days_only,next_large_move_direction,controls_event_regimes,random_forest,1,1,0.6425
2024-01-05,next_day_large_move_high_impact_days,high_impact_days_only,next_large_move_direction,controls_event_regimes,random_forest,1,1,0.6
2024-01-18,next_day_large_move_high_impact_days,high_impact_days_only,next_large_move_direction,controls_event_regimes,random_forest,1,1,0.545
2024-01-30,next_day_large_move_high_impact_days,high_impact_days_only,next_large_move_direction,controls_event_regimes,random_forest,0,0,0.19
2024-01-31,next_day_large_move_high_impact_days,high_impact_days_only,next_large_move_direction,controls_event_regimes,random_forest,1,1,0.565
2024-02-13,next_day_large_move_high_impact_days,high_impact_days_only,next_large_move_direction,controls_event_regimes,random_forest,1,0,0.34
2024-02-21,next_day_large_move_high_impact_days,high_impact_days_only,next_large_move_direction,controls_event_regimes,random_forest,1,1,0.665
2024-03-04,next_day_large_move_high_impact_days,high_impact_days_only,next_large_move_direction,controls_event_regimes,random_forest,0,0,0.31
2024-03-06,next_day_large_move_high_impact_days,high_impact_days_only,next_large_move_direction,controls_event_regimes,random_forest,1,1,0.505
2024-04-03,next_day_large_move_high_impact_days,high_impact_days_only,next_large_move_direction,controls_event_regimes,random_forest,0,0,0.5
2024-04-04,next_day_large_move_high_impact_days,high_impact_days_only,next_large_move_direction,controls_event_regimes,random_forest,1,1,0.59
2024-04-09,next_day_large_move_high_impact_days,high_impact_days_only,next_large_move_direction,controls_event_regimes,random_forest,0,1,0.535
2024-04-11,next_day_large_move_high_impact_days,high_impact_days_only,next_large_move_direction,controls_event_regimes,random_forest,0,0,0.5
2024-04-12,next_day_large_move_high_impact_days,high_impact_days_only,next_large_move_direction,controls_event_regimes,random_forest,0,1,0.505
2024-04-22,next_day_large_move_high_impact_days,high_impact_days_only,next_large_move_direction,controls_event_regimes,random_forest,1,1,0.535
2024-04-25,next_day_large_move_high_impact_days,high_impact_days_only,next_large_move_direction,controls_event_regimes,random_forest,1,1,0.605
2024-04-29,next_day_large_move_high_impact_days,high_impact_days_only,next_large_move_direction,controls_event_regimes,random_forest,0,1,0.565
2024-05-02,next_day_large_move_high_impact_days,high_impact_days_only,next_large_move_direction,controls_event_regimes,random_forest,1,1,0.6
2024-05-03,next_day_large_move_high_impact_days,high_impact_days_only,next_large_move_direction,controls_event_regimes,random_forest,1,0,0.5
2024-05-14,next_day_large_move_high_impact_days,high_impact_days_only,next_large_move_direction,controls_event_regimes,random_forest,1,0,0.435
2024-06-04,next_day_large_move_high_impact_days,high_impact_days_only,next_large_move_direction,controls_event_regimes,random_forest,1,0,0.345
2024-07-09,next_day_large_move_high_impact_days,high_impact_days_only,next_large_move_direction,controls_event_regimes,random_forest,1,0,0.395
2024-07-19,next_day_large_move_high_impact_days,high_impact_days_only,next_large_move_direction,controls_event_regimes,random_forest,1,0,0.5
2024-07-25,next_day_large_move_high_impact_days,high_impact_days_only,next_large_move_direction,controls_event_regimes,random_forest,1,0,0.46
2024-07-30,next_day_large_move_high_impact_days,high_impact_days_only,next_large_move_direction,controls_event_regimes,random_forest,1,1,0.595
2024-07-31,next_day_large_move_high_impact_days,high_impact_days_only,next_large_move_direction,controls_event_regimes,random_forest,0,0,0.405
2024-08-01,next_day_large_move_high_impact_days,high_impact_days_only,next_large_move_direction,controls_event_regimes,random_forest,0,1,0.53
2024-08-02,next_day_large_move_high_impact_days,high_impact_days_only,next_large_move_direction,controls_event_regimes,random_forest,0,0,0.495
2024-08-05,next_day_large_move_high_impact_days,high_impact_days_only,next_large_move_direction,controls_event_regimes,random_forest,1,0,0.495
2024-08-07,next_day_large_move_high_impact_days,high_impact_days_only,next_large_move_direction,controls_event_regimes,random_forest,1,1,0.76
2024-08-12,next_day_large_move_high_impact_days,high_impact_days_only,next_large_move_direction,controls_event_regimes,random_forest,1,1,0.53
2024-08-14,next_day_large_move_high_impact_days,high_impact_days_only,next_large_move_direction,controls_event_regimes,random_forest,1,1,0.65
2024-08-16,next_day_large_move_high_impact_days,high_impact_days_only,next_large_move_direction,controls_event_regimes,random_forest,1,1,0.575
2024-08-22,next_day_large_move_high_impact_days,high_impact_days_only,next_large_move_direction,controls_event_regimes,random_forest,1,0,0.47
2024-08-29,next_day_large_move_high_impact_days,high_impact_days_only,next_large_move_direction,controls_event_regimes,random_forest,1,1,0.545
2024-08-30,next_day_large_move_high_impact_days,high_impact_days_only,next_large_move_direction,controls_event_regimes,random_forest,0,0,0.48
2024-09-05,next_day_large_move_high_impact_days,high_impact_days_only,next_large_move_direction,controls_event_regimes,random_forest,0,1,0.505
2024-09-06,next_day_large_move_high_impact_days,high_impact_days_only,next_large_move_direction,controls_event_regimes,random_forest,1,0,0.49
2024-09-10,next_day_large_move_high_impact_days,high_impact_days_only,next_large_move_direction,controls_event_regimes,random_forest,1,1,0.67
2024-09-18,next_day_large_move_high_impact_days,high_impact_days_only,next_large_move_direction,controls_event_regimes,random_forest,1,1,0.64
2024-10-04,next_day_large_move_high_impact_days,high_impact_days_only,next_large_move_direction,controls_event_regimes,random_forest,0,0,0.405
2024-10-07,next_day_large_move_high_impact_days,high_impact_days_only,next_large_move_direction,controls_event_regimes,random_forest,1,1,0.68
2024-10-30,next_day_large_move_high_impact_days,high_impact_days_only,next_large_move_direction,controls_event_regimes,random_forest,0,0,0.415
2024-11-04,next_day_large_move_high_impact_days,high_impact_days_only,next_large_move_direction,controls_event_regimes,random_forest,1,1,0.56
2024-11-05,next_day_large_move_high_impact_days,high_impact_days_only,next_large_move_direction,controls_event_regimes,random_forest,1,0,0.35
2024-12-19,next_day_large_move_high_impact_days,high_impact_days_only,next_large_move_direction,controls_event_regimes,random_forest,1,0,0.425
2024-12-23,next_day_large_move_high_impact_days,high_impact_days_only,next_large_move_direction,controls_event_regimes,random_forest,1,1,0.635
2024-12-27,next_day_large_move_high_impact_days,high_impact_days_only,next_large_move_direction,controls_event_regimes,random_forest,0,1,0.525
2025-01-02,next_day_large_move_high_impact_days,high_impact_days_only,next_large_move_direction,controls_event_regimes,random_forest,1,1,0.5659164848529937
2025-01-06,next_day_large_move_high_impact_days,high_impact_days_only,next_large_move_direction,controls_event_regimes,random_forest,0,1,0.586841724637559
2025-01-08,next_day_large_move_high_impact_days,high_impact_days_only,next_large_move_direction,controls_event_regimes,random_forest,0,1,0.5231971549571066
2025-01-14,next_day_large_move_high_impact_days,high_impact_days_only,next_large_move_direction,controls_event_regimes,random_forest,1,1,0.5761223419951059
2025-01-16,next_day_large_move_high_impact_days,high_impact_days_only,next_large_move_direction,controls_event_regimes,random_forest,1,1,0.5879047425207724
2025-01-24,next_day_large_move_high_impact_days,high_impact_days_only,next_large_move_direction,controls_event_regimes,random_forest,0,0,0.39520461490446296
2025-02-06,next_day_large_move_high_impact_days,high_impact_days_only,next_large_move_direction,controls_event_regimes,random_forest,0,1,0.5534594761124674
2025-02-12,next_day_large_move_high_impact_days,high_impact_days_only,next_large_move_direction,controls_event_regimes,random_forest,1,1,0.5595011704071984
2025-02-20,next_day_large_move_high_impact_days,high_impact_days_only,next_large_move_direction,controls_event_regimes,random_forest,0,0,0.3739954098411515
2025-02-26,next_day_large_move_high_impact_days,high_impact_days_only,next_large_move_direction,controls_event_regimes,random_forest,0,1,0.5949421418251578
2025-02-27,next_day_large_move_high_impact_days,high_impact_days_only,next_large_move_direction,controls_event_regimes,random_forest,1,0,0.4955262478111277
2025-03-03,next_day_large_move_high_impact_days,high_impact_days_only,next_large_move_direction,controls_event_regimes,random_forest,0,1,0.561196251979503
2025-03-04,next_day_large_move_high_impact_days,high_impact_days_only,next_large_move_direction,controls_event_regimes,random_forest,1,1,0.5743765111943823
2025-03-05,next_day_large_move_high_impact_days,high_impact_days_only,next_large_move_direction,controls_event_regimes,random_forest,0,1,0.5396802065251927
2025-03-07,next_day_large_move_high_impact_days,high_impact_days_only,next_large_move_direction,controls_event_regimes,random_forest,0,1,0.6111557895814473
2025-03-12,next_day_large_move_high_impact_days,high_impact_days_only,next_large_move_direction,controls_event_regimes,random_forest,0,1,0.5987423437935178
2025-03-13,next_day_large_move_high_impact_days,high_impact_days_only,next_large_move_direction,controls_event_regimes,random_forest,1,1,0.5247508291710299
2025-03-17,next_day_large_move_high_impact_days,high_impact_days_only,next_large_move_direction,controls_event_regimes,random_forest,0,1,0.6318677510728414
2025-03-18,next_day_large_move_high_impact_days,high_impact_days_only,next_large_move_direction,controls_event_regimes,random_forest,1,1,0.5326737243507366
2025-03-21,next_day_large_move_high_impact_days,high_impact_days_only,next_large_move_direction,controls_event_regimes,random_forest,1,1,0.5493855247178798
2025-03-27,next_day_large_move_high_impact_days,high_impact_days_only,next_large_move_direction,controls_event_regimes,random_forest,0,1,0.5472057202697684
2025-04-02,next_day_large_move_high_impact_days,high_impact_days_only,next_large_move_direction,controls_event_regimes,random_forest,0,1,0.5740223864358752
2025-04-03,next_day_large_move_high_impact_days,high_impact_days_only,next_large_move_direction,controls_event_regimes,random_forest,0,1,0.5599472021660447
2025-04-07,next_day_large_move_high_impact_days,high_impact_days_only,next_large_move_direction,controls_event_regimes,random_forest,0,1,0.5449961958955213
2025-04-08,next_day_large_move_high_impact_days,high_impact_days_only,next_large_move_direction,controls_event_regimes,random_forest,1,1,0.5303207345768322
2025-04-09,next_day_large_move_high_impact_days,high_impact_days_only,next_large_move_direction,controls_event_regimes,random_forest,0,0,0.45411040944185255
2025-04-10,next_day_large_move_high_impact_days,high_impact_days_only,next_large_move_direction,controls_event_regimes,random_forest,1,1,0.5447466899973616
2025-04-15,next_day_large_move_high_impact_days,high_impact_days_only,next_large_move_direction,controls_event_regimes,random_forest,0,1,0.5141785829133888
2025-04-17,next_day_large_move_high_impact_days,high_impact_days_only,next_large_move_direction,controls_event_regimes,random_forest,0,1,0.5197594327952431
2025-04-21,next_day_large_move_high_impact_days,high_impact_days_only,next_large_move_direction,controls_event_regimes,random_forest,1,1,0.5102762199556647
2025-04-22,next_day_large_move_high_impact_days,high_impact_days_only,next_large_move_direction,controls_event_regimes,random_forest,1,0,0.4932319644026263
2025-04-23,next_day_large_move_high_impact_days,high_impact_days_only,next_large_move_direction,controls_event_regimes,random_forest,1,1,0.5382313116012098
2025-05-01,next_day_large_move_high_impact_days,high_impact_days_only,next_large_move_direction,controls_event_regimes,random_forest,1,0,0.4979262612488718
2025-05-09,next_day_large_move_high_impact_days,high_impact_days_only,next_large_move_direction,controls_event_regimes,random_forest,1,1,0.5560944150840497
2025-05-20,next_day_large_move_high_impact_days,high_impact_days_only,next_large_move_direction,controls_event_regimes,random_forest,0,1,0.5318001615656663
2025-06-12,next_day_large_move_high_impact_days,high_impact_days_only,next_large_move_direction,controls_event_regimes,random_forest,0,0,0.4327249095671773
2025-06-13,next_day_large_move_high_impact_days,high_impact_days_only,next_large_move_direction,controls_event_regimes,random_forest,1,1,0.5257428780428208
2025-06-20,next_day_large_move_high_impact_days,high_impact_days_only,next_large_move_direction,controls_event_regimes,random_forest,1,1,0.5313745327839746
2025-06-23,next_day_large_move_high_impact_days,high_impact_days_only,next_large_move_direction,controls_event_regimes,random_forest,1,1,0.5110571203802252
2025-07-31,next_day_large_move_high_impact_days,high_impact_days_only,next_large_move_direction,controls_event_regimes,random_forest,0,1,0.5137103376471
2025-08-01,next_day_large_move_high_impact_days,high_impact_days_only,next_large_move_direction,controls_event_regimes,random_forest,1,0,0.4465614026611797
2025-08-11,next_day_large_move_high_impact_days,high_impact_days_only,next_large_move_direction,controls_event_regimes,random_forest,1,1,0.5147796977823805
2025-08-21,next_day_large_move_high_impact_days,high_impact_days_only,next_large_move_direction,controls_event_regimes,random_forest,1,0,0.47534038428650194
2025-10-09,next_day_large_move_high_impact_days,high_impact_days_only,next_large_move_direction,controls_event_regimes,random_forest,0,0,0.39751515292285183
2025-10-10,next_day_large_move_high_impact_days,high_impact_days_only,next_large_move_direction,controls_event_regimes,random_forest,1,1,0.5123115370998215
2025-10-17,next_day_large_move_high_impact_days,high_impact_days_only,next_large_move_direction,controls_event_regimes,random_forest,1,1,0.5170789438096425
2025-10-24,next_day_large_move_high_impact_days,high_impact_days_only,next_large_move_direction,controls_event_regimes,random_forest,1,1,0.5261310456664087
2025-10-29,next_day_large_move_high_impact_days,high_impact_days_only,next_large_move_direction,controls_event_regimes,random_forest,0,0,0.477483484823928
2025-11-03,next_day_large_move_high_impact_days,high_impact_days_only,next_large_move_direction,controls_event_regimes,random_forest,0,1,0.5234060820471531
2025-11-05,next_day_large_move_high_impact_days,high_impact_days_only,next_large_move_direction,controls_event_regimes,random_forest,0,1,0.5817624853797588
2025-11-07,next_day_large_move_high_impact_days,high_impact_days_only,next_large_move_direction,controls_event_regimes,random_forest,1,1,0.5356942350854944
2025-11-19,next_day_large_move_high_impact_days,high_impact_days_only,next_large_move_direction,controls_event_regimes,random_forest,0,1,0.563679819815731
2025-11-20,next_day_large_move_high_impact_days,high_impact_days_only,next_large_move_direction,controls_event_regimes,random_forest,1,1,0.516468375108163
2025-11-21,next_day_large_move_high_impact_days,high_impact_days_only,next_large_move_direction,controls_event_regimes,random_forest,1,1,0.6044783548671961
2025-12-11,next_day_large_move_high_impact_days,high_impact_days_only,next_large_move_direction,controls_event_regimes,random_forest,0,1,0.5182799511141547
2025-12-16,next_day_large_move_high_impact_days,high_impact_days_only,next_large_move_direction,controls_event_regimes,random_forest,0,1,0.544884915676704
2023-01-04,next_day_large_move_high_impact_days,high_impact_days_only,next_large_move_direction,controls_event_regimes,gradient_boosting,0,1,0.8465877281122419
2023-01-17,next_day_large_move_high_impact_days,high_impact_days_only,next_large_move_direction,controls_event_regimes,gradient_boosting,0,1,0.7079948164435943
2023-01-25,next_day_large_move_high_impact_days,high_impact_days_only,next_large_move_direction,controls_event_regimes,gradient_boosting,1,1,0.6763808522814925
2023-01-27,next_day_large_move_high_impact_days,high_impact_days_only,next_large_move_direction,controls_event_regimes,gradient_boosting,0,1,0.6029202107562621
2023-01-30,next_day_large_move_high_impact_days,high_impact_days_only,next_large_move_direction,controls_event_regimes,gradient_boosting,1,1,0.5060463652173818
2023-01-31,next_day_large_move_high_impact_days,high_impact_days_only,next_large_move_direction,controls_event_regimes,gradient_boosting,1,0,0.3874016467503903
2023-02-01,next_day_large_move_high_impact_days,high_impact_days_only,next_large_move_direction,controls_event_regimes,gradient_boosting,1,1,0.9251931637260872
2023-02-02,next_day_large_move_high_impact_days,high_impact_days_only,next_large_move_direction,controls_event_regimes,gradient_boosting,0,1,0.5958250439744459
2023-02-07,next_day_large_move_high_impact_days,high_impact_days_only,next_large_move_direction,controls_event_regimes,gradient_boosting,0,1,0.768036471850629
2023-02-15,next_day_large_move_high_impact_days,high_impact_days_only,next_large_move_direction,controls_event_regimes,gradient_boosting,0,1,0.7637296720736213
2023-02-17,next_day_large_move_high_impact_days,high_impact_days_only,next_large_move_direction,controls_event_regimes,gradient_boosting,0,1,0.8382276165301404
2023-02-23,next_day_large_move_high_impact_days,high_impact_days_only,next_large_move_direction,controls_event_regimes,gradient_boosting,0,1,0.8688548795149437
2023-03-02,next_day_large_move_high_impact_days,high_impact_days_only,next_large_move_direction,controls_event_regimes,gradient_boosting,1,1,0.6444603551363983
2023-03-06,next_day_large_move_high_impact_days,high_impact_days_only,next_large_move_direction,controls_event_regimes,gradient_boosting,0,1,0.7465640253611845
2023-03-08,next_day_large_move_high_impact_days,high_impact_days_only,next_large_move_direction,controls_event_regimes,gradient_boosting,0,1,0.8967252261992924
2023-03-13,next_day_large_move_high_impact_days,high_impact_days_only,next_large_move_direction,controls_event_regimes,gradient_boosting,1,1,0.5859038884252693
2023-03-16,next_day_large_move_high_impact_days,high_impact_days_only,next_large_move_direction,controls_event_regimes,gradient_boosting,0,0,0.2585353183975424
2023-03-20,next_day_large_move_high_impact_days,high_impact_days_only,next_large_move_direction,controls_event_regimes,gradient_boosting,1,1,0.6423198694114078
2023-03-28,next_day_large_move_high_impact_days,high_impact_days_only,next_large_move_direction,controls_event_regimes,gradient_boosting,1,1,0.6896724317650363
2023-03-30,next_day_large_move_high_impact_days,high_impact_days_only,next_large_move_direction,controls_event_regimes,gradient_boosting,1,1,0.7281751108633668
2023-04-12,next_day_large_move_high_impact_days,high_impact_days_only,next_large_move_direction,controls_event_regimes,gradient_boosting,1,1,0.7971712303690046
2023-04-24,next_day_large_move_high_impact_days,high_impact_days_only,next_large_move_direction,controls_event_regimes,gradient_boosting,0,0,0.13777588402270746
2023-04-26,next_day_large_move_high_impact_days,high_impact_days_only,next_large_move_direction,controls_event_regimes,gradient_boosting,1,1,0.8181531618027533
2023-05-16,next_day_large_move_high_impact_days,high_impact_days_only,next_large_move_direction,controls_event_regimes,gradient_boosting,1,1,0.6550391247086937
2023-05-17,next_day_large_move_high_impact_days,high_impact_days_only,next_large_move_direction,controls_event_regimes,gradient_boosting,1,1,0.5928134300684319
2023-05-22,next_day_large_move_high_impact_days,high_impact_days_only,next_large_move_direction,controls_event_regimes,gradient_boosting,0,0,0.36561382890758665
2023-05-31,next_day_large_move_high_impact_days,high_impact_days_only,next_large_move_direction,controls_event_regimes,gradient_boosting,1,1,0.5177636082346825
2023-06-01,next_day_large_move_high_impact_days,high_impact_days_only,next_large_move_direction,controls_event_regimes,gradient_boosting,1,1,0.5373327089104715
2023-06-14,next_day_large_move_high_impact_days,high_impact_days_only,next_large_move_direction,controls_event_regimes,gradient_boosting,1,0,0.4764872259539155
2023-06-26,next_day_large_move_high_impact_days,high_impact_days_only,next_large_move_direction,controls_event_regimes,gradient_boosting,1,0,0.2849694116883088
2023-06-29,next_day_large_move_high_impact_days,high_impact_days_only,next_large_move_direction,controls_event_regimes,gradient_boosting,1,1,0.6530500938168396
2023-07-27,next_day_large_move_high_impact_days,high_impact_days_only,next_large_move_direction,controls_event_regimes,gradient_boosting,1,1,0.7463315295999987
2023-08-01,next_day_large_move_high_impact_days,high_impact_days_only,next_large_move_direction,controls_event_regimes,gradient_boosting,0,1,0.5734690604714839
2023-08-14,next_day_large_move_high_impact_days,high_impact_days_only,next_large_move_direction,controls_event_regimes,gradient_boosting,0,1,0.8382956248024662
2023-08-22,next_day_large_move_high_impact_days,high_impact_days_only,next_large_move_direction,controls_event_regimes,gradient_boosting,1,1,0.6866684757379052
2023-08-23,next_day_large_move_high_impact_days,high_impact_days_only,next_large_move_direction,controls_event_regimes,gradient_boosting,0,0,0.4847668283046961
2023-08-28,next_day_large_move_high_impact_days,high_impact_days_only,next_large_move_direction,controls_event_regimes,gradient_boosting,1,1,0.878992295081606
2023-09-14,next_day_large_move_high_impact_days,high_impact_days_only,next_large_move_direction,controls_event_regimes,gradient_boosting,0,0,0.12214592679282131
2023-09-19,next_day_large_move_high_impact_days,high_impact_days_only,next_large_move_direction,controls_event_regimes,gradient_boosting,0,1,0.5011455970988276
2023-09-20,next_day_large_move_high_impact_days,high_impact_days_only,next_large_move_direction,controls_event_regimes,gradient_boosting,0,0,0.4736393465550865
2023-09-25,next_day_large_move_high_impact_days,high_impact_days_only,next_large_move_direction,controls_event_regimes,gradient_boosting,0,1,0.9100812385092344
2023-10-02,next_day_large_move_high_impact_days,high_impact_days_only,next_large_move_direction,controls_event_regimes,gradient_boosting,0,1,0.5633144108280188
2023-10-05,next_day_large_move_high_impact_days,high_impact_days_only,next_large_move_direction,controls_event_regimes,gradient_boosting,1,1,0.6979308561644068
2023-10-13,next_day_large_move_high_impact_days,high_impact_days_only,next_large_move_direction,controls_event_regimes,gradient_boosting,1,1,0.682957108593304
2023-10-17,next_day_large_move_high_impact_days,high_impact_days_only,next_large_move_direction,controls_event_regimes,gradient_boosting,0,0,0.30423130895297995
2023-10-19,next_day_large_move_high_impact_days,high_impact_days_only,next_large_move_direction,controls_event_regimes,gradient_boosting,0,0,0.45085744948058964
2023-10-24,next_day_large_move_high_impact_days,high_impact_days_only,next_large_move_direction,controls_event_regimes,gradient_boosting,0,1,0.8231435452487836
2023-10-25,next_day_large_move_high_impact_days,high_impact_days_only,next_large_move_direction,controls_event_regimes,gradient_boosting,0,0,0.3979378515649049
2023-10-27,next_day_large_move_high_impact_days,high_impact_days_only,next_large_move_direction,controls_event_regimes,gradient_boosting,1,1,0.6148788905738705
2023-10-31,next_day_large_move_high_impact_days,high_impact_days_only,next_large_move_direction,controls_event_regimes,gradient_boosting,1,1,0.8087472525822011
2023-11-01,next_day_large_move_high_impact_days,high_impact_days_only,next_large_move_direction,controls_event_regimes,gradient_boosting,1,0,0.2674320443105516
2023-11-02,next_day_large_move_high_impact_days,high_impact_days_only,next_large_move_direction,controls_event_regimes,gradient_boosting,1,0,0.2960095852950648
2023-11-09,next_day_large_move_high_impact_days,high_impact_days_only,next_large_move_direction,controls_event_regimes,gradient_boosting,1,1,0.7396326304868855
2023-11-13,next_day_large_move_high_impact_days,high_impact_days_only,next_large_move_direction,controls_event_regimes,gradient_boosting,1,1,0.8069014714108464
2023-12-12,next_day_large_move_high_impact_days,high_impact_days_only,next_large_move_direction,controls_event_regimes,gradient_boosting,1,0,0.495673153414705
2023-12-19,next_day_large_move_high_impact_days,high_impact_days_only,next_large_move_direction,controls_event_regimes,gradient_boosting,0,0,0.18704735869603759
2023-12-20,next_day_large_move_high_impact_days,high_impact_days_only,next_large_move_direction,controls_event_regimes,gradient_boosting,1,1,0.585635291159661
2024-01-05,next_day_large_move_high_impact_days,high_impact_days_only,next_large_move_direction,controls_event_regimes,gradient_boosting,1,0,0.26190280286024353
2024-01-18,next_day_large_move_high_impact_days,high_impact_days_only,next_large_move_direction,controls_event_regimes,gradient_boosting,1,1,0.739764186337648
2024-01-30,next_day_large_move_high_impact_days,high_impact_days_only,next_large_move_direction,controls_event_regimes,gradient_boosting,0,0,0.13861041051366296
2024-01-31,next_day_large_move_high_impact_days,high_impact_days_only,next_large_move_direction,controls_event_regimes,gradient_boosting,1,0,0.3850732881391325
2024-02-13,next_day_large_move_high_impact_days,high_impact_days_only,next_large_move_direction,controls_event_regimes,gradient_boosting,1,0,0.016696799619593326
2024-02-21,next_day_large_move_high_impact_days,high_impact_days_only,next_large_move_direction,controls_event_regimes,gradient_boosting,1,1,0.8647171154104977
2024-03-04,next_day_large_move_high_impact_days,high_impact_days_only,next_large_move_direction,controls_event_regimes,gradient_boosting,0,0,0.1140753725891304
2024-03-06,next_day_large_move_high_impact_days,high_impact_days_only,next_large_move_direction,controls_event_regimes,gradient_boosting,1,1,0.5910118805508737
2024-04-03,next_day_large_move_high_impact_days,high_impact_days_only,next_large_move_direction,controls_event_regimes,gradient_boosting,0,1,0.5443043432762908
2024-04-04,next_day_large_move_high_impact_days,high_impact_days_only,next_large_move_direction,controls_event_regimes,gradient_boosting,1,1,0.538216828116965
2024-04-09,next_day_large_move_high_impact_days,high_impact_days_only,next_large_move_direction,controls_event_regimes,gradient_boosting,0,0,0.48430994682441786
2024-04-11,next_day_large_move_high_impact_days,high_impact_days_only,next_large_move_direction,controls_event_regimes,gradient_boosting,0,0,0.40581113092532534
2024-04-12,next_day_large_move_high_impact_days,high_impact_days_only,next_large_move_direction,controls_event_regimes,gradient_boosting,0,0,0.3236336322698744
2024-04-22,next_day_large_move_high_impact_days,high_impact_days_only,next_large_move_direction,controls_event_regimes,gradient_boosting,1,1,0.5632641211181463
2024-04-25,next_day_large_move_high_impact_days,high_impact_days_only,next_large_move_direction,controls_event_regimes,gradient_boosting,1,1,0.6414020333548722
2024-04-29,next_day_large_move_high_impact_days,high_impact_days_only,next_large_move_direction,controls_event_regimes,gradient_boosting,0,0,0.49352529802154776
2024-05-02,next_day_large_move_high_impact_days,high_impact_days_only,next_large_move_direction,controls_event_regimes,gradient_boosting,1,1,0.8723152565831263
2024-05-03,next_day_large_move_high_impact_days,high_impact_days_only,next_large_move_direction,controls_event_regimes,gradient_boosting,1,0,0.46564398744391206
2024-05-14,next_day_large_move_high_impact_days,high_impact_days_only,next_large_move_direction,controls_event_regimes,gradient_boosting,1,1,0.5613612471942747
2024-06-04,next_day_large_move_high_impact_days,high_impact_days_only,next_large_move_direction,controls_event_regimes,gradient_boosting,1,0,0.20578962001114742
2024-07-09,next_day_large_move_high_impact_days,high_impact_days_only,next_large_move_direction,controls_event_regimes,gradient_boosting,1,1,0.5015236075714209
2024-07-19,next_day_large_move_high_impact_days,high_impact_days_only,next_large_move_direction,controls_event_regimes,gradient_boosting,1,0,0.40017045994940076
2024-07-25,next_day_large_move_high_impact_days,high_impact_days_only,next_large_move_direction,controls_event_regimes,gradient_boosting,1,1,0.5300755337516782
2024-07-30,next_day_large_move_high_impact_days,high_impact_days_only,next_large_move_direction,controls_event_regimes,gradient_boosting,1,1,0.8840498849056192
2024-07-31,next_day_large_move_high_impact_days,high_impact_days_only,next_large_move_direction,controls_event_regimes,gradient_boosting,0,0,0.30744884317585147
2024-08-01,next_day_large_move_high_impact_days,high_impact_days_only,next_large_move_direction,controls_event_regimes,gradient_boosting,0,1,0.6767729552100078
2024-08-02,next_day_large_move_high_impact_days,high_impact_days_only,next_large_move_direction,controls_event_regimes,gradient_boosting,0,1,0.7428583600853855
2024-08-05,next_day_large_move_high_impact_days,high_impact_days_only,next_large_move_direction,controls_event_regimes,gradient_boosting,1,1,0.8663622089667167
2024-08-07,next_day_large_move_high_impact_days,high_impact_days_only,next_large_move_direction,controls_event_regimes,gradient_boosting,1,1,0.8603395307711641
2024-08-12,next_day_large_move_high_impact_days,high_impact_days_only,next_large_move_direction,controls_event_regimes,gradient_boosting,1,0,0.22975828101545118
2024-08-14,next_day_large_move_high_impact_days,high_impact_days_only,next_large_move_direction,controls_event_regimes,gradient_boosting,1,1,0.815562596012503
2024-08-16,next_day_large_move_high_impact_days,high_impact_days_only,next_large_move_direction,controls_event_regimes,gradient_boosting,1,1,0.8631210166389405
2024-08-22,next_day_large_move_high_impact_days,high_impact_days_only,next_large_move_direction,controls_event_regimes,gradient_boosting,1,0,0.23202056818637037
2024-08-29,next_day_large_move_high_impact_days,high_impact_days_only,next_large_move_direction,controls_event_regimes,gradient_boosting,1,1,0.6707471053227502
2024-08-30,next_day_large_move_high_impact_days,high_impact_days_only,next_large_move_direction,controls_event_regimes,gradient_boosting,0,1,0.7664951525021664
2024-09-05,next_day_large_move_high_impact_days,high_impact_days_only,next_large_move_direction,controls_event_regimes,gradient_boosting,0,1,0.698545455244896
2024-09-06,next_day_large_move_high_impact_days,high_impact_days_only,next_large_move_direction,controls_event_regimes,gradient_boosting,1,0,0.42856194572736755
2024-09-10,next_day_large_move_high_impact_days,high_impact_days_only,next_large_move_direction,controls_event_regimes,gradient_boosting,1,1,0.8052448318723692
2024-09-18,next_day_large_move_high_impact_days,high_impact_days_only,next_large_move_direction,controls_event_regimes,gradient_boosting,1,1,0.8317661120576079
2024-10-04,next_day_large_move_high_impact_days,high_impact_days_only,next_large_move_direction,controls_event_regimes,gradient_boosting,0,0,0.20863340315809895
2024-10-07,next_day_large_move_high_impact_days,high_impact_days_only,next_large_move_direction,controls_event_regimes,gradient_boosting,1,1,0.8533044167491722
2024-10-30,next_day_large_move_high_impact_days,high_impact_days_only,next_large_move_direction,controls_event_regimes,gradient_boosting,0,0,0.12048050408727713
2024-11-04,next_day_large_move_high_impact_days,high_impact_days_only,next_large_move_direction,controls_event_regimes,gradient_boosting,1,1,0.864853876816186
2024-11-05,next_day_large_move_high_impact_days,high_impact_days_only,next_large_move_direction,controls_event_regimes,gradient_boosting,1,0,0.35465108914688726
2024-12-19,next_day_large_move_high_impact_days,high_impact_days_only,next_large_move_direction,controls_event_regimes,gradient_boosting,1,0,0.13157317389912346
2024-12-23,next_day_large_move_high_impact_days,high_impact_days_only,next_large_move_direction,controls_event_regimes,gradient_boosting,1,1,0.869162644877332
2024-12-27,next_day_large_move_high_impact_days,high_impact_days_only,next_large_move_direction,controls_event_regimes,gradient_boosting,0,0,0.15487295584945557
2025-01-02,next_day_large_move_high_impact_days,high_impact_days_only,next_large_move_direction,controls_event_regimes,gradient_boosting,1,1,0.7259367012854147
2025-01-06,next_day_large_move_high_impact_days,high_impact_days_only,next_large_move_direction,controls_event_regimes,gradient_boosting,0,1,0.6641711889477951
2025-01-08,next_day_large_move_high_impact_days,high_impact_days_only,next_large_move_direction,controls_event_regimes,gradient_boosting,0,1,0.7524392496978738
2025-01-14,next_day_large_move_high_impact_days,high_impact_days_only,next_large_move_direction,controls_event_regimes,gradient_boosting,1,1,0.7367862301108508
2025-01-16,next_day_large_move_high_impact_days,high_impact_days_only,next_large_move_direction,controls_event_regimes,gradient_boosting,1,1,0.8955600449915607
2025-01-24,next_day_large_move_high_impact_days,high_impact_days_only,next_large_move_direction,controls_event_regimes,gradient_boosting,0,0,0.16710995468461706
2025-02-06,next_day_large_move_high_impact_days,high_impact_days_only,next_large_move_direction,controls_event_regimes,gradient_boosting,0,1,0.7194822356424845
2025-02-12,next_day_large_move_high_impact_days,high_impact_days_only,next_large_move_direction,controls_event_regimes,gradient_boosting,1,1,0.8212287278216763
2025-02-20,next_day_large_move_high_impact_days,high_impact_days_only,next_large_move_direction,controls_event_regimes,gradient_boosting,0,0,0.13856146439568404
2025-02-26,next_day_large_move_high_impact_days,high_impact_days_only,next_large_move_direction,controls_event_regimes,gradient_boosting,0,1,0.7731121839636563
2025-02-27,next_day_large_move_high_impact_days,high_impact_days_only,next_large_move_direction,controls_event_regimes,gradient_boosting,1,0,0.46142620958446945
2025-03-03,next_day_large_move_high_impact_days,high_impact_days_only,next_large_move_direction,controls_event_regimes,gradient_boosting,0,1,0.7258102314601715
2025-03-04,next_day_large_move_high_impact_days,high_impact_days_only,next_large_move_direction,controls_event_regimes,gradient_boosting,1,1,0.7092516433631771
2025-03-05,next_day_large_move_high_impact_days,high_impact_days_only,next_large_move_direction,controls_event_regimes,gradient_boosting,0,1,0.7548172527370935
2025-03-07,next_day_large_move_high_impact_days,high_impact_days_only,next_large_move_direction,controls_event_regimes,gradient_boosting,0,1,0.8623105856564769
2025-03-12,next_day_large_move_high_impact_days,high_impact_days_only,next_large_move_direction,controls_event_regimes,gradient_boosting,0,1,0.6013254764180693
2025-03-13,next_day_large_move_high_impact_days,high_impact_days_only,next_large_move_direction,controls_event_regimes,gradient_boosting,1,1,0.5943059679113329
2025-03-17,next_day_large_move_high_impact_days,high_impact_days_only,next_large_move_direction,controls_event_regimes,gradient_boosting,0,1,0.8859050929721234
2025-03-18,next_day_large_move_high_impact_days,high_impact_days_only,next_large_move_direction,controls_event_regimes,gradient_boosting,1,1,0.6110855296551139
2025-03-21,next_day_large_move_high_impact_days,high_impact_days_only,next_large_move_direction,controls_event_regimes,gradient_boosting,1,0,0.352745851341592
2025-03-27,next_day_large_move_high_impact_days,high_impact_days_only,next_large_move_direction,controls_event_regimes,gradient_boosting,0,1,0.9221517637173425
2025-04-02,next_day_large_move_high_impact_days,high_impact_days_only,next_large_move_direction,controls_event_regimes,gradient_boosting,0,1,0.853735457062637
2025-04-03,next_day_large_move_high_impact_days,high_impact_days_only,next_large_move_direction,controls_event_regimes,gradient_boosting,0,1,0.7054089508421312
2025-04-07,next_day_large_move_high_impact_days,high_impact_days_only,next_large_move_direction,controls_event_regimes,gradient_boosting,0,1,0.7835149916750799
2025-04-08,next_day_large_move_high_impact_days,high_impact_days_only,next_large_move_direction,controls_event_regimes,gradient_boosting,1,1,0.7152187274483087
2025-04-09,next_day_large_move_high_impact_days,high_impact_days_only,next_large_move_direction,controls_event_regimes,gradient_boosting,0,1,0.5049238080982761
2025-04-10,next_day_large_move_high_impact_days,high_impact_days_only,next_large_move_direction,controls_event_regimes,gradient_boosting,1,1,0.7470058692470178
2025-04-15,next_day_large_move_high_impact_days,high_impact_days_only,next_large_move_direction,controls_event_regimes,gradient_boosting,0,1,0.5918971039482673
2025-04-17,next_day_large_move_high_impact_days,high_impact_days_only,next_large_move_direction,controls_event_regimes,gradient_boosting,0,1,0.635956472319734
2025-04-21,next_day_large_move_high_impact_days,high_impact_days_only,next_large_move_direction,controls_event_regimes,gradient_boosting,1,1,0.6616111062330885
2025-04-22,next_day_large_move_high_impact_days,high_impact_days_only,next_large_move_direction,controls_event_regimes,gradient_boosting,1,1,0.6487347735667962
2025-04-23,next_day_large_move_high_impact_days,high_impact_days_only,next_large_move_direction,controls_event_regimes,gradient_boosting,1,1,0.7759182860476356
2025-05-01,next_day_large_move_high_impact_days,high_impact_days_only,next_large_move_direction,controls_event_regimes,gradient_boosting,1,1,0.6068472334649918
2025-05-09,next_day_large_move_high_impact_days,high_impact_days_only,next_large_move_direction,controls_event_regimes,gradient_boosting,1,0,0.37559387361131114
2025-05-20,next_day_large_move_high_impact_days,high_impact_days_only,next_large_move_direction,controls_event_regimes,gradient_boosting,0,0,0.476102053697483
2025-06-12,next_day_large_move_high_impact_days,high_impact_days_only,next_large_move_direction,controls_event_regimes,gradient_boosting,0,0,0.23714170236500842
2025-06-13,next_day_large_move_high_impact_days,high_impact_days_only,next_large_move_direction,controls_event_regimes,gradient_boosting,1,1,0.6539246162188742
2025-06-20,next_day_large_move_high_impact_days,high_impact_days_only,next_large_move_direction,controls_event_regimes,gradient_boosting,1,0,0.19411919080502793
2025-06-23,next_day_large_move_high_impact_days,high_impact_days_only,next_large_move_direction,controls_event_regimes,gradient_boosting,1,1,0.6240522519651858
2025-07-31,next_day_large_move_high_impact_days,high_impact_days_only,next_large_move_direction,controls_event_regimes,gradient_boosting,0,1,0.7204962509799195
2025-08-01,next_day_large_move_high_impact_days,high_impact_days_only,next_large_move_direction,controls_event_regimes,gradient_boosting,1,1,0.5047428310748837
2025-08-11,next_day_large_move_high_impact_days,high_impact_days_only,next_large_move_direction,controls_event_regimes,gradient_boosting,1,1,0.7558210589153588
2025-08-21,next_day_large_move_high_impact_days,high_impact_days_only,next_large_move_direction,controls_event_regimes,gradient_boosting,1,0,0.2629089429900722
2025-10-09,next_day_large_move_high_impact_days,high_impact_days_only,next_large_move_direction,controls_event_regimes,gradient_boosting,0,1,0.6699916801111483
2025-10-10,next_day_large_move_high_impact_days,high_impact_days_only,next_large_move_direction,controls_event_regimes,gradient_boosting,1,1,0.5316469906260766
2025-10-17,next_day_large_move_high_impact_days,high_impact_days_only,next_large_move_direction,controls_event_regimes,gradient_boosting,1,1,0.8165392871283688
2025-10-24,next_day_large_move_high_impact_days,high_impact_days_only,next_large_move_direction,controls_event_regimes,gradient_boosting,1,1,0.8066032033881172
2025-10-29,next_day_large_move_high_impact_days,high_impact_days_only,next_large_move_direction,controls_event_regimes,gradient_boosting,0,0,0.2894123634672672
2025-11-03,next_day_large_move_high_impact_days,high_impact_days_only,next_large_move_direction,controls_event_regimes,gradient_boosting,0,1,0.7129729406404329
2025-11-05,next_day_large_move_high_impact_days,high_impact_days_only,next_large_move_direction,controls_event_regimes,gradient_boosting,0,1,0.7350215092223766
2025-11-07,next_day_large_move_high_impact_days,high_impact_days_only,next_large_move_direction,controls_event_regimes,gradient_boosting,1,1,0.7536520733273574
2025-11-19,next_day_large_move_high_impact_days,high_impact_days_only,next_large_move_direction,controls_event_regimes,gradient_boosting,0,1,0.655019173544352
2025-11-20,next_day_large_move_high_impact_days,high_impact_days_only,next_large_move_direction,controls_event_regimes,gradient_boosting,1,0,0.30235157784027755
2025-11-21,next_day_large_move_high_impact_days,high_impact_days_only,next_large_move_direction,controls_event_regimes,gradient_boosting,1,1,0.922979476121329
2025-12-11,next_day_large_move_high_impact_days,high_impact_days_only,next_large_move_direction,controls_event_regimes,gradient_boosting,0,1,0.7374908997932744
2025-12-16,next_day_large_move_high_impact_days,high_impact_days_only,next_large_move_direction,controls_event_regimes,gradient_boosting,0,1,0.815962469743893
