date,scenario,sample_name,target,feature_set,model,y_true,y_pred,y_score
2022-02-14,next_day_large_move,all_days,next_large_move_direction,controls_only,logreg,1,0,0.37007122786941044
2022-04-28,next_day_large_move,all_days,next_large_move_direction,controls_only,logreg,0,0,0.26244379545348145
2022-05-03,next_day_large_move,all_days,next_large_move_direction,controls_only,logreg,1,0,0.4488045100586105
2022-05-04,next_day_large_move,all_days,next_large_move_direction,controls_only,logreg,0,0,0.26412071012675953
2022-05-06,next_day_large_move,all_days,next_large_move_direction,controls_only,logreg,0,0,0.3135734754749812
2022-05-10,next_day_large_move,all_days,next_large_move_direction,controls_only,logreg,0,0,0.4624843411571636
2022-05-12,next_day_large_move,all_days,next_large_move_direction,controls_only,logreg,1,1,0.5007850650142166
2022-05-16,next_day_large_move,all_days,next_large_move_direction,controls_only,logreg,1,1,0.6027653983638782
2022-05-17,next_day_large_move,all_days,next_large_move_direction,controls_only,logreg,0,1,0.5100119235909066
2022-05-20,next_day_large_move,all_days,next_large_move_direction,controls_only,logreg,1,1,0.6148856162520029
2022-05-23,next_day_large_move,all_days,next_large_move_direction,controls_only,logreg,0,1,0.6134571145757969
2022-05-24,next_day_large_move,all_days,next_large_move_direction,controls_only,logreg,1,1,0.7478624308738833
2022-05-25,next_day_large_move,all_days,next_large_move_direction,controls_only,logreg,1,1,0.5302540633956295
2022-05-26,next_day_large_move,all_days,next_large_move_direction,controls_only,logreg,1,0,0.40029849109946647
2022-06-01,next_day_large_move,all_days,next_large_move_direction,controls_only,logreg,1,0,0.49882674736861093
2022-06-02,next_day_large_move,all_days,next_large_move_direction,controls_only,logreg,0,0,0.30894203042039003
2022-06-06,next_day_large_move,all_days,next_large_move_direction,controls_only,logreg,1,0,0.40016858457222887
2022-06-07,next_day_large_move,all_days,next_large_move_direction,controls_only,logreg,0,0,0.4573728099483843
2022-06-08,next_day_large_move,all_days,next_large_move_direction,controls_only,logreg,0,1,0.5708362920176745
2022-06-09,next_day_large_move,all_days,next_large_move_direction,controls_only,logreg,0,0,0.47841166805578994
2022-06-10,next_day_large_move,all_days,next_large_move_direction,controls_only,logreg,0,1,0.5400940282114828
2022-06-14,next_day_large_move,all_days,next_large_move_direction,controls_only,logreg,1,1,0.6558139270440304
2022-06-15,next_day_large_move,all_days,next_large_move_direction,controls_only,logreg,0,1,0.6815720354127693
2022-06-17,next_day_large_move,all_days,next_large_move_direction,controls_only,logreg,1,1,0.5703625859938787
2022-06-22,next_day_large_move,all_days,next_large_move_direction,controls_only,logreg,1,1,0.670592152776935
2022-06-23,next_day_large_move,all_days,next_large_move_direction,controls_only,logreg,1,1,0.5399158491559138
2022-06-27,next_day_large_move,all_days,next_large_move_direction,controls_only,logreg,0,1,0.5048424989259407
2022-06-29,next_day_large_move,all_days,next_large_move_direction,controls_only,logreg,0,0,0.4882046396212932
2022-06-30,next_day_large_move,all_days,next_large_move_direction,controls_only,logreg,1,0,0.4449257649921262
2022-07-06,next_day_large_move,all_days,next_large_move_direction,controls_only,logreg,1,1,0.5203985942845482
2022-07-08,next_day_large_move,all_days,next_large_move_direction,controls_only,logreg,0,0,0.43721372784524953
2022-07-11,next_day_large_move,all_days,next_large_move_direction,controls_only,logreg,0,0,0.4944593745266682
2022-07-14,next_day_large_move,all_days,next_large_move_direction,controls_only,logreg,1,0,0.4999324733903978
2022-07-15,next_day_large_move,all_days,next_large_move_direction,controls_only,logreg,0,0,0.45686009214742573
2022-07-18,next_day_large_move,all_days,next_large_move_direction,controls_only,logreg,1,1,0.5989201964873864
2022-07-20,next_day_large_move,all_days,next_large_move_direction,controls_only,logreg,1,1,0.5558563298406783
2022-07-21,next_day_large_move,all_days,next_large_move_direction,controls_only,logreg,0,0,0.403544794071694
2022-07-25,next_day_large_move,all_days,next_large_move_direction,controls_only,logreg,0,0,0.48482780321864927
2022-07-26,next_day_large_move,all_days,next_large_move_direction,controls_only,logreg,1,1,0.5667491415425372
2022-07-27,next_day_large_move,all_days,next_large_move_direction,controls_only,logreg,1,0,0.45608639446877625
2022-08-02,next_day_large_move,all_days,next_large_move_direction,controls_only,logreg,1,0,0.47377449037858443
2022-08-09,next_day_large_move,all_days,next_large_move_direction,controls_only,logreg,1,1,0.502664747172467
2022-08-11,next_day_large_move,all_days,next_large_move_direction,controls_only,logreg,1,0,0.4404653050163874
2022-08-18,next_day_large_move,all_days,next_large_move_direction,controls_only,logreg,0,0,0.44532303778119114
2022-08-19,next_day_large_move,all_days,next_large_move_direction,controls_only,logreg,0,0,0.4916853505348887
2022-08-24,next_day_large_move,all_days,next_large_move_direction,controls_only,logreg,1,1,0.6547959439626427
2022-08-25,next_day_large_move,all_days,next_large_move_direction,controls_only,logreg,0,1,0.5371245137808232
2022-08-29,next_day_large_move,all_days,next_large_move_direction,controls_only,logreg,0,1,0.542835194346038
2022-09-01,next_day_large_move,all_days,next_large_move_direction,controls_only,logreg,0,1,0.5365923932094407
2022-09-06,next_day_large_move,all_days,next_large_move_direction,controls_only,logreg,1,1,0.5261720018181902
2022-09-08,next_day_large_move,all_days,next_large_move_direction,controls_only,logreg,1,0,0.4671843230576967
2022-09-09,next_day_large_move,all_days,next_large_move_direction,controls_only,logreg,1,0,0.41529652860829985
2022-09-12,next_day_large_move,all_days,next_large_move_direction,controls_only,logreg,0,0,0.4257594962303663
2022-09-14,next_day_large_move,all_days,next_large_move_direction,controls_only,logreg,0,0,0.4815183226309379
2022-09-19,next_day_large_move,all_days,next_large_move_direction,controls_only,logreg,0,1,0.6126068935018025
2022-09-20,next_day_large_move,all_days,next_large_move_direction,controls_only,logreg,0,1,0.5778866372172868
2022-09-21,next_day_large_move,all_days,next_large_move_direction,controls_only,logreg,0,1,0.5858323474500783
2022-09-22,next_day_large_move,all_days,next_large_move_direction,controls_only,logreg,0,0,0.48826792661334395
2022-09-23,next_day_large_move,all_days,next_large_move_direction,controls_only,logreg,0,1,0.5130697392767591
2022-09-27,next_day_large_move,all_days,next_large_move_direction,controls_only,logreg,1,1,0.5942861872115583
2022-09-28,next_day_large_move,all_days,next_large_move_direction,controls_only,logreg,0,1,0.5504795177267499
2022-09-29,next_day_large_move,all_days,next_large_move_direction,controls_only,logreg,0,1,0.5902735329688543
2022-09-30,next_day_large_move,all_days,next_large_move_direction,controls_only,logreg,1,1,0.5025559664601226
2022-10-03,next_day_large_move,all_days,next_large_move_direction,controls_only,logreg,1,0,0.41286747940061175
2022-10-05,next_day_large_move,all_days,next_large_move_direction,controls_only,logreg,0,1,0.6170710671419409
2022-10-06,next_day_large_move,all_days,next_large_move_direction,controls_only,logreg,0,0,0.4251499949507768
2022-10-12,next_day_large_move,all_days,next_large_move_direction,controls_only,logreg,1,1,0.6521479223763825
2022-10-13,next_day_large_move,all_days,next_large_move_direction,controls_only,logreg,0,0,0.43870087213133857
2022-10-14,next_day_large_move,all_days,next_large_move_direction,controls_only,logreg,1,1,0.5699251441162184
2022-10-17,next_day_large_move,all_days,next_large_move_direction,controls_only,logreg,1,0,0.38122205021121164
2022-10-20,next_day_large_move,all_days,next_large_move_direction,controls_only,logreg,1,0,0.49736788091161394
2022-10-21,next_day_large_move,all_days,next_large_move_direction,controls_only,logreg,1,0,0.32094158127499955
2022-10-24,next_day_large_move,all_days,next_large_move_direction,controls_only,logreg,1,0,0.4784964474492185
2022-10-27,next_day_large_move,all_days,next_large_move_direction,controls_only,logreg,1,0,0.3901448935343491
2022-11-01,next_day_large_move,all_days,next_large_move_direction,controls_only,logreg,0,1,0.5287663371284145
2022-11-02,next_day_large_move,all_days,next_large_move_direction,controls_only,logreg,0,1,0.5359990570813314
2022-11-03,next_day_large_move,all_days,next_large_move_direction,controls_only,logreg,1,0,0.45570976849556694
2022-11-04,next_day_large_move,all_days,next_large_move_direction,controls_only,logreg,1,0,0.46727861387482855
2022-11-08,next_day_large_move,all_days,next_large_move_direction,controls_only,logreg,0,1,0.6376958359292855
2022-11-09,next_day_large_move,all_days,next_large_move_direction,controls_only,logreg,1,1,0.6488093897940816
2022-11-10,next_day_large_move,all_days,next_large_move_direction,controls_only,logreg,1,0,0.18896222893184925
2022-11-11,next_day_large_move,all_days,next_large_move_direction,controls_only,logreg,0,0,0.4680736183951061
2022-11-14,next_day_large_move,all_days,next_large_move_direction,controls_only,logreg,1,1,0.528286045964143
2022-11-15,next_day_large_move,all_days,next_large_move_direction,controls_only,logreg,0,0,0.4383647693087251
2022-11-21,next_day_large_move,all_days,next_large_move_direction,controls_only,logreg,1,1,0.5185701573017862
2022-11-25,next_day_large_move,all_days,next_large_move_direction,controls_only,logreg,0,0,0.4954439785102294
2022-11-29,next_day_large_move,all_days,next_large_move_direction,controls_only,logreg,1,0,0.47834871355006975
2022-12-02,next_day_large_move,all_days,next_large_move_direction,controls_only,logreg,0,0,0.4347884772511962
2022-12-05,next_day_large_move,all_days,next_large_move_direction,controls_only,logreg,0,0,0.4234037097464374
2022-12-09,next_day_large_move,all_days,next_large_move_direction,controls_only,logreg,1,1,0.5572936266492258
2022-12-14,next_day_large_move,all_days,next_large_move_direction,controls_only,logreg,0,1,0.5080436801023557
2022-12-15,next_day_large_move,all_days,next_large_move_direction,controls_only,logreg,0,0,0.46988482582172236
2022-12-16,next_day_large_move,all_days,next_large_move_direction,controls_only,logreg,0,0,0.4045423408822971
2022-12-20,next_day_large_move,all_days,next_large_move_direction,controls_only,logreg,1,1,0.6111531992760134
2022-12-21,next_day_large_move,all_days,next_large_move_direction,controls_only,logreg,0,1,0.6199066122620664
2022-12-27,next_day_large_move,all_days,next_large_move_direction,controls_only,logreg,0,1,0.6057777563882303
2022-12-28,next_day_large_move,all_days,next_large_move_direction,controls_only,logreg,1,1,0.6163702129141303
2023-01-04,next_day_large_move,all_days,next_large_move_direction,controls_only,logreg,0,1,0.5296456851801302
2023-01-05,next_day_large_move,all_days,next_large_move_direction,controls_only,logreg,1,1,0.5070276890774933
2023-01-10,next_day_large_move,all_days,next_large_move_direction,controls_only,logreg,1,1,0.5079128467703428
2023-01-17,next_day_large_move,all_days,next_large_move_direction,controls_only,logreg,0,0,0.4660407600013382
2023-01-19,next_day_large_move,all_days,next_large_move_direction,controls_only,logreg,1,0,0.45295788343402565
2023-01-20,next_day_large_move,all_days,next_large_move_direction,controls_only,logreg,1,0,0.42522674444185227
2023-01-25,next_day_large_move,all_days,next_large_move_direction,controls_only,logreg,1,1,0.5083895726166968
2023-01-27,next_day_large_move,all_days,next_large_move_direction,controls_only,logreg,0,0,0.4530371014531418
2023-01-30,next_day_large_move,all_days,next_large_move_direction,controls_only,logreg,1,1,0.534757399608361
2023-01-31,next_day_large_move,all_days,next_large_move_direction,controls_only,logreg,1,0,0.4665820605573034
2023-02-01,next_day_large_move,all_days,next_large_move_direction,controls_only,logreg,1,1,0.5132055585253177
2023-02-02,next_day_large_move,all_days,next_large_move_direction,controls_only,logreg,0,0,0.4039366861537359
2023-02-06,next_day_large_move,all_days,next_large_move_direction,controls_only,logreg,1,0,0.47972219925571247
2023-02-07,next_day_large_move,all_days,next_large_move_direction,controls_only,logreg,0,0,0.45757408563128715
2023-02-08,next_day_large_move,all_days,next_large_move_direction,controls_only,logreg,0,1,0.5815669099045246
2023-02-10,next_day_large_move,all_days,next_large_move_direction,controls_only,logreg,1,0,0.4855004775789964
2023-02-15,next_day_large_move,all_days,next_large_move_direction,controls_only,logreg,0,1,0.5561340690882621
2023-02-17,next_day_large_move,all_days,next_large_move_direction,controls_only,logreg,0,1,0.5109151806399979
2023-02-23,next_day_large_move,all_days,next_large_move_direction,controls_only,logreg,0,1,0.5719820821939001
2023-03-02,next_day_large_move,all_days,next_large_move_direction,controls_only,logreg,1,0,0.49029668127824433
2023-03-06,next_day_large_move,all_days,next_large_move_direction,controls_only,logreg,0,1,0.5470717879958413
2023-03-08,next_day_large_move,all_days,next_large_move_direction,controls_only,logreg,0,1,0.5121696356972647
2023-03-09,next_day_large_move,all_days,next_large_move_direction,controls_only,logreg,0,1,0.5011240234320573
2023-03-13,next_day_large_move,all_days,next_large_move_direction,controls_only,logreg,1,1,0.5303267086665407
2023-03-15,next_day_large_move,all_days,next_large_move_direction,controls_only,logreg,1,1,0.568187488650168
2023-03-16,next_day_large_move,all_days,next_large_move_direction,controls_only,logreg,0,0,0.3643855555800456
2023-03-17,next_day_large_move,all_days,next_large_move_direction,controls_only,logreg,1,0,0.4438390901949629
2023-03-20,next_day_large_move,all_days,next_large_move_direction,controls_only,logreg,1,0,0.44988879814118476
2023-03-21,next_day_large_move,all_days,next_large_move_direction,controls_only,logreg,0,1,0.5113424152288422
2023-03-28,next_day_large_move,all_days,next_large_move_direction,controls_only,logreg,1,1,0.5718106395894907
2023-03-30,next_day_large_move,all_days,next_large_move_direction,controls_only,logreg,1,0,0.472458275718895
2023-04-12,next_day_large_move,all_days,next_large_move_direction,controls_only,logreg,1,1,0.522748046822775
2023-04-24,next_day_large_move,all_days,next_large_move_direction,controls_only,logreg,0,1,0.5187907890171662
2023-04-26,next_day_large_move,all_days,next_large_move_direction,controls_only,logreg,1,1,0.5608018066669046
2023-04-27,next_day_large_move,all_days,next_large_move_direction,controls_only,logreg,1,0,0.45721660172304146
2023-05-01,next_day_large_move,all_days,next_large_move_direction,controls_only,logreg,0,1,0.5642090615950547
2023-05-04,next_day_large_move,all_days,next_large_move_direction,controls_only,logreg,1,0,0.43681931814038455
2023-05-16,next_day_large_move,all_days,next_large_move_direction,controls_only,logreg,1,0,0.4753277297871439
2023-05-17,next_day_large_move,all_days,next_large_move_direction,controls_only,logreg,1,0,0.43716352253155905
2023-05-22,next_day_large_move,all_days,next_large_move_direction,controls_only,logreg,0,0,0.45886393095319167
2023-05-24,next_day_large_move,all_days,next_large_move_direction,controls_only,logreg,1,1,0.5357897173586815
2023-05-25,next_day_large_move,all_days,next_large_move_direction,controls_only,logreg,1,0,0.42705165250918015
2023-05-31,next_day_large_move,all_days,next_large_move_direction,controls_only,logreg,1,0,0.49585986668953475
2023-06-01,next_day_large_move,all_days,next_large_move_direction,controls_only,logreg,1,0,0.36294141277537467
2023-06-09,next_day_large_move,all_days,next_large_move_direction,controls_only,logreg,1,0,0.4202281437869128
2023-06-14,next_day_large_move,all_days,next_large_move_direction,controls_only,logreg,1,0,0.46611905258941205
2023-06-26,next_day_large_move,all_days,next_large_move_direction,controls_only,logreg,1,1,0.5286424517958016
2023-06-29,next_day_large_move,all_days,next_large_move_direction,controls_only,logreg,1,0,0.4876726669146419
2023-07-12,next_day_large_move,all_days,next_large_move_direction,controls_only,logreg,1,1,0.5074649004846898
2023-07-27,next_day_large_move,all_days,next_large_move_direction,controls_only,logreg,1,0,0.4063519927405737
2023-08-01,next_day_large_move,all_days,next_large_move_direction,controls_only,logreg,0,0,0.49891759008264597
2023-08-04,next_day_large_move,all_days,next_large_move_direction,controls_only,logreg,1,0,0.4824458669967671
2023-08-14,next_day_large_move,all_days,next_large_move_direction,controls_only,logreg,0,0,0.4996937833688878
2023-08-22,next_day_large_move,all_days,next_large_move_direction,controls_only,logreg,1,1,0.575394100855408
2023-08-23,next_day_large_move,all_days,next_large_move_direction,controls_only,logreg,0,1,0.501473705084471
2023-08-28,next_day_large_move,all_days,next_large_move_direction,controls_only,logreg,1,1,0.5246798631534131
2023-09-13,next_day_large_move,all_days,next_large_move_direction,controls_only,logreg,1,1,0.5128617488385729
2023-09-14,next_day_large_move,all_days,next_large_move_direction,controls_only,logreg,0,0,0.4300354282314181
2023-09-19,next_day_large_move,all_days,next_large_move_direction,controls_only,logreg,0,1,0.5457051088902151
2023-09-20,next_day_large_move,all_days,next_large_move_direction,controls_only,logreg,0,1,0.5565879584616289
2023-09-25,next_day_large_move,all_days,next_large_move_direction,controls_only,logreg,0,1,0.551922650565589
2023-10-02,next_day_large_move,all_days,next_large_move_direction,controls_only,logreg,0,1,0.5353535352854076
2023-10-05,next_day_large_move,all_days,next_large_move_direction,controls_only,logreg,1,0,0.494356259559098
2023-10-13,next_day_large_move,all_days,next_large_move_direction,controls_only,logreg,1,0,0.41741038748118886
2023-10-17,next_day_large_move,all_days,next_large_move_direction,controls_only,logreg,0,1,0.5071304562127995
2023-10-18,next_day_large_move,all_days,next_large_move_direction,controls_only,logreg,0,1,0.5224735618616186
2023-10-19,next_day_large_move,all_days,next_large_move_direction,controls_only,logreg,0,0,0.46915853099728955
2023-10-24,next_day_large_move,all_days,next_large_move_direction,controls_only,logreg,0,1,0.6145260383414606
2023-10-25,next_day_large_move,all_days,next_large_move_direction,controls_only,logreg,0,1,0.6410180664658397
2023-10-27,next_day_large_move,all_days,next_large_move_direction,controls_only,logreg,1,1,0.5493037764231733
2023-10-31,next_day_large_move,all_days,next_large_move_direction,controls_only,logreg,1,1,0.6563948298980444
2023-11-01,next_day_large_move,all_days,next_large_move_direction,controls_only,logreg,1,1,0.585294104004055
2023-11-02,next_day_large_move,all_days,next_large_move_direction,controls_only,logreg,1,0,0.41309558520273376
2023-11-09,next_day_large_move,all_days,next_large_move_direction,controls_only,logreg,1,0,0.40314160924916037
2023-11-13,next_day_large_move,all_days,next_large_move_direction,controls_only,logreg,1,0,0.4700104591873748
2023-12-12,next_day_large_move,all_days,next_large_move_direction,controls_only,logreg,1,0,0.4788543412779989
2023-12-19,next_day_large_move,all_days,next_large_move_direction,controls_only,logreg,0,0,0.44640755273322785
2023-12-20,next_day_large_move,all_days,next_large_move_direction,controls_only,logreg,1,1,0.5208869032591991
2024-01-05,next_day_large_move,all_days,next_large_move_direction,controls_only,logreg,1,0,0.4711151484772485
2024-01-17,next_day_large_move,all_days,next_large_move_direction,controls_only,logreg,1,0,0.4867033804766195
2024-01-18,next_day_large_move,all_days,next_large_move_direction,controls_only,logreg,1,0,0.40719924406221525
2024-01-30,next_day_large_move,all_days,next_large_move_direction,controls_only,logreg,0,0,0.46362157124067543
2024-01-31,next_day_large_move,all_days,next_large_move_direction,controls_only,logreg,1,1,0.5068404799740229
2024-02-01,next_day_large_move,all_days,next_large_move_direction,controls_only,logreg,1,0,0.41279060423758335
2024-02-06,next_day_large_move,all_days,next_large_move_direction,controls_only,logreg,1,0,0.49361226049182655
2024-02-12,next_day_large_move,all_days,next_large_move_direction,controls_only,logreg,0,0,0.4643765901797919
2024-02-13,next_day_large_move,all_days,next_large_move_direction,controls_only,logreg,1,0,0.49378796563479166
2024-02-21,next_day_large_move,all_days,next_large_move_direction,controls_only,logreg,1,0,0.48310478077361074
2024-03-04,next_day_large_move,all_days,next_large_move_direction,controls_only,logreg,0,0,0.4434537176646972
2024-03-06,next_day_large_move,all_days,next_large_move_direction,controls_only,logreg,1,0,0.44626427178351885
2024-03-11,next_day_large_move,all_days,next_large_move_direction,controls_only,logreg,1,0,0.44431180618980254
2024-03-19,next_day_large_move,all_days,next_large_move_direction,controls_only,logreg,1,0,0.48969485469165475
2024-03-26,next_day_large_move,all_days,next_large_move_direction,controls_only,logreg,1,0,0.4820656293631007
2024-04-03,next_day_large_move,all_days,next_large_move_direction,controls_only,logreg,0,1,0.5192158987188202
2024-04-04,next_day_large_move,all_days,next_large_move_direction,controls_only,logreg,1,0,0.4763220434727839
2024-04-09,next_day_large_move,all_days,next_large_move_direction,controls_only,logreg,0,1,0.5069274667639285
2024-04-11,next_day_large_move,all_days,next_large_move_direction,controls_only,logreg,0,0,0.4216419335326046
2024-04-12,next_day_large_move,all_days,next_large_move_direction,controls_only,logreg,0,0,0.4910185949752974
2024-04-18,next_day_large_move,all_days,next_large_move_direction,controls_only,logreg,0,0,0.48439862117417626
2024-04-19,next_day_large_move,all_days,next_large_move_direction,controls_only,logreg,1,0,0.4762039301545629
2024-04-22,next_day_large_move,all_days,next_large_move_direction,controls_only,logreg,1,0,0.49648936145254097
2024-04-25,next_day_large_move,all_days,next_large_move_direction,controls_only,logreg,1,0,0.48976188741521176
2024-04-29,next_day_large_move,all_days,next_large_move_direction,controls_only,logreg,0,1,0.5093997728080767
2024-05-01,next_day_large_move,all_days,next_large_move_direction,controls_only,logreg,1,1,0.53052001551932
2024-05-02,next_day_large_move,all_days,next_large_move_direction,controls_only,logreg,1,0,0.4717180018400073
2024-05-03,next_day_large_move,all_days,next_large_move_direction,controls_only,logreg,1,0,0.4608671699468772
2024-05-14,next_day_large_move,all_days,next_large_move_direction,controls_only,logreg,1,0,0.4539142685044851
2024-06-04,next_day_large_move,all_days,next_large_move_direction,controls_only,logreg,1,1,0.5291875486470852
2024-06-11,next_day_large_move,all_days,next_large_move_direction,controls_only,logreg,1,0,0.4889046572845581
2024-07-09,next_day_large_move,all_days,next_large_move_direction,controls_only,logreg,1,1,0.5109437677306718
2024-07-10,next_day_large_move,all_days,next_large_move_direction,controls_only,logreg,0,1,0.5034948233362883
2024-07-16,next_day_large_move,all_days,next_large_move_direction,controls_only,logreg,0,0,0.4943925529773258
2024-07-19,next_day_large_move,all_days,next_large_move_direction,controls_only,logreg,1,0,0.4755201666748032
2024-07-23,next_day_large_move,all_days,next_large_move_direction,controls_only,logreg,0,1,0.5622640867526406
2024-07-25,next_day_large_move,all_days,next_large_move_direction,controls_only,logreg,1,0,0.4739252712621218
2024-07-30,next_day_large_move,all_days,next_large_move_direction,controls_only,logreg,1,1,0.5617912318725825
2024-07-31,next_day_large_move,all_days,next_large_move_direction,controls_only,logreg,0,0,0.4533151864029244
2024-08-01,next_day_large_move,all_days,next_large_move_direction,controls_only,logreg,0,0,0.4763127641383963
2024-08-02,next_day_large_move,all_days,next_large_move_direction,controls_only,logreg,0,0,0.45692932076697657
2024-08-05,next_day_large_move,all_days,next_large_move_direction,controls_only,logreg,1,1,0.5109446791841361
2024-08-07,next_day_large_move,all_days,next_large_move_direction,controls_only,logreg,1,1,0.6042284009984181
2024-08-12,next_day_large_move,all_days,next_large_move_direction,controls_only,logreg,1,0,0.4682382037142783
2024-08-14,next_day_large_move,all_days,next_large_move_direction,controls_only,logreg,1,0,0.49848434436741146
2024-08-16,next_day_large_move,all_days,next_large_move_direction,controls_only,logreg,1,0,0.44262517950253116
2024-08-21,next_day_large_move,all_days,next_large_move_direction,controls_only,logreg,0,0,0.4598036361355111
2024-08-22,next_day_large_move,all_days,next_large_move_direction,controls_only,logreg,1,0,0.4379683077441323
2024-08-29,next_day_large_move,all_days,next_large_move_direction,controls_only,logreg,1,0,0.39837151476520083
2024-08-30,next_day_large_move,all_days,next_large_move_direction,controls_only,logreg,0,0,0.41018692951297764
2024-09-05,next_day_large_move,all_days,next_large_move_direction,controls_only,logreg,0,1,0.5103865154292698
2024-09-06,next_day_large_move,all_days,next_large_move_direction,controls_only,logreg,1,1,0.5165551557925059
2024-09-10,next_day_large_move,all_days,next_large_move_direction,controls_only,logreg,1,1,0.5731992873386634
2024-09-18,next_day_large_move,all_days,next_large_move_direction,controls_only,logreg,1,1,0.5205627623843171
2024-09-30,next_day_large_move,all_days,next_large_move_direction,controls_only,logreg,0,0,0.43856942901169144
2024-10-03,next_day_large_move,all_days,next_large_move_direction,controls_only,logreg,1,0,0.47902151398583376
2024-10-04,next_day_large_move,all_days,next_large_move_direction,controls_only,logreg,0,0,0.4957953958616116
2024-10-07,next_day_large_move,all_days,next_large_move_direction,controls_only,logreg,1,1,0.5762130623246625
2024-10-22,next_day_large_move,all_days,next_large_move_direction,controls_only,logreg,0,0,0.4645253044181154
2024-10-30,next_day_large_move,all_days,next_large_move_direction,controls_only,logreg,0,1,0.5131795341480582
2024-11-04,next_day_large_move,all_days,next_large_move_direction,controls_only,logreg,1,1,0.5707870597131001
2024-11-05,next_day_large_move,all_days,next_large_move_direction,controls_only,logreg,1,1,0.5275680767757085
2024-11-14,next_day_large_move,all_days,next_large_move_direction,controls_only,logreg,0,0,0.3459888226908985
2024-12-10,next_day_large_move,all_days,next_large_move_direction,controls_only,logreg,1,0,0.4860016926470159
2024-12-17,next_day_large_move,all_days,next_large_move_direction,controls_only,logreg,0,1,0.5364377741917016
2024-12-19,next_day_large_move,all_days,next_large_move_direction,controls_only,logreg,1,0,0.4491277987840197
2024-12-23,next_day_large_move,all_days,next_large_move_direction,controls_only,logreg,1,1,0.5047705198750624
2024-12-26,next_day_large_move,all_days,next_large_move_direction,controls_only,logreg,0,0,0.386072964745824
2024-12-27,next_day_large_move,all_days,next_large_move_direction,controls_only,logreg,0,0,0.3969857260850308
2025-01-02,next_day_large_move,all_days,next_large_move_direction,controls_only,logreg,1,0,0.47065114291766924
2025-01-06,next_day_large_move,all_days,next_large_move_direction,controls_only,logreg,0,1,0.501323931203845
2025-01-08,next_day_large_move,all_days,next_large_move_direction,controls_only,logreg,0,0,0.49305359350052164
2025-01-14,next_day_large_move,all_days,next_large_move_direction,controls_only,logreg,1,1,0.5688541122852214
2025-01-16,next_day_large_move,all_days,next_large_move_direction,controls_only,logreg,1,1,0.5273777826043498
2025-01-17,next_day_large_move,all_days,next_large_move_direction,controls_only,logreg,1,0,0.41367581785441015
2025-01-24,next_day_large_move,all_days,next_large_move_direction,controls_only,logreg,0,0,0.41039857455069045
2025-01-27,next_day_large_move,all_days,next_large_move_direction,controls_only,logreg,1,0,0.4726020212806827
2025-02-06,next_day_large_move,all_days,next_large_move_direction,controls_only,logreg,0,0,0.43999201372574515
2025-02-12,next_day_large_move,all_days,next_large_move_direction,controls_only,logreg,1,1,0.5380650543436554
2025-02-20,next_day_large_move,all_days,next_large_move_direction,controls_only,logreg,0,0,0.45626397260112384
2025-02-26,next_day_large_move,all_days,next_large_move_direction,controls_only,logreg,0,1,0.5646860037053313
2025-02-27,next_day_large_move,all_days,next_large_move_direction,controls_only,logreg,1,1,0.5252026939406554
2025-02-28,next_day_large_move,all_days,next_large_move_direction,controls_only,logreg,0,0,0.4411061817278119
2025-03-03,next_day_large_move,all_days,next_large_move_direction,controls_only,logreg,0,1,0.5627928890568523
2025-03-04,next_day_large_move,all_days,next_large_move_direction,controls_only,logreg,1,1,0.539574245786769
2025-03-05,next_day_large_move,all_days,next_large_move_direction,controls_only,logreg,0,1,0.5302441527658541
2025-03-07,next_day_large_move,all_days,next_large_move_direction,controls_only,logreg,0,0,0.4917545473437465
2025-03-12,next_day_large_move,all_days,next_large_move_direction,controls_only,logreg,0,1,0.6391587266819512
2025-03-13,next_day_large_move,all_days,next_large_move_direction,controls_only,logreg,1,1,0.597265938733503
2025-03-17,next_day_large_move,all_days,next_large_move_direction,controls_only,logreg,0,1,0.5847368886876185
2025-03-18,next_day_large_move,all_days,next_large_move_direction,controls_only,logreg,1,1,0.586419223339329
2025-03-21,next_day_large_move,all_days,next_large_move_direction,controls_only,logreg,1,1,0.5109904511695585
2025-03-25,next_day_large_move,all_days,next_large_move_direction,controls_only,logreg,0,1,0.5344710323428404
2025-03-27,next_day_large_move,all_days,next_large_move_direction,controls_only,logreg,0,0,0.4934782558828094
2025-04-02,next_day_large_move,all_days,next_large_move_direction,controls_only,logreg,0,1,0.5071452180392407
2025-04-03,next_day_large_move,all_days,next_large_move_direction,controls_only,logreg,0,1,0.5294652518706151
2025-04-07,next_day_large_move,all_days,next_large_move_direction,controls_only,logreg,0,1,0.5682180533793075
2025-04-08,next_day_large_move,all_days,next_large_move_direction,controls_only,logreg,1,1,0.6526184217092171
2025-04-09,next_day_large_move,all_days,next_large_move_direction,controls_only,logreg,0,0,0.18455031198310062
2025-04-10,next_day_large_move,all_days,next_large_move_direction,controls_only,logreg,1,0,0.43124587885959703
2025-04-15,next_day_large_move,all_days,next_large_move_direction,controls_only,logreg,0,0,0.3725336975877829
2025-04-17,next_day_large_move,all_days,next_large_move_direction,controls_only,logreg,0,1,0.5388254540974038
2025-04-21,next_day_large_move,all_days,next_large_move_direction,controls_only,logreg,1,1,0.6629444248010998
2025-04-22,next_day_large_move,all_days,next_large_move_direction,controls_only,logreg,1,1,0.5611755299062597
2025-04-23,next_day_large_move,all_days,next_large_move_direction,controls_only,logreg,1,1,0.6321110021361029
2025-05-01,next_day_large_move,all_days,next_large_move_direction,controls_only,logreg,1,0,0.46521413636143955
2025-05-09,next_day_large_move,all_days,next_large_move_direction,controls_only,logreg,1,1,0.5171328064560967
2025-05-20,next_day_large_move,all_days,next_large_move_direction,controls_only,logreg,0,1,0.5160083055952706
2025-05-23,next_day_large_move,all_days,next_large_move_direction,controls_only,logreg,1,0,0.49069901056085796
2025-06-05,next_day_large_move,all_days,next_large_move_direction,controls_only,logreg,1,0,0.44378259728249086
2025-06-12,next_day_large_move,all_days,next_large_move_direction,controls_only,logreg,0,0,0.43294123227267717
2025-06-13,next_day_large_move,all_days,next_large_move_direction,controls_only,logreg,1,0,0.4709031677941643
2025-06-16,next_day_large_move,all_days,next_large_move_direction,controls_only,logreg,0,0,0.4544999650546923
2025-06-20,next_day_large_move,all_days,next_large_move_direction,controls_only,logreg,1,1,0.5067908425576082
2025-06-23,next_day_large_move,all_days,next_large_move_direction,controls_only,logreg,1,0,0.4758677009943011
2025-07-02,next_day_large_move,all_days,next_large_move_direction,controls_only,logreg,1,0,0.4368193402506233
2025-07-31,next_day_large_move,all_days,next_large_move_direction,controls_only,logreg,0,0,0.44416928030543734
2025-08-01,next_day_large_move,all_days,next_large_move_direction,controls_only,logreg,1,0,0.46792881366042705
2025-08-11,next_day_large_move,all_days,next_large_move_direction,controls_only,logreg,1,0,0.4910037402012424
2025-08-21,next_day_large_move,all_days,next_large_move_direction,controls_only,logreg,1,0,0.43514768033726453
2025-09-03,next_day_large_move,all_days,next_large_move_direction,controls_only,logreg,1,1,0.5156951046635303
2025-09-10,next_day_large_move,all_days,next_large_move_direction,controls_only,logreg,1,0,0.4768605702411505
2025-10-09,next_day_large_move,all_days,next_large_move_direction,controls_only,logreg,0,0,0.4839581170202405
2025-10-10,next_day_large_move,all_days,next_large_move_direction,controls_only,logreg,1,0,0.4918371141991818
2025-10-17,next_day_large_move,all_days,next_large_move_direction,controls_only,logreg,1,0,0.3981257393001731
2025-10-24,next_day_large_move,all_days,next_large_move_direction,controls_only,logreg,1,0,0.43587095454775354
2025-10-29,next_day_large_move,all_days,next_large_move_direction,controls_only,logreg,0,0,0.46772038545864986
2025-11-03,next_day_large_move,all_days,next_large_move_direction,controls_only,logreg,0,0,0.4809400238282403
2025-11-05,next_day_large_move,all_days,next_large_move_direction,controls_only,logreg,0,1,0.5108445970445488
2025-11-07,next_day_large_move,all_days,next_large_move_direction,controls_only,logreg,1,1,0.5016139214590437
2025-11-12,next_day_large_move,all_days,next_large_move_direction,controls_only,logreg,0,1,0.538303363356632
2025-11-14,next_day_large_move,all_days,next_large_move_direction,controls_only,logreg,0,0,0.46508944228227067
2025-11-17,next_day_large_move,all_days,next_large_move_direction,controls_only,logreg,0,1,0.5263096403618787
2025-11-19,next_day_large_move,all_days,next_large_move_direction,controls_only,logreg,0,1,0.5439316751784813
2025-11-20,next_day_large_move,all_days,next_large_move_direction,controls_only,logreg,1,0,0.4877103249500318
2025-11-21,next_day_large_move,all_days,next_large_move_direction,controls_only,logreg,1,0,0.4536900889018206
2025-11-24,next_day_large_move,all_days,next_large_move_direction,controls_only,logreg,1,0,0.49609557629081985
2025-12-11,next_day_large_move,all_days,next_large_move_direction,controls_only,logreg,0,0,0.4642979311191981
2025-12-16,next_day_large_move,all_days,next_large_move_direction,controls_only,logreg,0,1,0.5411234753477248
2025-12-18,next_day_large_move,all_days,next_large_move_direction,controls_only,logreg,1,0,0.4975665172984275
2022-02-14,next_day_large_move,all_days,next_large_move_direction,controls_only,random_forest,1,0,0.405
2022-04-28,next_day_large_move,all_days,next_large_move_direction,controls_only,random_forest,0,0,0.38
2022-05-03,next_day_large_move,all_days,next_large_move_direction,controls_only,random_forest,1,1,0.575
2022-05-04,next_day_large_move,all_days,next_large_move_direction,controls_only,random_forest,0,0,0.48
2022-05-06,next_day_large_move,all_days,next_large_move_direction,controls_only,random_forest,0,1,0.535
2022-05-10,next_day_large_move,all_days,next_large_move_direction,controls_only,random_forest,0,1,0.6
2022-05-12,next_day_large_move,all_days,next_large_move_direction,controls_only,random_forest,1,1,0.595
2022-05-16,next_day_large_move,all_days,next_large_move_direction,controls_only,random_forest,1,1,0.59
2022-05-17,next_day_large_move,all_days,next_large_move_direction,controls_only,random_forest,0,0,0.44
2022-05-20,next_day_large_move,all_days,next_large_move_direction,controls_only,random_forest,1,1,0.645
2022-05-23,next_day_large_move,all_days,next_large_move_direction,controls_only,random_forest,0,1,0.54
2022-05-24,next_day_large_move,all_days,next_large_move_direction,controls_only,random_forest,1,1,0.64
2022-05-25,next_day_large_move,all_days,next_large_move_direction,controls_only,random_forest,1,1,0.55
2022-05-26,next_day_large_move,all_days,next_large_move_direction,controls_only,random_forest,1,0,0.285
2022-06-01,next_day_large_move,all_days,next_large_move_direction,controls_only,random_forest,1,0,0.49
2022-06-02,next_day_large_move,all_days,next_large_move_direction,controls_only,random_forest,0,0,0.285
2022-06-06,next_day_large_move,all_days,next_large_move_direction,controls_only,random_forest,1,1,0.51
2022-06-07,next_day_large_move,all_days,next_large_move_direction,controls_only,random_forest,0,1,0.525
2022-06-08,next_day_large_move,all_days,next_large_move_direction,controls_only,random_forest,0,1,0.53
2022-06-09,next_day_large_move,all_days,next_large_move_direction,controls_only,random_forest,0,0,0.475
2022-06-10,next_day_large_move,all_days,next_large_move_direction,controls_only,random_forest,0,1,0.71
2022-06-14,next_day_large_move,all_days,next_large_move_direction,controls_only,random_forest,1,1,0.625
2022-06-15,next_day_large_move,all_days,next_large_move_direction,controls_only,random_forest,0,1,0.73
2022-06-17,next_day_large_move,all_days,next_large_move_direction,controls_only,random_forest,1,1,0.52
2022-06-22,next_day_large_move,all_days,next_large_move_direction,controls_only,random_forest,1,1,0.66
2022-06-23,next_day_large_move,all_days,next_large_move_direction,controls_only,random_forest,1,1,0.525
2022-06-27,next_day_large_move,all_days,next_large_move_direction,controls_only,random_forest,0,0,0.48
2022-06-29,next_day_large_move,all_days,next_large_move_direction,controls_only,random_forest,0,1,0.575
2022-06-30,next_day_large_move,all_days,next_large_move_direction,controls_only,random_forest,1,1,0.57
2022-07-06,next_day_large_move,all_days,next_large_move_direction,controls_only,random_forest,1,1,0.505
2022-07-08,next_day_large_move,all_days,next_large_move_direction,controls_only,random_forest,0,1,0.52
2022-07-11,next_day_large_move,all_days,next_large_move_direction,controls_only,random_forest,0,1,0.59
2022-07-14,next_day_large_move,all_days,next_large_move_direction,controls_only,random_forest,1,1,0.7
2022-07-15,next_day_large_move,all_days,next_large_move_direction,controls_only,random_forest,0,1,0.545
2022-07-18,next_day_large_move,all_days,next_large_move_direction,controls_only,random_forest,1,1,0.625
2022-07-20,next_day_large_move,all_days,next_large_move_direction,controls_only,random_forest,1,1,0.54
2022-07-21,next_day_large_move,all_days,next_large_move_direction,controls_only,random_forest,0,1,0.675
2022-07-25,next_day_large_move,all_days,next_large_move_direction,controls_only,random_forest,0,1,0.61
2022-07-26,next_day_large_move,all_days,next_large_move_direction,controls_only,random_forest,1,0,0.475
2022-07-27,next_day_large_move,all_days,next_large_move_direction,controls_only,random_forest,1,0,0.495
2022-08-02,next_day_large_move,all_days,next_large_move_direction,controls_only,random_forest,1,1,0.67
2022-08-09,next_day_large_move,all_days,next_large_move_direction,controls_only,random_forest,1,1,0.735
2022-08-11,next_day_large_move,all_days,next_large_move_direction,controls_only,random_forest,1,1,0.68
2022-08-18,next_day_large_move,all_days,next_large_move_direction,controls_only,random_forest,0,1,0.65
2022-08-19,next_day_large_move,all_days,next_large_move_direction,controls_only,random_forest,0,1,0.62
2022-08-24,next_day_large_move,all_days,next_large_move_direction,controls_only,random_forest,1,1,0.605
2022-08-25,next_day_large_move,all_days,next_large_move_direction,controls_only,random_forest,0,1,0.59
2022-08-29,next_day_large_move,all_days,next_large_move_direction,controls_only,random_forest,0,1,0.675
2022-09-01,next_day_large_move,all_days,next_large_move_direction,controls_only,random_forest,0,1,0.715
2022-09-06,next_day_large_move,all_days,next_large_move_direction,controls_only,random_forest,1,1,0.64
2022-09-08,next_day_large_move,all_days,next_large_move_direction,controls_only,random_forest,1,1,0.73
2022-09-09,next_day_large_move,all_days,next_large_move_direction,controls_only,random_forest,1,1,0.68
2022-09-12,next_day_large_move,all_days,next_large_move_direction,controls_only,random_forest,0,1,0.58
2022-09-14,next_day_large_move,all_days,next_large_move_direction,controls_only,random_forest,0,0,0.44
2022-09-19,next_day_large_move,all_days,next_large_move_direction,controls_only,random_forest,0,1,0.81
2022-09-20,next_day_large_move,all_days,next_large_move_direction,controls_only,random_forest,0,0,0.495
2022-09-21,next_day_large_move,all_days,next_large_move_direction,controls_only,random_forest,0,0,0.465
2022-09-22,next_day_large_move,all_days,next_large_move_direction,controls_only,random_forest,0,0,0.46
2022-09-23,next_day_large_move,all_days,next_large_move_direction,controls_only,random_forest,0,0,0.465
2022-09-27,next_day_large_move,all_days,next_large_move_direction,controls_only,random_forest,1,1,0.595
2022-09-28,next_day_large_move,all_days,next_large_move_direction,controls_only,random_forest,0,1,0.69
2022-09-29,next_day_large_move,all_days,next_large_move_direction,controls_only,random_forest,0,1,0.7
2022-09-30,next_day_large_move,all_days,next_large_move_direction,controls_only,random_forest,1,1,0.585
2022-10-03,next_day_large_move,all_days,next_large_move_direction,controls_only,random_forest,1,0,0.49
2022-10-05,next_day_large_move,all_days,next_large_move_direction,controls_only,random_forest,0,1,0.56
2022-10-06,next_day_large_move,all_days,next_large_move_direction,controls_only,random_forest,0,0,0.41
2022-10-12,next_day_large_move,all_days,next_large_move_direction,controls_only,random_forest,1,0,0.495
2022-10-13,next_day_large_move,all_days,next_large_move_direction,controls_only,random_forest,0,0,0.445
2022-10-14,next_day_large_move,all_days,next_large_move_direction,controls_only,random_forest,1,1,0.68
2022-10-17,next_day_large_move,all_days,next_large_move_direction,controls_only,random_forest,1,0,0.42
2022-10-20,next_day_large_move,all_days,next_large_move_direction,controls_only,random_forest,1,1,0.57
2022-10-21,next_day_large_move,all_days,next_large_move_direction,controls_only,random_forest,1,0,0.46
2022-10-24,next_day_large_move,all_days,next_large_move_direction,controls_only,random_forest,1,0,0.41
2022-10-27,next_day_large_move,all_days,next_large_move_direction,controls_only,random_forest,1,0,0.48
2022-11-01,next_day_large_move,all_days,next_large_move_direction,controls_only,random_forest,0,1,0.555
2022-11-02,next_day_large_move,all_days,next_large_move_direction,controls_only,random_forest,0,1,0.56
2022-11-03,next_day_large_move,all_days,next_large_move_direction,controls_only,random_forest,1,1,0.53
2022-11-04,next_day_large_move,all_days,next_large_move_direction,controls_only,random_forest,1,1,0.54
2022-11-08,next_day_large_move,all_days,next_large_move_direction,controls_only,random_forest,0,1,0.74
2022-11-09,next_day_large_move,all_days,next_large_move_direction,controls_only,random_forest,1,0,0.465
2022-11-10,next_day_large_move,all_days,next_large_move_direction,controls_only,random_forest,1,0,0.42
2022-11-11,next_day_large_move,all_days,next_large_move_direction,controls_only,random_forest,0,0,0.475
2022-11-14,next_day_large_move,all_days,next_large_move_direction,controls_only,random_forest,1,1,0.63
2022-11-15,next_day_large_move,all_days,next_large_move_direction,controls_only,random_forest,0,0,0.495
2022-11-21,next_day_large_move,all_days,next_large_move_direction,controls_only,random_forest,1,1,0.53
2022-11-25,next_day_large_move,all_days,next_large_move_direction,controls_only,random_forest,0,1,0.545
2022-11-29,next_day_large_move,all_days,next_large_move_direction,controls_only,random_forest,1,0,0.415
2022-12-02,next_day_large_move,all_days,next_large_move_direction,controls_only,random_forest,0,1,0.63
2022-12-05,next_day_large_move,all_days,next_large_move_direction,controls_only,random_forest,0,1,0.59
2022-12-09,next_day_large_move,all_days,next_large_move_direction,controls_only,random_forest,1,1,0.515
2022-12-14,next_day_large_move,all_days,next_large_move_direction,controls_only,random_forest,0,1,0.585
2022-12-15,next_day_large_move,all_days,next_large_move_direction,controls_only,random_forest,0,1,0.555
2022-12-16,next_day_large_move,all_days,next_large_move_direction,controls_only,random_forest,0,0,0.28
2022-12-20,next_day_large_move,all_days,next_large_move_direction,controls_only,random_forest,1,0,0.415
2022-12-21,next_day_large_move,all_days,next_large_move_direction,controls_only,random_forest,0,1,0.745
2022-12-27,next_day_large_move,all_days,next_large_move_direction,controls_only,random_forest,0,1,0.56
2022-12-28,next_day_large_move,all_days,next_large_move_direction,controls_only,random_forest,1,1,0.735
2023-01-04,next_day_large_move,all_days,next_large_move_direction,controls_only,random_forest,0,1,0.621710071366599
2023-01-05,next_day_large_move,all_days,next_large_move_direction,controls_only,random_forest,1,1,0.5666493482106293
2023-01-10,next_day_large_move,all_days,next_large_move_direction,controls_only,random_forest,1,1,0.6390585829607496
2023-01-17,next_day_large_move,all_days,next_large_move_direction,controls_only,random_forest,0,1,0.5053407450713654
2023-01-19,next_day_large_move,all_days,next_large_move_direction,controls_only,random_forest,1,0,0.4837278117318723
2023-01-20,next_day_large_move,all_days,next_large_move_direction,controls_only,random_forest,1,1,0.5481463987651751
2023-01-25,next_day_large_move,all_days,next_large_move_direction,controls_only,random_forest,1,1,0.5904219879739163
2023-01-27,next_day_large_move,all_days,next_large_move_direction,controls_only,random_forest,0,1,0.5259370559842824
2023-01-30,next_day_large_move,all_days,next_large_move_direction,controls_only,random_forest,1,1,0.532022787540628
2023-01-31,next_day_large_move,all_days,next_large_move_direction,controls_only,random_forest,1,1,0.6101130639173811
2023-02-01,next_day_large_move,all_days,next_large_move_direction,controls_only,random_forest,1,1,0.6255713986935167
2023-02-02,next_day_large_move,all_days,next_large_move_direction,controls_only,random_forest,0,0,0.44830540730913504
2023-02-06,next_day_large_move,all_days,next_large_move_direction,controls_only,random_forest,1,1,0.5701208572966779
2023-02-07,next_day_large_move,all_days,next_large_move_direction,controls_only,random_forest,0,1,0.5958214113741884
2023-02-08,next_day_large_move,all_days,next_large_move_direction,controls_only,random_forest,0,1,0.6082284355881145
2023-02-10,next_day_large_move,all_days,next_large_move_direction,controls_only,random_forest,1,0,0.4160042973866281
2023-02-15,next_day_large_move,all_days,next_large_move_direction,controls_only,random_forest,0,1,0.6493195605257772
2023-02-17,next_day_large_move,all_days,next_large_move_direction,controls_only,random_forest,0,0,0.3844051747727981
2023-02-23,next_day_large_move,all_days,next_large_move_direction,controls_only,random_forest,0,1,0.5660511147792883
2023-03-02,next_day_large_move,all_days,next_large_move_direction,controls_only,random_forest,1,0,0.48415951785620237
2023-03-06,next_day_large_move,all_days,next_large_move_direction,controls_only,random_forest,0,1,0.5448472462534053
2023-03-08,next_day_large_move,all_days,next_large_move_direction,controls_only,random_forest,0,0,0.4922200145215502
2023-03-09,next_day_large_move,all_days,next_large_move_direction,controls_only,random_forest,0,0,0.4527967592170642
2023-03-13,next_day_large_move,all_days,next_large_move_direction,controls_only,random_forest,1,0,0.46390300301810794
2023-03-15,next_day_large_move,all_days,next_large_move_direction,controls_only,random_forest,1,1,0.5493579098784249
2023-03-16,next_day_large_move,all_days,next_large_move_direction,controls_only,random_forest,0,1,0.5825455663351217
2023-03-17,next_day_large_move,all_days,next_large_move_direction,controls_only,random_forest,1,1,0.5989926735869984
2023-03-20,next_day_large_move,all_days,next_large_move_direction,controls_only,random_forest,1,1,0.6674342955090435
2023-03-21,next_day_large_move,all_days,next_large_move_direction,controls_only,random_forest,0,1,0.5755956209926566
2023-03-28,next_day_large_move,all_days,next_large_move_direction,controls_only,random_forest,1,1,0.5261279698285677
2023-03-30,next_day_large_move,all_days,next_large_move_direction,controls_only,random_forest,1,1,0.6377997380758427
2023-04-12,next_day_large_move,all_days,next_large_move_direction,controls_only,random_forest,1,1,0.5801362651593829
2023-04-24,next_day_large_move,all_days,next_large_move_direction,controls_only,random_forest,0,0,0.44326393086279603
2023-04-26,next_day_large_move,all_days,next_large_move_direction,controls_only,random_forest,1,1,0.5854513403218214
2023-04-27,next_day_large_move,all_days,next_large_move_direction,controls_only,random_forest,1,0,0.47801124893959934
2023-05-01,next_day_large_move,all_days,next_large_move_direction,controls_only,random_forest,0,1,0.5381418863044631
2023-05-04,next_day_large_move,all_days,next_large_move_direction,controls_only,random_forest,1,0,0.42646918102419007
2023-05-16,next_day_large_move,all_days,next_large_move_direction,controls_only,random_forest,1,1,0.5474869486882029
2023-05-17,next_day_large_move,all_days,next_large_move_direction,controls_only,random_forest,1,0,0.4537956399500166
2023-05-22,next_day_large_move,all_days,next_large_move_direction,controls_only,random_forest,0,1,0.5807518133950341
2023-05-24,next_day_large_move,all_days,next_large_move_direction,controls_only,random_forest,1,0,0.4696901514286305
2023-05-25,next_day_large_move,all_days,next_large_move_direction,controls_only,random_forest,1,0,0.42253226566931495
2023-05-31,next_day_large_move,all_days,next_large_move_direction,controls_only,random_forest,1,0,0.4720481023450415
2023-06-01,next_day_large_move,all_days,next_large_move_direction,controls_only,random_forest,1,1,0.5452375112160585
2023-06-09,next_day_large_move,all_days,next_large_move_direction,controls_only,random_forest,1,0,0.4987733246490731
2023-06-14,next_day_large_move,all_days,next_large_move_direction,controls_only,random_forest,1,1,0.5619108774110385
2023-06-26,next_day_large_move,all_days,next_large_move_direction,controls_only,random_forest,1,1,0.5912154244102933
2023-06-29,next_day_large_move,all_days,next_large_move_direction,controls_only,random_forest,1,0,0.4731084241100948
2023-07-12,next_day_large_move,all_days,next_large_move_direction,controls_only,random_forest,1,0,0.4420703978423191
2023-07-27,next_day_large_move,all_days,next_large_move_direction,controls_only,random_forest,1,1,0.5135965278538375
2023-08-01,next_day_large_move,all_days,next_large_move_direction,controls_only,random_forest,0,0,0.33935794327977203
2023-08-04,next_day_large_move,all_days,next_large_move_direction,controls_only,random_forest,1,1,0.546302336290554
2023-08-14,next_day_large_move,all_days,next_large_move_direction,controls_only,random_forest,0,1,0.5093594271211969
2023-08-22,next_day_large_move,all_days,next_large_move_direction,controls_only,random_forest,1,1,0.6136758649019122
2023-08-23,next_day_large_move,all_days,next_large_move_direction,controls_only,random_forest,0,1,0.5517687320360054
2023-08-28,next_day_large_move,all_days,next_large_move_direction,controls_only,random_forest,1,1,0.533765529488447
2023-09-13,next_day_large_move,all_days,next_large_move_direction,controls_only,random_forest,1,0,0.3926078394427581
2023-09-14,next_day_large_move,all_days,next_large_move_direction,controls_only,random_forest,0,0,0.44825194333447804
2023-09-19,next_day_large_move,all_days,next_large_move_direction,controls_only,random_forest,0,0,0.44108938682265025
2023-09-20,next_day_large_move,all_days,next_large_move_direction,controls_only,random_forest,0,0,0.4837788430241843
2023-09-25,next_day_large_move,all_days,next_large_move_direction,controls_only,random_forest,0,1,0.5178001012355737
2023-10-02,next_day_large_move,all_days,next_large_move_direction,controls_only,random_forest,0,1,0.6009160886856013
2023-10-05,next_day_large_move,all_days,next_large_move_direction,controls_only,random_forest,1,0,0.49212939991432564
2023-10-13,next_day_large_move,all_days,next_large_move_direction,controls_only,random_forest,1,0,0.47725264233342135
2023-10-17,next_day_large_move,all_days,next_large_move_direction,controls_only,random_forest,0,1,0.5198763717147437
2023-10-18,next_day_large_move,all_days,next_large_move_direction,controls_only,random_forest,0,0,0.46692089742158904
2023-10-19,next_day_large_move,all_days,next_large_move_direction,controls_only,random_forest,0,1,0.5076503296709833
2023-10-24,next_day_large_move,all_days,next_large_move_direction,controls_only,random_forest,0,1,0.5451441913299848
2023-10-25,next_day_large_move,all_days,next_large_move_direction,controls_only,random_forest,0,1,0.5284694632229585
2023-10-27,next_day_large_move,all_days,next_large_move_direction,controls_only,random_forest,1,1,0.5165939782320467
2023-10-31,next_day_large_move,all_days,next_large_move_direction,controls_only,random_forest,1,1,0.5437512165907544
2023-11-01,next_day_large_move,all_days,next_large_move_direction,controls_only,random_forest,1,1,0.5410018937200247
2023-11-02,next_day_large_move,all_days,next_large_move_direction,controls_only,random_forest,1,0,0.3831333633299817
2023-11-09,next_day_large_move,all_days,next_large_move_direction,controls_only,random_forest,1,1,0.5152545956134099
2023-11-13,next_day_large_move,all_days,next_large_move_direction,controls_only,random_forest,1,1,0.5750991417563399
2023-12-12,next_day_large_move,all_days,next_large_move_direction,controls_only,random_forest,1,1,0.5137798678623205
2023-12-19,next_day_large_move,all_days,next_large_move_direction,controls_only,random_forest,0,0,0.4793712750114802
2023-12-20,next_day_large_move,all_days,next_large_move_direction,controls_only,random_forest,1,0,0.42503499284467544
2024-01-05,next_day_large_move,all_days,next_large_move_direction,controls_only,random_forest,1,1,0.585
2024-01-17,next_day_large_move,all_days,next_large_move_direction,controls_only,random_forest,1,1,0.505
2024-01-18,next_day_large_move,all_days,next_large_move_direction,controls_only,random_forest,1,0,0.345
2024-01-30,next_day_large_move,all_days,next_large_move_direction,controls_only,random_forest,0,0,0.45
2024-01-31,next_day_large_move,all_days,next_large_move_direction,controls_only,random_forest,1,1,0.655
2024-02-01,next_day_large_move,all_days,next_large_move_direction,controls_only,random_forest,1,1,0.57
2024-02-06,next_day_large_move,all_days,next_large_move_direction,controls_only,random_forest,1,1,0.575
2024-02-12,next_day_large_move,all_days,next_large_move_direction,controls_only,random_forest,0,1,0.635
2024-02-13,next_day_large_move,all_days,next_large_move_direction,controls_only,random_forest,1,1,0.58
2024-02-21,next_day_large_move,all_days,next_large_move_direction,controls_only,random_forest,1,0,0.385
2024-03-04,next_day_large_move,all_days,next_large_move_direction,controls_only,random_forest,0,1,0.645
2024-03-06,next_day_large_move,all_days,next_large_move_direction,controls_only,random_forest,1,1,0.51
2024-03-11,next_day_large_move,all_days,next_large_move_direction,controls_only,random_forest,1,0,0.36
2024-03-19,next_day_large_move,all_days,next_large_move_direction,controls_only,random_forest,1,0,0.44
2024-03-26,next_day_large_move,all_days,next_large_move_direction,controls_only,random_forest,1,0,0.37
2024-04-03,next_day_large_move,all_days,next_large_move_direction,controls_only,random_forest,0,0,0.405
2024-04-04,next_day_large_move,all_days,next_large_move_direction,controls_only,random_forest,1,1,0.65
2024-04-09,next_day_large_move,all_days,next_large_move_direction,controls_only,random_forest,0,0,0.37
2024-04-11,next_day_large_move,all_days,next_large_move_direction,controls_only,random_forest,0,0,0.385
2024-04-12,next_day_large_move,all_days,next_large_move_direction,controls_only,random_forest,0,0,0.475
2024-04-18,next_day_large_move,all_days,next_large_move_direction,controls_only,random_forest,0,1,0.655
2024-04-19,next_day_large_move,all_days,next_large_move_direction,controls_only,random_forest,1,1,0.71
2024-04-22,next_day_large_move,all_days,next_large_move_direction,controls_only,random_forest,1,1,0.725
2024-04-25,next_day_large_move,all_days,next_large_move_direction,controls_only,random_forest,1,1,0.53
2024-04-29,next_day_large_move,all_days,next_large_move_direction,controls_only,random_forest,0,0,0.5
2024-05-01,next_day_large_move,all_days,next_large_move_direction,controls_only,random_forest,1,0,0.35
2024-05-02,next_day_large_move,all_days,next_large_move_direction,controls_only,random_forest,1,1,0.63
2024-05-03,next_day_large_move,all_days,next_large_move_direction,controls_only,random_forest,1,0,0.435
2024-05-14,next_day_large_move,all_days,next_large_move_direction,controls_only,random_forest,1,1,0.605
2024-06-04,next_day_large_move,all_days,next_large_move_direction,controls_only,random_forest,1,0,0.41
2024-06-11,next_day_large_move,all_days,next_large_move_direction,controls_only,random_forest,1,0,0.245
2024-07-09,next_day_large_move,all_days,next_large_move_direction,controls_only,random_forest,1,1,0.59
2024-07-10,next_day_large_move,all_days,next_large_move_direction,controls_only,random_forest,0,1,0.555
2024-07-16,next_day_large_move,all_days,next_large_move_direction,controls_only,random_forest,0,0,0.435
2024-07-19,next_day_large_move,all_days,next_large_move_direction,controls_only,random_forest,1,1,0.585
2024-07-23,next_day_large_move,all_days,next_large_move_direction,controls_only,random_forest,0,1,0.55
2024-07-25,next_day_large_move,all_days,next_large_move_direction,controls_only,random_forest,1,1,0.61
2024-07-30,next_day_large_move,all_days,next_large_move_direction,controls_only,random_forest,1,1,0.68
2024-07-31,next_day_large_move,all_days,next_large_move_direction,controls_only,random_forest,0,1,0.545
2024-08-01,next_day_large_move,all_days,next_large_move_direction,controls_only,random_forest,0,1,0.545
2024-08-02,next_day_large_move,all_days,next_large_move_direction,controls_only,random_forest,0,0,0.305
2024-08-05,next_day_large_move,all_days,next_large_move_direction,controls_only,random_forest,1,1,0.575
2024-08-07,next_day_large_move,all_days,next_large_move_direction,controls_only,random_forest,1,1,0.72
2024-08-12,next_day_large_move,all_days,next_large_move_direction,controls_only,random_forest,1,0,0.4
2024-08-14,next_day_large_move,all_days,next_large_move_direction,controls_only,random_forest,1,0,0.475
2024-08-16,next_day_large_move,all_days,next_large_move_direction,controls_only,random_forest,1,1,0.51
2024-08-21,next_day_large_move,all_days,next_large_move_direction,controls_only,random_forest,0,1,0.635
2024-08-22,next_day_large_move,all_days,next_large_move_direction,controls_only,random_forest,1,1,0.68
2024-08-29,next_day_large_move,all_days,next_large_move_direction,controls_only,random_forest,1,1,0.66
2024-08-30,next_day_large_move,all_days,next_large_move_direction,controls_only,random_forest,0,1,0.625
2024-09-05,next_day_large_move,all_days,next_large_move_direction,controls_only,random_forest,0,1,0.595
2024-09-06,next_day_large_move,all_days,next_large_move_direction,controls_only,random_forest,1,0,0.34
2024-09-10,next_day_large_move,all_days,next_large_move_direction,controls_only,random_forest,1,1,0.645
2024-09-18,next_day_large_move,all_days,next_large_move_direction,controls_only,random_forest,1,1,0.55
2024-09-30,next_day_large_move,all_days,next_large_move_direction,controls_only,random_forest,0,0,0.435
2024-10-03,next_day_large_move,all_days,next_large_move_direction,controls_only,random_forest,1,1,0.625
2024-10-04,next_day_large_move,all_days,next_large_move_direction,controls_only,random_forest,0,1,0.57
2024-10-07,next_day_large_move,all_days,next_large_move_direction,controls_only,random_forest,1,1,0.63
2024-10-22,next_day_large_move,all_days,next_large_move_direction,controls_only,random_forest,0,0,0.3
2024-10-30,next_day_large_move,all_days,next_large_move_direction,controls_only,random_forest,0,0,0.3
2024-11-04,next_day_large_move,all_days,next_large_move_direction,controls_only,random_forest,1,0,0.415
2024-11-05,next_day_large_move,all_days,next_large_move_direction,controls_only,random_forest,1,1,0.53
2024-11-14,next_day_large_move,all_days,next_large_move_direction,controls_only,random_forest,0,0,0.44
2024-12-10,next_day_large_move,all_days,next_large_move_direction,controls_only,random_forest,1,1,0.505
2024-12-17,next_day_large_move,all_days,next_large_move_direction,controls_only,random_forest,0,1,0.54
2024-12-19,next_day_large_move,all_days,next_large_move_direction,controls_only,random_forest,1,1,0.545
2024-12-23,next_day_large_move,all_days,next_large_move_direction,controls_only,random_forest,1,0,0.49
2024-12-26,next_day_large_move,all_days,next_large_move_direction,controls_only,random_forest,0,0,0.47
2024-12-27,next_day_large_move,all_days,next_large_move_direction,controls_only,random_forest,0,0,0.415
2025-01-02,next_day_large_move,all_days,next_large_move_direction,controls_only,random_forest,1,1,0.62
2025-01-06,next_day_large_move,all_days,next_large_move_direction,controls_only,random_forest,0,1,0.565
2025-01-08,next_day_large_move,all_days,next_large_move_direction,controls_only,random_forest,0,0,0.415
2025-01-14,next_day_large_move,all_days,next_large_move_direction,controls_only,random_forest,1,0,0.355
2025-01-16,next_day_large_move,all_days,next_large_move_direction,controls_only,random_forest,1,1,0.735
2025-01-17,next_day_large_move,all_days,next_large_move_direction,controls_only,random_forest,1,1,0.705
2025-01-24,next_day_large_move,all_days,next_large_move_direction,controls_only,random_forest,0,0,0.435
2025-01-27,next_day_large_move,all_days,next_large_move_direction,controls_only,random_forest,1,1,0.54
2025-02-06,next_day_large_move,all_days,next_large_move_direction,controls_only,random_forest,0,1,0.535
2025-02-12,next_day_large_move,all_days,next_large_move_direction,controls_only,random_forest,1,1,0.645
2025-02-20,next_day_large_move,all_days,next_large_move_direction,controls_only,random_forest,0,0,0.3
2025-02-26,next_day_large_move,all_days,next_large_move_direction,controls_only,random_forest,0,1,0.705
2025-02-27,next_day_large_move,all_days,next_large_move_direction,controls_only,random_forest,1,0,0.425
2025-02-28,next_day_large_move,all_days,next_large_move_direction,controls_only,random_forest,0,1,0.57
2025-03-03,next_day_large_move,all_days,next_large_move_direction,controls_only,random_forest,0,0,0.415
2025-03-04,next_day_large_move,all_days,next_large_move_direction,controls_only,random_forest,1,1,0.52
2025-03-05,next_day_large_move,all_days,next_large_move_direction,controls_only,random_forest,0,1,0.525
2025-03-07,next_day_large_move,all_days,next_large_move_direction,controls_only,random_forest,0,1,0.8
2025-03-12,next_day_large_move,all_days,next_large_move_direction,controls_only,random_forest,0,1,0.805
2025-03-13,next_day_large_move,all_days,next_large_move_direction,controls_only,random_forest,1,1,0.565
2025-03-17,next_day_large_move,all_days,next_large_move_direction,controls_only,random_forest,0,1,0.805
2025-03-18,next_day_large_move,all_days,next_large_move_direction,controls_only,random_forest,1,1,0.645
2025-03-21,next_day_large_move,all_days,next_large_move_direction,controls_only,random_forest,1,1,0.535
2025-03-25,next_day_large_move,all_days,next_large_move_direction,controls_only,random_forest,0,1,0.695
2025-03-27,next_day_large_move,all_days,next_large_move_direction,controls_only,random_forest,0,1,0.55
2025-04-02,next_day_large_move,all_days,next_large_move_direction,controls_only,random_forest,0,1,0.71
2025-04-03,next_day_large_move,all_days,next_large_move_direction,controls_only,random_forest,0,1,0.62
2025-04-07,next_day_large_move,all_days,next_large_move_direction,controls_only,random_forest,0,1,0.655
2025-04-08,next_day_large_move,all_days,next_large_move_direction,controls_only,random_forest,1,1,0.655
2025-04-09,next_day_large_move,all_days,next_large_move_direction,controls_only,random_forest,0,0,0.435
2025-04-10,next_day_large_move,all_days,next_large_move_direction,controls_only,random_forest,1,0,0.475
2025-04-15,next_day_large_move,all_days,next_large_move_direction,controls_only,random_forest,0,0,0.375
2025-04-17,next_day_large_move,all_days,next_large_move_direction,controls_only,random_forest,0,1,0.615
2025-04-21,next_day_large_move,all_days,next_large_move_direction,controls_only,random_forest,1,1,0.575
2025-04-22,next_day_large_move,all_days,next_large_move_direction,controls_only,random_forest,1,1,0.58
2025-04-23,next_day_large_move,all_days,next_large_move_direction,controls_only,random_forest,1,1,0.61
2025-05-01,next_day_large_move,all_days,next_large_move_direction,controls_only,random_forest,1,1,0.535
2025-05-09,next_day_large_move,all_days,next_large_move_direction,controls_only,random_forest,1,1,0.605
2025-05-20,next_day_large_move,all_days,next_large_move_direction,controls_only,random_forest,0,1,0.65
2025-05-23,next_day_large_move,all_days,next_large_move_direction,controls_only,random_forest,1,1,0.59
2025-06-05,next_day_large_move,all_days,next_large_move_direction,controls_only,random_forest,1,1,0.73
2025-06-12,next_day_large_move,all_days,next_large_move_direction,controls_only,random_forest,0,0,0.455
2025-06-13,next_day_large_move,all_days,next_large_move_direction,controls_only,random_forest,1,0,0.44
2025-06-16,next_day_large_move,all_days,next_large_move_direction,controls_only,random_forest,0,1,0.655
2025-06-20,next_day_large_move,all_days,next_large_move_direction,controls_only,random_forest,1,1,0.505
2025-06-23,next_day_large_move,all_days,next_large_move_direction,controls_only,random_forest,1,1,0.7
2025-07-02,next_day_large_move,all_days,next_large_move_direction,controls_only,random_forest,1,1,0.52
2025-07-31,next_day_large_move,all_days,next_large_move_direction,controls_only,random_forest,0,1,0.575
2025-08-01,next_day_large_move,all_days,next_large_move_direction,controls_only,random_forest,1,1,0.66
2025-08-11,next_day_large_move,all_days,next_large_move_direction,controls_only,random_forest,1,0,0.41
2025-08-21,next_day_large_move,all_days,next_large_move_direction,controls_only,random_forest,1,1,0.64
2025-09-03,next_day_large_move,all_days,next_large_move_direction,controls_only,random_forest,1,0,0.43
2025-09-10,next_day_large_move,all_days,next_large_move_direction,controls_only,random_forest,1,1,0.565
2025-10-09,next_day_large_move,all_days,next_large_move_direction,controls_only,random_forest,0,1,0.565
2025-10-10,next_day_large_move,all_days,next_large_move_direction,controls_only,random_forest,1,0,0.49
2025-10-17,next_day_large_move,all_days,next_large_move_direction,controls_only,random_forest,1,0,0.415
2025-10-24,next_day_large_move,all_days,next_large_move_direction,controls_only,random_forest,1,0,0.495
2025-10-29,next_day_large_move,all_days,next_large_move_direction,controls_only,random_forest,0,1,0.675
2025-11-03,next_day_large_move,all_days,next_large_move_direction,controls_only,random_forest,0,0,0.485
2025-11-05,next_day_large_move,all_days,next_large_move_direction,controls_only,random_forest,0,1,0.565
2025-11-07,next_day_large_move,all_days,next_large_move_direction,controls_only,random_forest,1,1,0.535
2025-11-12,next_day_large_move,all_days,next_large_move_direction,controls_only,random_forest,0,1,0.645
2025-11-14,next_day_large_move,all_days,next_large_move_direction,controls_only,random_forest,0,0,0.44
2025-11-17,next_day_large_move,all_days,next_large_move_direction,controls_only,random_forest,0,1,0.545
2025-11-19,next_day_large_move,all_days,next_large_move_direction,controls_only,random_forest,0,1,0.545
2025-11-20,next_day_large_move,all_days,next_large_move_direction,controls_only,random_forest,1,0,0.405
2025-11-21,next_day_large_move,all_days,next_large_move_direction,controls_only,random_forest,1,1,0.555
2025-11-24,next_day_large_move,all_days,next_large_move_direction,controls_only,random_forest,1,1,0.635
2025-12-11,next_day_large_move,all_days,next_large_move_direction,controls_only,random_forest,0,0,0.47
2025-12-16,next_day_large_move,all_days,next_large_move_direction,controls_only,random_forest,0,0,0.435
2025-12-18,next_day_large_move,all_days,next_large_move_direction,controls_only,random_forest,1,1,0.595
2022-02-14,next_day_large_move,all_days,next_large_move_direction,controls_only,gradient_boosting,1,0,0.38470757743678435
2022-04-28,next_day_large_move,all_days,next_large_move_direction,controls_only,gradient_boosting,0,0,0.39119164299251447
2022-05-03,next_day_large_move,all_days,next_large_move_direction,controls_only,gradient_boosting,1,1,0.5858161720960604
2022-05-04,next_day_large_move,all_days,next_large_move_direction,controls_only,gradient_boosting,0,0,0.4394692219351993
2022-05-06,next_day_large_move,all_days,next_large_move_direction,controls_only,gradient_boosting,0,1,0.5791750867547726
2022-05-10,next_day_large_move,all_days,next_large_move_direction,controls_only,gradient_boosting,0,1,0.61221197697625
2022-05-12,next_day_large_move,all_days,next_large_move_direction,controls_only,gradient_boosting,1,1,0.6061900407566808
2022-05-16,next_day_large_move,all_days,next_large_move_direction,controls_only,gradient_boosting,1,1,0.617155028493528
2022-05-17,next_day_large_move,all_days,next_large_move_direction,controls_only,gradient_boosting,0,1,0.5952184605515848
2022-05-20,next_day_large_move,all_days,next_large_move_direction,controls_only,gradient_boosting,1,1,0.618674962666088
2022-05-23,next_day_large_move,all_days,next_large_move_direction,controls_only,gradient_boosting,0,1,0.5791750867547726
2022-05-24,next_day_large_move,all_days,next_large_move_direction,controls_only,gradient_boosting,1,1,0.6099031872369469
2022-05-25,next_day_large_move,all_days,next_large_move_direction,controls_only,gradient_boosting,1,1,0.5670503854201501
2022-05-26,next_day_large_move,all_days,next_large_move_direction,controls_only,gradient_boosting,1,0,0.4929568204564569
2022-06-01,next_day_large_move,all_days,next_large_move_direction,controls_only,gradient_boosting,1,0,0.47012008143388984
2022-06-02,next_day_large_move,all_days,next_large_move_direction,controls_only,gradient_boosting,0,0,0.4929568204564569
2022-06-06,next_day_large_move,all_days,next_large_move_direction,controls_only,gradient_boosting,1,0,0.47012008143388984
2022-06-07,next_day_large_move,all_days,next_large_move_direction,controls_only,gradient_boosting,0,1,0.5444669893058138
2022-06-08,next_day_large_move,all_days,next_large_move_direction,controls_only,gradient_boosting,0,1,0.5479694402399824
2022-06-09,next_day_large_move,all_days,next_large_move_direction,controls_only,gradient_boosting,0,1,0.5816867457159001
2022-06-10,next_day_large_move,all_days,next_large_move_direction,controls_only,gradient_boosting,0,1,0.5999693484727164
2022-06-14,next_day_large_move,all_days,next_large_move_direction,controls_only,gradient_boosting,1,1,0.6143153062613982
2022-06-15,next_day_large_move,all_days,next_large_move_direction,controls_only,gradient_boosting,0,1,0.5944287583770191
2022-06-17,next_day_large_move,all_days,next_large_move_direction,controls_only,gradient_boosting,1,0,0.3653579430652059
2022-06-22,next_day_large_move,all_days,next_large_move_direction,controls_only,gradient_boosting,1,1,0.5989666177798347
2022-06-23,next_day_large_move,all_days,next_large_move_direction,controls_only,gradient_boosting,1,1,0.5767026870538061
2022-06-27,next_day_large_move,all_days,next_large_move_direction,controls_only,gradient_boosting,0,1,0.5159282468407308
2022-06-29,next_day_large_move,all_days,next_large_move_direction,controls_only,gradient_boosting,0,1,0.5542269723799573
2022-06-30,next_day_large_move,all_days,next_large_move_direction,controls_only,gradient_boosting,1,1,0.5542269723799573
2022-07-06,next_day_large_move,all_days,next_large_move_direction,controls_only,gradient_boosting,1,1,0.5444669893058138
2022-07-08,next_day_large_move,all_days,next_large_move_direction,controls_only,gradient_boosting,0,1,0.5123984455763408
2022-07-11,next_day_large_move,all_days,next_large_move_direction,controls_only,gradient_boosting,0,1,0.5444669893058138
2022-07-14,next_day_large_move,all_days,next_large_move_direction,controls_only,gradient_boosting,1,1,0.5862327977389286
2022-07-15,next_day_large_move,all_days,next_large_move_direction,controls_only,gradient_boosting,0,1,0.603767774445082
2022-07-18,next_day_large_move,all_days,next_large_move_direction,controls_only,gradient_boosting,1,1,0.5953200000870053
2022-07-20,next_day_large_move,all_days,next_large_move_direction,controls_only,gradient_boosting,1,1,0.5475193451766168
2022-07-21,next_day_large_move,all_days,next_large_move_direction,controls_only,gradient_boosting,0,1,0.5246658739079334
2022-07-25,next_day_large_move,all_days,next_large_move_direction,controls_only,gradient_boosting,0,0,0.4764255908258295
2022-07-26,next_day_large_move,all_days,next_large_move_direction,controls_only,gradient_boosting,1,1,0.5444669893058138
2022-07-27,next_day_large_move,all_days,next_large_move_direction,controls_only,gradient_boosting,1,1,0.6012978219741253
2022-08-02,next_day_large_move,all_days,next_large_move_direction,controls_only,gradient_boosting,1,1,0.5853821061491454
2022-08-09,next_day_large_move,all_days,next_large_move_direction,controls_only,gradient_boosting,1,1,0.5695370812209127
2022-08-11,next_day_large_move,all_days,next_large_move_direction,controls_only,gradient_boosting,1,1,0.6138108441171654
2022-08-18,next_day_large_move,all_days,next_large_move_direction,controls_only,gradient_boosting,0,1,0.5510780516185692
2022-08-19,next_day_large_move,all_days,next_large_move_direction,controls_only,gradient_boosting,0,1,0.5847392013277748
2022-08-24,next_day_large_move,all_days,next_large_move_direction,controls_only,gradient_boosting,1,1,0.590867767348467
2022-08-25,next_day_large_move,all_days,next_large_move_direction,controls_only,gradient_boosting,0,1,0.6161342782976514
2022-08-29,next_day_large_move,all_days,next_large_move_direction,controls_only,gradient_boosting,0,1,0.5695611448804391
2022-09-01,next_day_large_move,all_days,next_large_move_direction,controls_only,gradient_boosting,0,1,0.5878286066301185
2022-09-06,next_day_large_move,all_days,next_large_move_direction,controls_only,gradient_boosting,1,1,0.5782444686598961
2022-09-08,next_day_large_move,all_days,next_large_move_direction,controls_only,gradient_boosting,1,1,0.5894605912087166
2022-09-09,next_day_large_move,all_days,next_large_move_direction,controls_only,gradient_boosting,1,1,0.5767026870538061
2022-09-12,next_day_large_move,all_days,next_large_move_direction,controls_only,gradient_boosting,0,1,0.5123984455763408
2022-09-14,next_day_large_move,all_days,next_large_move_direction,controls_only,gradient_boosting,0,1,0.5542269723799573
2022-09-19,next_day_large_move,all_days,next_large_move_direction,controls_only,gradient_boosting,0,1,0.5878286066301185
2022-09-20,next_day_large_move,all_days,next_large_move_direction,controls_only,gradient_boosting,0,1,0.5782444686598961
2022-09-21,next_day_large_move,all_days,next_large_move_direction,controls_only,gradient_boosting,0,1,0.5782444686598961
2022-09-22,next_day_large_move,all_days,next_large_move_direction,controls_only,gradient_boosting,0,1,0.5782444686598961
2022-09-23,next_day_large_move,all_days,next_large_move_direction,controls_only,gradient_boosting,0,1,0.5782444686598961
2022-09-27,next_day_large_move,all_days,next_large_move_direction,controls_only,gradient_boosting,1,1,0.5862327977389286
2022-09-28,next_day_large_move,all_days,next_large_move_direction,controls_only,gradient_boosting,0,1,0.6098029084822871
2022-09-29,next_day_large_move,all_days,next_large_move_direction,controls_only,gradient_boosting,0,1,0.6099031872369469
2022-09-30,next_day_large_move,all_days,next_large_move_direction,controls_only,gradient_boosting,1,1,0.5878286066301185
2022-10-03,next_day_large_move,all_days,next_large_move_direction,controls_only,gradient_boosting,1,1,0.5767026870538061
2022-10-05,next_day_large_move,all_days,next_large_move_direction,controls_only,gradient_boosting,0,1,0.5989666177798347
2022-10-06,next_day_large_move,all_days,next_large_move_direction,controls_only,gradient_boosting,0,0,0.4992800182265441
2022-10-12,next_day_large_move,all_days,next_large_move_direction,controls_only,gradient_boosting,1,1,0.5862327977389286
2022-10-13,next_day_large_move,all_days,next_large_move_direction,controls_only,gradient_boosting,0,1,0.6098029084822871
2022-10-14,next_day_large_move,all_days,next_large_move_direction,controls_only,gradient_boosting,1,1,0.6099031872369469
2022-10-17,next_day_large_move,all_days,next_large_move_direction,controls_only,gradient_boosting,1,1,0.5767026870538061
2022-10-20,next_day_large_move,all_days,next_large_move_direction,controls_only,gradient_boosting,1,1,0.5542269723799573
2022-10-21,next_day_large_move,all_days,next_large_move_direction,controls_only,gradient_boosting,1,0,0.4929568204564569
2022-10-24,next_day_large_move,all_days,next_large_move_direction,controls_only,gradient_boosting,1,1,0.5412455930999647
2022-10-27,next_day_large_move,all_days,next_large_move_direction,controls_only,gradient_boosting,1,0,0.4954904524479457
2022-11-01,next_day_large_move,all_days,next_large_move_direction,controls_only,gradient_boosting,0,1,0.5479694402399824
2022-11-02,next_day_large_move,all_days,next_large_move_direction,controls_only,gradient_boosting,0,1,0.5878286066301185
2022-11-03,next_day_large_move,all_days,next_large_move_direction,controls_only,gradient_boosting,1,1,0.5878286066301185
2022-11-04,next_day_large_move,all_days,next_large_move_direction,controls_only,gradient_boosting,1,1,0.5969240941047443
2022-11-08,next_day_large_move,all_days,next_large_move_direction,controls_only,gradient_boosting,0,1,0.6012978219741253
2022-11-09,next_day_large_move,all_days,next_large_move_direction,controls_only,gradient_boosting,1,1,0.5729979463777847
2022-11-10,next_day_large_move,all_days,next_large_move_direction,controls_only,gradient_boosting,1,1,0.5081931313474808
2022-11-11,next_day_large_move,all_days,next_large_move_direction,controls_only,gradient_boosting,0,1,0.5311308283505033
2022-11-14,next_day_large_move,all_days,next_large_move_direction,controls_only,gradient_boosting,1,1,0.5246658739079334
2022-11-15,next_day_large_move,all_days,next_large_move_direction,controls_only,gradient_boosting,0,1,0.5246658739079334
2022-11-21,next_day_large_move,all_days,next_large_move_direction,controls_only,gradient_boosting,1,1,0.5695370812209127
2022-11-25,next_day_large_move,all_days,next_large_move_direction,controls_only,gradient_boosting,0,1,0.591809395698754
2022-11-29,next_day_large_move,all_days,next_large_move_direction,controls_only,gradient_boosting,1,1,0.5444669893058138
2022-12-02,next_day_large_move,all_days,next_large_move_direction,controls_only,gradient_boosting,0,1,0.6012978219741253
2022-12-05,next_day_large_move,all_days,next_large_move_direction,controls_only,gradient_boosting,0,1,0.5791750867547726
2022-12-09,next_day_large_move,all_days,next_large_move_direction,controls_only,gradient_boosting,1,1,0.5782444686598961
2022-12-14,next_day_large_move,all_days,next_large_move_direction,controls_only,gradient_boosting,0,1,0.5444669893058138
2022-12-15,next_day_large_move,all_days,next_large_move_direction,controls_only,gradient_boosting,0,1,0.5878286066301185
2022-12-16,next_day_large_move,all_days,next_large_move_direction,controls_only,gradient_boosting,0,1,0.5717581457379195
2022-12-20,next_day_large_move,all_days,next_large_move_direction,controls_only,gradient_boosting,1,1,0.5782444686598961
2022-12-21,next_day_large_move,all_days,next_large_move_direction,controls_only,gradient_boosting,0,1,0.6098029084822871
2022-12-27,next_day_large_move,all_days,next_large_move_direction,controls_only,gradient_boosting,0,1,0.5444669893058138
2022-12-28,next_day_large_move,all_days,next_large_move_direction,controls_only,gradient_boosting,1,1,0.5878286066301185
2023-01-04,next_day_large_move,all_days,next_large_move_direction,controls_only,gradient_boosting,0,1,0.5480755638039692
2023-01-05,next_day_large_move,all_days,next_large_move_direction,controls_only,gradient_boosting,1,1,0.5461869817854412
2023-01-10,next_day_large_move,all_days,next_large_move_direction,controls_only,gradient_boosting,1,1,0.5480755638039692
2023-01-17,next_day_large_move,all_days,next_large_move_direction,controls_only,gradient_boosting,0,1,0.5480755638039692
2023-01-19,next_day_large_move,all_days,next_large_move_direction,controls_only,gradient_boosting,1,1,0.5480755638039692
2023-01-20,next_day_large_move,all_days,next_large_move_direction,controls_only,gradient_boosting,1,1,0.5365469409821068
2023-01-25,next_day_large_move,all_days,next_large_move_direction,controls_only,gradient_boosting,1,1,0.5596460134996368
2023-01-27,next_day_large_move,all_days,next_large_move_direction,controls_only,gradient_boosting,0,1,0.5596460134996368
2023-01-30,next_day_large_move,all_days,next_large_move_direction,controls_only,gradient_boosting,1,1,0.5577667691663125
2023-01-31,next_day_large_move,all_days,next_large_move_direction,controls_only,gradient_boosting,1,1,0.5577667691663125
2023-02-01,next_day_large_move,all_days,next_large_move_direction,controls_only,gradient_boosting,1,1,0.58959709498641
2023-02-02,next_day_large_move,all_days,next_large_move_direction,controls_only,gradient_boosting,0,1,0.5118814833136834
2023-02-06,next_day_large_move,all_days,next_large_move_direction,controls_only,gradient_boosting,1,1,0.5596460134996368
2023-02-07,next_day_large_move,all_days,next_large_move_direction,controls_only,gradient_boosting,0,1,0.5577667691663125
2023-02-08,next_day_large_move,all_days,next_large_move_direction,controls_only,gradient_boosting,0,1,0.58959709498641
2023-02-10,next_day_large_move,all_days,next_large_move_direction,controls_only,gradient_boosting,1,1,0.5480755638039692
2023-02-15,next_day_large_move,all_days,next_large_move_direction,controls_only,gradient_boosting,0,1,0.5596460134996368
2023-02-17,next_day_large_move,all_days,next_large_move_direction,controls_only,gradient_boosting,0,1,0.5480755638039692
2023-02-23,next_day_large_move,all_days,next_large_move_direction,controls_only,gradient_boosting,0,1,0.5842648707731567
2023-03-02,next_day_large_move,all_days,next_large_move_direction,controls_only,gradient_boosting,1,1,0.5404901691742419
2023-03-06,next_day_large_move,all_days,next_large_move_direction,controls_only,gradient_boosting,0,1,0.5726111644825647
2023-03-08,next_day_large_move,all_days,next_large_move_direction,controls_only,gradient_boosting,0,1,0.5404901691742419
2023-03-09,next_day_large_move,all_days,next_large_move_direction,controls_only,gradient_boosting,0,1,0.5172530259938983
2023-03-13,next_day_large_move,all_days,next_large_move_direction,controls_only,gradient_boosting,1,1,0.5368237783309213
2023-03-15,next_day_large_move,all_days,next_large_move_direction,controls_only,gradient_boosting,1,1,0.5949007646521743
2023-03-16,next_day_large_move,all_days,next_large_move_direction,controls_only,gradient_boosting,0,1,0.5248848176259211
2023-03-17,next_day_large_move,all_days,next_large_move_direction,controls_only,gradient_boosting,1,1,0.530643767396901
2023-03-20,next_day_large_move,all_days,next_large_move_direction,controls_only,gradient_boosting,1,1,0.5480755638039692
2023-03-21,next_day_large_move,all_days,next_large_move_direction,controls_only,gradient_boosting,0,1,0.5461869817854412
2023-03-28,next_day_large_move,all_days,next_large_move_direction,controls_only,gradient_boosting,1,1,0.5480755638039692
2023-03-30,next_day_large_move,all_days,next_large_move_direction,controls_only,gradient_boosting,1,1,0.5800782772285755
2023-04-12,next_day_large_move,all_days,next_large_move_direction,controls_only,gradient_boosting,1,1,0.5520961138634571
2023-04-24,next_day_large_move,all_days,next_large_move_direction,controls_only,gradient_boosting,0,1,0.5358672939248764
2023-04-26,next_day_large_move,all_days,next_large_move_direction,controls_only,gradient_boosting,1,1,0.5556395965093465
2023-04-27,next_day_large_move,all_days,next_large_move_direction,controls_only,gradient_boosting,1,1,0.5172530259938983
2023-05-01,next_day_large_move,all_days,next_large_move_direction,controls_only,gradient_boosting,0,1,0.5404901691742419
2023-05-04,next_day_large_move,all_days,next_large_move_direction,controls_only,gradient_boosting,1,1,0.5404901691742419
2023-05-16,next_day_large_move,all_days,next_large_move_direction,controls_only,gradient_boosting,1,1,0.5404901691742419
2023-05-17,next_day_large_move,all_days,next_large_move_direction,controls_only,gradient_boosting,1,1,0.538596574276086
2023-05-22,next_day_large_move,all_days,next_large_move_direction,controls_only,gradient_boosting,0,1,0.5404901691742419
2023-05-24,next_day_large_move,all_days,next_large_move_direction,controls_only,gradient_boosting,1,1,0.5404901691742419
2023-05-25,next_day_large_move,all_days,next_large_move_direction,controls_only,gradient_boosting,1,1,0.5404901691742419
2023-05-31,next_day_large_move,all_days,next_large_move_direction,controls_only,gradient_boosting,1,1,0.5404901691742419
2023-06-01,next_day_large_move,all_days,next_large_move_direction,controls_only,gradient_boosting,1,1,0.538596574276086
2023-06-09,next_day_large_move,all_days,next_large_move_direction,controls_only,gradient_boosting,1,1,0.5408940451006196
2023-06-14,next_day_large_move,all_days,next_large_move_direction,controls_only,gradient_boosting,1,1,0.5520961138634571
2023-06-26,next_day_large_move,all_days,next_large_move_direction,controls_only,gradient_boosting,1,1,0.5408940451006196
2023-06-29,next_day_large_move,all_days,next_large_move_direction,controls_only,gradient_boosting,1,1,0.5408940451006196
2023-07-12,next_day_large_move,all_days,next_large_move_direction,controls_only,gradient_boosting,1,1,0.5292453351516115
2023-07-27,next_day_large_move,all_days,next_large_move_direction,controls_only,gradient_boosting,1,1,0.5470893135206886
2023-08-01,next_day_large_move,all_days,next_large_move_direction,controls_only,gradient_boosting,0,1,0.5242032341684416
2023-08-04,next_day_large_move,all_days,next_large_move_direction,controls_only,gradient_boosting,1,1,0.5506401669712502
2023-08-14,next_day_large_move,all_days,next_large_move_direction,controls_only,gradient_boosting,0,1,0.5354627937490467
2023-08-22,next_day_large_move,all_days,next_large_move_direction,controls_only,gradient_boosting,1,1,0.5404901691742419
2023-08-23,next_day_large_move,all_days,next_large_move_direction,controls_only,gradient_boosting,0,1,0.538596574276086
2023-08-28,next_day_large_move,all_days,next_large_move_direction,controls_only,gradient_boosting,1,1,0.5404901691742419
2023-09-13,next_day_large_move,all_days,next_large_move_direction,controls_only,gradient_boosting,1,1,0.5292453351516115
2023-09-14,next_day_large_move,all_days,next_large_move_direction,controls_only,gradient_boosting,0,1,0.5292453351516115
2023-09-19,next_day_large_move,all_days,next_large_move_direction,controls_only,gradient_boosting,0,1,0.5292453351516115
2023-09-20,next_day_large_move,all_days,next_large_move_direction,controls_only,gradient_boosting,0,1,0.5404901691742419
2023-09-25,next_day_large_move,all_days,next_large_move_direction,controls_only,gradient_boosting,0,1,0.5556395965093465
2023-10-02,next_day_large_move,all_days,next_large_move_direction,controls_only,gradient_boosting,0,1,0.5404901691742419
2023-10-05,next_day_large_move,all_days,next_large_move_direction,controls_only,gradient_boosting,1,1,0.5404901691742419
2023-10-13,next_day_large_move,all_days,next_large_move_direction,controls_only,gradient_boosting,1,1,0.5404901691742419
2023-10-17,next_day_large_move,all_days,next_large_move_direction,controls_only,gradient_boosting,0,1,0.5404901691742419
2023-10-18,next_day_large_move,all_days,next_large_move_direction,controls_only,gradient_boosting,0,1,0.538596574276086
2023-10-19,next_day_large_move,all_days,next_large_move_direction,controls_only,gradient_boosting,0,1,0.5404901691742419
2023-10-24,next_day_large_move,all_days,next_large_move_direction,controls_only,gradient_boosting,0,1,0.5631770251797444
2023-10-25,next_day_large_move,all_days,next_large_move_direction,controls_only,gradient_boosting,0,1,0.561301037430834
2023-10-27,next_day_large_move,all_days,next_large_move_direction,controls_only,gradient_boosting,1,1,0.5631770251797444
2023-10-31,next_day_large_move,all_days,next_large_move_direction,controls_only,gradient_boosting,1,1,0.5726111644825647
2023-11-01,next_day_large_move,all_days,next_large_move_direction,controls_only,gradient_boosting,1,1,0.538596574276086
2023-11-02,next_day_large_move,all_days,next_large_move_direction,controls_only,gradient_boosting,1,0,0.4787760055209182
2023-11-09,next_day_large_move,all_days,next_large_move_direction,controls_only,gradient_boosting,1,1,0.5404901691742419
2023-11-13,next_day_large_move,all_days,next_large_move_direction,controls_only,gradient_boosting,1,1,0.5726111644825647
2023-12-12,next_day_large_move,all_days,next_large_move_direction,controls_only,gradient_boosting,1,1,0.5358672939248764
2023-12-19,next_day_large_move,all_days,next_large_move_direction,controls_only,gradient_boosting,0,1,0.5358672939248764
2023-12-20,next_day_large_move,all_days,next_large_move_direction,controls_only,gradient_boosting,1,1,0.545200030071493
2024-01-05,next_day_large_move,all_days,next_large_move_direction,controls_only,gradient_boosting,1,0,0.3842941317644119
2024-01-17,next_day_large_move,all_days,next_large_move_direction,controls_only,gradient_boosting,1,0,0.4930726311269651
2024-01-18,next_day_large_move,all_days,next_large_move_direction,controls_only,gradient_boosting,1,0,0.45266566007174003
2024-01-30,next_day_large_move,all_days,next_large_move_direction,controls_only,gradient_boosting,0,0,0.3681665116067982
2024-01-31,next_day_large_move,all_days,next_large_move_direction,controls_only,gradient_boosting,1,1,0.6170384307096035
2024-02-01,next_day_large_move,all_days,next_large_move_direction,controls_only,gradient_boosting,1,1,0.6082438489217058
2024-02-06,next_day_large_move,all_days,next_large_move_direction,controls_only,gradient_boosting,1,1,0.5008970368020408
2024-02-12,next_day_large_move,all_days,next_large_move_direction,controls_only,gradient_boosting,0,1,0.5483902610754732
2024-02-13,next_day_large_move,all_days,next_large_move_direction,controls_only,gradient_boosting,1,1,0.5075204415868506
2024-02-21,next_day_large_move,all_days,next_large_move_direction,controls_only,gradient_boosting,1,0,0.450292163858041
2024-03-04,next_day_large_move,all_days,next_large_move_direction,controls_only,gradient_boosting,0,1,0.7074153913391716
2024-03-06,next_day_large_move,all_days,next_large_move_direction,controls_only,gradient_boosting,1,0,0.33065688526793235
2024-03-11,next_day_large_move,all_days,next_large_move_direction,controls_only,gradient_boosting,1,0,0.416841464036181
2024-03-19,next_day_large_move,all_days,next_large_move_direction,controls_only,gradient_boosting,1,1,0.6599630326232343
2024-03-26,next_day_large_move,all_days,next_large_move_direction,controls_only,gradient_boosting,1,0,0.3126741838309964
2024-04-03,next_day_large_move,all_days,next_large_move_direction,controls_only,gradient_boosting,0,0,0.3452383196683829
2024-04-04,next_day_large_move,all_days,next_large_move_direction,controls_only,gradient_boosting,1,1,0.5063702161182773
2024-04-09,next_day_large_move,all_days,next_large_move_direction,controls_only,gradient_boosting,0,0,0.42417182264617176
2024-04-11,next_day_large_move,all_days,next_large_move_direction,controls_only,gradient_boosting,0,0,0.31455526447324605
2024-04-12,next_day_large_move,all_days,next_large_move_direction,controls_only,gradient_boosting,0,1,0.6394557285947535
2024-04-18,next_day_large_move,all_days,next_large_move_direction,controls_only,gradient_boosting,0,1,0.8953791007973507
2024-04-19,next_day_large_move,all_days,next_large_move_direction,controls_only,gradient_boosting,1,1,0.8273804653534718
2024-04-22,next_day_large_move,all_days,next_large_move_direction,controls_only,gradient_boosting,1,1,0.6346285327783329
2024-04-25,next_day_large_move,all_days,next_large_move_direction,controls_only,gradient_boosting,1,1,0.5233258527582333
2024-04-29,next_day_large_move,all_days,next_large_move_direction,controls_only,gradient_boosting,0,1,0.5230901171824621
2024-05-01,next_day_large_move,all_days,next_large_move_direction,controls_only,gradient_boosting,1,1,0.5185231715498629
2024-05-02,next_day_large_move,all_days,next_large_move_direction,controls_only,gradient_boosting,1,1,0.5531454294168674
2024-05-03,next_day_large_move,all_days,next_large_move_direction,controls_only,gradient_boosting,1,1,0.545695119725091
2024-05-14,next_day_large_move,all_days,next_large_move_direction,controls_only,gradient_boosting,1,1,0.7122413142262977
2024-06-04,next_day_large_move,all_days,next_large_move_direction,controls_only,gradient_boosting,1,0,0.4175856819484595
2024-06-11,next_day_large_move,all_days,next_large_move_direction,controls_only,gradient_boosting,1,0,0.38476813200628807
2024-07-09,next_day_large_move,all_days,next_large_move_direction,controls_only,gradient_boosting,1,1,0.7871918905396853
2024-07-10,next_day_large_move,all_days,next_large_move_direction,controls_only,gradient_boosting,0,1,0.6342917880029454
2024-07-16,next_day_large_move,all_days,next_large_move_direction,controls_only,gradient_boosting,0,0,0.49321494607579264
2024-07-19,next_day_large_move,all_days,next_large_move_direction,controls_only,gradient_boosting,1,1,0.6825103784497347
2024-07-23,next_day_large_move,all_days,next_large_move_direction,controls_only,gradient_boosting,0,0,0.49959473895254874
2024-07-25,next_day_large_move,all_days,next_large_move_direction,controls_only,gradient_boosting,1,1,0.5973811950283889
2024-07-30,next_day_large_move,all_days,next_large_move_direction,controls_only,gradient_boosting,1,1,0.6809718305441996
2024-07-31,next_day_large_move,all_days,next_large_move_direction,controls_only,gradient_boosting,0,1,0.6623420085650563
2024-08-01,next_day_large_move,all_days,next_large_move_direction,controls_only,gradient_boosting,0,1,0.6288526355560109
2024-08-02,next_day_large_move,all_days,next_large_move_direction,controls_only,gradient_boosting,0,0,0.40856052201145376
2024-08-05,next_day_large_move,all_days,next_large_move_direction,controls_only,gradient_boosting,1,1,0.5404235756131308
2024-08-07,next_day_large_move,all_days,next_large_move_direction,controls_only,gradient_boosting,1,1,0.6652055205926328
2024-08-12,next_day_large_move,all_days,next_large_move_direction,controls_only,gradient_boosting,1,1,0.5707866509239578
2024-08-14,next_day_large_move,all_days,next_large_move_direction,controls_only,gradient_boosting,1,0,0.3800365513036562
2024-08-16,next_day_large_move,all_days,next_large_move_direction,controls_only,gradient_boosting,1,0,0.4291519211550741
2024-08-21,next_day_large_move,all_days,next_large_move_direction,controls_only,gradient_boosting,0,1,0.5128075780968306
2024-08-22,next_day_large_move,all_days,next_large_move_direction,controls_only,gradient_boosting,1,1,0.5487783714555489
2024-08-29,next_day_large_move,all_days,next_large_move_direction,controls_only,gradient_boosting,1,1,0.7266436985272775
2024-08-30,next_day_large_move,all_days,next_large_move_direction,controls_only,gradient_boosting,0,1,0.5589786713787568
2024-09-05,next_day_large_move,all_days,next_large_move_direction,controls_only,gradient_boosting,0,1,0.5722721434435317
2024-09-06,next_day_large_move,all_days,next_large_move_direction,controls_only,gradient_boosting,1,0,0.3262321094821761
2024-09-10,next_day_large_move,all_days,next_large_move_direction,controls_only,gradient_boosting,1,1,0.6029519307945888
2024-09-18,next_day_large_move,all_days,next_large_move_direction,controls_only,gradient_boosting,1,1,0.5687540258841538
2024-09-30,next_day_large_move,all_days,next_large_move_direction,controls_only,gradient_boosting,0,0,0.4287520730976967
2024-10-03,next_day_large_move,all_days,next_large_move_direction,controls_only,gradient_boosting,1,1,0.682899328833826
2024-10-04,next_day_large_move,all_days,next_large_move_direction,controls_only,gradient_boosting,0,1,0.6772838597450977
2024-10-07,next_day_large_move,all_days,next_large_move_direction,controls_only,gradient_boosting,1,1,0.642191824034405
2024-10-22,next_day_large_move,all_days,next_large_move_direction,controls_only,gradient_boosting,0,0,0.35416033585808804
2024-10-30,next_day_large_move,all_days,next_large_move_direction,controls_only,gradient_boosting,0,0,0.3769416644193016
2024-11-04,next_day_large_move,all_days,next_large_move_direction,controls_only,gradient_boosting,1,1,0.5121559573418575
2024-11-05,next_day_large_move,all_days,next_large_move_direction,controls_only,gradient_boosting,1,0,0.3825648120426991
2024-11-14,next_day_large_move,all_days,next_large_move_direction,controls_only,gradient_boosting,0,1,0.5490944783334322
2024-12-10,next_day_large_move,all_days,next_large_move_direction,controls_only,gradient_boosting,1,0,0.4840573656734254
2024-12-17,next_day_large_move,all_days,next_large_move_direction,controls_only,gradient_boosting,0,1,0.734281076588596
2024-12-19,next_day_large_move,all_days,next_large_move_direction,controls_only,gradient_boosting,1,1,0.5299006240341582
2024-12-23,next_day_large_move,all_days,next_large_move_direction,controls_only,gradient_boosting,1,1,0.5070728566645536
2024-12-26,next_day_large_move,all_days,next_large_move_direction,controls_only,gradient_boosting,0,0,0.25974985315043986
2024-12-27,next_day_large_move,all_days,next_large_move_direction,controls_only,gradient_boosting,0,0,0.4530849967779457
2025-01-02,next_day_large_move,all_days,next_large_move_direction,controls_only,gradient_boosting,1,1,0.554026849729599
2025-01-06,next_day_large_move,all_days,next_large_move_direction,controls_only,gradient_boosting,0,1,0.6209789043323622
2025-01-08,next_day_large_move,all_days,next_large_move_direction,controls_only,gradient_boosting,0,1,0.556437976456066
2025-01-14,next_day_large_move,all_days,next_large_move_direction,controls_only,gradient_boosting,1,1,0.5925223915640229
2025-01-16,next_day_large_move,all_days,next_large_move_direction,controls_only,gradient_boosting,1,1,0.6091224942746981
2025-01-17,next_day_large_move,all_days,next_large_move_direction,controls_only,gradient_boosting,1,1,0.5333685165321103
2025-01-24,next_day_large_move,all_days,next_large_move_direction,controls_only,gradient_boosting,0,1,0.5222536018077129
2025-01-27,next_day_large_move,all_days,next_large_move_direction,controls_only,gradient_boosting,1,1,0.5065085399811722
2025-02-06,next_day_large_move,all_days,next_large_move_direction,controls_only,gradient_boosting,0,1,0.556437976456066
2025-02-12,next_day_large_move,all_days,next_large_move_direction,controls_only,gradient_boosting,1,1,0.5937085646269289
2025-02-20,next_day_large_move,all_days,next_large_move_direction,controls_only,gradient_boosting,0,1,0.5330287631456453
2025-02-26,next_day_large_move,all_days,next_large_move_direction,controls_only,gradient_boosting,0,1,0.5781099529190156
2025-02-27,next_day_large_move,all_days,next_large_move_direction,controls_only,gradient_boosting,1,1,0.569407277899375
2025-02-28,next_day_large_move,all_days,next_large_move_direction,controls_only,gradient_boosting,0,0,0.4321082986658744
2025-03-03,next_day_large_move,all_days,next_large_move_direction,controls_only,gradient_boosting,0,1,0.57256296821552
2025-03-04,next_day_large_move,all_days,next_large_move_direction,controls_only,gradient_boosting,1,1,0.571610659945416
2025-03-05,next_day_large_move,all_days,next_large_move_direction,controls_only,gradient_boosting,0,1,0.5558227758222828
2025-03-07,next_day_large_move,all_days,next_large_move_direction,controls_only,gradient_boosting,0,1,0.594616751454468
2025-03-12,next_day_large_move,all_days,next_large_move_direction,controls_only,gradient_boosting,0,1,0.6281644154419189
2025-03-13,next_day_large_move,all_days,next_large_move_direction,controls_only,gradient_boosting,1,1,0.5604747971870305
2025-03-17,next_day_large_move,all_days,next_large_move_direction,controls_only,gradient_boosting,0,1,0.6471724169933156
2025-03-18,next_day_large_move,all_days,next_large_move_direction,controls_only,gradient_boosting,1,1,0.5247337633790918
2025-03-21,next_day_large_move,all_days,next_large_move_direction,controls_only,gradient_boosting,1,0,0.43520907977150347
2025-03-25,next_day_large_move,all_days,next_large_move_direction,controls_only,gradient_boosting,0,1,0.58070120998569
2025-03-27,next_day_large_move,all_days,next_large_move_direction,controls_only,gradient_boosting,0,1,0.5586562844620075
2025-04-02,next_day_large_move,all_days,next_large_move_direction,controls_only,gradient_boosting,0,1,0.5731666576855222
2025-04-03,next_day_large_move,all_days,next_large_move_direction,controls_only,gradient_boosting,0,1,0.6022347542841585
2025-04-07,next_day_large_move,all_days,next_large_move_direction,controls_only,gradient_boosting,0,1,0.6574261448100901
2025-04-08,next_day_large_move,all_days,next_large_move_direction,controls_only,gradient_boosting,1,1,0.6192130589399991
2025-04-09,next_day_large_move,all_days,next_large_move_direction,controls_only,gradient_boosting,0,0,0.4761845770089505
2025-04-10,next_day_large_move,all_days,next_large_move_direction,controls_only,gradient_boosting,1,0,0.4946229949236733
2025-04-15,next_day_large_move,all_days,next_large_move_direction,controls_only,gradient_boosting,0,1,0.5149805065965984
2025-04-17,next_day_large_move,all_days,next_large_move_direction,controls_only,gradient_boosting,0,1,0.5648796389604316
2025-04-21,next_day_large_move,all_days,next_large_move_direction,controls_only,gradient_boosting,1,1,0.5359081790583518
2025-04-22,next_day_large_move,all_days,next_large_move_direction,controls_only,gradient_boosting,1,1,0.5041714129685805
2025-04-23,next_day_large_move,all_days,next_large_move_direction,controls_only,gradient_boosting,1,1,0.5814032161912008
2025-05-01,next_day_large_move,all_days,next_large_move_direction,controls_only,gradient_boosting,1,1,0.5773367148458229
2025-05-09,next_day_large_move,all_days,next_large_move_direction,controls_only,gradient_boosting,1,1,0.5834948030128376
2025-05-20,next_day_large_move,all_days,next_large_move_direction,controls_only,gradient_boosting,0,1,0.6190443676337266
2025-05-23,next_day_large_move,all_days,next_large_move_direction,controls_only,gradient_boosting,1,1,0.63271771864727
2025-06-05,next_day_large_move,all_days,next_large_move_direction,controls_only,gradient_boosting,1,1,0.6051321708329401
2025-06-12,next_day_large_move,all_days,next_large_move_direction,controls_only,gradient_boosting,0,0,0.49275145300912904
2025-06-13,next_day_large_move,all_days,next_large_move_direction,controls_only,gradient_boosting,1,1,0.5157484571662233
2025-06-16,next_day_large_move,all_days,next_large_move_direction,controls_only,gradient_boosting,0,1,0.5912267942932095
2025-06-20,next_day_large_move,all_days,next_large_move_direction,controls_only,gradient_boosting,1,0,0.43864556650982583
2025-06-23,next_day_large_move,all_days,next_large_move_direction,controls_only,gradient_boosting,1,1,0.5709652718484938
2025-07-02,next_day_large_move,all_days,next_large_move_direction,controls_only,gradient_boosting,1,1,0.6299539311287844
2025-07-31,next_day_large_move,all_days,next_large_move_direction,controls_only,gradient_boosting,0,1,0.5615138316807784
2025-08-01,next_day_large_move,all_days,next_large_move_direction,controls_only,gradient_boosting,1,1,0.5666603729772471
2025-08-11,next_day_large_move,all_days,next_large_move_direction,controls_only,gradient_boosting,1,1,0.5668226666225146
2025-08-21,next_day_large_move,all_days,next_large_move_direction,controls_only,gradient_boosting,1,1,0.5882209612407969
2025-09-03,next_day_large_move,all_days,next_large_move_direction,controls_only,gradient_boosting,1,1,0.5081694666223497
2025-09-10,next_day_large_move,all_days,next_large_move_direction,controls_only,gradient_boosting,1,0,0.49653723310654035
2025-10-09,next_day_large_move,all_days,next_large_move_direction,controls_only,gradient_boosting,0,1,0.5027385889552108
2025-10-10,next_day_large_move,all_days,next_large_move_direction,controls_only,gradient_boosting,1,1,0.5380299684514163
2025-10-17,next_day_large_move,all_days,next_large_move_direction,controls_only,gradient_boosting,1,1,0.5355627464526511
2025-10-24,next_day_large_move,all_days,next_large_move_direction,controls_only,gradient_boosting,1,1,0.532667711063709
2025-10-29,next_day_large_move,all_days,next_large_move_direction,controls_only,gradient_boosting,0,1,0.608828558128741
2025-11-03,next_day_large_move,all_days,next_large_move_direction,controls_only,gradient_boosting,0,1,0.5297237315220082
2025-11-05,next_day_large_move,all_days,next_large_move_direction,controls_only,gradient_boosting,0,1,0.5818705632046169
2025-11-07,next_day_large_move,all_days,next_large_move_direction,controls_only,gradient_boosting,1,1,0.5614892505974238
2025-11-12,next_day_large_move,all_days,next_large_move_direction,controls_only,gradient_boosting,0,1,0.556437976456066
2025-11-14,next_day_large_move,all_days,next_large_move_direction,controls_only,gradient_boosting,0,1,0.5586562844620075
2025-11-17,next_day_large_move,all_days,next_large_move_direction,controls_only,gradient_boosting,0,1,0.6067031920238762
2025-11-19,next_day_large_move,all_days,next_large_move_direction,controls_only,gradient_boosting,0,1,0.5781099529190156
2025-11-20,next_day_large_move,all_days,next_large_move_direction,controls_only,gradient_boosting,1,1,0.569407277899375
2025-11-21,next_day_large_move,all_days,next_large_move_direction,controls_only,gradient_boosting,1,1,0.5411175670204957
2025-11-24,next_day_large_move,all_days,next_large_move_direction,controls_only,gradient_boosting,1,1,0.5754347129448241
2025-12-11,next_day_large_move,all_days,next_large_move_direction,controls_only,gradient_boosting,0,1,0.5461333032332755
2025-12-16,next_day_large_move,all_days,next_large_move_direction,controls_only,gradient_boosting,0,1,0.5089456966642762
2025-12-18,next_day_large_move,all_days,next_large_move_direction,controls_only,gradient_boosting,1,1,0.5759771771808507
2022-02-14,next_day_large_move,all_days,next_large_move_direction,controls_plus_simple_nlp,logreg,1,0,0.3889227470531058
2022-04-28,next_day_large_move,all_days,next_large_move_direction,controls_plus_simple_nlp,logreg,0,0,0.3210984661074892
2022-05-03,next_day_large_move,all_days,next_large_move_direction,controls_plus_simple_nlp,logreg,1,1,0.5481536698582161
2022-05-04,next_day_large_move,all_days,next_large_move_direction,controls_plus_simple_nlp,logreg,0,0,0.26327224708008157
2022-05-06,next_day_large_move,all_days,next_large_move_direction,controls_plus_simple_nlp,logreg,0,0,0.44272165887723336
2022-05-10,next_day_large_move,all_days,next_large_move_direction,controls_plus_simple_nlp,logreg,0,1,0.5050333240185092
2022-05-12,next_day_large_move,all_days,next_large_move_direction,controls_plus_simple_nlp,logreg,1,1,0.5608890246154354
2022-05-16,next_day_large_move,all_days,next_large_move_direction,controls_plus_simple_nlp,logreg,1,1,0.6300846642760298
2022-05-17,next_day_large_move,all_days,next_large_move_direction,controls_plus_simple_nlp,logreg,0,1,0.5155444951238569
2022-05-20,next_day_large_move,all_days,next_large_move_direction,controls_plus_simple_nlp,logreg,1,1,0.6411802100379135
2022-05-23,next_day_large_move,all_days,next_large_move_direction,controls_plus_simple_nlp,logreg,0,1,0.6675638353219906
2022-05-24,next_day_large_move,all_days,next_large_move_direction,controls_plus_simple_nlp,logreg,1,1,0.8003063441385931
2022-05-25,next_day_large_move,all_days,next_large_move_direction,controls_plus_simple_nlp,logreg,1,1,0.6764890007273664
2022-05-26,next_day_large_move,all_days,next_large_move_direction,controls_plus_simple_nlp,logreg,1,1,0.5365438092747801
2022-06-01,next_day_large_move,all_days,next_large_move_direction,controls_plus_simple_nlp,logreg,1,1,0.5308224271480866
2022-06-02,next_day_large_move,all_days,next_large_move_direction,controls_plus_simple_nlp,logreg,0,0,0.41734744973998233
2022-06-06,next_day_large_move,all_days,next_large_move_direction,controls_plus_simple_nlp,logreg,1,1,0.529538485851591
2022-06-07,next_day_large_move,all_days,next_large_move_direction,controls_plus_simple_nlp,logreg,0,0,0.48119937592874107
2022-06-08,next_day_large_move,all_days,next_large_move_direction,controls_plus_simple_nlp,logreg,0,1,0.5587382500540187
2022-06-09,next_day_large_move,all_days,next_large_move_direction,controls_plus_simple_nlp,logreg,0,1,0.572038209731127
2022-06-10,next_day_large_move,all_days,next_large_move_direction,controls_plus_simple_nlp,logreg,0,1,0.6018647617003545
2022-06-14,next_day_large_move,all_days,next_large_move_direction,controls_plus_simple_nlp,logreg,1,1,0.6684780040888579
2022-06-15,next_day_large_move,all_days,next_large_move_direction,controls_plus_simple_nlp,logreg,0,1,0.7819262017538301
2022-06-17,next_day_large_move,all_days,next_large_move_direction,controls_plus_simple_nlp,logreg,1,1,0.7592029187912147
2022-06-22,next_day_large_move,all_days,next_large_move_direction,controls_plus_simple_nlp,logreg,1,1,0.7103149007513219
2022-06-23,next_day_large_move,all_days,next_large_move_direction,controls_plus_simple_nlp,logreg,1,1,0.6490419974637371
2022-06-27,next_day_large_move,all_days,next_large_move_direction,controls_plus_simple_nlp,logreg,0,0,0.4461213475553268
2022-06-29,next_day_large_move,all_days,next_large_move_direction,controls_plus_simple_nlp,logreg,0,1,0.5476714007138928
2022-06-30,next_day_large_move,all_days,next_large_move_direction,controls_plus_simple_nlp,logreg,1,0,0.4860445339560316
2022-07-06,next_day_large_move,all_days,next_large_move_direction,controls_plus_simple_nlp,logreg,1,1,0.5199751185416492
2022-07-08,next_day_large_move,all_days,next_large_move_direction,controls_plus_simple_nlp,logreg,0,1,0.5060919701347754
2022-07-11,next_day_large_move,all_days,next_large_move_direction,controls_plus_simple_nlp,logreg,0,0,0.4144434311726249
2022-07-14,next_day_large_move,all_days,next_large_move_direction,controls_plus_simple_nlp,logreg,1,1,0.5921182126668298
2022-07-15,next_day_large_move,all_days,next_large_move_direction,controls_plus_simple_nlp,logreg,0,1,0.5263997507220474
2022-07-18,next_day_large_move,all_days,next_large_move_direction,controls_plus_simple_nlp,logreg,1,1,0.6664338501198044
2022-07-20,next_day_large_move,all_days,next_large_move_direction,controls_plus_simple_nlp,logreg,1,1,0.7282414661072006
2022-07-21,next_day_large_move,all_days,next_large_move_direction,controls_plus_simple_nlp,logreg,0,0,0.4562452075243441
2022-07-25,next_day_large_move,all_days,next_large_move_direction,controls_plus_simple_nlp,logreg,0,0,0.4735059217219993
2022-07-26,next_day_large_move,all_days,next_large_move_direction,controls_plus_simple_nlp,logreg,1,1,0.6373384032931215
2022-07-27,next_day_large_move,all_days,next_large_move_direction,controls_plus_simple_nlp,logreg,1,1,0.5596498319115907
2022-08-02,next_day_large_move,all_days,next_large_move_direction,controls_plus_simple_nlp,logreg,1,1,0.5889573783543932
2022-08-09,next_day_large_move,all_days,next_large_move_direction,controls_plus_simple_nlp,logreg,1,1,0.5390843246625084
2022-08-11,next_day_large_move,all_days,next_large_move_direction,controls_plus_simple_nlp,logreg,1,1,0.5279160575948812
2022-08-18,next_day_large_move,all_days,next_large_move_direction,controls_plus_simple_nlp,logreg,0,1,0.5138949840312717
2022-08-19,next_day_large_move,all_days,next_large_move_direction,controls_plus_simple_nlp,logreg,0,1,0.5006031213171551
2022-08-24,next_day_large_move,all_days,next_large_move_direction,controls_plus_simple_nlp,logreg,1,1,0.624288393003924
2022-08-25,next_day_large_move,all_days,next_large_move_direction,controls_plus_simple_nlp,logreg,0,1,0.6282006738643416
2022-08-29,next_day_large_move,all_days,next_large_move_direction,controls_plus_simple_nlp,logreg,0,1,0.6028030729317748
2022-09-01,next_day_large_move,all_days,next_large_move_direction,controls_plus_simple_nlp,logreg,0,1,0.6053541073556328
2022-09-06,next_day_large_move,all_days,next_large_move_direction,controls_plus_simple_nlp,logreg,1,1,0.6192090493044062
2022-09-08,next_day_large_move,all_days,next_large_move_direction,controls_plus_simple_nlp,logreg,1,1,0.5103491084221728
2022-09-09,next_day_large_move,all_days,next_large_move_direction,controls_plus_simple_nlp,logreg,1,0,0.39887957646570893
2022-09-12,next_day_large_move,all_days,next_large_move_direction,controls_plus_simple_nlp,logreg,0,0,0.4406240993598978
2022-09-14,next_day_large_move,all_days,next_large_move_direction,controls_plus_simple_nlp,logreg,0,1,0.5375713975676943
2022-09-19,next_day_large_move,all_days,next_large_move_direction,controls_plus_simple_nlp,logreg,0,1,0.67779596147643
2022-09-20,next_day_large_move,all_days,next_large_move_direction,controls_plus_simple_nlp,logreg,0,1,0.5739091821315998
2022-09-21,next_day_large_move,all_days,next_large_move_direction,controls_plus_simple_nlp,logreg,0,1,0.651606751016117
2022-09-22,next_day_large_move,all_days,next_large_move_direction,controls_plus_simple_nlp,logreg,0,0,0.4705898329477293
2022-09-23,next_day_large_move,all_days,next_large_move_direction,controls_plus_simple_nlp,logreg,0,1,0.5484402762571323
2022-09-27,next_day_large_move,all_days,next_large_move_direction,controls_plus_simple_nlp,logreg,1,1,0.6445196035295377
2022-09-28,next_day_large_move,all_days,next_large_move_direction,controls_plus_simple_nlp,logreg,0,1,0.5873489610697015
2022-09-29,next_day_large_move,all_days,next_large_move_direction,controls_plus_simple_nlp,logreg,0,1,0.5913029671258819
2022-09-30,next_day_large_move,all_days,next_large_move_direction,controls_plus_simple_nlp,logreg,1,1,0.5674489652704362
2022-10-03,next_day_large_move,all_days,next_large_move_direction,controls_plus_simple_nlp,logreg,1,0,0.4536251506950713
2022-10-05,next_day_large_move,all_days,next_large_move_direction,controls_plus_simple_nlp,logreg,0,1,0.5066173160385398
2022-10-06,next_day_large_move,all_days,next_large_move_direction,controls_plus_simple_nlp,logreg,0,0,0.38094747099790305
2022-10-12,next_day_large_move,all_days,next_large_move_direction,controls_plus_simple_nlp,logreg,1,1,0.6789191243674481
2022-10-13,next_day_large_move,all_days,next_large_move_direction,controls_plus_simple_nlp,logreg,0,0,0.4252567804386333
2022-10-14,next_day_large_move,all_days,next_large_move_direction,controls_plus_simple_nlp,logreg,1,1,0.6341383406814125
2022-10-17,next_day_large_move,all_days,next_large_move_direction,controls_plus_simple_nlp,logreg,1,0,0.4235588336008755
2022-10-20,next_day_large_move,all_days,next_large_move_direction,controls_plus_simple_nlp,logreg,1,0,0.4905560395325565
2022-10-21,next_day_large_move,all_days,next_large_move_direction,controls_plus_simple_nlp,logreg,1,0,0.3768512581097645
2022-10-24,next_day_large_move,all_days,next_large_move_direction,controls_plus_simple_nlp,logreg,1,1,0.6160291241144014
2022-10-27,next_day_large_move,all_days,next_large_move_direction,controls_plus_simple_nlp,logreg,1,0,0.43572368370974734
2022-11-01,next_day_large_move,all_days,next_large_move_direction,controls_plus_simple_nlp,logreg,0,1,0.5788498453028067
2022-11-02,next_day_large_move,all_days,next_large_move_direction,controls_plus_simple_nlp,logreg,0,1,0.5594182383513826
2022-11-03,next_day_large_move,all_days,next_large_move_direction,controls_plus_simple_nlp,logreg,1,0,0.42668600356742964
2022-11-04,next_day_large_move,all_days,next_large_move_direction,controls_plus_simple_nlp,logreg,1,1,0.5149937636885622
2022-11-08,next_day_large_move,all_days,next_large_move_direction,controls_plus_simple_nlp,logreg,0,1,0.6751573088696513
2022-11-09,next_day_large_move,all_days,next_large_move_direction,controls_plus_simple_nlp,logreg,1,1,0.627260816677302
2022-11-10,next_day_large_move,all_days,next_large_move_direction,controls_plus_simple_nlp,logreg,1,0,0.18527090051736253
2022-11-11,next_day_large_move,all_days,next_large_move_direction,controls_plus_simple_nlp,logreg,0,0,0.4744389713769435
2022-11-14,next_day_large_move,all_days,next_large_move_direction,controls_plus_simple_nlp,logreg,1,1,0.5955934083437638
2022-11-15,next_day_large_move,all_days,next_large_move_direction,controls_plus_simple_nlp,logreg,0,0,0.4187683702964722
2022-11-21,next_day_large_move,all_days,next_large_move_direction,controls_plus_simple_nlp,logreg,1,0,0.474467116879628
2022-11-25,next_day_large_move,all_days,next_large_move_direction,controls_plus_simple_nlp,logreg,0,1,0.5876031154001675
2022-11-29,next_day_large_move,all_days,next_large_move_direction,controls_plus_simple_nlp,logreg,1,1,0.5180543549812712
2022-12-02,next_day_large_move,all_days,next_large_move_direction,controls_plus_simple_nlp,logreg,0,1,0.5057377526118794
2022-12-05,next_day_large_move,all_days,next_large_move_direction,controls_plus_simple_nlp,logreg,0,1,0.5124928443138588
2022-12-09,next_day_large_move,all_days,next_large_move_direction,controls_plus_simple_nlp,logreg,1,1,0.5113319230763547
2022-12-14,next_day_large_move,all_days,next_large_move_direction,controls_plus_simple_nlp,logreg,0,0,0.48612753919258345
2022-12-15,next_day_large_move,all_days,next_large_move_direction,controls_plus_simple_nlp,logreg,0,1,0.511352524927879
2022-12-16,next_day_large_move,all_days,next_large_move_direction,controls_plus_simple_nlp,logreg,0,0,0.4292969488423715
2022-12-20,next_day_large_move,all_days,next_large_move_direction,controls_plus_simple_nlp,logreg,1,1,0.6599505757710549
2022-12-21,next_day_large_move,all_days,next_large_move_direction,controls_plus_simple_nlp,logreg,0,1,0.6428890811031325
2022-12-27,next_day_large_move,all_days,next_large_move_direction,controls_plus_simple_nlp,logreg,0,1,0.6041925220522817
2022-12-28,next_day_large_move,all_days,next_large_move_direction,controls_plus_simple_nlp,logreg,1,1,0.6845647822599537
2023-01-04,next_day_large_move,all_days,next_large_move_direction,controls_plus_simple_nlp,logreg,0,1,0.6283356926321476
2023-01-05,next_day_large_move,all_days,next_large_move_direction,controls_plus_simple_nlp,logreg,1,0,0.4996506894147349
2023-01-10,next_day_large_move,all_days,next_large_move_direction,controls_plus_simple_nlp,logreg,1,0,0.44635953090440517
2023-01-17,next_day_large_move,all_days,next_large_move_direction,controls_plus_simple_nlp,logreg,0,1,0.5116080958160908
2023-01-19,next_day_large_move,all_days,next_large_move_direction,controls_plus_simple_nlp,logreg,1,1,0.6288445372567802
2023-01-20,next_day_large_move,all_days,next_large_move_direction,controls_plus_simple_nlp,logreg,1,0,0.49131630331133125
2023-01-25,next_day_large_move,all_days,next_large_move_direction,controls_plus_simple_nlp,logreg,1,1,0.5881095379538205
2023-01-27,next_day_large_move,all_days,next_large_move_direction,controls_plus_simple_nlp,logreg,0,0,0.4403184071319404
2023-01-30,next_day_large_move,all_days,next_large_move_direction,controls_plus_simple_nlp,logreg,1,1,0.5782091214125664
2023-01-31,next_day_large_move,all_days,next_large_move_direction,controls_plus_simple_nlp,logreg,1,1,0.6079975791787738
2023-02-01,next_day_large_move,all_days,next_large_move_direction,controls_plus_simple_nlp,logreg,1,1,0.5300929881114456
2023-02-02,next_day_large_move,all_days,next_large_move_direction,controls_plus_simple_nlp,logreg,0,0,0.40847641199197743
2023-02-06,next_day_large_move,all_days,next_large_move_direction,controls_plus_simple_nlp,logreg,1,1,0.6108045754418114
2023-02-07,next_day_large_move,all_days,next_large_move_direction,controls_plus_simple_nlp,logreg,0,0,0.43800023845883973
2023-02-08,next_day_large_move,all_days,next_large_move_direction,controls_plus_simple_nlp,logreg,0,1,0.6326817749420207
2023-02-10,next_day_large_move,all_days,next_large_move_direction,controls_plus_simple_nlp,logreg,1,0,0.48204010359361493
2023-02-15,next_day_large_move,all_days,next_large_move_direction,controls_plus_simple_nlp,logreg,0,1,0.6898662265819325
2023-02-17,next_day_large_move,all_days,next_large_move_direction,controls_plus_simple_nlp,logreg,0,1,0.5203624390610306
2023-02-23,next_day_large_move,all_days,next_large_move_direction,controls_plus_simple_nlp,logreg,0,0,0.455479137534182
2023-03-02,next_day_large_move,all_days,next_large_move_direction,controls_plus_simple_nlp,logreg,1,1,0.5858774822224011
2023-03-06,next_day_large_move,all_days,next_large_move_direction,controls_plus_simple_nlp,logreg,0,1,0.67245614334723
2023-03-08,next_day_large_move,all_days,next_large_move_direction,controls_plus_simple_nlp,logreg,0,1,0.7168332813765457
2023-03-09,next_day_large_move,all_days,next_large_move_direction,controls_plus_simple_nlp,logreg,0,1,0.5101524050966156
2023-03-13,next_day_large_move,all_days,next_large_move_direction,controls_plus_simple_nlp,logreg,1,0,0.43973359741838697
2023-03-15,next_day_large_move,all_days,next_large_move_direction,controls_plus_simple_nlp,logreg,1,1,0.579448734933752
2023-03-16,next_day_large_move,all_days,next_large_move_direction,controls_plus_simple_nlp,logreg,0,0,0.48356248740748115
2023-03-17,next_day_large_move,all_days,next_large_move_direction,controls_plus_simple_nlp,logreg,1,1,0.5418693609072279
2023-03-20,next_day_large_move,all_days,next_large_move_direction,controls_plus_simple_nlp,logreg,1,1,0.5081284543692464
2023-03-21,next_day_large_move,all_days,next_large_move_direction,controls_plus_simple_nlp,logreg,0,1,0.5705536839318129
2023-03-28,next_day_large_move,all_days,next_large_move_direction,controls_plus_simple_nlp,logreg,1,1,0.5495257230138675
2023-03-30,next_day_large_move,all_days,next_large_move_direction,controls_plus_simple_nlp,logreg,1,1,0.5047486834239832
2023-04-12,next_day_large_move,all_days,next_large_move_direction,controls_plus_simple_nlp,logreg,1,1,0.5464127716321041
2023-04-24,next_day_large_move,all_days,next_large_move_direction,controls_plus_simple_nlp,logreg,0,1,0.5966271289898701
2023-04-26,next_day_large_move,all_days,next_large_move_direction,controls_plus_simple_nlp,logreg,1,1,0.5697671921184977
2023-04-27,next_day_large_move,all_days,next_large_move_direction,controls_plus_simple_nlp,logreg,1,0,0.38350405640634727
2023-05-01,next_day_large_move,all_days,next_large_move_direction,controls_plus_simple_nlp,logreg,0,0,0.49927963399810416
2023-05-04,next_day_large_move,all_days,next_large_move_direction,controls_plus_simple_nlp,logreg,1,0,0.401339277210785
2023-05-16,next_day_large_move,all_days,next_large_move_direction,controls_plus_simple_nlp,logreg,1,0,0.4095045614285909
2023-05-17,next_day_large_move,all_days,next_large_move_direction,controls_plus_simple_nlp,logreg,1,0,0.46047933565038934
2023-05-22,next_day_large_move,all_days,next_large_move_direction,controls_plus_simple_nlp,logreg,0,0,0.4038575846741999
2023-05-24,next_day_large_move,all_days,next_large_move_direction,controls_plus_simple_nlp,logreg,1,1,0.5122811900276961
2023-05-25,next_day_large_move,all_days,next_large_move_direction,controls_plus_simple_nlp,logreg,1,0,0.4337968677928248
2023-05-31,next_day_large_move,all_days,next_large_move_direction,controls_plus_simple_nlp,logreg,1,0,0.4259029677227532
2023-06-01,next_day_large_move,all_days,next_large_move_direction,controls_plus_simple_nlp,logreg,1,0,0.35916495744564947
2023-06-09,next_day_large_move,all_days,next_large_move_direction,controls_plus_simple_nlp,logreg,1,0,0.3921235672089338
2023-06-14,next_day_large_move,all_days,next_large_move_direction,controls_plus_simple_nlp,logreg,1,1,0.5237332649726666
2023-06-26,next_day_large_move,all_days,next_large_move_direction,controls_plus_simple_nlp,logreg,1,1,0.6492474975302136
2023-06-29,next_day_large_move,all_days,next_large_move_direction,controls_plus_simple_nlp,logreg,1,0,0.4177460909421846
2023-07-12,next_day_large_move,all_days,next_large_move_direction,controls_plus_simple_nlp,logreg,1,1,0.7600214970467158
2023-07-27,next_day_large_move,all_days,next_large_move_direction,controls_plus_simple_nlp,logreg,1,0,0.47404160564708403
2023-08-01,next_day_large_move,all_days,next_large_move_direction,controls_plus_simple_nlp,logreg,0,0,0.4689635790138493
2023-08-04,next_day_large_move,all_days,next_large_move_direction,controls_plus_simple_nlp,logreg,1,0,0.43672249851860123
2023-08-14,next_day_large_move,all_days,next_large_move_direction,controls_plus_simple_nlp,logreg,0,1,0.7073172825582131
2023-08-22,next_day_large_move,all_days,next_large_move_direction,controls_plus_simple_nlp,logreg,1,1,0.5065559908468134
2023-08-23,next_day_large_move,all_days,next_large_move_direction,controls_plus_simple_nlp,logreg,0,0,0.4175946391491971
2023-08-28,next_day_large_move,all_days,next_large_move_direction,controls_plus_simple_nlp,logreg,1,1,0.7139508046265868
2023-09-13,next_day_large_move,all_days,next_large_move_direction,controls_plus_simple_nlp,logreg,1,0,0.4652886018152852
2023-09-14,next_day_large_move,all_days,next_large_move_direction,controls_plus_simple_nlp,logreg,0,0,0.3572020924376347
2023-09-19,next_day_large_move,all_days,next_large_move_direction,controls_plus_simple_nlp,logreg,0,1,0.5405813438713447
2023-09-20,next_day_large_move,all_days,next_large_move_direction,controls_plus_simple_nlp,logreg,0,0,0.4698934817563556
2023-09-25,next_day_large_move,all_days,next_large_move_direction,controls_plus_simple_nlp,logreg,0,1,0.8759682355092708
2023-10-02,next_day_large_move,all_days,next_large_move_direction,controls_plus_simple_nlp,logreg,0,1,0.533257538754967
2023-10-05,next_day_large_move,all_days,next_large_move_direction,controls_plus_simple_nlp,logreg,1,1,0.6454649274785633
2023-10-13,next_day_large_move,all_days,next_large_move_direction,controls_plus_simple_nlp,logreg,1,0,0.4585641549198705
2023-10-17,next_day_large_move,all_days,next_large_move_direction,controls_plus_simple_nlp,logreg,0,0,0.45575355966339015
2023-10-18,next_day_large_move,all_days,next_large_move_direction,controls_plus_simple_nlp,logreg,0,0,0.49895111436024037
2023-10-19,next_day_large_move,all_days,next_large_move_direction,controls_plus_simple_nlp,logreg,0,0,0.43765898603289777
2023-10-24,next_day_large_move,all_days,next_large_move_direction,controls_plus_simple_nlp,logreg,0,1,0.7737632904738486
2023-10-25,next_day_large_move,all_days,next_large_move_direction,controls_plus_simple_nlp,logreg,0,1,0.640211232168854
2023-10-27,next_day_large_move,all_days,next_large_move_direction,controls_plus_simple_nlp,logreg,1,0,0.43412587592071544
2023-10-31,next_day_large_move,all_days,next_large_move_direction,controls_plus_simple_nlp,logreg,1,0,0.482952938492824
2023-11-01,next_day_large_move,all_days,next_large_move_direction,controls_plus_simple_nlp,logreg,1,1,0.639296223933102
2023-11-02,next_day_large_move,all_days,next_large_move_direction,controls_plus_simple_nlp,logreg,1,1,0.5221895594469071
2023-11-09,next_day_large_move,all_days,next_large_move_direction,controls_plus_simple_nlp,logreg,1,0,0.4186004131466216
2023-11-13,next_day_large_move,all_days,next_large_move_direction,controls_plus_simple_nlp,logreg,1,1,0.6851869329541973
2023-12-12,next_day_large_move,all_days,next_large_move_direction,controls_plus_simple_nlp,logreg,1,0,0.42320024513604987
2023-12-19,next_day_large_move,all_days,next_large_move_direction,controls_plus_simple_nlp,logreg,0,0,0.42820765579365466
2023-12-20,next_day_large_move,all_days,next_large_move_direction,controls_plus_simple_nlp,logreg,1,0,0.46844073499371325
2024-01-05,next_day_large_move,all_days,next_large_move_direction,controls_plus_simple_nlp,logreg,1,1,0.5189921769116782
2024-01-17,next_day_large_move,all_days,next_large_move_direction,controls_plus_simple_nlp,logreg,1,1,0.5468205646435381
2024-01-18,next_day_large_move,all_days,next_large_move_direction,controls_plus_simple_nlp,logreg,1,0,0.38218090122883125
2024-01-30,next_day_large_move,all_days,next_large_move_direction,controls_plus_simple_nlp,logreg,0,0,0.46453690656016483
2024-01-31,next_day_large_move,all_days,next_large_move_direction,controls_plus_simple_nlp,logreg,1,0,0.4380232589049092
2024-02-01,next_day_large_move,all_days,next_large_move_direction,controls_plus_simple_nlp,logreg,1,0,0.3127247559733594
2024-02-06,next_day_large_move,all_days,next_large_move_direction,controls_plus_simple_nlp,logreg,1,0,0.4548108325840525
2024-02-12,next_day_large_move,all_days,next_large_move_direction,controls_plus_simple_nlp,logreg,0,1,0.6263677546729696
2024-02-13,next_day_large_move,all_days,next_large_move_direction,controls_plus_simple_nlp,logreg,1,0,0.4470577473183436
2024-02-21,next_day_large_move,all_days,next_large_move_direction,controls_plus_simple_nlp,logreg,1,0,0.4559630567568093
2024-03-04,next_day_large_move,all_days,next_large_move_direction,controls_plus_simple_nlp,logreg,0,0,0.45529946703833657
2024-03-06,next_day_large_move,all_days,next_large_move_direction,controls_plus_simple_nlp,logreg,1,0,0.41693094497807887
2024-03-11,next_day_large_move,all_days,next_large_move_direction,controls_plus_simple_nlp,logreg,1,0,0.4171956574114866
2024-03-19,next_day_large_move,all_days,next_large_move_direction,controls_plus_simple_nlp,logreg,1,0,0.49259335643364033
2024-03-26,next_day_large_move,all_days,next_large_move_direction,controls_plus_simple_nlp,logreg,1,1,0.506708872827164
2024-04-03,next_day_large_move,all_days,next_large_move_direction,controls_plus_simple_nlp,logreg,0,0,0.4907274186327514
2024-04-04,next_day_large_move,all_days,next_large_move_direction,controls_plus_simple_nlp,logreg,1,0,0.4984502071751155
2024-04-09,next_day_large_move,all_days,next_large_move_direction,controls_plus_simple_nlp,logreg,0,0,0.40226444296904273
2024-04-11,next_day_large_move,all_days,next_large_move_direction,controls_plus_simple_nlp,logreg,0,0,0.44954537507748343
2024-04-12,next_day_large_move,all_days,next_large_move_direction,controls_plus_simple_nlp,logreg,0,0,0.47024804286626093
2024-04-18,next_day_large_move,all_days,next_large_move_direction,controls_plus_simple_nlp,logreg,0,1,0.6358330571640287
2024-04-19,next_day_large_move,all_days,next_large_move_direction,controls_plus_simple_nlp,logreg,1,1,0.5093661891439036
2024-04-22,next_day_large_move,all_days,next_large_move_direction,controls_plus_simple_nlp,logreg,1,1,0.5423638320281282
2024-04-25,next_day_large_move,all_days,next_large_move_direction,controls_plus_simple_nlp,logreg,1,0,0.4282482400601844
2024-04-29,next_day_large_move,all_days,next_large_move_direction,controls_plus_simple_nlp,logreg,0,1,0.5300003859157661
2024-05-01,next_day_large_move,all_days,next_large_move_direction,controls_plus_simple_nlp,logreg,1,1,0.5474793989368204
2024-05-02,next_day_large_move,all_days,next_large_move_direction,controls_plus_simple_nlp,logreg,1,0,0.4217368918024536
2024-05-03,next_day_large_move,all_days,next_large_move_direction,controls_plus_simple_nlp,logreg,1,0,0.4591695523927353
2024-05-14,next_day_large_move,all_days,next_large_move_direction,controls_plus_simple_nlp,logreg,1,0,0.4849515668471197
2024-06-04,next_day_large_move,all_days,next_large_move_direction,controls_plus_simple_nlp,logreg,1,1,0.5448657364787256
2024-06-11,next_day_large_move,all_days,next_large_move_direction,controls_plus_simple_nlp,logreg,1,1,0.5323462225047806
2024-07-09,next_day_large_move,all_days,next_large_move_direction,controls_plus_simple_nlp,logreg,1,1,0.5925845804351418
2024-07-10,next_day_large_move,all_days,next_large_move_direction,controls_plus_simple_nlp,logreg,0,1,0.60057566254363
2024-07-16,next_day_large_move,all_days,next_large_move_direction,controls_plus_simple_nlp,logreg,0,1,0.5258785579552625
2024-07-19,next_day_large_move,all_days,next_large_move_direction,controls_plus_simple_nlp,logreg,1,1,0.545684580493455
2024-07-23,next_day_large_move,all_days,next_large_move_direction,controls_plus_simple_nlp,logreg,0,1,0.6355278034212656
2024-07-25,next_day_large_move,all_days,next_large_move_direction,controls_plus_simple_nlp,logreg,1,0,0.4525150939142252
2024-07-30,next_day_large_move,all_days,next_large_move_direction,controls_plus_simple_nlp,logreg,1,1,0.6037923219439019
2024-07-31,next_day_large_move,all_days,next_large_move_direction,controls_plus_simple_nlp,logreg,0,0,0.37872000954902457
2024-08-01,next_day_large_move,all_days,next_large_move_direction,controls_plus_simple_nlp,logreg,0,0,0.48134047170847766
2024-08-02,next_day_large_move,all_days,next_large_move_direction,controls_plus_simple_nlp,logreg,0,1,0.5608885256287462
2024-08-05,next_day_large_move,all_days,next_large_move_direction,controls_plus_simple_nlp,logreg,1,0,0.47654050531735115
2024-08-07,next_day_large_move,all_days,next_large_move_direction,controls_plus_simple_nlp,logreg,1,1,0.5943621622893973
2024-08-12,next_day_large_move,all_days,next_large_move_direction,controls_plus_simple_nlp,logreg,1,0,0.47759642963137755
2024-08-14,next_day_large_move,all_days,next_large_move_direction,controls_plus_simple_nlp,logreg,1,1,0.5701225946145783
2024-08-16,next_day_large_move,all_days,next_large_move_direction,controls_plus_simple_nlp,logreg,1,1,0.5195553373818375
2024-08-21,next_day_large_move,all_days,next_large_move_direction,controls_plus_simple_nlp,logreg,0,0,0.45085861449830217
2024-08-22,next_day_large_move,all_days,next_large_move_direction,controls_plus_simple_nlp,logreg,1,0,0.39554783029707014
2024-08-29,next_day_large_move,all_days,next_large_move_direction,controls_plus_simple_nlp,logreg,1,0,0.39588364699987816
2024-08-30,next_day_large_move,all_days,next_large_move_direction,controls_plus_simple_nlp,logreg,0,0,0.42606912895557253
2024-09-05,next_day_large_move,all_days,next_large_move_direction,controls_plus_simple_nlp,logreg,0,1,0.5496970573528321
2024-09-06,next_day_large_move,all_days,next_large_move_direction,controls_plus_simple_nlp,logreg,1,0,0.49880728923899625
2024-09-10,next_day_large_move,all_days,next_large_move_direction,controls_plus_simple_nlp,logreg,1,1,0.53226419629744
2024-09-18,next_day_large_move,all_days,next_large_move_direction,controls_plus_simple_nlp,logreg,1,1,0.53734907755502
2024-09-30,next_day_large_move,all_days,next_large_move_direction,controls_plus_simple_nlp,logreg,0,1,0.5278781808747337
2024-10-03,next_day_large_move,all_days,next_large_move_direction,controls_plus_simple_nlp,logreg,1,0,0.47860475153043475
2024-10-04,next_day_large_move,all_days,next_large_move_direction,controls_plus_simple_nlp,logreg,0,1,0.5405399806631223
2024-10-07,next_day_large_move,all_days,next_large_move_direction,controls_plus_simple_nlp,logreg,1,1,0.5302824322204726
2024-10-22,next_day_large_move,all_days,next_large_move_direction,controls_plus_simple_nlp,logreg,0,1,0.5016987572357846
2024-10-30,next_day_large_move,all_days,next_large_move_direction,controls_plus_simple_nlp,logreg,0,1,0.5574057658313565
2024-11-04,next_day_large_move,all_days,next_large_move_direction,controls_plus_simple_nlp,logreg,1,1,0.5545160871982768
2024-11-05,next_day_large_move,all_days,next_large_move_direction,controls_plus_simple_nlp,logreg,1,1,0.5233204665995954
2024-11-14,next_day_large_move,all_days,next_large_move_direction,controls_plus_simple_nlp,logreg,0,0,0.40103518063420135
2024-12-10,next_day_large_move,all_days,next_large_move_direction,controls_plus_simple_nlp,logreg,1,1,0.5550785729318158
2024-12-17,next_day_large_move,all_days,next_large_move_direction,controls_plus_simple_nlp,logreg,0,1,0.5722472780595688
2024-12-19,next_day_large_move,all_days,next_large_move_direction,controls_plus_simple_nlp,logreg,1,0,0.458768787124574
2024-12-23,next_day_large_move,all_days,next_large_move_direction,controls_plus_simple_nlp,logreg,1,0,0.45485598311771225
2024-12-26,next_day_large_move,all_days,next_large_move_direction,controls_plus_simple_nlp,logreg,0,0,0.28988503508789865
2024-12-27,next_day_large_move,all_days,next_large_move_direction,controls_plus_simple_nlp,logreg,0,0,0.433763922159186
2025-01-02,next_day_large_move,all_days,next_large_move_direction,controls_plus_simple_nlp,logreg,1,1,0.5537950209161453
2025-01-06,next_day_large_move,all_days,next_large_move_direction,controls_plus_simple_nlp,logreg,0,1,0.5982869560790369
2025-01-08,next_day_large_move,all_days,next_large_move_direction,controls_plus_simple_nlp,logreg,0,0,0.40901388838093
2025-01-14,next_day_large_move,all_days,next_large_move_direction,controls_plus_simple_nlp,logreg,1,1,0.5756827517378695
2025-01-16,next_day_large_move,all_days,next_large_move_direction,controls_plus_simple_nlp,logreg,1,1,0.5501254973223833
2025-01-17,next_day_large_move,all_days,next_large_move_direction,controls_plus_simple_nlp,logreg,1,0,0.43138254010711696
2025-01-24,next_day_large_move,all_days,next_large_move_direction,controls_plus_simple_nlp,logreg,0,0,0.3665410526795419
2025-01-27,next_day_large_move,all_days,next_large_move_direction,controls_plus_simple_nlp,logreg,1,0,0.41496831156419545
2025-02-06,next_day_large_move,all_days,next_large_move_direction,controls_plus_simple_nlp,logreg,0,0,0.4941929982369761
2025-02-12,next_day_large_move,all_days,next_large_move_direction,controls_plus_simple_nlp,logreg,1,1,0.5888181792062737
2025-02-20,next_day_large_move,all_days,next_large_move_direction,controls_plus_simple_nlp,logreg,0,0,0.40277099628932767
2025-02-26,next_day_large_move,all_days,next_large_move_direction,controls_plus_simple_nlp,logreg,0,1,0.5312538122562532
2025-02-27,next_day_large_move,all_days,next_large_move_direction,controls_plus_simple_nlp,logreg,1,1,0.5845000773372386
2025-02-28,next_day_large_move,all_days,next_large_move_direction,controls_plus_simple_nlp,logreg,0,1,0.5483973461371672
2025-03-03,next_day_large_move,all_days,next_large_move_direction,controls_plus_simple_nlp,logreg,0,1,0.6123545981451465
2025-03-04,next_day_large_move,all_days,next_large_move_direction,controls_plus_simple_nlp,logreg,1,1,0.6076227493253019
2025-03-05,next_day_large_move,all_days,next_large_move_direction,controls_plus_simple_nlp,logreg,0,1,0.6294822788995262
2025-03-07,next_day_large_move,all_days,next_large_move_direction,controls_plus_simple_nlp,logreg,0,0,0.44949636974271573
2025-03-12,next_day_large_move,all_days,next_large_move_direction,controls_plus_simple_nlp,logreg,0,1,0.5857861729354047
2025-03-13,next_day_large_move,all_days,next_large_move_direction,controls_plus_simple_nlp,logreg,1,1,0.566394034640113
2025-03-17,next_day_large_move,all_days,next_large_move_direction,controls_plus_simple_nlp,logreg,0,1,0.6199003346788354
2025-03-18,next_day_large_move,all_days,next_large_move_direction,controls_plus_simple_nlp,logreg,1,1,0.5835089643052765
2025-03-21,next_day_large_move,all_days,next_large_move_direction,controls_plus_simple_nlp,logreg,1,1,0.6175385074813574
2025-03-25,next_day_large_move,all_days,next_large_move_direction,controls_plus_simple_nlp,logreg,0,1,0.5047917122395364
2025-03-27,next_day_large_move,all_days,next_large_move_direction,controls_plus_simple_nlp,logreg,0,1,0.5175751396127611
2025-04-02,next_day_large_move,all_days,next_large_move_direction,controls_plus_simple_nlp,logreg,0,0,0.4846868972214665
2025-04-03,next_day_large_move,all_days,next_large_move_direction,controls_plus_simple_nlp,logreg,0,0,0.47761723976334086
2025-04-07,next_day_large_move,all_days,next_large_move_direction,controls_plus_simple_nlp,logreg,0,1,0.5237805663403019
2025-04-08,next_day_large_move,all_days,next_large_move_direction,controls_plus_simple_nlp,logreg,1,1,0.6622068250002427
2025-04-09,next_day_large_move,all_days,next_large_move_direction,controls_plus_simple_nlp,logreg,0,0,0.147350419758637
2025-04-10,next_day_large_move,all_days,next_large_move_direction,controls_plus_simple_nlp,logreg,1,0,0.4235531007539957
2025-04-15,next_day_large_move,all_days,next_large_move_direction,controls_plus_simple_nlp,logreg,0,0,0.40501477203010267
2025-04-17,next_day_large_move,all_days,next_large_move_direction,controls_plus_simple_nlp,logreg,0,0,0.4781088327396763
2025-04-21,next_day_large_move,all_days,next_large_move_direction,controls_plus_simple_nlp,logreg,1,1,0.6818203677513157
2025-04-22,next_day_large_move,all_days,next_large_move_direction,controls_plus_simple_nlp,logreg,1,1,0.58088257757805
2025-04-23,next_day_large_move,all_days,next_large_move_direction,controls_plus_simple_nlp,logreg,1,1,0.6148279792570248
2025-05-01,next_day_large_move,all_days,next_large_move_direction,controls_plus_simple_nlp,logreg,1,0,0.44169155451936043
2025-05-09,next_day_large_move,all_days,next_large_move_direction,controls_plus_simple_nlp,logreg,1,1,0.5815434748816632
2025-05-20,next_day_large_move,all_days,next_large_move_direction,controls_plus_simple_nlp,logreg,0,1,0.5487204985213455
2025-05-23,next_day_large_move,all_days,next_large_move_direction,controls_plus_simple_nlp,logreg,1,1,0.543789307093905
2025-06-05,next_day_large_move,all_days,next_large_move_direction,controls_plus_simple_nlp,logreg,1,0,0.40585635683932003
2025-06-12,next_day_large_move,all_days,next_large_move_direction,controls_plus_simple_nlp,logreg,0,1,0.5043166839242271
2025-06-13,next_day_large_move,all_days,next_large_move_direction,controls_plus_simple_nlp,logreg,1,1,0.6904515632526115
2025-06-16,next_day_large_move,all_days,next_large_move_direction,controls_plus_simple_nlp,logreg,0,0,0.4895030946250795
2025-06-20,next_day_large_move,all_days,next_large_move_direction,controls_plus_simple_nlp,logreg,1,1,0.51417869843331
2025-06-23,next_day_large_move,all_days,next_large_move_direction,controls_plus_simple_nlp,logreg,1,0,0.49203456374250343
2025-07-02,next_day_large_move,all_days,next_large_move_direction,controls_plus_simple_nlp,logreg,1,0,0.426417221404608
2025-07-31,next_day_large_move,all_days,next_large_move_direction,controls_plus_simple_nlp,logreg,0,0,0.4237101823973575
2025-08-01,next_day_large_move,all_days,next_large_move_direction,controls_plus_simple_nlp,logreg,1,1,0.5653540311641378
2025-08-11,next_day_large_move,all_days,next_large_move_direction,controls_plus_simple_nlp,logreg,1,0,0.469638400415087
2025-08-21,next_day_large_move,all_days,next_large_move_direction,controls_plus_simple_nlp,logreg,1,0,0.4117565268208574
2025-09-03,next_day_large_move,all_days,next_large_move_direction,controls_plus_simple_nlp,logreg,1,0,0.4829386754657014
2025-09-10,next_day_large_move,all_days,next_large_move_direction,controls_plus_simple_nlp,logreg,1,1,0.6166945630546999
2025-10-09,next_day_large_move,all_days,next_large_move_direction,controls_plus_simple_nlp,logreg,0,0,0.47380200946743833
2025-10-10,next_day_large_move,all_days,next_large_move_direction,controls_plus_simple_nlp,logreg,1,0,0.4583280793942182
2025-10-17,next_day_large_move,all_days,next_large_move_direction,controls_plus_simple_nlp,logreg,1,1,0.5553420005787278
2025-10-24,next_day_large_move,all_days,next_large_move_direction,controls_plus_simple_nlp,logreg,1,0,0.4320103682170263
2025-10-29,next_day_large_move,all_days,next_large_move_direction,controls_plus_simple_nlp,logreg,0,0,0.44091243875321406
2025-11-03,next_day_large_move,all_days,next_large_move_direction,controls_plus_simple_nlp,logreg,0,0,0.49114026895549967
2025-11-05,next_day_large_move,all_days,next_large_move_direction,controls_plus_simple_nlp,logreg,0,0,0.47530102206639835
2025-11-07,next_day_large_move,all_days,next_large_move_direction,controls_plus_simple_nlp,logreg,1,1,0.5411535806782778
2025-11-12,next_day_large_move,all_days,next_large_move_direction,controls_plus_simple_nlp,logreg,0,1,0.6685487438829721
2025-11-14,next_day_large_move,all_days,next_large_move_direction,controls_plus_simple_nlp,logreg,0,1,0.5274238092342926
2025-11-17,next_day_large_move,all_days,next_large_move_direction,controls_plus_simple_nlp,logreg,0,1,0.529922597224441
2025-11-19,next_day_large_move,all_days,next_large_move_direction,controls_plus_simple_nlp,logreg,0,1,0.5201381136763553
2025-11-20,next_day_large_move,all_days,next_large_move_direction,controls_plus_simple_nlp,logreg,1,0,0.4606197798829806
2025-11-21,next_day_large_move,all_days,next_large_move_direction,controls_plus_simple_nlp,logreg,1,0,0.3411156959347153
2025-11-24,next_day_large_move,all_days,next_large_move_direction,controls_plus_simple_nlp,logreg,1,1,0.5160345015194951
2025-12-11,next_day_large_move,all_days,next_large_move_direction,controls_plus_simple_nlp,logreg,0,1,0.5635553894694587
2025-12-16,next_day_large_move,all_days,next_large_move_direction,controls_plus_simple_nlp,logreg,0,1,0.558038151875838
2025-12-18,next_day_large_move,all_days,next_large_move_direction,controls_plus_simple_nlp,logreg,1,1,0.5450737924044002
2022-02-14,next_day_large_move,all_days,next_large_move_direction,controls_plus_simple_nlp,random_forest,1,0,0.4495119915474828
2022-04-28,next_day_large_move,all_days,next_large_move_direction,controls_plus_simple_nlp,random_forest,0,0,0.46395606447444493
2022-05-03,next_day_large_move,all_days,next_large_move_direction,controls_plus_simple_nlp,random_forest,1,1,0.5758552891668277
2022-05-04,next_day_large_move,all_days,next_large_move_direction,controls_plus_simple_nlp,random_forest,0,0,0.4774722898460857
2022-05-06,next_day_large_move,all_days,next_large_move_direction,controls_plus_simple_nlp,random_forest,0,0,0.49170439830810364
2022-05-10,next_day_large_move,all_days,next_large_move_direction,controls_plus_simple_nlp,random_forest,0,1,0.5358810545188661
2022-05-12,next_day_large_move,all_days,next_large_move_direction,controls_plus_simple_nlp,random_forest,1,1,0.5396916072271458
2022-05-16,next_day_large_move,all_days,next_large_move_direction,controls_plus_simple_nlp,random_forest,1,1,0.5094640321334497
2022-05-17,next_day_large_move,all_days,next_large_move_direction,controls_plus_simple_nlp,random_forest,0,1,0.5072854159336885
2022-05-20,next_day_large_move,all_days,next_large_move_direction,controls_plus_simple_nlp,random_forest,1,1,0.5570997169275094
2022-05-23,next_day_large_move,all_days,next_large_move_direction,controls_plus_simple_nlp,random_forest,0,1,0.5280045604594845
2022-05-24,next_day_large_move,all_days,next_large_move_direction,controls_plus_simple_nlp,random_forest,1,1,0.6279838577256229
2022-05-25,next_day_large_move,all_days,next_large_move_direction,controls_plus_simple_nlp,random_forest,1,1,0.5512695541232013
2022-05-26,next_day_large_move,all_days,next_large_move_direction,controls_plus_simple_nlp,random_forest,1,1,0.5092899973895755
2022-06-01,next_day_large_move,all_days,next_large_move_direction,controls_plus_simple_nlp,random_forest,1,0,0.489086317166251
2022-06-02,next_day_large_move,all_days,next_large_move_direction,controls_plus_simple_nlp,random_forest,0,0,0.4650312758762471
2022-06-06,next_day_large_move,all_days,next_large_move_direction,controls_plus_simple_nlp,random_forest,1,1,0.5369285375752301
2022-06-07,next_day_large_move,all_days,next_large_move_direction,controls_plus_simple_nlp,random_forest,0,0,0.47413941059317166
2022-06-08,next_day_large_move,all_days,next_large_move_direction,controls_plus_simple_nlp,random_forest,0,1,0.5804552924024756
2022-06-09,next_day_large_move,all_days,next_large_move_direction,controls_plus_simple_nlp,random_forest,0,1,0.5158192049548018
2022-06-10,next_day_large_move,all_days,next_large_move_direction,controls_plus_simple_nlp,random_forest,0,1,0.5634582917278786
2022-06-14,next_day_large_move,all_days,next_large_move_direction,controls_plus_simple_nlp,random_forest,1,1,0.6232058728101592
2022-06-15,next_day_large_move,all_days,next_large_move_direction,controls_plus_simple_nlp,random_forest,0,1,0.6170122619822195
2022-06-17,next_day_large_move,all_days,next_large_move_direction,controls_plus_simple_nlp,random_forest,1,1,0.5196406335840775
2022-06-22,next_day_large_move,all_days,next_large_move_direction,controls_plus_simple_nlp,random_forest,1,1,0.5550039631234865
2022-06-23,next_day_large_move,all_days,next_large_move_direction,controls_plus_simple_nlp,random_forest,1,1,0.5616248981616355
2022-06-27,next_day_large_move,all_days,next_large_move_direction,controls_plus_simple_nlp,random_forest,0,0,0.4963048286860429
2022-06-29,next_day_large_move,all_days,next_large_move_direction,controls_plus_simple_nlp,random_forest,0,1,0.5733326636649924
2022-06-30,next_day_large_move,all_days,next_large_move_direction,controls_plus_simple_nlp,random_forest,1,1,0.5399777179732307
2022-07-06,next_day_large_move,all_days,next_large_move_direction,controls_plus_simple_nlp,random_forest,1,1,0.509297174198812
2022-07-08,next_day_large_move,all_days,next_large_move_direction,controls_plus_simple_nlp,random_forest,0,0,0.4870123461370677
2022-07-11,next_day_large_move,all_days,next_large_move_direction,controls_plus_simple_nlp,random_forest,0,1,0.5021912247423421
2022-07-14,next_day_large_move,all_days,next_large_move_direction,controls_plus_simple_nlp,random_forest,1,1,0.5369261850119263
2022-07-15,next_day_large_move,all_days,next_large_move_direction,controls_plus_simple_nlp,random_forest,0,1,0.5151093898566831
2022-07-18,next_day_large_move,all_days,next_large_move_direction,controls_plus_simple_nlp,random_forest,1,1,0.540307853234233
2022-07-20,next_day_large_move,all_days,next_large_move_direction,controls_plus_simple_nlp,random_forest,1,1,0.5768604177914954
2022-07-21,next_day_large_move,all_days,next_large_move_direction,controls_plus_simple_nlp,random_forest,0,1,0.568571541749898
2022-07-25,next_day_large_move,all_days,next_large_move_direction,controls_plus_simple_nlp,random_forest,0,0,0.4784525761662097
2022-07-26,next_day_large_move,all_days,next_large_move_direction,controls_plus_simple_nlp,random_forest,1,1,0.5317655721195087
2022-07-27,next_day_large_move,all_days,next_large_move_direction,controls_plus_simple_nlp,random_forest,1,1,0.5885118459047696
2022-08-02,next_day_large_move,all_days,next_large_move_direction,controls_plus_simple_nlp,random_forest,1,1,0.6069951561654271
2022-08-09,next_day_large_move,all_days,next_large_move_direction,controls_plus_simple_nlp,random_forest,1,1,0.548829255808817
2022-08-11,next_day_large_move,all_days,next_large_move_direction,controls_plus_simple_nlp,random_forest,1,1,0.5693871638918653
2022-08-18,next_day_large_move,all_days,next_large_move_direction,controls_plus_simple_nlp,random_forest,0,1,0.5352284687419097
2022-08-19,next_day_large_move,all_days,next_large_move_direction,controls_plus_simple_nlp,random_forest,0,1,0.5292904916763282
2022-08-24,next_day_large_move,all_days,next_large_move_direction,controls_plus_simple_nlp,random_forest,1,1,0.5449959614729889
2022-08-25,next_day_large_move,all_days,next_large_move_direction,controls_plus_simple_nlp,random_forest,0,1,0.574558483692485
2022-08-29,next_day_large_move,all_days,next_large_move_direction,controls_plus_simple_nlp,random_forest,0,1,0.5357659774863559
2022-09-01,next_day_large_move,all_days,next_large_move_direction,controls_plus_simple_nlp,random_forest,0,1,0.5654589948181755
2022-09-06,next_day_large_move,all_days,next_large_move_direction,controls_plus_simple_nlp,random_forest,1,1,0.5465537737868695
2022-09-08,next_day_large_move,all_days,next_large_move_direction,controls_plus_simple_nlp,random_forest,1,1,0.5557529210247956
2022-09-09,next_day_large_move,all_days,next_large_move_direction,controls_plus_simple_nlp,random_forest,1,1,0.5437378434090557
2022-09-12,next_day_large_move,all_days,next_large_move_direction,controls_plus_simple_nlp,random_forest,0,0,0.48525241450478646
2022-09-14,next_day_large_move,all_days,next_large_move_direction,controls_plus_simple_nlp,random_forest,0,1,0.5248719962805162
2022-09-19,next_day_large_move,all_days,next_large_move_direction,controls_plus_simple_nlp,random_forest,0,1,0.5624785008498594
2022-09-20,next_day_large_move,all_days,next_large_move_direction,controls_plus_simple_nlp,random_forest,0,1,0.5194552776540314
2022-09-21,next_day_large_move,all_days,next_large_move_direction,controls_plus_simple_nlp,random_forest,0,1,0.5123633057875449
2022-09-22,next_day_large_move,all_days,next_large_move_direction,controls_plus_simple_nlp,random_forest,0,1,0.526269925155921
2022-09-23,next_day_large_move,all_days,next_large_move_direction,controls_plus_simple_nlp,random_forest,0,1,0.5057633927539201
2022-09-27,next_day_large_move,all_days,next_large_move_direction,controls_plus_simple_nlp,random_forest,1,1,0.5230027896253923
2022-09-28,next_day_large_move,all_days,next_large_move_direction,controls_plus_simple_nlp,random_forest,0,1,0.5876402275407767
2022-09-29,next_day_large_move,all_days,next_large_move_direction,controls_plus_simple_nlp,random_forest,0,1,0.5451321333622127
2022-09-30,next_day_large_move,all_days,next_large_move_direction,controls_plus_simple_nlp,random_forest,1,1,0.5310168082729251
2022-10-03,next_day_large_move,all_days,next_large_move_direction,controls_plus_simple_nlp,random_forest,1,1,0.5150605624958469
2022-10-05,next_day_large_move,all_days,next_large_move_direction,controls_plus_simple_nlp,random_forest,0,1,0.5325500320780566
2022-10-06,next_day_large_move,all_days,next_large_move_direction,controls_plus_simple_nlp,random_forest,0,0,0.49080880300236523
2022-10-12,next_day_large_move,all_days,next_large_move_direction,controls_plus_simple_nlp,random_forest,1,1,0.5283920312495877
2022-10-13,next_day_large_move,all_days,next_large_move_direction,controls_plus_simple_nlp,random_forest,0,1,0.5243111895366465
2022-10-14,next_day_large_move,all_days,next_large_move_direction,controls_plus_simple_nlp,random_forest,1,1,0.5529894879854534
2022-10-17,next_day_large_move,all_days,next_large_move_direction,controls_plus_simple_nlp,random_forest,1,1,0.5760927763182175
2022-10-20,next_day_large_move,all_days,next_large_move_direction,controls_plus_simple_nlp,random_forest,1,1,0.5372155009102719
2022-10-21,next_day_large_move,all_days,next_large_move_direction,controls_plus_simple_nlp,random_forest,1,0,0.45928785618834733
2022-10-24,next_day_large_move,all_days,next_large_move_direction,controls_plus_simple_nlp,random_forest,1,1,0.527747983900205
2022-10-27,next_day_large_move,all_days,next_large_move_direction,controls_plus_simple_nlp,random_forest,1,0,0.4956896885454645
2022-11-01,next_day_large_move,all_days,next_large_move_direction,controls_plus_simple_nlp,random_forest,0,0,0.48871212662962127
2022-11-02,next_day_large_move,all_days,next_large_move_direction,controls_plus_simple_nlp,random_forest,0,1,0.5083255397971466
2022-11-03,next_day_large_move,all_days,next_large_move_direction,controls_plus_simple_nlp,random_forest,1,1,0.5411736444752694
2022-11-04,next_day_large_move,all_days,next_large_move_direction,controls_plus_simple_nlp,random_forest,1,1,0.5506523134686931
2022-11-08,next_day_large_move,all_days,next_large_move_direction,controls_plus_simple_nlp,random_forest,0,1,0.5591201301302712
2022-11-09,next_day_large_move,all_days,next_large_move_direction,controls_plus_simple_nlp,random_forest,1,1,0.5137888363253186
2022-11-10,next_day_large_move,all_days,next_large_move_direction,controls_plus_simple_nlp,random_forest,1,0,0.47560563605780865
2022-11-11,next_day_large_move,all_days,next_large_move_direction,controls_plus_simple_nlp,random_forest,0,0,0.4981947026888169
2022-11-14,next_day_large_move,all_days,next_large_move_direction,controls_plus_simple_nlp,random_forest,1,1,0.5580739658271107
2022-11-15,next_day_large_move,all_days,next_large_move_direction,controls_plus_simple_nlp,random_forest,0,0,0.48567931984878787
2022-11-21,next_day_large_move,all_days,next_large_move_direction,controls_plus_simple_nlp,random_forest,1,1,0.5397512200298334
2022-11-25,next_day_large_move,all_days,next_large_move_direction,controls_plus_simple_nlp,random_forest,0,1,0.55708984884124
2022-11-29,next_day_large_move,all_days,next_large_move_direction,controls_plus_simple_nlp,random_forest,1,0,0.4820095104141709
2022-12-02,next_day_large_move,all_days,next_large_move_direction,controls_plus_simple_nlp,random_forest,0,1,0.5778546352646363
2022-12-05,next_day_large_move,all_days,next_large_move_direction,controls_plus_simple_nlp,random_forest,0,1,0.5300939442429686
2022-12-09,next_day_large_move,all_days,next_large_move_direction,controls_plus_simple_nlp,random_forest,1,1,0.5218613174439122
2022-12-14,next_day_large_move,all_days,next_large_move_direction,controls_plus_simple_nlp,random_forest,0,1,0.5098211257460096
2022-12-15,next_day_large_move,all_days,next_large_move_direction,controls_plus_simple_nlp,random_forest,0,1,0.5025406834338201
2022-12-16,next_day_large_move,all_days,next_large_move_direction,controls_plus_simple_nlp,random_forest,0,0,0.453747177247944
2022-12-20,next_day_large_move,all_days,next_large_move_direction,controls_plus_simple_nlp,random_forest,1,1,0.5150900799309954
2022-12-21,next_day_large_move,all_days,next_large_move_direction,controls_plus_simple_nlp,random_forest,0,1,0.5654644140310182
2022-12-27,next_day_large_move,all_days,next_large_move_direction,controls_plus_simple_nlp,random_forest,0,1,0.5265886882175511
2022-12-28,next_day_large_move,all_days,next_large_move_direction,controls_plus_simple_nlp,random_forest,1,1,0.5689998619936971
2023-01-04,next_day_large_move,all_days,next_large_move_direction,controls_plus_simple_nlp,random_forest,0,1,0.605
2023-01-05,next_day_large_move,all_days,next_large_move_direction,controls_plus_simple_nlp,random_forest,1,1,0.615
2023-01-10,next_day_large_move,all_days,next_large_move_direction,controls_plus_simple_nlp,random_forest,1,0,0.42
2023-01-17,next_day_large_move,all_days,next_large_move_direction,controls_plus_simple_nlp,random_forest,0,1,0.625
2023-01-19,next_day_large_move,all_days,next_large_move_direction,controls_plus_simple_nlp,random_forest,1,1,0.55
2023-01-20,next_day_large_move,all_days,next_large_move_direction,controls_plus_simple_nlp,random_forest,1,1,0.58
2023-01-25,next_day_large_move,all_days,next_large_move_direction,controls_plus_simple_nlp,random_forest,1,1,0.705
2023-01-27,next_day_large_move,all_days,next_large_move_direction,controls_plus_simple_nlp,random_forest,0,0,0.425
2023-01-30,next_day_large_move,all_days,next_large_move_direction,controls_plus_simple_nlp,random_forest,1,0,0.48
2023-01-31,next_day_large_move,all_days,next_large_move_direction,controls_plus_simple_nlp,random_forest,1,1,0.605
2023-02-01,next_day_large_move,all_days,next_large_move_direction,controls_plus_simple_nlp,random_forest,1,1,0.57
2023-02-02,next_day_large_move,all_days,next_large_move_direction,controls_plus_simple_nlp,random_forest,0,1,0.525
2023-02-06,next_day_large_move,all_days,next_large_move_direction,controls_plus_simple_nlp,random_forest,1,1,0.715
2023-02-07,next_day_large_move,all_days,next_large_move_direction,controls_plus_simple_nlp,random_forest,0,1,0.52
2023-02-08,next_day_large_move,all_days,next_large_move_direction,controls_plus_simple_nlp,random_forest,0,1,0.625
2023-02-10,next_day_large_move,all_days,next_large_move_direction,controls_plus_simple_nlp,random_forest,1,0,0.365
2023-02-15,next_day_large_move,all_days,next_large_move_direction,controls_plus_simple_nlp,random_forest,0,1,0.635
2023-02-17,next_day_large_move,all_days,next_large_move_direction,controls_plus_simple_nlp,random_forest,0,1,0.545
2023-02-23,next_day_large_move,all_days,next_large_move_direction,controls_plus_simple_nlp,random_forest,0,1,0.535
2023-03-02,next_day_large_move,all_days,next_large_move_direction,controls_plus_simple_nlp,random_forest,1,0,0.485
2023-03-06,next_day_large_move,all_days,next_large_move_direction,controls_plus_simple_nlp,random_forest,0,1,0.695
2023-03-08,next_day_large_move,all_days,next_large_move_direction,controls_plus_simple_nlp,random_forest,0,1,0.685
2023-03-09,next_day_large_move,all_days,next_large_move_direction,controls_plus_simple_nlp,random_forest,0,0,0.35
2023-03-13,next_day_large_move,all_days,next_large_move_direction,controls_plus_simple_nlp,random_forest,1,1,0.54
2023-03-15,next_day_large_move,all_days,next_large_move_direction,controls_plus_simple_nlp,random_forest,1,1,0.58
2023-03-16,next_day_large_move,all_days,next_large_move_direction,controls_plus_simple_nlp,random_forest,0,1,0.605
2023-03-17,next_day_large_move,all_days,next_large_move_direction,controls_plus_simple_nlp,random_forest,1,1,0.665
2023-03-20,next_day_large_move,all_days,next_large_move_direction,controls_plus_simple_nlp,random_forest,1,1,0.69
2023-03-21,next_day_large_move,all_days,next_large_move_direction,controls_plus_simple_nlp,random_forest,0,1,0.58
2023-03-28,next_day_large_move,all_days,next_large_move_direction,controls_plus_simple_nlp,random_forest,1,1,0.565
2023-03-30,next_day_large_move,all_days,next_large_move_direction,controls_plus_simple_nlp,random_forest,1,1,0.625
2023-04-12,next_day_large_move,all_days,next_large_move_direction,controls_plus_simple_nlp,random_forest,1,1,0.605
2023-04-24,next_day_large_move,all_days,next_large_move_direction,controls_plus_simple_nlp,random_forest,0,1,0.715
2023-04-26,next_day_large_move,all_days,next_large_move_direction,controls_plus_simple_nlp,random_forest,1,1,0.57
2023-04-27,next_day_large_move,all_days,next_large_move_direction,controls_plus_simple_nlp,random_forest,1,0,0.485
2023-05-01,next_day_large_move,all_days,next_large_move_direction,controls_plus_simple_nlp,random_forest,0,1,0.59
2023-05-04,next_day_large_move,all_days,next_large_move_direction,controls_plus_simple_nlp,random_forest,1,1,0.66
2023-05-16,next_day_large_move,all_days,next_large_move_direction,controls_plus_simple_nlp,random_forest,1,1,0.62
2023-05-17,next_day_large_move,all_days,next_large_move_direction,controls_plus_simple_nlp,random_forest,1,0,0.415
2023-05-22,next_day_large_move,all_days,next_large_move_direction,controls_plus_simple_nlp,random_forest,0,0,0.415
2023-05-24,next_day_large_move,all_days,next_large_move_direction,controls_plus_simple_nlp,random_forest,1,1,0.525
2023-05-25,next_day_large_move,all_days,next_large_move_direction,controls_plus_simple_nlp,random_forest,1,0,0.435
2023-05-31,next_day_large_move,all_days,next_large_move_direction,controls_plus_simple_nlp,random_forest,1,0,0.365
2023-06-01,next_day_large_move,all_days,next_large_move_direction,controls_plus_simple_nlp,random_forest,1,0,0.41
2023-06-09,next_day_large_move,all_days,next_large_move_direction,controls_plus_simple_nlp,random_forest,1,1,0.535
2023-06-14,next_day_large_move,all_days,next_large_move_direction,controls_plus_simple_nlp,random_forest,1,1,0.625
2023-06-26,next_day_large_move,all_days,next_large_move_direction,controls_plus_simple_nlp,random_forest,1,1,0.565
2023-06-29,next_day_large_move,all_days,next_large_move_direction,controls_plus_simple_nlp,random_forest,1,1,0.525
2023-07-12,next_day_large_move,all_days,next_large_move_direction,controls_plus_simple_nlp,random_forest,1,1,0.765
2023-07-27,next_day_large_move,all_days,next_large_move_direction,controls_plus_simple_nlp,random_forest,1,1,0.655
2023-08-01,next_day_large_move,all_days,next_large_move_direction,controls_plus_simple_nlp,random_forest,0,0,0.39
2023-08-04,next_day_large_move,all_days,next_large_move_direction,controls_plus_simple_nlp,random_forest,1,1,0.575
2023-08-14,next_day_large_move,all_days,next_large_move_direction,controls_plus_simple_nlp,random_forest,0,1,0.615
2023-08-22,next_day_large_move,all_days,next_large_move_direction,controls_plus_simple_nlp,random_forest,1,1,0.63
2023-08-23,next_day_large_move,all_days,next_large_move_direction,controls_plus_simple_nlp,random_forest,0,0,0.38
2023-08-28,next_day_large_move,all_days,next_large_move_direction,controls_plus_simple_nlp,random_forest,1,1,0.705
2023-09-13,next_day_large_move,all_days,next_large_move_direction,controls_plus_simple_nlp,random_forest,1,0,0.5
2023-09-14,next_day_large_move,all_days,next_large_move_direction,controls_plus_simple_nlp,random_forest,0,0,0.4
2023-09-19,next_day_large_move,all_days,next_large_move_direction,controls_plus_simple_nlp,random_forest,0,1,0.59
2023-09-20,next_day_large_move,all_days,next_large_move_direction,controls_plus_simple_nlp,random_forest,0,1,0.545
2023-09-25,next_day_large_move,all_days,next_large_move_direction,controls_plus_simple_nlp,random_forest,0,1,0.635
2023-10-02,next_day_large_move,all_days,next_large_move_direction,controls_plus_simple_nlp,random_forest,0,1,0.645
2023-10-05,next_day_large_move,all_days,next_large_move_direction,controls_plus_simple_nlp,random_forest,1,1,0.62
2023-10-13,next_day_large_move,all_days,next_large_move_direction,controls_plus_simple_nlp,random_forest,1,1,0.565
2023-10-17,next_day_large_move,all_days,next_large_move_direction,controls_plus_simple_nlp,random_forest,0,1,0.56
2023-10-18,next_day_large_move,all_days,next_large_move_direction,controls_plus_simple_nlp,random_forest,0,0,0.485
2023-10-19,next_day_large_move,all_days,next_large_move_direction,controls_plus_simple_nlp,random_forest,0,0,0.49
2023-10-24,next_day_large_move,all_days,next_large_move_direction,controls_plus_simple_nlp,random_forest,0,1,0.645
2023-10-25,next_day_large_move,all_days,next_large_move_direction,controls_plus_simple_nlp,random_forest,0,0,0.39
2023-10-27,next_day_large_move,all_days,next_large_move_direction,controls_plus_simple_nlp,random_forest,1,1,0.59
2023-10-31,next_day_large_move,all_days,next_large_move_direction,controls_plus_simple_nlp,random_forest,1,0,0.46
2023-11-01,next_day_large_move,all_days,next_large_move_direction,controls_plus_simple_nlp,random_forest,1,1,0.62
2023-11-02,next_day_large_move,all_days,next_large_move_direction,controls_plus_simple_nlp,random_forest,1,1,0.565
2023-11-09,next_day_large_move,all_days,next_large_move_direction,controls_plus_simple_nlp,random_forest,1,1,0.585
2023-11-13,next_day_large_move,all_days,next_large_move_direction,controls_plus_simple_nlp,random_forest,1,1,0.7
2023-12-12,next_day_large_move,all_days,next_large_move_direction,controls_plus_simple_nlp,random_forest,1,1,0.53
2023-12-19,next_day_large_move,all_days,next_large_move_direction,controls_plus_simple_nlp,random_forest,0,1,0.615
2023-12-20,next_day_large_move,all_days,next_large_move_direction,controls_plus_simple_nlp,random_forest,1,0,0.495
2024-01-05,next_day_large_move,all_days,next_large_move_direction,controls_plus_simple_nlp,random_forest,1,1,0.635
2024-01-17,next_day_large_move,all_days,next_large_move_direction,controls_plus_simple_nlp,random_forest,1,1,0.645
2024-01-18,next_day_large_move,all_days,next_large_move_direction,controls_plus_simple_nlp,random_forest,1,1,0.505
2024-01-30,next_day_large_move,all_days,next_large_move_direction,controls_plus_simple_nlp,random_forest,0,0,0.425
2024-01-31,next_day_large_move,all_days,next_large_move_direction,controls_plus_simple_nlp,random_forest,1,1,0.625
2024-02-01,next_day_large_move,all_days,next_large_move_direction,controls_plus_simple_nlp,random_forest,1,1,0.66
2024-02-06,next_day_large_move,all_days,next_large_move_direction,controls_plus_simple_nlp,random_forest,1,1,0.585
2024-02-12,next_day_large_move,all_days,next_large_move_direction,controls_plus_simple_nlp,random_forest,0,1,0.685
2024-02-13,next_day_large_move,all_days,next_large_move_direction,controls_plus_simple_nlp,random_forest,1,1,0.545
2024-02-21,next_day_large_move,all_days,next_large_move_direction,controls_plus_simple_nlp,random_forest,1,1,0.635
2024-03-04,next_day_large_move,all_days,next_large_move_direction,controls_plus_simple_nlp,random_forest,0,1,0.58
2024-03-06,next_day_large_move,all_days,next_large_move_direction,controls_plus_simple_nlp,random_forest,1,1,0.535
2024-03-11,next_day_large_move,all_days,next_large_move_direction,controls_plus_simple_nlp,random_forest,1,0,0.37
2024-03-19,next_day_large_move,all_days,next_large_move_direction,controls_plus_simple_nlp,random_forest,1,0,0.45
2024-03-26,next_day_large_move,all_days,next_large_move_direction,controls_plus_simple_nlp,random_forest,1,0,0.38
2024-04-03,next_day_large_move,all_days,next_large_move_direction,controls_plus_simple_nlp,random_forest,0,1,0.51
2024-04-04,next_day_large_move,all_days,next_large_move_direction,controls_plus_simple_nlp,random_forest,1,1,0.64
2024-04-09,next_day_large_move,all_days,next_large_move_direction,controls_plus_simple_nlp,random_forest,0,0,0.455
2024-04-11,next_day_large_move,all_days,next_large_move_direction,controls_plus_simple_nlp,random_forest,0,1,0.56
2024-04-12,next_day_large_move,all_days,next_large_move_direction,controls_plus_simple_nlp,random_forest,0,0,0.445
2024-04-18,next_day_large_move,all_days,next_large_move_direction,controls_plus_simple_nlp,random_forest,0,1,0.685
2024-04-19,next_day_large_move,all_days,next_large_move_direction,controls_plus_simple_nlp,random_forest,1,1,0.7
2024-04-22,next_day_large_move,all_days,next_large_move_direction,controls_plus_simple_nlp,random_forest,1,1,0.655
2024-04-25,next_day_large_move,all_days,next_large_move_direction,controls_plus_simple_nlp,random_forest,1,0,0.455
2024-04-29,next_day_large_move,all_days,next_large_move_direction,controls_plus_simple_nlp,random_forest,0,1,0.595
2024-05-01,next_day_large_move,all_days,next_large_move_direction,controls_plus_simple_nlp,random_forest,1,1,0.51
2024-05-02,next_day_large_move,all_days,next_large_move_direction,controls_plus_simple_nlp,random_forest,1,1,0.585
2024-05-03,next_day_large_move,all_days,next_large_move_direction,controls_plus_simple_nlp,random_forest,1,0,0.5
2024-05-14,next_day_large_move,all_days,next_large_move_direction,controls_plus_simple_nlp,random_forest,1,1,0.685
2024-06-04,next_day_large_move,all_days,next_large_move_direction,controls_plus_simple_nlp,random_forest,1,0,0.425
2024-06-11,next_day_large_move,all_days,next_large_move_direction,controls_plus_simple_nlp,random_forest,1,0,0.485
2024-07-09,next_day_large_move,all_days,next_large_move_direction,controls_plus_simple_nlp,random_forest,1,1,0.64
2024-07-10,next_day_large_move,all_days,next_large_move_direction,controls_plus_simple_nlp,random_forest,0,1,0.68
2024-07-16,next_day_large_move,all_days,next_large_move_direction,controls_plus_simple_nlp,random_forest,0,0,0.475
2024-07-19,next_day_large_move,all_days,next_large_move_direction,controls_plus_simple_nlp,random_forest,1,0,0.46
2024-07-23,next_day_large_move,all_days,next_large_move_direction,controls_plus_simple_nlp,random_forest,0,1,0.535
2024-07-25,next_day_large_move,all_days,next_large_move_direction,controls_plus_simple_nlp,random_forest,1,0,0.495
2024-07-30,next_day_large_move,all_days,next_large_move_direction,controls_plus_simple_nlp,random_forest,1,1,0.68
2024-07-31,next_day_large_move,all_days,next_large_move_direction,controls_plus_simple_nlp,random_forest,0,1,0.525
2024-08-01,next_day_large_move,all_days,next_large_move_direction,controls_plus_simple_nlp,random_forest,0,1,0.54
2024-08-02,next_day_large_move,all_days,next_large_move_direction,controls_plus_simple_nlp,random_forest,0,0,0.47
2024-08-05,next_day_large_move,all_days,next_large_move_direction,controls_plus_simple_nlp,random_forest,1,0,0.44
2024-08-07,next_day_large_move,all_days,next_large_move_direction,controls_plus_simple_nlp,random_forest,1,1,0.76
2024-08-12,next_day_large_move,all_days,next_large_move_direction,controls_plus_simple_nlp,random_forest,1,1,0.515
2024-08-14,next_day_large_move,all_days,next_large_move_direction,controls_plus_simple_nlp,random_forest,1,1,0.61
2024-08-16,next_day_large_move,all_days,next_large_move_direction,controls_plus_simple_nlp,random_forest,1,1,0.53
2024-08-21,next_day_large_move,all_days,next_large_move_direction,controls_plus_simple_nlp,random_forest,0,1,0.63
2024-08-22,next_day_large_move,all_days,next_large_move_direction,controls_plus_simple_nlp,random_forest,1,1,0.65
2024-08-29,next_day_large_move,all_days,next_large_move_direction,controls_plus_simple_nlp,random_forest,1,1,0.71
2024-08-30,next_day_large_move,all_days,next_large_move_direction,controls_plus_simple_nlp,random_forest,0,1,0.65
2024-09-05,next_day_large_move,all_days,next_large_move_direction,controls_plus_simple_nlp,random_forest,0,1,0.535
2024-09-06,next_day_large_move,all_days,next_large_move_direction,controls_plus_simple_nlp,random_forest,1,1,0.505
2024-09-10,next_day_large_move,all_days,next_large_move_direction,controls_plus_simple_nlp,random_forest,1,1,0.585
2024-09-18,next_day_large_move,all_days,next_large_move_direction,controls_plus_simple_nlp,random_forest,1,1,0.6
2024-09-30,next_day_large_move,all_days,next_large_move_direction,controls_plus_simple_nlp,random_forest,0,1,0.63
2024-10-03,next_day_large_move,all_days,next_large_move_direction,controls_plus_simple_nlp,random_forest,1,1,0.515
2024-10-04,next_day_large_move,all_days,next_large_move_direction,controls_plus_simple_nlp,random_forest,0,1,0.62
2024-10-07,next_day_large_move,all_days,next_large_move_direction,controls_plus_simple_nlp,random_forest,1,1,0.645
2024-10-22,next_day_large_move,all_days,next_large_move_direction,controls_plus_simple_nlp,random_forest,0,0,0.4
2024-10-30,next_day_large_move,all_days,next_large_move_direction,controls_plus_simple_nlp,random_forest,0,0,0.47
2024-11-04,next_day_large_move,all_days,next_large_move_direction,controls_plus_simple_nlp,random_forest,1,1,0.505
2024-11-05,next_day_large_move,all_days,next_large_move_direction,controls_plus_simple_nlp,random_forest,1,1,0.625
2024-11-14,next_day_large_move,all_days,next_large_move_direction,controls_plus_simple_nlp,random_forest,0,1,0.535
2024-12-10,next_day_large_move,all_days,next_large_move_direction,controls_plus_simple_nlp,random_forest,1,0,0.465
2024-12-17,next_day_large_move,all_days,next_large_move_direction,controls_plus_simple_nlp,random_forest,0,0,0.475
2024-12-19,next_day_large_move,all_days,next_large_move_direction,controls_plus_simple_nlp,random_forest,1,0,0.475
2024-12-23,next_day_large_move,all_days,next_large_move_direction,controls_plus_simple_nlp,random_forest,1,1,0.555
2024-12-26,next_day_large_move,all_days,next_large_move_direction,controls_plus_simple_nlp,random_forest,0,0,0.49
2024-12-27,next_day_large_move,all_days,next_large_move_direction,controls_plus_simple_nlp,random_forest,0,1,0.525
2025-01-02,next_day_large_move,all_days,next_large_move_direction,controls_plus_simple_nlp,random_forest,1,1,0.5839828724693578
2025-01-06,next_day_large_move,all_days,next_large_move_direction,controls_plus_simple_nlp,random_forest,0,1,0.5855382904665813
2025-01-08,next_day_large_move,all_days,next_large_move_direction,controls_plus_simple_nlp,random_forest,0,0,0.3902020096051104
2025-01-14,next_day_large_move,all_days,next_large_move_direction,controls_plus_simple_nlp,random_forest,1,0,0.4988753213632355
2025-01-16,next_day_large_move,all_days,next_large_move_direction,controls_plus_simple_nlp,random_forest,1,1,0.6350120458068084
2025-01-17,next_day_large_move,all_days,next_large_move_direction,controls_plus_simple_nlp,random_forest,1,1,0.6129815618341787
2025-01-24,next_day_large_move,all_days,next_large_move_direction,controls_plus_simple_nlp,random_forest,0,0,0.40998181922095617
2025-01-27,next_day_large_move,all_days,next_large_move_direction,controls_plus_simple_nlp,random_forest,1,0,0.4946331552364234
2025-02-06,next_day_large_move,all_days,next_large_move_direction,controls_plus_simple_nlp,random_forest,0,1,0.5389127865819746
2025-02-12,next_day_large_move,all_days,next_large_move_direction,controls_plus_simple_nlp,random_forest,1,1,0.5719581454546948
2025-02-20,next_day_large_move,all_days,next_large_move_direction,controls_plus_simple_nlp,random_forest,0,0,0.36905604986415114
2025-02-26,next_day_large_move,all_days,next_large_move_direction,controls_plus_simple_nlp,random_forest,0,1,0.5955419976447041
2025-02-27,next_day_large_move,all_days,next_large_move_direction,controls_plus_simple_nlp,random_forest,1,1,0.5196351603146419
2025-02-28,next_day_large_move,all_days,next_large_move_direction,controls_plus_simple_nlp,random_forest,0,1,0.6311466260790329
2025-03-03,next_day_large_move,all_days,next_large_move_direction,controls_plus_simple_nlp,random_forest,0,1,0.5130299928266865
2025-03-04,next_day_large_move,all_days,next_large_move_direction,controls_plus_simple_nlp,random_forest,1,1,0.5286897013001917
2025-03-05,next_day_large_move,all_days,next_large_move_direction,controls_plus_simple_nlp,random_forest,0,1,0.5526802695396101
2025-03-07,next_day_large_move,all_days,next_large_move_direction,controls_plus_simple_nlp,random_forest,0,1,0.7132801678190198
2025-03-12,next_day_large_move,all_days,next_large_move_direction,controls_plus_simple_nlp,random_forest,0,1,0.6827287520727471
2025-03-13,next_day_large_move,all_days,next_large_move_direction,controls_plus_simple_nlp,random_forest,1,0,0.4944840938506118
2025-03-17,next_day_large_move,all_days,next_large_move_direction,controls_plus_simple_nlp,random_forest,0,1,0.7055975256708227
2025-03-18,next_day_large_move,all_days,next_large_move_direction,controls_plus_simple_nlp,random_forest,1,1,0.5192147284004301
2025-03-21,next_day_large_move,all_days,next_large_move_direction,controls_plus_simple_nlp,random_forest,1,1,0.5082742719681161
2025-03-25,next_day_large_move,all_days,next_large_move_direction,controls_plus_simple_nlp,random_forest,0,1,0.5640776106025774
2025-03-27,next_day_large_move,all_days,next_large_move_direction,controls_plus_simple_nlp,random_forest,0,1,0.5289355518825315
2025-04-02,next_day_large_move,all_days,next_large_move_direction,controls_plus_simple_nlp,random_forest,0,1,0.6607392316353611
2025-04-03,next_day_large_move,all_days,next_large_move_direction,controls_plus_simple_nlp,random_forest,0,1,0.5414980314825576
2025-04-07,next_day_large_move,all_days,next_large_move_direction,controls_plus_simple_nlp,random_forest,0,1,0.585257937097089
2025-04-08,next_day_large_move,all_days,next_large_move_direction,controls_plus_simple_nlp,random_forest,1,1,0.5445964974031532
2025-04-09,next_day_large_move,all_days,next_large_move_direction,controls_plus_simple_nlp,random_forest,0,0,0.44613661797431514
2025-04-10,next_day_large_move,all_days,next_large_move_direction,controls_plus_simple_nlp,random_forest,1,1,0.5391677173997438
2025-04-15,next_day_large_move,all_days,next_large_move_direction,controls_plus_simple_nlp,random_forest,0,0,0.43489621420999874
2025-04-17,next_day_large_move,all_days,next_large_move_direction,controls_plus_simple_nlp,random_forest,0,1,0.5483835082375346
2025-04-21,next_day_large_move,all_days,next_large_move_direction,controls_plus_simple_nlp,random_forest,1,1,0.5416599214942237
2025-04-22,next_day_large_move,all_days,next_large_move_direction,controls_plus_simple_nlp,random_forest,1,1,0.5305500914635914
2025-04-23,next_day_large_move,all_days,next_large_move_direction,controls_plus_simple_nlp,random_forest,1,1,0.6150203809689522
2025-05-01,next_day_large_move,all_days,next_large_move_direction,controls_plus_simple_nlp,random_forest,1,1,0.5117480443621222
2025-05-09,next_day_large_move,all_days,next_large_move_direction,controls_plus_simple_nlp,random_forest,1,0,0.48550468094972815
2025-05-20,next_day_large_move,all_days,next_large_move_direction,controls_plus_simple_nlp,random_forest,0,1,0.5681222510548185
2025-05-23,next_day_large_move,all_days,next_large_move_direction,controls_plus_simple_nlp,random_forest,1,1,0.6132369404217464
2025-06-05,next_day_large_move,all_days,next_large_move_direction,controls_plus_simple_nlp,random_forest,1,1,0.5851092430329137
2025-06-12,next_day_large_move,all_days,next_large_move_direction,controls_plus_simple_nlp,random_forest,0,1,0.5613513920568285
2025-06-13,next_day_large_move,all_days,next_large_move_direction,controls_plus_simple_nlp,random_forest,1,1,0.5642643976932749
2025-06-16,next_day_large_move,all_days,next_large_move_direction,controls_plus_simple_nlp,random_forest,0,1,0.6243405295712283
2025-06-20,next_day_large_move,all_days,next_large_move_direction,controls_plus_simple_nlp,random_forest,1,1,0.5486682541836656
2025-06-23,next_day_large_move,all_days,next_large_move_direction,controls_plus_simple_nlp,random_forest,1,1,0.5503610593408025
2025-07-02,next_day_large_move,all_days,next_large_move_direction,controls_plus_simple_nlp,random_forest,1,0,0.44795130558352775
2025-07-31,next_day_large_move,all_days,next_large_move_direction,controls_plus_simple_nlp,random_forest,0,1,0.5307216704458347
2025-08-01,next_day_large_move,all_days,next_large_move_direction,controls_plus_simple_nlp,random_forest,1,1,0.5327385795438767
2025-08-11,next_day_large_move,all_days,next_large_move_direction,controls_plus_simple_nlp,random_forest,1,0,0.4835388938486214
2025-08-21,next_day_large_move,all_days,next_large_move_direction,controls_plus_simple_nlp,random_forest,1,1,0.5412333177492291
2025-09-03,next_day_large_move,all_days,next_large_move_direction,controls_plus_simple_nlp,random_forest,1,1,0.5398719508568638
2025-09-10,next_day_large_move,all_days,next_large_move_direction,controls_plus_simple_nlp,random_forest,1,1,0.6035415833978405
2025-10-09,next_day_large_move,all_days,next_large_move_direction,controls_plus_simple_nlp,random_forest,0,0,0.4392346530635278
2025-10-10,next_day_large_move,all_days,next_large_move_direction,controls_plus_simple_nlp,random_forest,1,1,0.5145000178634657
2025-10-17,next_day_large_move,all_days,next_large_move_direction,controls_plus_simple_nlp,random_forest,1,1,0.619789827004928
2025-10-24,next_day_large_move,all_days,next_large_move_direction,controls_plus_simple_nlp,random_forest,1,1,0.5297195644851469
2025-10-29,next_day_large_move,all_days,next_large_move_direction,controls_plus_simple_nlp,random_forest,0,1,0.5762478489114669
2025-11-03,next_day_large_move,all_days,next_large_move_direction,controls_plus_simple_nlp,random_forest,0,0,0.462031587757959
2025-11-05,next_day_large_move,all_days,next_large_move_direction,controls_plus_simple_nlp,random_forest,0,1,0.6180615787449958
2025-11-07,next_day_large_move,all_days,next_large_move_direction,controls_plus_simple_nlp,random_forest,1,1,0.5588712966114987
2025-11-12,next_day_large_move,all_days,next_large_move_direction,controls_plus_simple_nlp,random_forest,0,1,0.6325559909854753
2025-11-14,next_day_large_move,all_days,next_large_move_direction,controls_plus_simple_nlp,random_forest,0,1,0.5227964078938431
2025-11-17,next_day_large_move,all_days,next_large_move_direction,controls_plus_simple_nlp,random_forest,0,1,0.5645927703327627
2025-11-19,next_day_large_move,all_days,next_large_move_direction,controls_plus_simple_nlp,random_forest,0,1,0.5473059511896845
2025-11-20,next_day_large_move,all_days,next_large_move_direction,controls_plus_simple_nlp,random_forest,1,1,0.5147043967243647
2025-11-21,next_day_large_move,all_days,next_large_move_direction,controls_plus_simple_nlp,random_forest,1,1,0.5876329973379548
2025-11-24,next_day_large_move,all_days,next_large_move_direction,controls_plus_simple_nlp,random_forest,1,1,0.5548715960514534
2025-12-11,next_day_large_move,all_days,next_large_move_direction,controls_plus_simple_nlp,random_forest,0,0,0.49972538840308883
2025-12-16,next_day_large_move,all_days,next_large_move_direction,controls_plus_simple_nlp,random_forest,0,1,0.5783533286022308
2025-12-18,next_day_large_move,all_days,next_large_move_direction,controls_plus_simple_nlp,random_forest,1,1,0.5790309714879734
2022-02-14,next_day_large_move,all_days,next_large_move_direction,controls_plus_simple_nlp,gradient_boosting,1,0,0.39171982938493816
2022-04-28,next_day_large_move,all_days,next_large_move_direction,controls_plus_simple_nlp,gradient_boosting,0,1,0.5199632285135853
2022-05-03,next_day_large_move,all_days,next_large_move_direction,controls_plus_simple_nlp,gradient_boosting,1,1,0.5004672611766265
2022-05-04,next_day_large_move,all_days,next_large_move_direction,controls_plus_simple_nlp,gradient_boosting,0,0,0.2714389231471461
2022-05-06,next_day_large_move,all_days,next_large_move_direction,controls_plus_simple_nlp,gradient_boosting,0,1,0.6466584452071571
2022-05-10,next_day_large_move,all_days,next_large_move_direction,controls_plus_simple_nlp,gradient_boosting,0,1,0.7523421146221224
2022-05-12,next_day_large_move,all_days,next_large_move_direction,controls_plus_simple_nlp,gradient_boosting,1,1,0.7831748361378694
2022-05-16,next_day_large_move,all_days,next_large_move_direction,controls_plus_simple_nlp,gradient_boosting,1,1,0.6002777771256577
2022-05-17,next_day_large_move,all_days,next_large_move_direction,controls_plus_simple_nlp,gradient_boosting,0,0,0.4647527587212617
2022-05-20,next_day_large_move,all_days,next_large_move_direction,controls_plus_simple_nlp,gradient_boosting,1,1,0.7242675743916916
2022-05-23,next_day_large_move,all_days,next_large_move_direction,controls_plus_simple_nlp,gradient_boosting,0,1,0.6318961624491329
2022-05-24,next_day_large_move,all_days,next_large_move_direction,controls_plus_simple_nlp,gradient_boosting,1,1,0.7411471468066178
2022-05-25,next_day_large_move,all_days,next_large_move_direction,controls_plus_simple_nlp,gradient_boosting,1,1,0.6973769159468399
2022-05-26,next_day_large_move,all_days,next_large_move_direction,controls_plus_simple_nlp,gradient_boosting,1,0,0.16904963393351102
2022-06-01,next_day_large_move,all_days,next_large_move_direction,controls_plus_simple_nlp,gradient_boosting,1,0,0.387535975286251
2022-06-02,next_day_large_move,all_days,next_large_move_direction,controls_plus_simple_nlp,gradient_boosting,0,0,0.3820879213820616
2022-06-06,next_day_large_move,all_days,next_large_move_direction,controls_plus_simple_nlp,gradient_boosting,1,0,0.43959019376305064
2022-06-07,next_day_large_move,all_days,next_large_move_direction,controls_plus_simple_nlp,gradient_boosting,0,1,0.6053969597002784
2022-06-08,next_day_large_move,all_days,next_large_move_direction,controls_plus_simple_nlp,gradient_boosting,0,1,0.5529278027301497
2022-06-09,next_day_large_move,all_days,next_large_move_direction,controls_plus_simple_nlp,gradient_boosting,0,0,0.46484046547943586
2022-06-10,next_day_large_move,all_days,next_large_move_direction,controls_plus_simple_nlp,gradient_boosting,0,1,0.7897652838086398
2022-06-14,next_day_large_move,all_days,next_large_move_direction,controls_plus_simple_nlp,gradient_boosting,1,1,0.8219547554398645
2022-06-15,next_day_large_move,all_days,next_large_move_direction,controls_plus_simple_nlp,gradient_boosting,0,1,0.7148794603839701
2022-06-17,next_day_large_move,all_days,next_large_move_direction,controls_plus_simple_nlp,gradient_boosting,1,0,0.3669016328602489
2022-06-22,next_day_large_move,all_days,next_large_move_direction,controls_plus_simple_nlp,gradient_boosting,1,1,0.5242181904022148
2022-06-23,next_day_large_move,all_days,next_large_move_direction,controls_plus_simple_nlp,gradient_boosting,1,1,0.5022516897129317
2022-06-27,next_day_large_move,all_days,next_large_move_direction,controls_plus_simple_nlp,gradient_boosting,0,0,0.3450435842763415
2022-06-29,next_day_large_move,all_days,next_large_move_direction,controls_plus_simple_nlp,gradient_boosting,0,1,0.6682075962392668
2022-06-30,next_day_large_move,all_days,next_large_move_direction,controls_plus_simple_nlp,gradient_boosting,1,1,0.5987476761889391
2022-07-06,next_day_large_move,all_days,next_large_move_direction,controls_plus_simple_nlp,gradient_boosting,1,1,0.5497259790832096
2022-07-08,next_day_large_move,all_days,next_large_move_direction,controls_plus_simple_nlp,gradient_boosting,0,0,0.3727738621977865
2022-07-11,next_day_large_move,all_days,next_large_move_direction,controls_plus_simple_nlp,gradient_boosting,0,1,0.5837472018105175
2022-07-14,next_day_large_move,all_days,next_large_move_direction,controls_plus_simple_nlp,gradient_boosting,1,0,0.41765756878898297
2022-07-15,next_day_large_move,all_days,next_large_move_direction,controls_plus_simple_nlp,gradient_boosting,0,1,0.6241431928806188
2022-07-18,next_day_large_move,all_days,next_large_move_direction,controls_plus_simple_nlp,gradient_boosting,1,1,0.7325999933399617
2022-07-20,next_day_large_move,all_days,next_large_move_direction,controls_plus_simple_nlp,gradient_boosting,1,0,0.28731413734631095
2022-07-21,next_day_large_move,all_days,next_large_move_direction,controls_plus_simple_nlp,gradient_boosting,0,0,0.327227920872785
2022-07-25,next_day_large_move,all_days,next_large_move_direction,controls_plus_simple_nlp,gradient_boosting,0,1,0.6043778227440775
2022-07-26,next_day_large_move,all_days,next_large_move_direction,controls_plus_simple_nlp,gradient_boosting,1,1,0.7558824350103697
2022-07-27,next_day_large_move,all_days,next_large_move_direction,controls_plus_simple_nlp,gradient_boosting,1,1,0.695495656237965
2022-08-02,next_day_large_move,all_days,next_large_move_direction,controls_plus_simple_nlp,gradient_boosting,1,1,0.6000812900524777
2022-08-09,next_day_large_move,all_days,next_large_move_direction,controls_plus_simple_nlp,gradient_boosting,1,1,0.5996657623440049
2022-08-11,next_day_large_move,all_days,next_large_move_direction,controls_plus_simple_nlp,gradient_boosting,1,1,0.8017781473519678
2022-08-18,next_day_large_move,all_days,next_large_move_direction,controls_plus_simple_nlp,gradient_boosting,0,1,0.6839905704990468
2022-08-19,next_day_large_move,all_days,next_large_move_direction,controls_plus_simple_nlp,gradient_boosting,0,1,0.6321233566533632
2022-08-24,next_day_large_move,all_days,next_large_move_direction,controls_plus_simple_nlp,gradient_boosting,1,1,0.5735691014043413
2022-08-25,next_day_large_move,all_days,next_large_move_direction,controls_plus_simple_nlp,gradient_boosting,0,1,0.694294251204663
2022-08-29,next_day_large_move,all_days,next_large_move_direction,controls_plus_simple_nlp,gradient_boosting,0,1,0.5170447963453432
2022-09-01,next_day_large_move,all_days,next_large_move_direction,controls_plus_simple_nlp,gradient_boosting,0,1,0.8017425042899737
2022-09-06,next_day_large_move,all_days,next_large_move_direction,controls_plus_simple_nlp,gradient_boosting,1,1,0.6178661655591888
2022-09-08,next_day_large_move,all_days,next_large_move_direction,controls_plus_simple_nlp,gradient_boosting,1,0,0.3995983456727483
2022-09-09,next_day_large_move,all_days,next_large_move_direction,controls_plus_simple_nlp,gradient_boosting,1,1,0.7463691325622918
2022-09-12,next_day_large_move,all_days,next_large_move_direction,controls_plus_simple_nlp,gradient_boosting,0,1,0.7854712456618985
2022-09-14,next_day_large_move,all_days,next_large_move_direction,controls_plus_simple_nlp,gradient_boosting,0,1,0.6409125353983115
2022-09-19,next_day_large_move,all_days,next_large_move_direction,controls_plus_simple_nlp,gradient_boosting,0,1,0.6437880223475213
2022-09-20,next_day_large_move,all_days,next_large_move_direction,controls_plus_simple_nlp,gradient_boosting,0,1,0.5185361295958769
2022-09-21,next_day_large_move,all_days,next_large_move_direction,controls_plus_simple_nlp,gradient_boosting,0,1,0.5897822465151807
2022-09-22,next_day_large_move,all_days,next_large_move_direction,controls_plus_simple_nlp,gradient_boosting,0,1,0.7028054930787936
2022-09-23,next_day_large_move,all_days,next_large_move_direction,controls_plus_simple_nlp,gradient_boosting,0,0,0.4679508380602943
2022-09-27,next_day_large_move,all_days,next_large_move_direction,controls_plus_simple_nlp,gradient_boosting,1,1,0.6355775676820088
2022-09-28,next_day_large_move,all_days,next_large_move_direction,controls_plus_simple_nlp,gradient_boosting,0,1,0.6186966228483414
2022-09-29,next_day_large_move,all_days,next_large_move_direction,controls_plus_simple_nlp,gradient_boosting,0,1,0.5452052681344405
2022-09-30,next_day_large_move,all_days,next_large_move_direction,controls_plus_simple_nlp,gradient_boosting,1,1,0.6277725537973958
2022-10-03,next_day_large_move,all_days,next_large_move_direction,controls_plus_simple_nlp,gradient_boosting,1,0,0.4452658936244097
2022-10-05,next_day_large_move,all_days,next_large_move_direction,controls_plus_simple_nlp,gradient_boosting,0,0,0.29535181943135186
2022-10-06,next_day_large_move,all_days,next_large_move_direction,controls_plus_simple_nlp,gradient_boosting,0,0,0.41461193021576226
2022-10-12,next_day_large_move,all_days,next_large_move_direction,controls_plus_simple_nlp,gradient_boosting,1,1,0.5059997229327796
2022-10-13,next_day_large_move,all_days,next_large_move_direction,controls_plus_simple_nlp,gradient_boosting,0,1,0.6268916140655615
2022-10-14,next_day_large_move,all_days,next_large_move_direction,controls_plus_simple_nlp,gradient_boosting,1,1,0.5002557509367571
2022-10-17,next_day_large_move,all_days,next_large_move_direction,controls_plus_simple_nlp,gradient_boosting,1,1,0.7828603040036087
2022-10-20,next_day_large_move,all_days,next_large_move_direction,controls_plus_simple_nlp,gradient_boosting,1,1,0.5976971905170387
2022-10-21,next_day_large_move,all_days,next_large_move_direction,controls_plus_simple_nlp,gradient_boosting,1,0,0.2819261343211081
2022-10-24,next_day_large_move,all_days,next_large_move_direction,controls_plus_simple_nlp,gradient_boosting,1,0,0.37356474707141696
2022-10-27,next_day_large_move,all_days,next_large_move_direction,controls_plus_simple_nlp,gradient_boosting,1,1,0.5190927083738955
2022-11-01,next_day_large_move,all_days,next_large_move_direction,controls_plus_simple_nlp,gradient_boosting,0,1,0.5702106062555303
2022-11-02,next_day_large_move,all_days,next_large_move_direction,controls_plus_simple_nlp,gradient_boosting,0,1,0.6571668741773038
2022-11-03,next_day_large_move,all_days,next_large_move_direction,controls_plus_simple_nlp,gradient_boosting,1,1,0.643195242519648
2022-11-04,next_day_large_move,all_days,next_large_move_direction,controls_plus_simple_nlp,gradient_boosting,1,1,0.6780260383910834
2022-11-08,next_day_large_move,all_days,next_large_move_direction,controls_plus_simple_nlp,gradient_boosting,0,1,0.6299456742926262
2022-11-09,next_day_large_move,all_days,next_large_move_direction,controls_plus_simple_nlp,gradient_boosting,1,1,0.6461079011888485
2022-11-10,next_day_large_move,all_days,next_large_move_direction,controls_plus_simple_nlp,gradient_boosting,1,0,0.16523292916881174
2022-11-11,next_day_large_move,all_days,next_large_move_direction,controls_plus_simple_nlp,gradient_boosting,0,0,0.2783566387548225
2022-11-14,next_day_large_move,all_days,next_large_move_direction,controls_plus_simple_nlp,gradient_boosting,1,1,0.5042132728265788
2022-11-15,next_day_large_move,all_days,next_large_move_direction,controls_plus_simple_nlp,gradient_boosting,0,1,0.6135176860845143
2022-11-21,next_day_large_move,all_days,next_large_move_direction,controls_plus_simple_nlp,gradient_boosting,1,1,0.6867239998533347
2022-11-25,next_day_large_move,all_days,next_large_move_direction,controls_plus_simple_nlp,gradient_boosting,0,1,0.7383920088337559
2022-11-29,next_day_large_move,all_days,next_large_move_direction,controls_plus_simple_nlp,gradient_boosting,1,0,0.4150911904123512
2022-12-02,next_day_large_move,all_days,next_large_move_direction,controls_plus_simple_nlp,gradient_boosting,0,1,0.7343227030973598
2022-12-05,next_day_large_move,all_days,next_large_move_direction,controls_plus_simple_nlp,gradient_boosting,0,1,0.5511237441478879
2022-12-09,next_day_large_move,all_days,next_large_move_direction,controls_plus_simple_nlp,gradient_boosting,1,0,0.3239500755300186
2022-12-14,next_day_large_move,all_days,next_large_move_direction,controls_plus_simple_nlp,gradient_boosting,0,1,0.5725222483859174
2022-12-15,next_day_large_move,all_days,next_large_move_direction,controls_plus_simple_nlp,gradient_boosting,0,1,0.5615417896083605
2022-12-16,next_day_large_move,all_days,next_large_move_direction,controls_plus_simple_nlp,gradient_boosting,0,0,0.2934098653677362
2022-12-20,next_day_large_move,all_days,next_large_move_direction,controls_plus_simple_nlp,gradient_boosting,1,1,0.5829886403684983
2022-12-21,next_day_large_move,all_days,next_large_move_direction,controls_plus_simple_nlp,gradient_boosting,0,1,0.7727207696288889
2022-12-27,next_day_large_move,all_days,next_large_move_direction,controls_plus_simple_nlp,gradient_boosting,0,0,0.49755503596452755
2022-12-28,next_day_large_move,all_days,next_large_move_direction,controls_plus_simple_nlp,gradient_boosting,1,1,0.7776406694613059
2023-01-04,next_day_large_move,all_days,next_large_move_direction,controls_plus_simple_nlp,gradient_boosting,0,1,0.7494595073562199
2023-01-05,next_day_large_move,all_days,next_large_move_direction,controls_plus_simple_nlp,gradient_boosting,1,1,0.6930340676551862
2023-01-10,next_day_large_move,all_days,next_large_move_direction,controls_plus_simple_nlp,gradient_boosting,1,0,0.4370908297187712
2023-01-17,next_day_large_move,all_days,next_large_move_direction,controls_plus_simple_nlp,gradient_boosting,0,0,0.4990014389564125
2023-01-19,next_day_large_move,all_days,next_large_move_direction,controls_plus_simple_nlp,gradient_boosting,1,1,0.6883779875285775
2023-01-20,next_day_large_move,all_days,next_large_move_direction,controls_plus_simple_nlp,gradient_boosting,1,0,0.48665191491295756
2023-01-25,next_day_large_move,all_days,next_large_move_direction,controls_plus_simple_nlp,gradient_boosting,1,1,0.6297697024092728
2023-01-27,next_day_large_move,all_days,next_large_move_direction,controls_plus_simple_nlp,gradient_boosting,0,0,0.4568931319686839
2023-01-30,next_day_large_move,all_days,next_large_move_direction,controls_plus_simple_nlp,gradient_boosting,1,0,0.27264501290505133
2023-01-31,next_day_large_move,all_days,next_large_move_direction,controls_plus_simple_nlp,gradient_boosting,1,0,0.49247013450389837
2023-02-01,next_day_large_move,all_days,next_large_move_direction,controls_plus_simple_nlp,gradient_boosting,1,1,0.5981883952806626
2023-02-02,next_day_large_move,all_days,next_large_move_direction,controls_plus_simple_nlp,gradient_boosting,0,0,0.49969288136597384
2023-02-06,next_day_large_move,all_days,next_large_move_direction,controls_plus_simple_nlp,gradient_boosting,1,1,0.6120830510395484
2023-02-07,next_day_large_move,all_days,next_large_move_direction,controls_plus_simple_nlp,gradient_boosting,0,1,0.7691730138263315
2023-02-08,next_day_large_move,all_days,next_large_move_direction,controls_plus_simple_nlp,gradient_boosting,0,1,0.6356128075190721
2023-02-10,next_day_large_move,all_days,next_large_move_direction,controls_plus_simple_nlp,gradient_boosting,1,1,0.5342051734913396
2023-02-15,next_day_large_move,all_days,next_large_move_direction,controls_plus_simple_nlp,gradient_boosting,0,1,0.6031080863271745
2023-02-17,next_day_large_move,all_days,next_large_move_direction,controls_plus_simple_nlp,gradient_boosting,0,1,0.6339378868348678
2023-02-23,next_day_large_move,all_days,next_large_move_direction,controls_plus_simple_nlp,gradient_boosting,0,0,0.40500515402641835
2023-03-02,next_day_large_move,all_days,next_large_move_direction,controls_plus_simple_nlp,gradient_boosting,1,0,0.4689037360892837
2023-03-06,next_day_large_move,all_days,next_large_move_direction,controls_plus_simple_nlp,gradient_boosting,0,1,0.795595047855586
2023-03-08,next_day_large_move,all_days,next_large_move_direction,controls_plus_simple_nlp,gradient_boosting,0,1,0.7509064720096441
2023-03-09,next_day_large_move,all_days,next_large_move_direction,controls_plus_simple_nlp,gradient_boosting,0,0,0.424349148276451
2023-03-13,next_day_large_move,all_days,next_large_move_direction,controls_plus_simple_nlp,gradient_boosting,1,1,0.6446603976877525
2023-03-15,next_day_large_move,all_days,next_large_move_direction,controls_plus_simple_nlp,gradient_boosting,1,1,0.5852584871660507
2023-03-16,next_day_large_move,all_days,next_large_move_direction,controls_plus_simple_nlp,gradient_boosting,0,0,0.3517490301568522
2023-03-17,next_day_large_move,all_days,next_large_move_direction,controls_plus_simple_nlp,gradient_boosting,1,1,0.5458182390842041
2023-03-20,next_day_large_move,all_days,next_large_move_direction,controls_plus_simple_nlp,gradient_boosting,1,1,0.6210782879935518
2023-03-21,next_day_large_move,all_days,next_large_move_direction,controls_plus_simple_nlp,gradient_boosting,0,1,0.6377419116226376
2023-03-28,next_day_large_move,all_days,next_large_move_direction,controls_plus_simple_nlp,gradient_boosting,1,1,0.5793986811789571
2023-03-30,next_day_large_move,all_days,next_large_move_direction,controls_plus_simple_nlp,gradient_boosting,1,1,0.682402434833349
2023-04-12,next_day_large_move,all_days,next_large_move_direction,controls_plus_simple_nlp,gradient_boosting,1,1,0.6521960841644816
2023-04-24,next_day_large_move,all_days,next_large_move_direction,controls_plus_simple_nlp,gradient_boosting,0,1,0.7154110332641225
2023-04-26,next_day_large_move,all_days,next_large_move_direction,controls_plus_simple_nlp,gradient_boosting,1,1,0.7550478910805896
2023-04-27,next_day_large_move,all_days,next_large_move_direction,controls_plus_simple_nlp,gradient_boosting,1,0,0.20844262773083003
2023-05-01,next_day_large_move,all_days,next_large_move_direction,controls_plus_simple_nlp,gradient_boosting,0,1,0.5937308583966007
2023-05-04,next_day_large_move,all_days,next_large_move_direction,controls_plus_simple_nlp,gradient_boosting,1,1,0.5789337333397356
2023-05-16,next_day_large_move,all_days,next_large_move_direction,controls_plus_simple_nlp,gradient_boosting,1,1,0.6335680595225923
2023-05-17,next_day_large_move,all_days,next_large_move_direction,controls_plus_simple_nlp,gradient_boosting,1,0,0.3881149929755556
2023-05-22,next_day_large_move,all_days,next_large_move_direction,controls_plus_simple_nlp,gradient_boosting,0,1,0.5039823936243413
2023-05-24,next_day_large_move,all_days,next_large_move_direction,controls_plus_simple_nlp,gradient_boosting,1,1,0.5786523509115504
2023-05-25,next_day_large_move,all_days,next_large_move_direction,controls_plus_simple_nlp,gradient_boosting,1,1,0.5851777775264867
2023-05-31,next_day_large_move,all_days,next_large_move_direction,controls_plus_simple_nlp,gradient_boosting,1,0,0.4292407474230296
2023-06-01,next_day_large_move,all_days,next_large_move_direction,controls_plus_simple_nlp,gradient_boosting,1,0,0.4988050628340754
2023-06-09,next_day_large_move,all_days,next_large_move_direction,controls_plus_simple_nlp,gradient_boosting,1,1,0.6788929325476339
2023-06-14,next_day_large_move,all_days,next_large_move_direction,controls_plus_simple_nlp,gradient_boosting,1,1,0.6851385645753243
2023-06-26,next_day_large_move,all_days,next_large_move_direction,controls_plus_simple_nlp,gradient_boosting,1,1,0.6077812363588776
2023-06-29,next_day_large_move,all_days,next_large_move_direction,controls_plus_simple_nlp,gradient_boosting,1,1,0.6048942562133013
2023-07-12,next_day_large_move,all_days,next_large_move_direction,controls_plus_simple_nlp,gradient_boosting,1,1,0.6379686185488445
2023-07-27,next_day_large_move,all_days,next_large_move_direction,controls_plus_simple_nlp,gradient_boosting,1,1,0.6292692120975961
2023-08-01,next_day_large_move,all_days,next_large_move_direction,controls_plus_simple_nlp,gradient_boosting,0,0,0.49870505029581996
2023-08-04,next_day_large_move,all_days,next_large_move_direction,controls_plus_simple_nlp,gradient_boosting,1,1,0.5718140750437956
2023-08-14,next_day_large_move,all_days,next_large_move_direction,controls_plus_simple_nlp,gradient_boosting,0,1,0.5814169051731937
2023-08-22,next_day_large_move,all_days,next_large_move_direction,controls_plus_simple_nlp,gradient_boosting,1,1,0.5063710346316395
2023-08-23,next_day_large_move,all_days,next_large_move_direction,controls_plus_simple_nlp,gradient_boosting,0,0,0.3943845669863719
2023-08-28,next_day_large_move,all_days,next_large_move_direction,controls_plus_simple_nlp,gradient_boosting,1,1,0.7950512950399127
2023-09-13,next_day_large_move,all_days,next_large_move_direction,controls_plus_simple_nlp,gradient_boosting,1,0,0.375486791371371
2023-09-14,next_day_large_move,all_days,next_large_move_direction,controls_plus_simple_nlp,gradient_boosting,0,0,0.34328942718005484
2023-09-19,next_day_large_move,all_days,next_large_move_direction,controls_plus_simple_nlp,gradient_boosting,0,1,0.6322576845561207
2023-09-20,next_day_large_move,all_days,next_large_move_direction,controls_plus_simple_nlp,gradient_boosting,0,0,0.3517778618683201
2023-09-25,next_day_large_move,all_days,next_large_move_direction,controls_plus_simple_nlp,gradient_boosting,0,1,0.8655228983996148
2023-10-02,next_day_large_move,all_days,next_large_move_direction,controls_plus_simple_nlp,gradient_boosting,0,1,0.5798373545066546
2023-10-05,next_day_large_move,all_days,next_large_move_direction,controls_plus_simple_nlp,gradient_boosting,1,1,0.7532532632422572
2023-10-13,next_day_large_move,all_days,next_large_move_direction,controls_plus_simple_nlp,gradient_boosting,1,0,0.49538732153552006
2023-10-17,next_day_large_move,all_days,next_large_move_direction,controls_plus_simple_nlp,gradient_boosting,0,0,0.2805773100451819
2023-10-18,next_day_large_move,all_days,next_large_move_direction,controls_plus_simple_nlp,gradient_boosting,0,1,0.5444555068432791
2023-10-19,next_day_large_move,all_days,next_large_move_direction,controls_plus_simple_nlp,gradient_boosting,0,1,0.5213667378284385
2023-10-24,next_day_large_move,all_days,next_large_move_direction,controls_plus_simple_nlp,gradient_boosting,0,1,0.6598295336776233
2023-10-25,next_day_large_move,all_days,next_large_move_direction,controls_plus_simple_nlp,gradient_boosting,0,1,0.56090635798513
2023-10-27,next_day_large_move,all_days,next_large_move_direction,controls_plus_simple_nlp,gradient_boosting,1,1,0.6087966253436833
2023-10-31,next_day_large_move,all_days,next_large_move_direction,controls_plus_simple_nlp,gradient_boosting,1,0,0.2091218144827258
2023-11-01,next_day_large_move,all_days,next_large_move_direction,controls_plus_simple_nlp,gradient_boosting,1,1,0.5225791520792505
2023-11-02,next_day_large_move,all_days,next_large_move_direction,controls_plus_simple_nlp,gradient_boosting,1,0,0.49463049093347167
2023-11-09,next_day_large_move,all_days,next_large_move_direction,controls_plus_simple_nlp,gradient_boosting,1,0,0.49012134951321545
2023-11-13,next_day_large_move,all_days,next_large_move_direction,controls_plus_simple_nlp,gradient_boosting,1,1,0.8018122484175182
2023-12-12,next_day_large_move,all_days,next_large_move_direction,controls_plus_simple_nlp,gradient_boosting,1,1,0.5089647569881484
2023-12-19,next_day_large_move,all_days,next_large_move_direction,controls_plus_simple_nlp,gradient_boosting,0,1,0.6843808315259164
2023-12-20,next_day_large_move,all_days,next_large_move_direction,controls_plus_simple_nlp,gradient_boosting,1,0,0.33374360800835484
2024-01-05,next_day_large_move,all_days,next_large_move_direction,controls_plus_simple_nlp,gradient_boosting,1,1,0.5034671305138148
2024-01-17,next_day_large_move,all_days,next_large_move_direction,controls_plus_simple_nlp,gradient_boosting,1,1,0.5594936516397377
2024-01-18,next_day_large_move,all_days,next_large_move_direction,controls_plus_simple_nlp,gradient_boosting,1,1,0.6378530916013869
2024-01-30,next_day_large_move,all_days,next_large_move_direction,controls_plus_simple_nlp,gradient_boosting,0,0,0.3667857407371962
2024-01-31,next_day_large_move,all_days,next_large_move_direction,controls_plus_simple_nlp,gradient_boosting,1,0,0.417349781488805
2024-02-01,next_day_large_move,all_days,next_large_move_direction,controls_plus_simple_nlp,gradient_boosting,1,1,0.5968737553910249
2024-02-06,next_day_large_move,all_days,next_large_move_direction,controls_plus_simple_nlp,gradient_boosting,1,1,0.669565290394179
2024-02-12,next_day_large_move,all_days,next_large_move_direction,controls_plus_simple_nlp,gradient_boosting,0,1,0.6867445825708356
2024-02-13,next_day_large_move,all_days,next_large_move_direction,controls_plus_simple_nlp,gradient_boosting,1,0,0.28554732929927873
2024-02-21,next_day_large_move,all_days,next_large_move_direction,controls_plus_simple_nlp,gradient_boosting,1,1,0.7192293084107241
2024-03-04,next_day_large_move,all_days,next_large_move_direction,controls_plus_simple_nlp,gradient_boosting,0,1,0.5221477891630913
2024-03-06,next_day_large_move,all_days,next_large_move_direction,controls_plus_simple_nlp,gradient_boosting,1,1,0.5196591173576768
2024-03-11,next_day_large_move,all_days,next_large_move_direction,controls_plus_simple_nlp,gradient_boosting,1,0,0.30035163430483214
2024-03-19,next_day_large_move,all_days,next_large_move_direction,controls_plus_simple_nlp,gradient_boosting,1,1,0.5340659657039537
2024-03-26,next_day_large_move,all_days,next_large_move_direction,controls_plus_simple_nlp,gradient_boosting,1,0,0.434708446968301
2024-04-03,next_day_large_move,all_days,next_large_move_direction,controls_plus_simple_nlp,gradient_boosting,0,1,0.5693321923886937
2024-04-04,next_day_large_move,all_days,next_large_move_direction,controls_plus_simple_nlp,gradient_boosting,1,1,0.5664664324295003
2024-04-09,next_day_large_move,all_days,next_large_move_direction,controls_plus_simple_nlp,gradient_boosting,0,0,0.4829267037404817
2024-04-11,next_day_large_move,all_days,next_large_move_direction,controls_plus_simple_nlp,gradient_boosting,0,0,0.48294207216220053
2024-04-12,next_day_large_move,all_days,next_large_move_direction,controls_plus_simple_nlp,gradient_boosting,0,1,0.6585580156196108
2024-04-18,next_day_large_move,all_days,next_large_move_direction,controls_plus_simple_nlp,gradient_boosting,0,1,0.829417007543384
2024-04-19,next_day_large_move,all_days,next_large_move_direction,controls_plus_simple_nlp,gradient_boosting,1,1,0.7346129882601099
2024-04-22,next_day_large_move,all_days,next_large_move_direction,controls_plus_simple_nlp,gradient_boosting,1,1,0.5634565174244082
2024-04-25,next_day_large_move,all_days,next_large_move_direction,controls_plus_simple_nlp,gradient_boosting,1,1,0.5889756089208396
2024-04-29,next_day_large_move,all_days,next_large_move_direction,controls_plus_simple_nlp,gradient_boosting,0,1,0.5636707370660698
2024-05-01,next_day_large_move,all_days,next_large_move_direction,controls_plus_simple_nlp,gradient_boosting,1,1,0.5461172028206621
2024-05-02,next_day_large_move,all_days,next_large_move_direction,controls_plus_simple_nlp,gradient_boosting,1,1,0.6921541640909117
2024-05-03,next_day_large_move,all_days,next_large_move_direction,controls_plus_simple_nlp,gradient_boosting,1,1,0.5236422162684486
2024-05-14,next_day_large_move,all_days,next_large_move_direction,controls_plus_simple_nlp,gradient_boosting,1,1,0.5759961410390125
2024-06-04,next_day_large_move,all_days,next_large_move_direction,controls_plus_simple_nlp,gradient_boosting,1,0,0.49592541093453024
2024-06-11,next_day_large_move,all_days,next_large_move_direction,controls_plus_simple_nlp,gradient_boosting,1,1,0.5607160608041297
2024-07-09,next_day_large_move,all_days,next_large_move_direction,controls_plus_simple_nlp,gradient_boosting,1,1,0.7028313858710874
2024-07-10,next_day_large_move,all_days,next_large_move_direction,controls_plus_simple_nlp,gradient_boosting,0,1,0.7452843742858655
2024-07-16,next_day_large_move,all_days,next_large_move_direction,controls_plus_simple_nlp,gradient_boosting,0,1,0.5595492554928964
2024-07-19,next_day_large_move,all_days,next_large_move_direction,controls_plus_simple_nlp,gradient_boosting,1,1,0.5748624616882854
2024-07-23,next_day_large_move,all_days,next_large_move_direction,controls_plus_simple_nlp,gradient_boosting,0,0,0.4857166768322091
2024-07-25,next_day_large_move,all_days,next_large_move_direction,controls_plus_simple_nlp,gradient_boosting,1,1,0.5009447595452609
2024-07-30,next_day_large_move,all_days,next_large_move_direction,controls_plus_simple_nlp,gradient_boosting,1,1,0.7323980998032689
2024-07-31,next_day_large_move,all_days,next_large_move_direction,controls_plus_simple_nlp,gradient_boosting,0,1,0.6323568345166286
2024-08-01,next_day_large_move,all_days,next_large_move_direction,controls_plus_simple_nlp,gradient_boosting,0,1,0.614571163321078
2024-08-02,next_day_large_move,all_days,next_large_move_direction,controls_plus_simple_nlp,gradient_boosting,0,1,0.5302262977638849
2024-08-05,next_day_large_move,all_days,next_large_move_direction,controls_plus_simple_nlp,gradient_boosting,1,1,0.5712994906233513
2024-08-07,next_day_large_move,all_days,next_large_move_direction,controls_plus_simple_nlp,gradient_boosting,1,1,0.6800472744944407
2024-08-12,next_day_large_move,all_days,next_large_move_direction,controls_plus_simple_nlp,gradient_boosting,1,1,0.797520628014361
2024-08-14,next_day_large_move,all_days,next_large_move_direction,controls_plus_simple_nlp,gradient_boosting,1,1,0.5330599733831303
2024-08-16,next_day_large_move,all_days,next_large_move_direction,controls_plus_simple_nlp,gradient_boosting,1,1,0.5297876729793287
2024-08-21,next_day_large_move,all_days,next_large_move_direction,controls_plus_simple_nlp,gradient_boosting,0,1,0.58736024743237
2024-08-22,next_day_large_move,all_days,next_large_move_direction,controls_plus_simple_nlp,gradient_boosting,1,0,0.4379288452294534
2024-08-29,next_day_large_move,all_days,next_large_move_direction,controls_plus_simple_nlp,gradient_boosting,1,1,0.6905150915163423
2024-08-30,next_day_large_move,all_days,next_large_move_direction,controls_plus_simple_nlp,gradient_boosting,0,1,0.6216550287350713
2024-09-05,next_day_large_move,all_days,next_large_move_direction,controls_plus_simple_nlp,gradient_boosting,0,1,0.6657337949622256
2024-09-06,next_day_large_move,all_days,next_large_move_direction,controls_plus_simple_nlp,gradient_boosting,1,1,0.5431998622793077
2024-09-10,next_day_large_move,all_days,next_large_move_direction,controls_plus_simple_nlp,gradient_boosting,1,1,0.6439889349221104
2024-09-18,next_day_large_move,all_days,next_large_move_direction,controls_plus_simple_nlp,gradient_boosting,1,1,0.6624092845002884
2024-09-30,next_day_large_move,all_days,next_large_move_direction,controls_plus_simple_nlp,gradient_boosting,0,1,0.7828695611029426
2024-10-03,next_day_large_move,all_days,next_large_move_direction,controls_plus_simple_nlp,gradient_boosting,1,0,0.3878080083102476
2024-10-04,next_day_large_move,all_days,next_large_move_direction,controls_plus_simple_nlp,gradient_boosting,0,1,0.592958112909133
2024-10-07,next_day_large_move,all_days,next_large_move_direction,controls_plus_simple_nlp,gradient_boosting,1,1,0.7943480378926001
2024-10-22,next_day_large_move,all_days,next_large_move_direction,controls_plus_simple_nlp,gradient_boosting,0,0,0.4957416668789113
2024-10-30,next_day_large_move,all_days,next_large_move_direction,controls_plus_simple_nlp,gradient_boosting,0,1,0.5551254931506069
2024-11-04,next_day_large_move,all_days,next_large_move_direction,controls_plus_simple_nlp,gradient_boosting,1,1,0.596488333109515
2024-11-05,next_day_large_move,all_days,next_large_move_direction,controls_plus_simple_nlp,gradient_boosting,1,0,0.4055879631627509
2024-11-14,next_day_large_move,all_days,next_large_move_direction,controls_plus_simple_nlp,gradient_boosting,0,1,0.6825358193948489
2024-12-10,next_day_large_move,all_days,next_large_move_direction,controls_plus_simple_nlp,gradient_boosting,1,1,0.6215232084640863
2024-12-17,next_day_large_move,all_days,next_large_move_direction,controls_plus_simple_nlp,gradient_boosting,0,1,0.6522982510504582
2024-12-19,next_day_large_move,all_days,next_large_move_direction,controls_plus_simple_nlp,gradient_boosting,1,0,0.4718102995572352
2024-12-23,next_day_large_move,all_days,next_large_move_direction,controls_plus_simple_nlp,gradient_boosting,1,1,0.5084960700783611
2024-12-26,next_day_large_move,all_days,next_large_move_direction,controls_plus_simple_nlp,gradient_boosting,0,0,0.418906542904055
2024-12-27,next_day_large_move,all_days,next_large_move_direction,controls_plus_simple_nlp,gradient_boosting,0,1,0.6326594163531405
2025-01-02,next_day_large_move,all_days,next_large_move_direction,controls_plus_simple_nlp,gradient_boosting,1,1,0.6387276381502657
2025-01-06,next_day_large_move,all_days,next_large_move_direction,controls_plus_simple_nlp,gradient_boosting,0,1,0.6266909254941762
2025-01-08,next_day_large_move,all_days,next_large_move_direction,controls_plus_simple_nlp,gradient_boosting,0,0,0.48191080218203775
2025-01-14,next_day_large_move,all_days,next_large_move_direction,controls_plus_simple_nlp,gradient_boosting,1,1,0.6267208849121811
2025-01-16,next_day_large_move,all_days,next_large_move_direction,controls_plus_simple_nlp,gradient_boosting,1,1,0.745305832204573
2025-01-17,next_day_large_move,all_days,next_large_move_direction,controls_plus_simple_nlp,gradient_boosting,1,1,0.5911593953329104
2025-01-24,next_day_large_move,all_days,next_large_move_direction,controls_plus_simple_nlp,gradient_boosting,0,0,0.4223875024618365
2025-01-27,next_day_large_move,all_days,next_large_move_direction,controls_plus_simple_nlp,gradient_boosting,1,0,0.47200906500243384
2025-02-06,next_day_large_move,all_days,next_large_move_direction,controls_plus_simple_nlp,gradient_boosting,0,1,0.5576170398285791
2025-02-12,next_day_large_move,all_days,next_large_move_direction,controls_plus_simple_nlp,gradient_boosting,1,1,0.6334211458103617
2025-02-20,next_day_large_move,all_days,next_large_move_direction,controls_plus_simple_nlp,gradient_boosting,0,0,0.3439666661741632
2025-02-26,next_day_large_move,all_days,next_large_move_direction,controls_plus_simple_nlp,gradient_boosting,0,1,0.7010918810489155
2025-02-27,next_day_large_move,all_days,next_large_move_direction,controls_plus_simple_nlp,gradient_boosting,1,1,0.5022568210437102
2025-02-28,next_day_large_move,all_days,next_large_move_direction,controls_plus_simple_nlp,gradient_boosting,0,0,0.3977633220718986
2025-03-03,next_day_large_move,all_days,next_large_move_direction,controls_plus_simple_nlp,gradient_boosting,0,1,0.5093933034655335
2025-03-04,next_day_large_move,all_days,next_large_move_direction,controls_plus_simple_nlp,gradient_boosting,1,1,0.6923298112350583
2025-03-05,next_day_large_move,all_days,next_large_move_direction,controls_plus_simple_nlp,gradient_boosting,0,1,0.5215750279995968
2025-03-07,next_day_large_move,all_days,next_large_move_direction,controls_plus_simple_nlp,gradient_boosting,0,1,0.7265533136549529
2025-03-12,next_day_large_move,all_days,next_large_move_direction,controls_plus_simple_nlp,gradient_boosting,0,1,0.5921584650387508
2025-03-13,next_day_large_move,all_days,next_large_move_direction,controls_plus_simple_nlp,gradient_boosting,1,1,0.5155236266409677
2025-03-17,next_day_large_move,all_days,next_large_move_direction,controls_plus_simple_nlp,gradient_boosting,0,1,0.8357745153786815
2025-03-18,next_day_large_move,all_days,next_large_move_direction,controls_plus_simple_nlp,gradient_boosting,1,1,0.5594324573806788
2025-03-21,next_day_large_move,all_days,next_large_move_direction,controls_plus_simple_nlp,gradient_boosting,1,0,0.39596196170213
2025-03-25,next_day_large_move,all_days,next_large_move_direction,controls_plus_simple_nlp,gradient_boosting,0,1,0.527355756096424
2025-03-27,next_day_large_move,all_days,next_large_move_direction,controls_plus_simple_nlp,gradient_boosting,0,1,0.5843911626664459
2025-04-02,next_day_large_move,all_days,next_large_move_direction,controls_plus_simple_nlp,gradient_boosting,0,1,0.6172715885275049
2025-04-03,next_day_large_move,all_days,next_large_move_direction,controls_plus_simple_nlp,gradient_boosting,0,1,0.6326173195476842
2025-04-07,next_day_large_move,all_days,next_large_move_direction,controls_plus_simple_nlp,gradient_boosting,0,1,0.8317813518216092
2025-04-08,next_day_large_move,all_days,next_large_move_direction,controls_plus_simple_nlp,gradient_boosting,1,1,0.689001123266681
2025-04-09,next_day_large_move,all_days,next_large_move_direction,controls_plus_simple_nlp,gradient_boosting,0,0,0.40901203151942483
2025-04-10,next_day_large_move,all_days,next_large_move_direction,controls_plus_simple_nlp,gradient_boosting,1,0,0.4940845974564454
2025-04-15,next_day_large_move,all_days,next_large_move_direction,controls_plus_simple_nlp,gradient_boosting,0,1,0.5484567373750997
2025-04-17,next_day_large_move,all_days,next_large_move_direction,controls_plus_simple_nlp,gradient_boosting,0,1,0.6992902700928992
2025-04-21,next_day_large_move,all_days,next_large_move_direction,controls_plus_simple_nlp,gradient_boosting,1,0,0.4474529870244307
2025-04-22,next_day_large_move,all_days,next_large_move_direction,controls_plus_simple_nlp,gradient_boosting,1,0,0.46397240299364145
2025-04-23,next_day_large_move,all_days,next_large_move_direction,controls_plus_simple_nlp,gradient_boosting,1,1,0.7487048392066553
2025-05-01,next_day_large_move,all_days,next_large_move_direction,controls_plus_simple_nlp,gradient_boosting,1,1,0.6042557969158558
2025-05-09,next_day_large_move,all_days,next_large_move_direction,controls_plus_simple_nlp,gradient_boosting,1,1,0.5516135964515175
2025-05-20,next_day_large_move,all_days,next_large_move_direction,controls_plus_simple_nlp,gradient_boosting,0,1,0.7379888851915184
2025-05-23,next_day_large_move,all_days,next_large_move_direction,controls_plus_simple_nlp,gradient_boosting,1,1,0.6709476983904304
2025-06-05,next_day_large_move,all_days,next_large_move_direction,controls_plus_simple_nlp,gradient_boosting,1,1,0.5910307455956564
2025-06-12,next_day_large_move,all_days,next_large_move_direction,controls_plus_simple_nlp,gradient_boosting,0,0,0.40293799157813476
2025-06-13,next_day_large_move,all_days,next_large_move_direction,controls_plus_simple_nlp,gradient_boosting,1,1,0.6292048068155526
2025-06-16,next_day_large_move,all_days,next_large_move_direction,controls_plus_simple_nlp,gradient_boosting,0,1,0.6895610652237574
2025-06-20,next_day_large_move,all_days,next_large_move_direction,controls_plus_simple_nlp,gradient_boosting,1,0,0.36766953567804317
2025-06-23,next_day_large_move,all_days,next_large_move_direction,controls_plus_simple_nlp,gradient_boosting,1,1,0.6785575852858333
2025-07-02,next_day_large_move,all_days,next_large_move_direction,controls_plus_simple_nlp,gradient_boosting,1,1,0.5641597970292513
2025-07-31,next_day_large_move,all_days,next_large_move_direction,controls_plus_simple_nlp,gradient_boosting,0,0,0.3893941989990423
2025-08-01,next_day_large_move,all_days,next_large_move_direction,controls_plus_simple_nlp,gradient_boosting,1,0,0.43279727680101254
2025-08-11,next_day_large_move,all_days,next_large_move_direction,controls_plus_simple_nlp,gradient_boosting,1,1,0.5568426476527425
2025-08-21,next_day_large_move,all_days,next_large_move_direction,controls_plus_simple_nlp,gradient_boosting,1,1,0.6258302530297375
2025-09-03,next_day_large_move,all_days,next_large_move_direction,controls_plus_simple_nlp,gradient_boosting,1,1,0.607606399907142
2025-09-10,next_day_large_move,all_days,next_large_move_direction,controls_plus_simple_nlp,gradient_boosting,1,1,0.570299923268629
2025-10-09,next_day_large_move,all_days,next_large_move_direction,controls_plus_simple_nlp,gradient_boosting,0,0,0.3623032557127183
2025-10-10,next_day_large_move,all_days,next_large_move_direction,controls_plus_simple_nlp,gradient_boosting,1,0,0.47860644546514847
2025-10-17,next_day_large_move,all_days,next_large_move_direction,controls_plus_simple_nlp,gradient_boosting,1,1,0.519784049591527
2025-10-24,next_day_large_move,all_days,next_large_move_direction,controls_plus_simple_nlp,gradient_boosting,1,1,0.5877589528215003
2025-10-29,next_day_large_move,all_days,next_large_move_direction,controls_plus_simple_nlp,gradient_boosting,0,1,0.8272592882206394
2025-11-03,next_day_large_move,all_days,next_large_move_direction,controls_plus_simple_nlp,gradient_boosting,0,0,0.3201066138328931
2025-11-05,next_day_large_move,all_days,next_large_move_direction,controls_plus_simple_nlp,gradient_boosting,0,1,0.6550203203109564
2025-11-07,next_day_large_move,all_days,next_large_move_direction,controls_plus_simple_nlp,gradient_boosting,1,1,0.554209692076611
2025-11-12,next_day_large_move,all_days,next_large_move_direction,controls_plus_simple_nlp,gradient_boosting,0,1,0.6525861553820195
2025-11-14,next_day_large_move,all_days,next_large_move_direction,controls_plus_simple_nlp,gradient_boosting,0,1,0.6308993128285012
2025-11-17,next_day_large_move,all_days,next_large_move_direction,controls_plus_simple_nlp,gradient_boosting,0,1,0.6936126783781721
2025-11-19,next_day_large_move,all_days,next_large_move_direction,controls_plus_simple_nlp,gradient_boosting,0,1,0.6034236478797455
2025-11-20,next_day_large_move,all_days,next_large_move_direction,controls_plus_simple_nlp,gradient_boosting,1,1,0.6254399770755735
2025-11-21,next_day_large_move,all_days,next_large_move_direction,controls_plus_simple_nlp,gradient_boosting,1,1,0.7184711799658363
2025-11-24,next_day_large_move,all_days,next_large_move_direction,controls_plus_simple_nlp,gradient_boosting,1,0,0.49868614173340803
2025-12-11,next_day_large_move,all_days,next_large_move_direction,controls_plus_simple_nlp,gradient_boosting,0,0,0.38986197883826296
2025-12-16,next_day_large_move,all_days,next_large_move_direction,controls_plus_simple_nlp,gradient_boosting,0,0,0.4642749908610395
2025-12-18,next_day_large_move,all_days,next_large_move_direction,controls_plus_simple_nlp,gradient_boosting,1,1,0.6973516003204808
2022-02-14,next_day_large_move,all_days,next_large_move_direction,controls_plus_event_posts,logreg,1,0,0.4119033612308381
2022-04-28,next_day_large_move,all_days,next_large_move_direction,controls_plus_event_posts,logreg,0,0,0.4245916923638905
2022-05-03,next_day_large_move,all_days,next_large_move_direction,controls_plus_event_posts,logreg,1,1,0.5938922066563228
2022-05-04,next_day_large_move,all_days,next_large_move_direction,controls_plus_event_posts,logreg,0,0,0.39545634914855643
2022-05-06,next_day_large_move,all_days,next_large_move_direction,controls_plus_event_posts,logreg,0,0,0.4787845099796022
2022-05-10,next_day_large_move,all_days,next_large_move_direction,controls_plus_event_posts,logreg,0,1,0.5359939648783428
2022-05-12,next_day_large_move,all_days,next_large_move_direction,controls_plus_event_posts,logreg,1,1,0.568930721390646
2022-05-16,next_day_large_move,all_days,next_large_move_direction,controls_plus_event_posts,logreg,1,1,0.6849961201328962
2022-05-17,next_day_large_move,all_days,next_large_move_direction,controls_plus_event_posts,logreg,0,1,0.5219550579900064
2022-05-20,next_day_large_move,all_days,next_large_move_direction,controls_plus_event_posts,logreg,1,1,0.554525995418624
2022-05-23,next_day_large_move,all_days,next_large_move_direction,controls_plus_event_posts,logreg,0,1,0.6710316165311732
2022-05-24,next_day_large_move,all_days,next_large_move_direction,controls_plus_event_posts,logreg,1,1,0.7825851016834103
2022-05-25,next_day_large_move,all_days,next_large_move_direction,controls_plus_event_posts,logreg,1,1,0.6890913131948618
2022-05-26,next_day_large_move,all_days,next_large_move_direction,controls_plus_event_posts,logreg,1,1,0.6086214788857399
2022-06-01,next_day_large_move,all_days,next_large_move_direction,controls_plus_event_posts,logreg,1,1,0.5214585801961626
2022-06-02,next_day_large_move,all_days,next_large_move_direction,controls_plus_event_posts,logreg,0,0,0.46313297629177524
2022-06-06,next_day_large_move,all_days,next_large_move_direction,controls_plus_event_posts,logreg,1,1,0.6420735037572335
2022-06-07,next_day_large_move,all_days,next_large_move_direction,controls_plus_event_posts,logreg,0,0,0.49644175090902376
2022-06-08,next_day_large_move,all_days,next_large_move_direction,controls_plus_event_posts,logreg,0,1,0.599534872984073
2022-06-09,next_day_large_move,all_days,next_large_move_direction,controls_plus_event_posts,logreg,0,1,0.640900243841461
2022-06-10,next_day_large_move,all_days,next_large_move_direction,controls_plus_event_posts,logreg,0,1,0.6016956906611973
2022-06-14,next_day_large_move,all_days,next_large_move_direction,controls_plus_event_posts,logreg,1,1,0.6871770025722412
2022-06-15,next_day_large_move,all_days,next_large_move_direction,controls_plus_event_posts,logreg,0,1,0.7784052415981175
2022-06-17,next_day_large_move,all_days,next_large_move_direction,controls_plus_event_posts,logreg,1,1,0.7343629589188395
2022-06-22,next_day_large_move,all_days,next_large_move_direction,controls_plus_event_posts,logreg,1,1,0.6849818251120232
2022-06-23,next_day_large_move,all_days,next_large_move_direction,controls_plus_event_posts,logreg,1,1,0.6590655024774081
2022-06-27,next_day_large_move,all_days,next_large_move_direction,controls_plus_event_posts,logreg,0,0,0.4370427986606309
2022-06-29,next_day_large_move,all_days,next_large_move_direction,controls_plus_event_posts,logreg,0,1,0.5978068216536216
2022-06-30,next_day_large_move,all_days,next_large_move_direction,controls_plus_event_posts,logreg,1,1,0.5524153410497937
2022-07-06,next_day_large_move,all_days,next_large_move_direction,controls_plus_event_posts,logreg,1,1,0.559685201278571
2022-07-08,next_day_large_move,all_days,next_large_move_direction,controls_plus_event_posts,logreg,0,0,0.48424464280930485
2022-07-11,next_day_large_move,all_days,next_large_move_direction,controls_plus_event_posts,logreg,0,0,0.451440067648107
2022-07-14,next_day_large_move,all_days,next_large_move_direction,controls_plus_event_posts,logreg,1,1,0.6151174716321273
2022-07-15,next_day_large_move,all_days,next_large_move_direction,controls_plus_event_posts,logreg,0,1,0.533562622246437
2022-07-18,next_day_large_move,all_days,next_large_move_direction,controls_plus_event_posts,logreg,1,1,0.601122062174463
2022-07-20,next_day_large_move,all_days,next_large_move_direction,controls_plus_event_posts,logreg,1,1,0.7617803025878008
2022-07-21,next_day_large_move,all_days,next_large_move_direction,controls_plus_event_posts,logreg,0,1,0.5142068895825322
2022-07-25,next_day_large_move,all_days,next_large_move_direction,controls_plus_event_posts,logreg,0,0,0.4531584959911384
2022-07-26,next_day_large_move,all_days,next_large_move_direction,controls_plus_event_posts,logreg,1,1,0.6146452198244483
2022-07-27,next_day_large_move,all_days,next_large_move_direction,controls_plus_event_posts,logreg,1,1,0.6248773173379715
2022-08-02,next_day_large_move,all_days,next_large_move_direction,controls_plus_event_posts,logreg,1,1,0.6302810491104999
2022-08-09,next_day_large_move,all_days,next_large_move_direction,controls_plus_event_posts,logreg,1,1,0.5331702323571234
2022-08-11,next_day_large_move,all_days,next_large_move_direction,controls_plus_event_posts,logreg,1,1,0.5712257572954019
2022-08-18,next_day_large_move,all_days,next_large_move_direction,controls_plus_event_posts,logreg,0,0,0.4885366059152263
2022-08-19,next_day_large_move,all_days,next_large_move_direction,controls_plus_event_posts,logreg,0,0,0.4568205972880533
2022-08-24,next_day_large_move,all_days,next_large_move_direction,controls_plus_event_posts,logreg,1,0,0.4493400736370725
2022-08-25,next_day_large_move,all_days,next_large_move_direction,controls_plus_event_posts,logreg,0,1,0.6668985783825121
2022-08-29,next_day_large_move,all_days,next_large_move_direction,controls_plus_event_posts,logreg,0,1,0.6072710353692715
2022-09-01,next_day_large_move,all_days,next_large_move_direction,controls_plus_event_posts,logreg,0,1,0.5675132192721611
2022-09-06,next_day_large_move,all_days,next_large_move_direction,controls_plus_event_posts,logreg,1,1,0.6285952999377786
2022-09-08,next_day_large_move,all_days,next_large_move_direction,controls_plus_event_posts,logreg,1,1,0.5450509497604282
2022-09-09,next_day_large_move,all_days,next_large_move_direction,controls_plus_event_posts,logreg,1,0,0.3623091175983764
2022-09-12,next_day_large_move,all_days,next_large_move_direction,controls_plus_event_posts,logreg,0,1,0.5114890277846548
2022-09-14,next_day_large_move,all_days,next_large_move_direction,controls_plus_event_posts,logreg,0,1,0.5273692013331472
2022-09-19,next_day_large_move,all_days,next_large_move_direction,controls_plus_event_posts,logreg,0,1,0.7264162111504601
2022-09-20,next_day_large_move,all_days,next_large_move_direction,controls_plus_event_posts,logreg,0,1,0.6539984208005429
2022-09-21,next_day_large_move,all_days,next_large_move_direction,controls_plus_event_posts,logreg,0,1,0.6749775937393824
2022-09-22,next_day_large_move,all_days,next_large_move_direction,controls_plus_event_posts,logreg,0,0,0.47835879741998477
2022-09-23,next_day_large_move,all_days,next_large_move_direction,controls_plus_event_posts,logreg,0,1,0.5643862245663666
2022-09-27,next_day_large_move,all_days,next_large_move_direction,controls_plus_event_posts,logreg,1,1,0.6277314395657394
2022-09-28,next_day_large_move,all_days,next_large_move_direction,controls_plus_event_posts,logreg,0,1,0.5831860128261053
2022-09-29,next_day_large_move,all_days,next_large_move_direction,controls_plus_event_posts,logreg,0,1,0.5078138402654011
2022-09-30,next_day_large_move,all_days,next_large_move_direction,controls_plus_event_posts,logreg,1,1,0.5427916660809982
2022-10-03,next_day_large_move,all_days,next_large_move_direction,controls_plus_event_posts,logreg,1,0,0.4992201402026692
2022-10-05,next_day_large_move,all_days,next_large_move_direction,controls_plus_event_posts,logreg,0,0,0.49242614332244483
2022-10-06,next_day_large_move,all_days,next_large_move_direction,controls_plus_event_posts,logreg,0,0,0.3583389506361098
2022-10-12,next_day_large_move,all_days,next_large_move_direction,controls_plus_event_posts,logreg,1,1,0.7000959900167418
2022-10-13,next_day_large_move,all_days,next_large_move_direction,controls_plus_event_posts,logreg,0,0,0.43239256644640134
2022-10-14,next_day_large_move,all_days,next_large_move_direction,controls_plus_event_posts,logreg,1,1,0.657935659634936
2022-10-17,next_day_large_move,all_days,next_large_move_direction,controls_plus_event_posts,logreg,1,0,0.4552289046433473
2022-10-20,next_day_large_move,all_days,next_large_move_direction,controls_plus_event_posts,logreg,1,1,0.5278482496624992
2022-10-21,next_day_large_move,all_days,next_large_move_direction,controls_plus_event_posts,logreg,1,0,0.39459836094224116
2022-10-24,next_day_large_move,all_days,next_large_move_direction,controls_plus_event_posts,logreg,1,1,0.6439690783085001
2022-10-27,next_day_large_move,all_days,next_large_move_direction,controls_plus_event_posts,logreg,1,1,0.5663658616661361
2022-11-01,next_day_large_move,all_days,next_large_move_direction,controls_plus_event_posts,logreg,0,1,0.5524786677524638
2022-11-02,next_day_large_move,all_days,next_large_move_direction,controls_plus_event_posts,logreg,0,1,0.5002870998137091
2022-11-03,next_day_large_move,all_days,next_large_move_direction,controls_plus_event_posts,logreg,1,0,0.4526729875352403
2022-11-04,next_day_large_move,all_days,next_large_move_direction,controls_plus_event_posts,logreg,1,1,0.503470093907604
2022-11-08,next_day_large_move,all_days,next_large_move_direction,controls_plus_event_posts,logreg,0,1,0.6787693804143549
2022-11-09,next_day_large_move,all_days,next_large_move_direction,controls_plus_event_posts,logreg,1,1,0.5916145127956447
2022-11-10,next_day_large_move,all_days,next_large_move_direction,controls_plus_event_posts,logreg,1,0,0.2033737186637157
2022-11-11,next_day_large_move,all_days,next_large_move_direction,controls_plus_event_posts,logreg,0,0,0.4839920073229709
2022-11-14,next_day_large_move,all_days,next_large_move_direction,controls_plus_event_posts,logreg,1,1,0.6400734267915277
2022-11-15,next_day_large_move,all_days,next_large_move_direction,controls_plus_event_posts,logreg,0,0,0.39612629765914226
2022-11-21,next_day_large_move,all_days,next_large_move_direction,controls_plus_event_posts,logreg,1,1,0.5172257707858754
2022-11-25,next_day_large_move,all_days,next_large_move_direction,controls_plus_event_posts,logreg,0,1,0.6220701122168261
2022-11-29,next_day_large_move,all_days,next_large_move_direction,controls_plus_event_posts,logreg,1,1,0.5470958479469273
2022-12-02,next_day_large_move,all_days,next_large_move_direction,controls_plus_event_posts,logreg,0,1,0.5661496332886177
2022-12-05,next_day_large_move,all_days,next_large_move_direction,controls_plus_event_posts,logreg,0,1,0.5751861338675683
2022-12-09,next_day_large_move,all_days,next_large_move_direction,controls_plus_event_posts,logreg,1,0,0.47882002816056224
2022-12-14,next_day_large_move,all_days,next_large_move_direction,controls_plus_event_posts,logreg,0,1,0.511678480027102
2022-12-15,next_day_large_move,all_days,next_large_move_direction,controls_plus_event_posts,logreg,0,1,0.5375594328394603
2022-12-16,next_day_large_move,all_days,next_large_move_direction,controls_plus_event_posts,logreg,0,0,0.41406538950090666
2022-12-20,next_day_large_move,all_days,next_large_move_direction,controls_plus_event_posts,logreg,1,1,0.6802939845952923
2022-12-21,next_day_large_move,all_days,next_large_move_direction,controls_plus_event_posts,logreg,0,1,0.5374835234670727
2022-12-27,next_day_large_move,all_days,next_large_move_direction,controls_plus_event_posts,logreg,0,1,0.5209254340733006
2022-12-28,next_day_large_move,all_days,next_large_move_direction,controls_plus_event_posts,logreg,1,1,0.6318745389158007
2023-01-04,next_day_large_move,all_days,next_large_move_direction,controls_plus_event_posts,logreg,0,1,0.6404777385433107
2023-01-05,next_day_large_move,all_days,next_large_move_direction,controls_plus_event_posts,logreg,1,0,0.47499456214195235
2023-01-10,next_day_large_move,all_days,next_large_move_direction,controls_plus_event_posts,logreg,1,0,0.3986677792951161
2023-01-17,next_day_large_move,all_days,next_large_move_direction,controls_plus_event_posts,logreg,0,1,0.5851930833246417
2023-01-19,next_day_large_move,all_days,next_large_move_direction,controls_plus_event_posts,logreg,1,1,0.5922597972277732
2023-01-20,next_day_large_move,all_days,next_large_move_direction,controls_plus_event_posts,logreg,1,1,0.5175543290436042
2023-01-25,next_day_large_move,all_days,next_large_move_direction,controls_plus_event_posts,logreg,1,1,0.5971519137123263
2023-01-27,next_day_large_move,all_days,next_large_move_direction,controls_plus_event_posts,logreg,0,0,0.4341655953122794
2023-01-30,next_day_large_move,all_days,next_large_move_direction,controls_plus_event_posts,logreg,1,1,0.5226724115031919
2023-01-31,next_day_large_move,all_days,next_large_move_direction,controls_plus_event_posts,logreg,1,1,0.598794653396149
2023-02-01,next_day_large_move,all_days,next_large_move_direction,controls_plus_event_posts,logreg,1,1,0.5126905589757356
2023-02-02,next_day_large_move,all_days,next_large_move_direction,controls_plus_event_posts,logreg,0,0,0.38966665161165837
2023-02-06,next_day_large_move,all_days,next_large_move_direction,controls_plus_event_posts,logreg,1,1,0.5915632163970123
2023-02-07,next_day_large_move,all_days,next_large_move_direction,controls_plus_event_posts,logreg,0,0,0.43449532424295895
2023-02-08,next_day_large_move,all_days,next_large_move_direction,controls_plus_event_posts,logreg,0,1,0.6314027360335313
2023-02-10,next_day_large_move,all_days,next_large_move_direction,controls_plus_event_posts,logreg,1,0,0.46090650216979606
2023-02-15,next_day_large_move,all_days,next_large_move_direction,controls_plus_event_posts,logreg,0,1,0.6543957923785376
2023-02-17,next_day_large_move,all_days,next_large_move_direction,controls_plus_event_posts,logreg,0,1,0.5426999155441474
2023-02-23,next_day_large_move,all_days,next_large_move_direction,controls_plus_event_posts,logreg,0,0,0.4425356120916368
2023-03-02,next_day_large_move,all_days,next_large_move_direction,controls_plus_event_posts,logreg,1,1,0.5922189510615725
2023-03-06,next_day_large_move,all_days,next_large_move_direction,controls_plus_event_posts,logreg,0,1,0.6687127088124881
2023-03-08,next_day_large_move,all_days,next_large_move_direction,controls_plus_event_posts,logreg,0,1,0.7394306056984857
2023-03-09,next_day_large_move,all_days,next_large_move_direction,controls_plus_event_posts,logreg,0,0,0.4581279285800112
2023-03-13,next_day_large_move,all_days,next_large_move_direction,controls_plus_event_posts,logreg,1,1,0.505939568113952
2023-03-15,next_day_large_move,all_days,next_large_move_direction,controls_plus_event_posts,logreg,1,1,0.5694783908869465
2023-03-16,next_day_large_move,all_days,next_large_move_direction,controls_plus_event_posts,logreg,0,1,0.5369494172318087
2023-03-17,next_day_large_move,all_days,next_large_move_direction,controls_plus_event_posts,logreg,1,1,0.5323523911844472
2023-03-20,next_day_large_move,all_days,next_large_move_direction,controls_plus_event_posts,logreg,1,1,0.5085323145674279
2023-03-21,next_day_large_move,all_days,next_large_move_direction,controls_plus_event_posts,logreg,0,1,0.5423962523817063
2023-03-28,next_day_large_move,all_days,next_large_move_direction,controls_plus_event_posts,logreg,1,1,0.5736102929544548
2023-03-30,next_day_large_move,all_days,next_large_move_direction,controls_plus_event_posts,logreg,1,1,0.513502433841628
2023-04-12,next_day_large_move,all_days,next_large_move_direction,controls_plus_event_posts,logreg,1,1,0.5885029790012263
2023-04-24,next_day_large_move,all_days,next_large_move_direction,controls_plus_event_posts,logreg,0,1,0.6218477100838814
2023-04-26,next_day_large_move,all_days,next_large_move_direction,controls_plus_event_posts,logreg,1,1,0.6032213771128019
2023-04-27,next_day_large_move,all_days,next_large_move_direction,controls_plus_event_posts,logreg,1,0,0.3339464910717033
2023-05-01,next_day_large_move,all_days,next_large_move_direction,controls_plus_event_posts,logreg,0,0,0.4666816329267307
2023-05-04,next_day_large_move,all_days,next_large_move_direction,controls_plus_event_posts,logreg,1,0,0.4002318460800252
2023-05-16,next_day_large_move,all_days,next_large_move_direction,controls_plus_event_posts,logreg,1,0,0.4393780171477951
2023-05-17,next_day_large_move,all_days,next_large_move_direction,controls_plus_event_posts,logreg,1,1,0.5004394228013047
2023-05-22,next_day_large_move,all_days,next_large_move_direction,controls_plus_event_posts,logreg,0,0,0.45717332615115525
2023-05-24,next_day_large_move,all_days,next_large_move_direction,controls_plus_event_posts,logreg,1,0,0.4657046571024758
2023-05-25,next_day_large_move,all_days,next_large_move_direction,controls_plus_event_posts,logreg,1,0,0.4557486659999248
2023-05-31,next_day_large_move,all_days,next_large_move_direction,controls_plus_event_posts,logreg,1,0,0.39960643471317536
2023-06-01,next_day_large_move,all_days,next_large_move_direction,controls_plus_event_posts,logreg,1,0,0.39988290212815725
2023-06-09,next_day_large_move,all_days,next_large_move_direction,controls_plus_event_posts,logreg,1,0,0.4393508198109982
2023-06-14,next_day_large_move,all_days,next_large_move_direction,controls_plus_event_posts,logreg,1,1,0.5185811418067893
2023-06-26,next_day_large_move,all_days,next_large_move_direction,controls_plus_event_posts,logreg,1,1,0.6298625103911404
2023-06-29,next_day_large_move,all_days,next_large_move_direction,controls_plus_event_posts,logreg,1,0,0.36522657851895857
2023-07-12,next_day_large_move,all_days,next_large_move_direction,controls_plus_event_posts,logreg,1,1,0.7737013703295498
2023-07-27,next_day_large_move,all_days,next_large_move_direction,controls_plus_event_posts,logreg,1,1,0.5078947273169387
2023-08-01,next_day_large_move,all_days,next_large_move_direction,controls_plus_event_posts,logreg,0,1,0.5276044321190988
2023-08-04,next_day_large_move,all_days,next_large_move_direction,controls_plus_event_posts,logreg,1,0,0.4519312029881276
2023-08-14,next_day_large_move,all_days,next_large_move_direction,controls_plus_event_posts,logreg,0,1,0.7247542056317381
2023-08-22,next_day_large_move,all_days,next_large_move_direction,controls_plus_event_posts,logreg,1,1,0.5495817561274208
2023-08-23,next_day_large_move,all_days,next_large_move_direction,controls_plus_event_posts,logreg,0,0,0.407230499304101
2023-08-28,next_day_large_move,all_days,next_large_move_direction,controls_plus_event_posts,logreg,1,1,0.7391399280256857
2023-09-13,next_day_large_move,all_days,next_large_move_direction,controls_plus_event_posts,logreg,1,0,0.44753747237796015
2023-09-14,next_day_large_move,all_days,next_large_move_direction,controls_plus_event_posts,logreg,0,0,0.3765144018734285
2023-09-19,next_day_large_move,all_days,next_large_move_direction,controls_plus_event_posts,logreg,0,1,0.5291231916114061
2023-09-20,next_day_large_move,all_days,next_large_move_direction,controls_plus_event_posts,logreg,0,0,0.41773959188587345
2023-09-25,next_day_large_move,all_days,next_large_move_direction,controls_plus_event_posts,logreg,0,1,0.9005102362984299
2023-10-02,next_day_large_move,all_days,next_large_move_direction,controls_plus_event_posts,logreg,0,1,0.5701918973301123
2023-10-05,next_day_large_move,all_days,next_large_move_direction,controls_plus_event_posts,logreg,1,1,0.6460878456020963
2023-10-13,next_day_large_move,all_days,next_large_move_direction,controls_plus_event_posts,logreg,1,0,0.4624870417982537
2023-10-17,next_day_large_move,all_days,next_large_move_direction,controls_plus_event_posts,logreg,0,0,0.49030886931954415
2023-10-18,next_day_large_move,all_days,next_large_move_direction,controls_plus_event_posts,logreg,0,0,0.44218964100954783
2023-10-19,next_day_large_move,all_days,next_large_move_direction,controls_plus_event_posts,logreg,0,0,0.49083628317676264
2023-10-24,next_day_large_move,all_days,next_large_move_direction,controls_plus_event_posts,logreg,0,1,0.7422277255550584
2023-10-25,next_day_large_move,all_days,next_large_move_direction,controls_plus_event_posts,logreg,0,1,0.6024475159434652
2023-10-27,next_day_large_move,all_days,next_large_move_direction,controls_plus_event_posts,logreg,1,0,0.4395458683994742
2023-10-31,next_day_large_move,all_days,next_large_move_direction,controls_plus_event_posts,logreg,1,1,0.5003982577907496
2023-11-01,next_day_large_move,all_days,next_large_move_direction,controls_plus_event_posts,logreg,1,1,0.5480785090610509
2023-11-02,next_day_large_move,all_days,next_large_move_direction,controls_plus_event_posts,logreg,1,0,0.4691865935473491
2023-11-09,next_day_large_move,all_days,next_large_move_direction,controls_plus_event_posts,logreg,1,0,0.4556517509821085
2023-11-13,next_day_large_move,all_days,next_large_move_direction,controls_plus_event_posts,logreg,1,1,0.7382243945483318
2023-12-12,next_day_large_move,all_days,next_large_move_direction,controls_plus_event_posts,logreg,1,0,0.4767890857833729
2023-12-19,next_day_large_move,all_days,next_large_move_direction,controls_plus_event_posts,logreg,0,0,0.43099705439966746
2023-12-20,next_day_large_move,all_days,next_large_move_direction,controls_plus_event_posts,logreg,1,1,0.5308947536803935
2024-01-05,next_day_large_move,all_days,next_large_move_direction,controls_plus_event_posts,logreg,1,0,0.4834149807112232
2024-01-17,next_day_large_move,all_days,next_large_move_direction,controls_plus_event_posts,logreg,1,1,0.5400525422992114
2024-01-18,next_day_large_move,all_days,next_large_move_direction,controls_plus_event_posts,logreg,1,0,0.426108067920992
2024-01-30,next_day_large_move,all_days,next_large_move_direction,controls_plus_event_posts,logreg,0,0,0.47928121032100157
2024-01-31,next_day_large_move,all_days,next_large_move_direction,controls_plus_event_posts,logreg,1,0,0.41075312111649054
2024-02-01,next_day_large_move,all_days,next_large_move_direction,controls_plus_event_posts,logreg,1,0,0.29221912756819957
2024-02-06,next_day_large_move,all_days,next_large_move_direction,controls_plus_event_posts,logreg,1,0,0.4461509089174624
2024-02-12,next_day_large_move,all_days,next_large_move_direction,controls_plus_event_posts,logreg,0,1,0.6197670513012793
2024-02-13,next_day_large_move,all_days,next_large_move_direction,controls_plus_event_posts,logreg,1,0,0.49018364764687
2024-02-21,next_day_large_move,all_days,next_large_move_direction,controls_plus_event_posts,logreg,1,0,0.42939759683746237
2024-03-04,next_day_large_move,all_days,next_large_move_direction,controls_plus_event_posts,logreg,0,0,0.44589041097690746
2024-03-06,next_day_large_move,all_days,next_large_move_direction,controls_plus_event_posts,logreg,1,0,0.3857772123110429
2024-03-11,next_day_large_move,all_days,next_large_move_direction,controls_plus_event_posts,logreg,1,0,0.33803728029968116
2024-03-19,next_day_large_move,all_days,next_large_move_direction,controls_plus_event_posts,logreg,1,0,0.46892783883857925
2024-03-26,next_day_large_move,all_days,next_large_move_direction,controls_plus_event_posts,logreg,1,0,0.4906062515999677
2024-04-03,next_day_large_move,all_days,next_large_move_direction,controls_plus_event_posts,logreg,0,0,0.4812967663862271
2024-04-04,next_day_large_move,all_days,next_large_move_direction,controls_plus_event_posts,logreg,1,0,0.49247457887787727
2024-04-09,next_day_large_move,all_days,next_large_move_direction,controls_plus_event_posts,logreg,0,0,0.39816303893100613
2024-04-11,next_day_large_move,all_days,next_large_move_direction,controls_plus_event_posts,logreg,0,0,0.4488141058246014
2024-04-12,next_day_large_move,all_days,next_large_move_direction,controls_plus_event_posts,logreg,0,0,0.43620621009419697
2024-04-18,next_day_large_move,all_days,next_large_move_direction,controls_plus_event_posts,logreg,0,1,0.6761942317946844
2024-04-19,next_day_large_move,all_days,next_large_move_direction,controls_plus_event_posts,logreg,1,1,0.5643473999846172
2024-04-22,next_day_large_move,all_days,next_large_move_direction,controls_plus_event_posts,logreg,1,0,0.4829905333155786
2024-04-25,next_day_large_move,all_days,next_large_move_direction,controls_plus_event_posts,logreg,1,0,0.40663098436383827
2024-04-29,next_day_large_move,all_days,next_large_move_direction,controls_plus_event_posts,logreg,0,1,0.5122456018871789
2024-05-01,next_day_large_move,all_days,next_large_move_direction,controls_plus_event_posts,logreg,1,1,0.5635765969399982
2024-05-02,next_day_large_move,all_days,next_large_move_direction,controls_plus_event_posts,logreg,1,0,0.46102599812136574
2024-05-03,next_day_large_move,all_days,next_large_move_direction,controls_plus_event_posts,logreg,1,0,0.4352450009410757
2024-05-14,next_day_large_move,all_days,next_large_move_direction,controls_plus_event_posts,logreg,1,0,0.46934337443582574
2024-06-04,next_day_large_move,all_days,next_large_move_direction,controls_plus_event_posts,logreg,1,0,0.48768042881154405
2024-06-11,next_day_large_move,all_days,next_large_move_direction,controls_plus_event_posts,logreg,1,1,0.5002718287703153
2024-07-09,next_day_large_move,all_days,next_large_move_direction,controls_plus_event_posts,logreg,1,1,0.6258920681145465
2024-07-10,next_day_large_move,all_days,next_large_move_direction,controls_plus_event_posts,logreg,0,1,0.6201349055125513
2024-07-16,next_day_large_move,all_days,next_large_move_direction,controls_plus_event_posts,logreg,0,1,0.5397361311504607
2024-07-19,next_day_large_move,all_days,next_large_move_direction,controls_plus_event_posts,logreg,1,0,0.4967212246425435
2024-07-23,next_day_large_move,all_days,next_large_move_direction,controls_plus_event_posts,logreg,0,1,0.6278857517957687
2024-07-25,next_day_large_move,all_days,next_large_move_direction,controls_plus_event_posts,logreg,1,0,0.408838543458664
2024-07-30,next_day_large_move,all_days,next_large_move_direction,controls_plus_event_posts,logreg,1,1,0.6038192181698279
2024-07-31,next_day_large_move,all_days,next_large_move_direction,controls_plus_event_posts,logreg,0,0,0.3792931348002761
2024-08-01,next_day_large_move,all_days,next_large_move_direction,controls_plus_event_posts,logreg,0,0,0.4658600146227989
2024-08-02,next_day_large_move,all_days,next_large_move_direction,controls_plus_event_posts,logreg,0,1,0.5791167681267704
2024-08-05,next_day_large_move,all_days,next_large_move_direction,controls_plus_event_posts,logreg,1,0,0.4408770676266484
2024-08-07,next_day_large_move,all_days,next_large_move_direction,controls_plus_event_posts,logreg,1,1,0.5755147979923667
2024-08-12,next_day_large_move,all_days,next_large_move_direction,controls_plus_event_posts,logreg,1,0,0.47500657017945036
2024-08-14,next_day_large_move,all_days,next_large_move_direction,controls_plus_event_posts,logreg,1,1,0.5080500857249626
2024-08-16,next_day_large_move,all_days,next_large_move_direction,controls_plus_event_posts,logreg,1,1,0.5317091602111325
2024-08-21,next_day_large_move,all_days,next_large_move_direction,controls_plus_event_posts,logreg,0,0,0.43058596419826345
2024-08-22,next_day_large_move,all_days,next_large_move_direction,controls_plus_event_posts,logreg,1,0,0.3836717102708722
2024-08-29,next_day_large_move,all_days,next_large_move_direction,controls_plus_event_posts,logreg,1,0,0.35992487412803653
2024-08-30,next_day_large_move,all_days,next_large_move_direction,controls_plus_event_posts,logreg,0,0,0.4690857512072324
2024-09-05,next_day_large_move,all_days,next_large_move_direction,controls_plus_event_posts,logreg,0,1,0.5008052094600653
2024-09-06,next_day_large_move,all_days,next_large_move_direction,controls_plus_event_posts,logreg,1,0,0.4729345209539436
2024-09-10,next_day_large_move,all_days,next_large_move_direction,controls_plus_event_posts,logreg,1,1,0.5068555595871134
2024-09-18,next_day_large_move,all_days,next_large_move_direction,controls_plus_event_posts,logreg,1,1,0.5264311128707738
2024-09-30,next_day_large_move,all_days,next_large_move_direction,controls_plus_event_posts,logreg,0,0,0.4837575307886011
2024-10-03,next_day_large_move,all_days,next_large_move_direction,controls_plus_event_posts,logreg,1,0,0.45311460659150843
2024-10-04,next_day_large_move,all_days,next_large_move_direction,controls_plus_event_posts,logreg,0,1,0.5120335107507438
2024-10-07,next_day_large_move,all_days,next_large_move_direction,controls_plus_event_posts,logreg,1,1,0.5552137906035454
2024-10-22,next_day_large_move,all_days,next_large_move_direction,controls_plus_event_posts,logreg,0,1,0.5084325080684272
2024-10-30,next_day_large_move,all_days,next_large_move_direction,controls_plus_event_posts,logreg,0,0,0.4989750535387268
2024-11-04,next_day_large_move,all_days,next_large_move_direction,controls_plus_event_posts,logreg,1,1,0.5202308664706023
2024-11-05,next_day_large_move,all_days,next_large_move_direction,controls_plus_event_posts,logreg,1,1,0.5732401840034788
2024-11-14,next_day_large_move,all_days,next_large_move_direction,controls_plus_event_posts,logreg,0,0,0.4541279957915926
2024-12-10,next_day_large_move,all_days,next_large_move_direction,controls_plus_event_posts,logreg,1,0,0.473273781669948
2024-12-17,next_day_large_move,all_days,next_large_move_direction,controls_plus_event_posts,logreg,0,1,0.5308400741650391
2024-12-19,next_day_large_move,all_days,next_large_move_direction,controls_plus_event_posts,logreg,1,0,0.4846339082740047
2024-12-23,next_day_large_move,all_days,next_large_move_direction,controls_plus_event_posts,logreg,1,0,0.44192754706549225
2024-12-26,next_day_large_move,all_days,next_large_move_direction,controls_plus_event_posts,logreg,0,0,0.27685283674959604
2024-12-27,next_day_large_move,all_days,next_large_move_direction,controls_plus_event_posts,logreg,0,0,0.45729289093721764
2025-01-02,next_day_large_move,all_days,next_large_move_direction,controls_plus_event_posts,logreg,1,1,0.562412017758105
2025-01-06,next_day_large_move,all_days,next_large_move_direction,controls_plus_event_posts,logreg,0,1,0.6132033462784794
2025-01-08,next_day_large_move,all_days,next_large_move_direction,controls_plus_event_posts,logreg,0,0,0.4348561583048591
2025-01-14,next_day_large_move,all_days,next_large_move_direction,controls_plus_event_posts,logreg,1,1,0.6060385823192072
2025-01-16,next_day_large_move,all_days,next_large_move_direction,controls_plus_event_posts,logreg,1,1,0.5139310763352023
2025-01-17,next_day_large_move,all_days,next_large_move_direction,controls_plus_event_posts,logreg,1,0,0.4259613977494329
2025-01-24,next_day_large_move,all_days,next_large_move_direction,controls_plus_event_posts,logreg,0,0,0.40689719832946136
2025-01-27,next_day_large_move,all_days,next_large_move_direction,controls_plus_event_posts,logreg,1,0,0.4649423894436821
2025-02-06,next_day_large_move,all_days,next_large_move_direction,controls_plus_event_posts,logreg,0,0,0.47991455533857985
2025-02-12,next_day_large_move,all_days,next_large_move_direction,controls_plus_event_posts,logreg,1,1,0.6080772108034685
2025-02-20,next_day_large_move,all_days,next_large_move_direction,controls_plus_event_posts,logreg,0,0,0.391071453502273
2025-02-26,next_day_large_move,all_days,next_large_move_direction,controls_plus_event_posts,logreg,0,1,0.5092598195097224
2025-02-27,next_day_large_move,all_days,next_large_move_direction,controls_plus_event_posts,logreg,1,1,0.5946761632852189
2025-02-28,next_day_large_move,all_days,next_large_move_direction,controls_plus_event_posts,logreg,0,1,0.5471378178993219
2025-03-03,next_day_large_move,all_days,next_large_move_direction,controls_plus_event_posts,logreg,0,1,0.6528997233083265
2025-03-04,next_day_large_move,all_days,next_large_move_direction,controls_plus_event_posts,logreg,1,1,0.640390266813741
2025-03-05,next_day_large_move,all_days,next_large_move_direction,controls_plus_event_posts,logreg,0,1,0.642067098855554
2025-03-07,next_day_large_move,all_days,next_large_move_direction,controls_plus_event_posts,logreg,0,0,0.44350641305930094
2025-03-12,next_day_large_move,all_days,next_large_move_direction,controls_plus_event_posts,logreg,0,1,0.5602711302652233
2025-03-13,next_day_large_move,all_days,next_large_move_direction,controls_plus_event_posts,logreg,1,1,0.5721765997656857
2025-03-17,next_day_large_move,all_days,next_large_move_direction,controls_plus_event_posts,logreg,0,1,0.5949534337803837
2025-03-18,next_day_large_move,all_days,next_large_move_direction,controls_plus_event_posts,logreg,1,1,0.5810457382538948
2025-03-21,next_day_large_move,all_days,next_large_move_direction,controls_plus_event_posts,logreg,1,1,0.6302354246031
2025-03-25,next_day_large_move,all_days,next_large_move_direction,controls_plus_event_posts,logreg,0,0,0.44345802153680514
2025-03-27,next_day_large_move,all_days,next_large_move_direction,controls_plus_event_posts,logreg,0,0,0.48919978408556775
2025-04-02,next_day_large_move,all_days,next_large_move_direction,controls_plus_event_posts,logreg,0,0,0.46560413441145826
2025-04-03,next_day_large_move,all_days,next_large_move_direction,controls_plus_event_posts,logreg,0,1,0.506319749423827
2025-04-07,next_day_large_move,all_days,next_large_move_direction,controls_plus_event_posts,logreg,0,0,0.4931043642689131
2025-04-08,next_day_large_move,all_days,next_large_move_direction,controls_plus_event_posts,logreg,1,1,0.6512485699156542
2025-04-09,next_day_large_move,all_days,next_large_move_direction,controls_plus_event_posts,logreg,0,0,0.12541788142278518
2025-04-10,next_day_large_move,all_days,next_large_move_direction,controls_plus_event_posts,logreg,1,0,0.39075326030637786
2025-04-15,next_day_large_move,all_days,next_large_move_direction,controls_plus_event_posts,logreg,0,0,0.39598601292826074
2025-04-17,next_day_large_move,all_days,next_large_move_direction,controls_plus_event_posts,logreg,0,0,0.46119246830666855
2025-04-21,next_day_large_move,all_days,next_large_move_direction,controls_plus_event_posts,logreg,1,1,0.6709994592473338
2025-04-22,next_day_large_move,all_days,next_large_move_direction,controls_plus_event_posts,logreg,1,1,0.6302123611564809
2025-04-23,next_day_large_move,all_days,next_large_move_direction,controls_plus_event_posts,logreg,1,1,0.6290526675459623
2025-05-01,next_day_large_move,all_days,next_large_move_direction,controls_plus_event_posts,logreg,1,0,0.4128728878502881
2025-05-09,next_day_large_move,all_days,next_large_move_direction,controls_plus_event_posts,logreg,1,1,0.5423359478518769
2025-05-20,next_day_large_move,all_days,next_large_move_direction,controls_plus_event_posts,logreg,0,1,0.5753325459331281
2025-05-23,next_day_large_move,all_days,next_large_move_direction,controls_plus_event_posts,logreg,1,0,0.4992581684503877
2025-06-05,next_day_large_move,all_days,next_large_move_direction,controls_plus_event_posts,logreg,1,0,0.35698691980731195
2025-06-12,next_day_large_move,all_days,next_large_move_direction,controls_plus_event_posts,logreg,0,0,0.4885380879313709
2025-06-13,next_day_large_move,all_days,next_large_move_direction,controls_plus_event_posts,logreg,1,1,0.7174685940346655
2025-06-16,next_day_large_move,all_days,next_large_move_direction,controls_plus_event_posts,logreg,0,1,0.5450543427510791
2025-06-20,next_day_large_move,all_days,next_large_move_direction,controls_plus_event_posts,logreg,1,1,0.5096033224059923
2025-06-23,next_day_large_move,all_days,next_large_move_direction,controls_plus_event_posts,logreg,1,0,0.48885077910029245
2025-07-02,next_day_large_move,all_days,next_large_move_direction,controls_plus_event_posts,logreg,1,0,0.39404046916457924
2025-07-31,next_day_large_move,all_days,next_large_move_direction,controls_plus_event_posts,logreg,0,0,0.41768764380456386
2025-08-01,next_day_large_move,all_days,next_large_move_direction,controls_plus_event_posts,logreg,1,1,0.5511639076324696
2025-08-11,next_day_large_move,all_days,next_large_move_direction,controls_plus_event_posts,logreg,1,0,0.4596941436761174
2025-08-21,next_day_large_move,all_days,next_large_move_direction,controls_plus_event_posts,logreg,1,0,0.3804535392617858
2025-09-03,next_day_large_move,all_days,next_large_move_direction,controls_plus_event_posts,logreg,1,1,0.5164674021755195
2025-09-10,next_day_large_move,all_days,next_large_move_direction,controls_plus_event_posts,logreg,1,1,0.6349037349947878
2025-10-09,next_day_large_move,all_days,next_large_move_direction,controls_plus_event_posts,logreg,0,0,0.4698137711148091
2025-10-10,next_day_large_move,all_days,next_large_move_direction,controls_plus_event_posts,logreg,1,0,0.4850241123616068
2025-10-17,next_day_large_move,all_days,next_large_move_direction,controls_plus_event_posts,logreg,1,1,0.5867851788668098
2025-10-24,next_day_large_move,all_days,next_large_move_direction,controls_plus_event_posts,logreg,1,0,0.4550860687198345
2025-10-29,next_day_large_move,all_days,next_large_move_direction,controls_plus_event_posts,logreg,0,0,0.45303872835790276
2025-11-03,next_day_large_move,all_days,next_large_move_direction,controls_plus_event_posts,logreg,0,0,0.4473172099831108
2025-11-05,next_day_large_move,all_days,next_large_move_direction,controls_plus_event_posts,logreg,0,0,0.44304584950870385
2025-11-07,next_day_large_move,all_days,next_large_move_direction,controls_plus_event_posts,logreg,1,1,0.5380400462261928
2025-11-12,next_day_large_move,all_days,next_large_move_direction,controls_plus_event_posts,logreg,0,1,0.652740163195337
2025-11-14,next_day_large_move,all_days,next_large_move_direction,controls_plus_event_posts,logreg,0,1,0.523835016335872
2025-11-17,next_day_large_move,all_days,next_large_move_direction,controls_plus_event_posts,logreg,0,1,0.5538335516768649
2025-11-19,next_day_large_move,all_days,next_large_move_direction,controls_plus_event_posts,logreg,0,1,0.5020014804341866
2025-11-20,next_day_large_move,all_days,next_large_move_direction,controls_plus_event_posts,logreg,1,1,0.5021788486850398
2025-11-21,next_day_large_move,all_days,next_large_move_direction,controls_plus_event_posts,logreg,1,0,0.3659905033681837
2025-11-24,next_day_large_move,all_days,next_large_move_direction,controls_plus_event_posts,logreg,1,1,0.505354567181769
2025-12-11,next_day_large_move,all_days,next_large_move_direction,controls_plus_event_posts,logreg,0,1,0.556142682042882
2025-12-16,next_day_large_move,all_days,next_large_move_direction,controls_plus_event_posts,logreg,0,1,0.5702016380954109
2025-12-18,next_day_large_move,all_days,next_large_move_direction,controls_plus_event_posts,logreg,1,1,0.5140743518670754
2022-02-14,next_day_large_move,all_days,next_large_move_direction,controls_plus_event_posts,random_forest,1,0,0.44997193610947156
2022-04-28,next_day_large_move,all_days,next_large_move_direction,controls_plus_event_posts,random_forest,0,0,0.48462427724262463
2022-05-03,next_day_large_move,all_days,next_large_move_direction,controls_plus_event_posts,random_forest,1,1,0.5790099545328792
2022-05-04,next_day_large_move,all_days,next_large_move_direction,controls_plus_event_posts,random_forest,0,0,0.4699157158240059
2022-05-06,next_day_large_move,all_days,next_large_move_direction,controls_plus_event_posts,random_forest,0,1,0.5531277988491435
2022-05-10,next_day_large_move,all_days,next_large_move_direction,controls_plus_event_posts,random_forest,0,1,0.6033202451187241
2022-05-12,next_day_large_move,all_days,next_large_move_direction,controls_plus_event_posts,random_forest,1,1,0.5489404440853382
2022-05-16,next_day_large_move,all_days,next_large_move_direction,controls_plus_event_posts,random_forest,1,1,0.5297569700678696
2022-05-17,next_day_large_move,all_days,next_large_move_direction,controls_plus_event_posts,random_forest,0,1,0.5284846173228334
2022-05-20,next_day_large_move,all_days,next_large_move_direction,controls_plus_event_posts,random_forest,1,1,0.5882668038865883
2022-05-23,next_day_large_move,all_days,next_large_move_direction,controls_plus_event_posts,random_forest,0,1,0.5143000423256502
2022-05-24,next_day_large_move,all_days,next_large_move_direction,controls_plus_event_posts,random_forest,1,1,0.6504060678496622
2022-05-25,next_day_large_move,all_days,next_large_move_direction,controls_plus_event_posts,random_forest,1,1,0.541303512337941
2022-05-26,next_day_large_move,all_days,next_large_move_direction,controls_plus_event_posts,random_forest,1,0,0.47315407311435437
2022-06-01,next_day_large_move,all_days,next_large_move_direction,controls_plus_event_posts,random_forest,1,0,0.48352244959903046
2022-06-02,next_day_large_move,all_days,next_large_move_direction,controls_plus_event_posts,random_forest,0,0,0.4512422164972793
2022-06-06,next_day_large_move,all_days,next_large_move_direction,controls_plus_event_posts,random_forest,1,1,0.5280370765279827
2022-06-07,next_day_large_move,all_days,next_large_move_direction,controls_plus_event_posts,random_forest,0,0,0.45956661836433227
2022-06-08,next_day_large_move,all_days,next_large_move_direction,controls_plus_event_posts,random_forest,0,1,0.5867474106911154
2022-06-09,next_day_large_move,all_days,next_large_move_direction,controls_plus_event_posts,random_forest,0,1,0.5198830596695859
2022-06-10,next_day_large_move,all_days,next_large_move_direction,controls_plus_event_posts,random_forest,0,1,0.5735807473827608
2022-06-14,next_day_large_move,all_days,next_large_move_direction,controls_plus_event_posts,random_forest,1,1,0.6723366043692949
2022-06-15,next_day_large_move,all_days,next_large_move_direction,controls_plus_event_posts,random_forest,0,1,0.6413777533402709
2022-06-17,next_day_large_move,all_days,next_large_move_direction,controls_plus_event_posts,random_forest,1,1,0.5372151229388941
2022-06-22,next_day_large_move,all_days,next_large_move_direction,controls_plus_event_posts,random_forest,1,1,0.5533510537426453
2022-06-23,next_day_large_move,all_days,next_large_move_direction,controls_plus_event_posts,random_forest,1,1,0.5917255851471428
2022-06-27,next_day_large_move,all_days,next_large_move_direction,controls_plus_event_posts,random_forest,0,0,0.48026589412668563
2022-06-29,next_day_large_move,all_days,next_large_move_direction,controls_plus_event_posts,random_forest,0,1,0.5942775797623364
2022-06-30,next_day_large_move,all_days,next_large_move_direction,controls_plus_event_posts,random_forest,1,1,0.5862409340845861
2022-07-06,next_day_large_move,all_days,next_large_move_direction,controls_plus_event_posts,random_forest,1,1,0.5236255157235515
2022-07-08,next_day_large_move,all_days,next_large_move_direction,controls_plus_event_posts,random_forest,0,0,0.48283522109210947
2022-07-11,next_day_large_move,all_days,next_large_move_direction,controls_plus_event_posts,random_forest,0,0,0.46990791341112137
2022-07-14,next_day_large_move,all_days,next_large_move_direction,controls_plus_event_posts,random_forest,1,1,0.5237194244863622
2022-07-15,next_day_large_move,all_days,next_large_move_direction,controls_plus_event_posts,random_forest,0,1,0.5176881504150352
2022-07-18,next_day_large_move,all_days,next_large_move_direction,controls_plus_event_posts,random_forest,1,1,0.5810628578116923
2022-07-20,next_day_large_move,all_days,next_large_move_direction,controls_plus_event_posts,random_forest,1,1,0.5512053839723414
2022-07-21,next_day_large_move,all_days,next_large_move_direction,controls_plus_event_posts,random_forest,0,1,0.5645758301142415
2022-07-25,next_day_large_move,all_days,next_large_move_direction,controls_plus_event_posts,random_forest,0,0,0.4815148371730964
2022-07-26,next_day_large_move,all_days,next_large_move_direction,controls_plus_event_posts,random_forest,1,1,0.5429562405400776
2022-07-27,next_day_large_move,all_days,next_large_move_direction,controls_plus_event_posts,random_forest,1,1,0.5910061948695158
2022-08-02,next_day_large_move,all_days,next_large_move_direction,controls_plus_event_posts,random_forest,1,1,0.6307952430029093
2022-08-09,next_day_large_move,all_days,next_large_move_direction,controls_plus_event_posts,random_forest,1,1,0.5629890992215187
2022-08-11,next_day_large_move,all_days,next_large_move_direction,controls_plus_event_posts,random_forest,1,1,0.5864721521694604
2022-08-18,next_day_large_move,all_days,next_large_move_direction,controls_plus_event_posts,random_forest,0,1,0.5604144919598063
2022-08-19,next_day_large_move,all_days,next_large_move_direction,controls_plus_event_posts,random_forest,0,1,0.5220618557849935
2022-08-24,next_day_large_move,all_days,next_large_move_direction,controls_plus_event_posts,random_forest,1,1,0.5423253300131551
2022-08-25,next_day_large_move,all_days,next_large_move_direction,controls_plus_event_posts,random_forest,0,1,0.5670361137965808
2022-08-29,next_day_large_move,all_days,next_large_move_direction,controls_plus_event_posts,random_forest,0,1,0.5334288846118312
2022-09-01,next_day_large_move,all_days,next_large_move_direction,controls_plus_event_posts,random_forest,0,1,0.6287197419116328
2022-09-06,next_day_large_move,all_days,next_large_move_direction,controls_plus_event_posts,random_forest,1,1,0.6040232565951907
2022-09-08,next_day_large_move,all_days,next_large_move_direction,controls_plus_event_posts,random_forest,1,1,0.5207655403358004
2022-09-09,next_day_large_move,all_days,next_large_move_direction,controls_plus_event_posts,random_forest,1,1,0.5883166728302622
2022-09-12,next_day_large_move,all_days,next_large_move_direction,controls_plus_event_posts,random_forest,0,1,0.5546650868557602
2022-09-14,next_day_large_move,all_days,next_large_move_direction,controls_plus_event_posts,random_forest,0,1,0.520213185979491
2022-09-19,next_day_large_move,all_days,next_large_move_direction,controls_plus_event_posts,random_forest,0,1,0.6298006899227859
2022-09-20,next_day_large_move,all_days,next_large_move_direction,controls_plus_event_posts,random_forest,0,0,0.49663986595281656
2022-09-21,next_day_large_move,all_days,next_large_move_direction,controls_plus_event_posts,random_forest,0,0,0.4889973757911656
2022-09-22,next_day_large_move,all_days,next_large_move_direction,controls_plus_event_posts,random_forest,0,1,0.5386359207254128
2022-09-23,next_day_large_move,all_days,next_large_move_direction,controls_plus_event_posts,random_forest,0,1,0.5161304849336374
2022-09-27,next_day_large_move,all_days,next_large_move_direction,controls_plus_event_posts,random_forest,1,1,0.5599062653756424
2022-09-28,next_day_large_move,all_days,next_large_move_direction,controls_plus_event_posts,random_forest,0,1,0.6027840997480751
2022-09-29,next_day_large_move,all_days,next_large_move_direction,controls_plus_event_posts,random_forest,0,1,0.541454650770632
2022-09-30,next_day_large_move,all_days,next_large_move_direction,controls_plus_event_posts,random_forest,1,1,0.5221017582641849
2022-10-03,next_day_large_move,all_days,next_large_move_direction,controls_plus_event_posts,random_forest,1,1,0.5157873608450587
2022-10-05,next_day_large_move,all_days,next_large_move_direction,controls_plus_event_posts,random_forest,0,1,0.567022790344785
2022-10-06,next_day_large_move,all_days,next_large_move_direction,controls_plus_event_posts,random_forest,0,0,0.4928677961368005
2022-10-12,next_day_large_move,all_days,next_large_move_direction,controls_plus_event_posts,random_forest,1,1,0.5342066530898265
2022-10-13,next_day_large_move,all_days,next_large_move_direction,controls_plus_event_posts,random_forest,0,1,0.5366217855070681
2022-10-14,next_day_large_move,all_days,next_large_move_direction,controls_plus_event_posts,random_forest,1,1,0.562754986668387
2022-10-17,next_day_large_move,all_days,next_large_move_direction,controls_plus_event_posts,random_forest,1,1,0.5335499944473713
2022-10-20,next_day_large_move,all_days,next_large_move_direction,controls_plus_event_posts,random_forest,1,1,0.5480134205157818
2022-10-21,next_day_large_move,all_days,next_large_move_direction,controls_plus_event_posts,random_forest,1,0,0.41797490367235207
2022-10-24,next_day_large_move,all_days,next_large_move_direction,controls_plus_event_posts,random_forest,1,0,0.4789359016325847
2022-10-27,next_day_large_move,all_days,next_large_move_direction,controls_plus_event_posts,random_forest,1,0,0.4802078165587476
2022-11-01,next_day_large_move,all_days,next_large_move_direction,controls_plus_event_posts,random_forest,0,0,0.49379281409148723
2022-11-02,next_day_large_move,all_days,next_large_move_direction,controls_plus_event_posts,random_forest,0,1,0.5318418979697632
2022-11-03,next_day_large_move,all_days,next_large_move_direction,controls_plus_event_posts,random_forest,1,1,0.5775805727948669
2022-11-04,next_day_large_move,all_days,next_large_move_direction,controls_plus_event_posts,random_forest,1,1,0.514315128335081
2022-11-08,next_day_large_move,all_days,next_large_move_direction,controls_plus_event_posts,random_forest,0,1,0.590077575045578
2022-11-09,next_day_large_move,all_days,next_large_move_direction,controls_plus_event_posts,random_forest,1,1,0.5559181692872862
2022-11-10,next_day_large_move,all_days,next_large_move_direction,controls_plus_event_posts,random_forest,1,0,0.3875545195233359
2022-11-11,next_day_large_move,all_days,next_large_move_direction,controls_plus_event_posts,random_forest,0,0,0.45067525115503604
2022-11-14,next_day_large_move,all_days,next_large_move_direction,controls_plus_event_posts,random_forest,1,1,0.5402064884456136
2022-11-15,next_day_large_move,all_days,next_large_move_direction,controls_plus_event_posts,random_forest,0,1,0.5140786151571656
2022-11-21,next_day_large_move,all_days,next_large_move_direction,controls_plus_event_posts,random_forest,1,1,0.5427316762203778
2022-11-25,next_day_large_move,all_days,next_large_move_direction,controls_plus_event_posts,random_forest,0,1,0.5533469089355946
2022-11-29,next_day_large_move,all_days,next_large_move_direction,controls_plus_event_posts,random_forest,1,0,0.43603252130039083
2022-12-02,next_day_large_move,all_days,next_large_move_direction,controls_plus_event_posts,random_forest,0,1,0.6342135160839742
2022-12-05,next_day_large_move,all_days,next_large_move_direction,controls_plus_event_posts,random_forest,0,1,0.5083358147598063
2022-12-09,next_day_large_move,all_days,next_large_move_direction,controls_plus_event_posts,random_forest,1,1,0.5236345129824458
2022-12-14,next_day_large_move,all_days,next_large_move_direction,controls_plus_event_posts,random_forest,0,1,0.5029964736683864
2022-12-15,next_day_large_move,all_days,next_large_move_direction,controls_plus_event_posts,random_forest,0,1,0.519349711614382
2022-12-16,next_day_large_move,all_days,next_large_move_direction,controls_plus_event_posts,random_forest,0,0,0.415234344476865
2022-12-20,next_day_large_move,all_days,next_large_move_direction,controls_plus_event_posts,random_forest,1,1,0.505303433595496
2022-12-21,next_day_large_move,all_days,next_large_move_direction,controls_plus_event_posts,random_forest,0,1,0.5998954835500857
2022-12-27,next_day_large_move,all_days,next_large_move_direction,controls_plus_event_posts,random_forest,0,0,0.49446016841210844
2022-12-28,next_day_large_move,all_days,next_large_move_direction,controls_plus_event_posts,random_forest,1,1,0.58398246724287
2023-01-04,next_day_large_move,all_days,next_large_move_direction,controls_plus_event_posts,random_forest,0,1,0.57
2023-01-05,next_day_large_move,all_days,next_large_move_direction,controls_plus_event_posts,random_forest,1,1,0.65
2023-01-10,next_day_large_move,all_days,next_large_move_direction,controls_plus_event_posts,random_forest,1,0,0.475
2023-01-17,next_day_large_move,all_days,next_large_move_direction,controls_plus_event_posts,random_forest,0,1,0.615
2023-01-19,next_day_large_move,all_days,next_large_move_direction,controls_plus_event_posts,random_forest,1,1,0.63
2023-01-20,next_day_large_move,all_days,next_large_move_direction,controls_plus_event_posts,random_forest,1,1,0.625
2023-01-25,next_day_large_move,all_days,next_large_move_direction,controls_plus_event_posts,random_forest,1,1,0.61
2023-01-27,next_day_large_move,all_days,next_large_move_direction,controls_plus_event_posts,random_forest,0,0,0.425
2023-01-30,next_day_large_move,all_days,next_large_move_direction,controls_plus_event_posts,random_forest,1,0,0.475
2023-01-31,next_day_large_move,all_days,next_large_move_direction,controls_plus_event_posts,random_forest,1,1,0.645
2023-02-01,next_day_large_move,all_days,next_large_move_direction,controls_plus_event_posts,random_forest,1,1,0.525
2023-02-02,next_day_large_move,all_days,next_large_move_direction,controls_plus_event_posts,random_forest,0,0,0.49
2023-02-06,next_day_large_move,all_days,next_large_move_direction,controls_plus_event_posts,random_forest,1,1,0.695
2023-02-07,next_day_large_move,all_days,next_large_move_direction,controls_plus_event_posts,random_forest,0,0,0.435
2023-02-08,next_day_large_move,all_days,next_large_move_direction,controls_plus_event_posts,random_forest,0,1,0.675
2023-02-10,next_day_large_move,all_days,next_large_move_direction,controls_plus_event_posts,random_forest,1,0,0.495
2023-02-15,next_day_large_move,all_days,next_large_move_direction,controls_plus_event_posts,random_forest,0,1,0.62
2023-02-17,next_day_large_move,all_days,next_large_move_direction,controls_plus_event_posts,random_forest,0,1,0.555
2023-02-23,next_day_large_move,all_days,next_large_move_direction,controls_plus_event_posts,random_forest,0,1,0.59
2023-03-02,next_day_large_move,all_days,next_large_move_direction,controls_plus_event_posts,random_forest,1,0,0.47
2023-03-06,next_day_large_move,all_days,next_large_move_direction,controls_plus_event_posts,random_forest,0,1,0.73
2023-03-08,next_day_large_move,all_days,next_large_move_direction,controls_plus_event_posts,random_forest,0,1,0.64
2023-03-09,next_day_large_move,all_days,next_large_move_direction,controls_plus_event_posts,random_forest,0,0,0.305
2023-03-13,next_day_large_move,all_days,next_large_move_direction,controls_plus_event_posts,random_forest,1,1,0.615
2023-03-15,next_day_large_move,all_days,next_large_move_direction,controls_plus_event_posts,random_forest,1,1,0.6
2023-03-16,next_day_large_move,all_days,next_large_move_direction,controls_plus_event_posts,random_forest,0,1,0.56
2023-03-17,next_day_large_move,all_days,next_large_move_direction,controls_plus_event_posts,random_forest,1,1,0.66
2023-03-20,next_day_large_move,all_days,next_large_move_direction,controls_plus_event_posts,random_forest,1,1,0.575
2023-03-21,next_day_large_move,all_days,next_large_move_direction,controls_plus_event_posts,random_forest,0,1,0.67
2023-03-28,next_day_large_move,all_days,next_large_move_direction,controls_plus_event_posts,random_forest,1,0,0.5
2023-03-30,next_day_large_move,all_days,next_large_move_direction,controls_plus_event_posts,random_forest,1,1,0.57
2023-04-12,next_day_large_move,all_days,next_large_move_direction,controls_plus_event_posts,random_forest,1,1,0.555
2023-04-24,next_day_large_move,all_days,next_large_move_direction,controls_plus_event_posts,random_forest,0,1,0.635
2023-04-26,next_day_large_move,all_days,next_large_move_direction,controls_plus_event_posts,random_forest,1,1,0.725
2023-04-27,next_day_large_move,all_days,next_large_move_direction,controls_plus_event_posts,random_forest,1,0,0.435
2023-05-01,next_day_large_move,all_days,next_large_move_direction,controls_plus_event_posts,random_forest,0,1,0.52
2023-05-04,next_day_large_move,all_days,next_large_move_direction,controls_plus_event_posts,random_forest,1,1,0.53
2023-05-16,next_day_large_move,all_days,next_large_move_direction,controls_plus_event_posts,random_forest,1,1,0.605
2023-05-17,next_day_large_move,all_days,next_large_move_direction,controls_plus_event_posts,random_forest,1,0,0.46
2023-05-22,next_day_large_move,all_days,next_large_move_direction,controls_plus_event_posts,random_forest,0,0,0.46
2023-05-24,next_day_large_move,all_days,next_large_move_direction,controls_plus_event_posts,random_forest,1,0,0.48
2023-05-25,next_day_large_move,all_days,next_large_move_direction,controls_plus_event_posts,random_forest,1,0,0.47
2023-05-31,next_day_large_move,all_days,next_large_move_direction,controls_plus_event_posts,random_forest,1,0,0.335
2023-06-01,next_day_large_move,all_days,next_large_move_direction,controls_plus_event_posts,random_forest,1,0,0.44
2023-06-09,next_day_large_move,all_days,next_large_move_direction,controls_plus_event_posts,random_forest,1,0,0.49
2023-06-14,next_day_large_move,all_days,next_large_move_direction,controls_plus_event_posts,random_forest,1,1,0.66
2023-06-26,next_day_large_move,all_days,next_large_move_direction,controls_plus_event_posts,random_forest,1,1,0.62
2023-06-29,next_day_large_move,all_days,next_large_move_direction,controls_plus_event_posts,random_forest,1,0,0.485
2023-07-12,next_day_large_move,all_days,next_large_move_direction,controls_plus_event_posts,random_forest,1,1,0.715
2023-07-27,next_day_large_move,all_days,next_large_move_direction,controls_plus_event_posts,random_forest,1,1,0.6
2023-08-01,next_day_large_move,all_days,next_large_move_direction,controls_plus_event_posts,random_forest,0,0,0.435
2023-08-04,next_day_large_move,all_days,next_large_move_direction,controls_plus_event_posts,random_forest,1,0,0.495
2023-08-14,next_day_large_move,all_days,next_large_move_direction,controls_plus_event_posts,random_forest,0,1,0.66
2023-08-22,next_day_large_move,all_days,next_large_move_direction,controls_plus_event_posts,random_forest,1,1,0.57
2023-08-23,next_day_large_move,all_days,next_large_move_direction,controls_plus_event_posts,random_forest,0,0,0.465
2023-08-28,next_day_large_move,all_days,next_large_move_direction,controls_plus_event_posts,random_forest,1,1,0.68
2023-09-13,next_day_large_move,all_days,next_large_move_direction,controls_plus_event_posts,random_forest,1,1,0.525
2023-09-14,next_day_large_move,all_days,next_large_move_direction,controls_plus_event_posts,random_forest,0,0,0.415
2023-09-19,next_day_large_move,all_days,next_large_move_direction,controls_plus_event_posts,random_forest,0,1,0.58
2023-09-20,next_day_large_move,all_days,next_large_move_direction,controls_plus_event_posts,random_forest,0,0,0.44
2023-09-25,next_day_large_move,all_days,next_large_move_direction,controls_plus_event_posts,random_forest,0,1,0.695
2023-10-02,next_day_large_move,all_days,next_large_move_direction,controls_plus_event_posts,random_forest,0,1,0.55
2023-10-05,next_day_large_move,all_days,next_large_move_direction,controls_plus_event_posts,random_forest,1,1,0.685
2023-10-13,next_day_large_move,all_days,next_large_move_direction,controls_plus_event_posts,random_forest,1,1,0.525
2023-10-17,next_day_large_move,all_days,next_large_move_direction,controls_plus_event_posts,random_forest,0,0,0.49
2023-10-18,next_day_large_move,all_days,next_large_move_direction,controls_plus_event_posts,random_forest,0,1,0.52
2023-10-19,next_day_large_move,all_days,next_large_move_direction,controls_plus_event_posts,random_forest,0,0,0.46
2023-10-24,next_day_large_move,all_days,next_large_move_direction,controls_plus_event_posts,random_forest,0,1,0.645
2023-10-25,next_day_large_move,all_days,next_large_move_direction,controls_plus_event_posts,random_forest,0,0,0.39
2023-10-27,next_day_large_move,all_days,next_large_move_direction,controls_plus_event_posts,random_forest,1,1,0.6
2023-10-31,next_day_large_move,all_days,next_large_move_direction,controls_plus_event_posts,random_forest,1,1,0.56
2023-11-01,next_day_large_move,all_days,next_large_move_direction,controls_plus_event_posts,random_forest,1,1,0.51
2023-11-02,next_day_large_move,all_days,next_large_move_direction,controls_plus_event_posts,random_forest,1,1,0.585
2023-11-09,next_day_large_move,all_days,next_large_move_direction,controls_plus_event_posts,random_forest,1,1,0.605
2023-11-13,next_day_large_move,all_days,next_large_move_direction,controls_plus_event_posts,random_forest,1,1,0.655
2023-12-12,next_day_large_move,all_days,next_large_move_direction,controls_plus_event_posts,random_forest,1,1,0.575
2023-12-19,next_day_large_move,all_days,next_large_move_direction,controls_plus_event_posts,random_forest,0,0,0.49
2023-12-20,next_day_large_move,all_days,next_large_move_direction,controls_plus_event_posts,random_forest,1,1,0.56
2024-01-05,next_day_large_move,all_days,next_large_move_direction,controls_plus_event_posts,random_forest,1,1,0.6
2024-01-17,next_day_large_move,all_days,next_large_move_direction,controls_plus_event_posts,random_forest,1,1,0.64
2024-01-18,next_day_large_move,all_days,next_large_move_direction,controls_plus_event_posts,random_forest,1,1,0.535
2024-01-30,next_day_large_move,all_days,next_large_move_direction,controls_plus_event_posts,random_forest,0,0,0.41
2024-01-31,next_day_large_move,all_days,next_large_move_direction,controls_plus_event_posts,random_forest,1,1,0.6
2024-02-01,next_day_large_move,all_days,next_large_move_direction,controls_plus_event_posts,random_forest,1,1,0.59
2024-02-06,next_day_large_move,all_days,next_large_move_direction,controls_plus_event_posts,random_forest,1,1,0.525
2024-02-12,next_day_large_move,all_days,next_large_move_direction,controls_plus_event_posts,random_forest,0,1,0.76
2024-02-13,next_day_large_move,all_days,next_large_move_direction,controls_plus_event_posts,random_forest,1,0,0.41
2024-02-21,next_day_large_move,all_days,next_large_move_direction,controls_plus_event_posts,random_forest,1,1,0.615
2024-03-04,next_day_large_move,all_days,next_large_move_direction,controls_plus_event_posts,random_forest,0,1,0.525
2024-03-06,next_day_large_move,all_days,next_large_move_direction,controls_plus_event_posts,random_forest,1,0,0.465
2024-03-11,next_day_large_move,all_days,next_large_move_direction,controls_plus_event_posts,random_forest,1,0,0.375
2024-03-19,next_day_large_move,all_days,next_large_move_direction,controls_plus_event_posts,random_forest,1,0,0.475
2024-03-26,next_day_large_move,all_days,next_large_move_direction,controls_plus_event_posts,random_forest,1,0,0.48
2024-04-03,next_day_large_move,all_days,next_large_move_direction,controls_plus_event_posts,random_forest,0,1,0.58
2024-04-04,next_day_large_move,all_days,next_large_move_direction,controls_plus_event_posts,random_forest,1,1,0.6
2024-04-09,next_day_large_move,all_days,next_large_move_direction,controls_plus_event_posts,random_forest,0,0,0.455
2024-04-11,next_day_large_move,all_days,next_large_move_direction,controls_plus_event_posts,random_forest,0,1,0.57
2024-04-12,next_day_large_move,all_days,next_large_move_direction,controls_plus_event_posts,random_forest,0,0,0.475
2024-04-18,next_day_large_move,all_days,next_large_move_direction,controls_plus_event_posts,random_forest,0,1,0.675
2024-04-19,next_day_large_move,all_days,next_large_move_direction,controls_plus_event_posts,random_forest,1,1,0.7
2024-04-22,next_day_large_move,all_days,next_large_move_direction,controls_plus_event_posts,random_forest,1,1,0.63
2024-04-25,next_day_large_move,all_days,next_large_move_direction,controls_plus_event_posts,random_forest,1,1,0.51
2024-04-29,next_day_large_move,all_days,next_large_move_direction,controls_plus_event_posts,random_forest,0,1,0.62
2024-05-01,next_day_large_move,all_days,next_large_move_direction,controls_plus_event_posts,random_forest,1,1,0.61
2024-05-02,next_day_large_move,all_days,next_large_move_direction,controls_plus_event_posts,random_forest,1,1,0.605
2024-05-03,next_day_large_move,all_days,next_large_move_direction,controls_plus_event_posts,random_forest,1,1,0.575
2024-05-14,next_day_large_move,all_days,next_large_move_direction,controls_plus_event_posts,random_forest,1,1,0.615
2024-06-04,next_day_large_move,all_days,next_large_move_direction,controls_plus_event_posts,random_forest,1,0,0.48
2024-06-11,next_day_large_move,all_days,next_large_move_direction,controls_plus_event_posts,random_forest,1,0,0.495
2024-07-09,next_day_large_move,all_days,next_large_move_direction,controls_plus_event_posts,random_forest,1,1,0.585
2024-07-10,next_day_large_move,all_days,next_large_move_direction,controls_plus_event_posts,random_forest,0,1,0.64
2024-07-16,next_day_large_move,all_days,next_large_move_direction,controls_plus_event_posts,random_forest,0,1,0.6
2024-07-19,next_day_large_move,all_days,next_large_move_direction,controls_plus_event_posts,random_forest,1,1,0.545
2024-07-23,next_day_large_move,all_days,next_large_move_direction,controls_plus_event_posts,random_forest,0,1,0.53
2024-07-25,next_day_large_move,all_days,next_large_move_direction,controls_plus_event_posts,random_forest,1,0,0.47
2024-07-30,next_day_large_move,all_days,next_large_move_direction,controls_plus_event_posts,random_forest,1,1,0.55
2024-07-31,next_day_large_move,all_days,next_large_move_direction,controls_plus_event_posts,random_forest,0,0,0.475
2024-08-01,next_day_large_move,all_days,next_large_move_direction,controls_plus_event_posts,random_forest,0,0,0.5
2024-08-02,next_day_large_move,all_days,next_large_move_direction,controls_plus_event_posts,random_forest,0,0,0.43
2024-08-05,next_day_large_move,all_days,next_large_move_direction,controls_plus_event_posts,random_forest,1,0,0.41
2024-08-07,next_day_large_move,all_days,next_large_move_direction,controls_plus_event_posts,random_forest,1,1,0.665
2024-08-12,next_day_large_move,all_days,next_large_move_direction,controls_plus_event_posts,random_forest,1,1,0.585
2024-08-14,next_day_large_move,all_days,next_large_move_direction,controls_plus_event_posts,random_forest,1,1,0.615
2024-08-16,next_day_large_move,all_days,next_large_move_direction,controls_plus_event_posts,random_forest,1,1,0.575
2024-08-21,next_day_large_move,all_days,next_large_move_direction,controls_plus_event_posts,random_forest,0,1,0.555
2024-08-22,next_day_large_move,all_days,next_large_move_direction,controls_plus_event_posts,random_forest,1,0,0.415
2024-08-29,next_day_large_move,all_days,next_large_move_direction,controls_plus_event_posts,random_forest,1,1,0.55
2024-08-30,next_day_large_move,all_days,next_large_move_direction,controls_plus_event_posts,random_forest,0,1,0.58
2024-09-05,next_day_large_move,all_days,next_large_move_direction,controls_plus_event_posts,random_forest,0,1,0.53
2024-09-06,next_day_large_move,all_days,next_large_move_direction,controls_plus_event_posts,random_forest,1,1,0.51
2024-09-10,next_day_large_move,all_days,next_large_move_direction,controls_plus_event_posts,random_forest,1,1,0.645
2024-09-18,next_day_large_move,all_days,next_large_move_direction,controls_plus_event_posts,random_forest,1,1,0.605
2024-09-30,next_day_large_move,all_days,next_large_move_direction,controls_plus_event_posts,random_forest,0,1,0.585
2024-10-03,next_day_large_move,all_days,next_large_move_direction,controls_plus_event_posts,random_forest,1,0,0.495
2024-10-04,next_day_large_move,all_days,next_large_move_direction,controls_plus_event_posts,random_forest,0,0,0.465
2024-10-07,next_day_large_move,all_days,next_large_move_direction,controls_plus_event_posts,random_forest,1,1,0.68
2024-10-22,next_day_large_move,all_days,next_large_move_direction,controls_plus_event_posts,random_forest,0,0,0.435
2024-10-30,next_day_large_move,all_days,next_large_move_direction,controls_plus_event_posts,random_forest,0,0,0.45
2024-11-04,next_day_large_move,all_days,next_large_move_direction,controls_plus_event_posts,random_forest,1,1,0.59
2024-11-05,next_day_large_move,all_days,next_large_move_direction,controls_plus_event_posts,random_forest,1,0,0.46
2024-11-14,next_day_large_move,all_days,next_large_move_direction,controls_plus_event_posts,random_forest,0,1,0.56
2024-12-10,next_day_large_move,all_days,next_large_move_direction,controls_plus_event_posts,random_forest,1,0,0.405
2024-12-17,next_day_large_move,all_days,next_large_move_direction,controls_plus_event_posts,random_forest,0,0,0.475
2024-12-19,next_day_large_move,all_days,next_large_move_direction,controls_plus_event_posts,random_forest,1,1,0.53
2024-12-23,next_day_large_move,all_days,next_large_move_direction,controls_plus_event_posts,random_forest,1,1,0.575
2024-12-26,next_day_large_move,all_days,next_large_move_direction,controls_plus_event_posts,random_forest,0,1,0.565
2024-12-27,next_day_large_move,all_days,next_large_move_direction,controls_plus_event_posts,random_forest,0,1,0.515
2025-01-02,next_day_large_move,all_days,next_large_move_direction,controls_plus_event_posts,random_forest,1,1,0.5614099271360171
2025-01-06,next_day_large_move,all_days,next_large_move_direction,controls_plus_event_posts,random_forest,0,1,0.5578835035910569
2025-01-08,next_day_large_move,all_days,next_large_move_direction,controls_plus_event_posts,random_forest,0,0,0.4798555974558026
2025-01-14,next_day_large_move,all_days,next_large_move_direction,controls_plus_event_posts,random_forest,1,1,0.543499983411295
2025-01-16,next_day_large_move,all_days,next_large_move_direction,controls_plus_event_posts,random_forest,1,1,0.5488355117599277
2025-01-17,next_day_large_move,all_days,next_large_move_direction,controls_plus_event_posts,random_forest,1,1,0.5220087647440246
2025-01-24,next_day_large_move,all_days,next_large_move_direction,controls_plus_event_posts,random_forest,0,0,0.4166633001244599
2025-01-27,next_day_large_move,all_days,next_large_move_direction,controls_plus_event_posts,random_forest,1,0,0.438134374480564
2025-02-06,next_day_large_move,all_days,next_large_move_direction,controls_plus_event_posts,random_forest,0,1,0.5238557312713242
2025-02-12,next_day_large_move,all_days,next_large_move_direction,controls_plus_event_posts,random_forest,1,1,0.5472520425048686
2025-02-20,next_day_large_move,all_days,next_large_move_direction,controls_plus_event_posts,random_forest,0,0,0.44005053726934484
2025-02-26,next_day_large_move,all_days,next_large_move_direction,controls_plus_event_posts,random_forest,0,1,0.566343771934838
2025-02-27,next_day_large_move,all_days,next_large_move_direction,controls_plus_event_posts,random_forest,1,1,0.5073882715866103
2025-02-28,next_day_large_move,all_days,next_large_move_direction,controls_plus_event_posts,random_forest,0,1,0.5464412323973188
2025-03-03,next_day_large_move,all_days,next_large_move_direction,controls_plus_event_posts,random_forest,0,1,0.5007524769437797
2025-03-04,next_day_large_move,all_days,next_large_move_direction,controls_plus_event_posts,random_forest,1,1,0.5537405534236243
2025-03-05,next_day_large_move,all_days,next_large_move_direction,controls_plus_event_posts,random_forest,0,1,0.5408472423845406
2025-03-07,next_day_large_move,all_days,next_large_move_direction,controls_plus_event_posts,random_forest,0,1,0.6027257905686854
2025-03-12,next_day_large_move,all_days,next_large_move_direction,controls_plus_event_posts,random_forest,0,1,0.5702037949560195
2025-03-13,next_day_large_move,all_days,next_large_move_direction,controls_plus_event_posts,random_forest,1,0,0.495612092333677
2025-03-17,next_day_large_move,all_days,next_large_move_direction,controls_plus_event_posts,random_forest,0,1,0.5825795876150598
2025-03-18,next_day_large_move,all_days,next_large_move_direction,controls_plus_event_posts,random_forest,1,1,0.5018763629769883
2025-03-21,next_day_large_move,all_days,next_large_move_direction,controls_plus_event_posts,random_forest,1,1,0.5238032922919686
2025-03-25,next_day_large_move,all_days,next_large_move_direction,controls_plus_event_posts,random_forest,0,0,0.4603798267056547
2025-03-27,next_day_large_move,all_days,next_large_move_direction,controls_plus_event_posts,random_forest,0,1,0.5244588090074127
2025-04-02,next_day_large_move,all_days,next_large_move_direction,controls_plus_event_posts,random_forest,0,1,0.5456552971570585
2025-04-03,next_day_large_move,all_days,next_large_move_direction,controls_plus_event_posts,random_forest,0,0,0.4898226504537352
2025-04-07,next_day_large_move,all_days,next_large_move_direction,controls_plus_event_posts,random_forest,0,1,0.5588211791501466
2025-04-08,next_day_large_move,all_days,next_large_move_direction,controls_plus_event_posts,random_forest,1,1,0.5554151436892504
2025-04-09,next_day_large_move,all_days,next_large_move_direction,controls_plus_event_posts,random_forest,0,0,0.4719075579059579
2025-04-10,next_day_large_move,all_days,next_large_move_direction,controls_plus_event_posts,random_forest,1,1,0.5203604581979158
2025-04-15,next_day_large_move,all_days,next_large_move_direction,controls_plus_event_posts,random_forest,0,1,0.5097065502195034
2025-04-17,next_day_large_move,all_days,next_large_move_direction,controls_plus_event_posts,random_forest,0,1,0.5131136910894774
2025-04-21,next_day_large_move,all_days,next_large_move_direction,controls_plus_event_posts,random_forest,1,1,0.5063467803922999
2025-04-22,next_day_large_move,all_days,next_large_move_direction,controls_plus_event_posts,random_forest,1,1,0.5033533168674728
2025-04-23,next_day_large_move,all_days,next_large_move_direction,controls_plus_event_posts,random_forest,1,1,0.5507597509338489
2025-05-01,next_day_large_move,all_days,next_large_move_direction,controls_plus_event_posts,random_forest,1,0,0.4836525349229451
2025-05-09,next_day_large_move,all_days,next_large_move_direction,controls_plus_event_posts,random_forest,1,1,0.5369980433488145
2025-05-20,next_day_large_move,all_days,next_large_move_direction,controls_plus_event_posts,random_forest,0,1,0.5167756804875951
2025-05-23,next_day_large_move,all_days,next_large_move_direction,controls_plus_event_posts,random_forest,1,1,0.5605226417461058
2025-06-05,next_day_large_move,all_days,next_large_move_direction,controls_plus_event_posts,random_forest,1,1,0.510760725548383
2025-06-12,next_day_large_move,all_days,next_large_move_direction,controls_plus_event_posts,random_forest,0,1,0.5170440835745316
2025-06-13,next_day_large_move,all_days,next_large_move_direction,controls_plus_event_posts,random_forest,1,1,0.5543472915538138
2025-06-16,next_day_large_move,all_days,next_large_move_direction,controls_plus_event_posts,random_forest,0,1,0.5514312578284707
2025-06-20,next_day_large_move,all_days,next_large_move_direction,controls_plus_event_posts,random_forest,1,1,0.5290600279152204
2025-06-23,next_day_large_move,all_days,next_large_move_direction,controls_plus_event_posts,random_forest,1,1,0.5092602409443422
2025-07-02,next_day_large_move,all_days,next_large_move_direction,controls_plus_event_posts,random_forest,1,0,0.4686926843396357
2025-07-31,next_day_large_move,all_days,next_large_move_direction,controls_plus_event_posts,random_forest,0,1,0.5019538424629179
2025-08-01,next_day_large_move,all_days,next_large_move_direction,controls_plus_event_posts,random_forest,1,1,0.5197782483699075
2025-08-11,next_day_large_move,all_days,next_large_move_direction,controls_plus_event_posts,random_forest,1,0,0.47441621127186745
2025-08-21,next_day_large_move,all_days,next_large_move_direction,controls_plus_event_posts,random_forest,1,1,0.5190988215058322
2025-09-03,next_day_large_move,all_days,next_large_move_direction,controls_plus_event_posts,random_forest,1,0,0.4811862238770921
2025-09-10,next_day_large_move,all_days,next_large_move_direction,controls_plus_event_posts,random_forest,1,1,0.5629402701332551
2025-10-09,next_day_large_move,all_days,next_large_move_direction,controls_plus_event_posts,random_forest,0,0,0.4406819453952054
2025-10-10,next_day_large_move,all_days,next_large_move_direction,controls_plus_event_posts,random_forest,1,0,0.49648462754583605
2025-10-17,next_day_large_move,all_days,next_large_move_direction,controls_plus_event_posts,random_forest,1,1,0.544959796757942
2025-10-24,next_day_large_move,all_days,next_large_move_direction,controls_plus_event_posts,random_forest,1,1,0.5286323626472202
2025-10-29,next_day_large_move,all_days,next_large_move_direction,controls_plus_event_posts,random_forest,0,0,0.4946227820484744
2025-11-03,next_day_large_move,all_days,next_large_move_direction,controls_plus_event_posts,random_forest,0,0,0.481637228519317
2025-11-05,next_day_large_move,all_days,next_large_move_direction,controls_plus_event_posts,random_forest,0,1,0.5616517368083717
2025-11-07,next_day_large_move,all_days,next_large_move_direction,controls_plus_event_posts,random_forest,1,1,0.5378761452596156
2025-11-12,next_day_large_move,all_days,next_large_move_direction,controls_plus_event_posts,random_forest,0,1,0.5589472938169215
2025-11-14,next_day_large_move,all_days,next_large_move_direction,controls_plus_event_posts,random_forest,0,1,0.5491258363341417
2025-11-17,next_day_large_move,all_days,next_large_move_direction,controls_plus_event_posts,random_forest,0,1,0.5690480915664312
2025-11-19,next_day_large_move,all_days,next_large_move_direction,controls_plus_event_posts,random_forest,0,1,0.5284023885422582
2025-11-20,next_day_large_move,all_days,next_large_move_direction,controls_plus_event_posts,random_forest,1,1,0.5377817226693521
2025-11-21,next_day_large_move,all_days,next_large_move_direction,controls_plus_event_posts,random_forest,1,1,0.5242722011141664
2025-11-24,next_day_large_move,all_days,next_large_move_direction,controls_plus_event_posts,random_forest,1,1,0.5255079472185898
2025-12-11,next_day_large_move,all_days,next_large_move_direction,controls_plus_event_posts,random_forest,0,1,0.5138974224858452
2025-12-16,next_day_large_move,all_days,next_large_move_direction,controls_plus_event_posts,random_forest,0,1,0.5320973731610614
2025-12-18,next_day_large_move,all_days,next_large_move_direction,controls_plus_event_posts,random_forest,1,1,0.5397270350895114
2022-02-14,next_day_large_move,all_days,next_large_move_direction,controls_plus_event_posts,gradient_boosting,1,0,0.3731037579549576
2022-04-28,next_day_large_move,all_days,next_large_move_direction,controls_plus_event_posts,gradient_boosting,0,0,0.40732308783900206
2022-05-03,next_day_large_move,all_days,next_large_move_direction,controls_plus_event_posts,gradient_boosting,1,1,0.6710695112375347
2022-05-04,next_day_large_move,all_days,next_large_move_direction,controls_plus_event_posts,gradient_boosting,0,0,0.33482299943089094
2022-05-06,next_day_large_move,all_days,next_large_move_direction,controls_plus_event_posts,gradient_boosting,0,1,0.6679365608255989
2022-05-10,next_day_large_move,all_days,next_large_move_direction,controls_plus_event_posts,gradient_boosting,0,1,0.6074026908478178
2022-05-12,next_day_large_move,all_days,next_large_move_direction,controls_plus_event_posts,gradient_boosting,1,1,0.5879773285188451
2022-05-16,next_day_large_move,all_days,next_large_move_direction,controls_plus_event_posts,gradient_boosting,1,1,0.5958993538217191
2022-05-17,next_day_large_move,all_days,next_large_move_direction,controls_plus_event_posts,gradient_boosting,0,1,0.5523312613574213
2022-05-20,next_day_large_move,all_days,next_large_move_direction,controls_plus_event_posts,gradient_boosting,1,1,0.6137027196258856
2022-05-23,next_day_large_move,all_days,next_large_move_direction,controls_plus_event_posts,gradient_boosting,0,1,0.5559822264313643
2022-05-24,next_day_large_move,all_days,next_large_move_direction,controls_plus_event_posts,gradient_boosting,1,1,0.6862699347296782
2022-05-25,next_day_large_move,all_days,next_large_move_direction,controls_plus_event_posts,gradient_boosting,1,1,0.6059865159018241
2022-05-26,next_day_large_move,all_days,next_large_move_direction,controls_plus_event_posts,gradient_boosting,1,1,0.6275248675498812
2022-06-01,next_day_large_move,all_days,next_large_move_direction,controls_plus_event_posts,gradient_boosting,1,0,0.43980212349898024
2022-06-02,next_day_large_move,all_days,next_large_move_direction,controls_plus_event_posts,gradient_boosting,0,1,0.5158941389523761
2022-06-06,next_day_large_move,all_days,next_large_move_direction,controls_plus_event_posts,gradient_boosting,1,1,0.510175832262597
2022-06-07,next_day_large_move,all_days,next_large_move_direction,controls_plus_event_posts,gradient_boosting,0,1,0.5572531147465275
2022-06-08,next_day_large_move,all_days,next_large_move_direction,controls_plus_event_posts,gradient_boosting,0,1,0.5681420044678573
2022-06-09,next_day_large_move,all_days,next_large_move_direction,controls_plus_event_posts,gradient_boosting,0,1,0.6320769669738983
2022-06-10,next_day_large_move,all_days,next_large_move_direction,controls_plus_event_posts,gradient_boosting,0,1,0.6261625094022643
2022-06-14,next_day_large_move,all_days,next_large_move_direction,controls_plus_event_posts,gradient_boosting,1,1,0.702768885597305
2022-06-15,next_day_large_move,all_days,next_large_move_direction,controls_plus_event_posts,gradient_boosting,0,1,0.6723391178419114
2022-06-17,next_day_large_move,all_days,next_large_move_direction,controls_plus_event_posts,gradient_boosting,1,0,0.3990412704725397
2022-06-22,next_day_large_move,all_days,next_large_move_direction,controls_plus_event_posts,gradient_boosting,1,1,0.5758499230283385
2022-06-23,next_day_large_move,all_days,next_large_move_direction,controls_plus_event_posts,gradient_boosting,1,1,0.6364694680074022
2022-06-27,next_day_large_move,all_days,next_large_move_direction,controls_plus_event_posts,gradient_boosting,0,1,0.5450966584573829
2022-06-29,next_day_large_move,all_days,next_large_move_direction,controls_plus_event_posts,gradient_boosting,0,1,0.6300043980768609
2022-06-30,next_day_large_move,all_days,next_large_move_direction,controls_plus_event_posts,gradient_boosting,1,1,0.5302801836156441
2022-07-06,next_day_large_move,all_days,next_large_move_direction,controls_plus_event_posts,gradient_boosting,1,1,0.5784832715398198
2022-07-08,next_day_large_move,all_days,next_large_move_direction,controls_plus_event_posts,gradient_boosting,0,0,0.4783593155423462
2022-07-11,next_day_large_move,all_days,next_large_move_direction,controls_plus_event_posts,gradient_boosting,0,1,0.5699703938286791
2022-07-14,next_day_large_move,all_days,next_large_move_direction,controls_plus_event_posts,gradient_boosting,1,1,0.6625665749915818
2022-07-15,next_day_large_move,all_days,next_large_move_direction,controls_plus_event_posts,gradient_boosting,0,1,0.6245182102532018
2022-07-18,next_day_large_move,all_days,next_large_move_direction,controls_plus_event_posts,gradient_boosting,1,1,0.6391547879873105
2022-07-20,next_day_large_move,all_days,next_large_move_direction,controls_plus_event_posts,gradient_boosting,1,1,0.6177471277013077
2022-07-21,next_day_large_move,all_days,next_large_move_direction,controls_plus_event_posts,gradient_boosting,0,1,0.5951722116998114
2022-07-25,next_day_large_move,all_days,next_large_move_direction,controls_plus_event_posts,gradient_boosting,0,0,0.46195754592050375
2022-07-26,next_day_large_move,all_days,next_large_move_direction,controls_plus_event_posts,gradient_boosting,1,1,0.6352723535034777
2022-07-27,next_day_large_move,all_days,next_large_move_direction,controls_plus_event_posts,gradient_boosting,1,1,0.6964235482317738
2022-08-02,next_day_large_move,all_days,next_large_move_direction,controls_plus_event_posts,gradient_boosting,1,1,0.5618503007393898
2022-08-09,next_day_large_move,all_days,next_large_move_direction,controls_plus_event_posts,gradient_boosting,1,1,0.6258713900293658
2022-08-11,next_day_large_move,all_days,next_large_move_direction,controls_plus_event_posts,gradient_boosting,1,1,0.5833468684776637
2022-08-18,next_day_large_move,all_days,next_large_move_direction,controls_plus_event_posts,gradient_boosting,0,1,0.5903508756680442
2022-08-19,next_day_large_move,all_days,next_large_move_direction,controls_plus_event_posts,gradient_boosting,0,1,0.5611414798230145
2022-08-24,next_day_large_move,all_days,next_large_move_direction,controls_plus_event_posts,gradient_boosting,1,1,0.5736814301059784
2022-08-25,next_day_large_move,all_days,next_large_move_direction,controls_plus_event_posts,gradient_boosting,0,1,0.6179168859833051
2022-08-29,next_day_large_move,all_days,next_large_move_direction,controls_plus_event_posts,gradient_boosting,0,1,0.5365347169276976
2022-09-01,next_day_large_move,all_days,next_large_move_direction,controls_plus_event_posts,gradient_boosting,0,1,0.6282789672565172
2022-09-06,next_day_large_move,all_days,next_large_move_direction,controls_plus_event_posts,gradient_boosting,1,1,0.6011836571634939
2022-09-08,next_day_large_move,all_days,next_large_move_direction,controls_plus_event_posts,gradient_boosting,1,1,0.6127373628584012
2022-09-09,next_day_large_move,all_days,next_large_move_direction,controls_plus_event_posts,gradient_boosting,1,1,0.6731962859246172
2022-09-12,next_day_large_move,all_days,next_large_move_direction,controls_plus_event_posts,gradient_boosting,0,1,0.5542809860378329
2022-09-14,next_day_large_move,all_days,next_large_move_direction,controls_plus_event_posts,gradient_boosting,0,1,0.5118829971683958
2022-09-19,next_day_large_move,all_days,next_large_move_direction,controls_plus_event_posts,gradient_boosting,0,1,0.5688507398051591
2022-09-20,next_day_large_move,all_days,next_large_move_direction,controls_plus_event_posts,gradient_boosting,0,1,0.5496538534259156
2022-09-21,next_day_large_move,all_days,next_large_move_direction,controls_plus_event_posts,gradient_boosting,0,1,0.5570803251533656
2022-09-22,next_day_large_move,all_days,next_large_move_direction,controls_plus_event_posts,gradient_boosting,0,1,0.5522210559465698
2022-09-23,next_day_large_move,all_days,next_large_move_direction,controls_plus_event_posts,gradient_boosting,0,1,0.541721683902282
2022-09-27,next_day_large_move,all_days,next_large_move_direction,controls_plus_event_posts,gradient_boosting,1,1,0.564534139331377
2022-09-28,next_day_large_move,all_days,next_large_move_direction,controls_plus_event_posts,gradient_boosting,0,1,0.6081764568009282
2022-09-29,next_day_large_move,all_days,next_large_move_direction,controls_plus_event_posts,gradient_boosting,0,1,0.5929863516567004
2022-09-30,next_day_large_move,all_days,next_large_move_direction,controls_plus_event_posts,gradient_boosting,1,1,0.562010583435346
2022-10-03,next_day_large_move,all_days,next_large_move_direction,controls_plus_event_posts,gradient_boosting,1,1,0.5446694352025543
2022-10-05,next_day_large_move,all_days,next_large_move_direction,controls_plus_event_posts,gradient_boosting,0,1,0.6470638436331456
2022-10-06,next_day_large_move,all_days,next_large_move_direction,controls_plus_event_posts,gradient_boosting,0,0,0.46195746520357994
2022-10-12,next_day_large_move,all_days,next_large_move_direction,controls_plus_event_posts,gradient_boosting,1,1,0.5592923515950425
2022-10-13,next_day_large_move,all_days,next_large_move_direction,controls_plus_event_posts,gradient_boosting,0,1,0.5699670051636848
2022-10-14,next_day_large_move,all_days,next_large_move_direction,controls_plus_event_posts,gradient_boosting,1,1,0.7008398405488265
2022-10-17,next_day_large_move,all_days,next_large_move_direction,controls_plus_event_posts,gradient_boosting,1,1,0.6379396978151283
2022-10-20,next_day_large_move,all_days,next_large_move_direction,controls_plus_event_posts,gradient_boosting,1,1,0.5714863276995856
2022-10-21,next_day_large_move,all_days,next_large_move_direction,controls_plus_event_posts,gradient_boosting,1,0,0.4541097843216143
2022-10-24,next_day_large_move,all_days,next_large_move_direction,controls_plus_event_posts,gradient_boosting,1,1,0.5892337564451257
2022-10-27,next_day_large_move,all_days,next_large_move_direction,controls_plus_event_posts,gradient_boosting,1,0,0.48892163197358285
2022-11-01,next_day_large_move,all_days,next_large_move_direction,controls_plus_event_posts,gradient_boosting,0,1,0.5261929348063726
2022-11-02,next_day_large_move,all_days,next_large_move_direction,controls_plus_event_posts,gradient_boosting,0,1,0.5693929217007638
2022-11-03,next_day_large_move,all_days,next_large_move_direction,controls_plus_event_posts,gradient_boosting,1,1,0.6957410411001639
2022-11-04,next_day_large_move,all_days,next_large_move_direction,controls_plus_event_posts,gradient_boosting,1,1,0.6220723504055031
2022-11-08,next_day_large_move,all_days,next_large_move_direction,controls_plus_event_posts,gradient_boosting,0,1,0.5858294965150483
2022-11-09,next_day_large_move,all_days,next_large_move_direction,controls_plus_event_posts,gradient_boosting,1,1,0.6094719761644487
2022-11-10,next_day_large_move,all_days,next_large_move_direction,controls_plus_event_posts,gradient_boosting,1,0,0.45037397691469794
2022-11-11,next_day_large_move,all_days,next_large_move_direction,controls_plus_event_posts,gradient_boosting,0,1,0.5245540149105015
2022-11-14,next_day_large_move,all_days,next_large_move_direction,controls_plus_event_posts,gradient_boosting,1,1,0.6201046657402843
2022-11-15,next_day_large_move,all_days,next_large_move_direction,controls_plus_event_posts,gradient_boosting,0,1,0.5834290010762953
2022-11-21,next_day_large_move,all_days,next_large_move_direction,controls_plus_event_posts,gradient_boosting,1,1,0.6308226087606872
2022-11-25,next_day_large_move,all_days,next_large_move_direction,controls_plus_event_posts,gradient_boosting,0,1,0.6636998799210798
2022-11-29,next_day_large_move,all_days,next_large_move_direction,controls_plus_event_posts,gradient_boosting,1,0,0.4942828734388942
2022-12-02,next_day_large_move,all_days,next_large_move_direction,controls_plus_event_posts,gradient_boosting,0,1,0.5858294965150483
2022-12-05,next_day_large_move,all_days,next_large_move_direction,controls_plus_event_posts,gradient_boosting,0,1,0.6538120937957651
2022-12-09,next_day_large_move,all_days,next_large_move_direction,controls_plus_event_posts,gradient_boosting,1,0,0.4932568709157355
2022-12-14,next_day_large_move,all_days,next_large_move_direction,controls_plus_event_posts,gradient_boosting,0,1,0.5295496700306704
2022-12-15,next_day_large_move,all_days,next_large_move_direction,controls_plus_event_posts,gradient_boosting,0,1,0.5609866317202252
2022-12-16,next_day_large_move,all_days,next_large_move_direction,controls_plus_event_posts,gradient_boosting,0,1,0.5348881624611839
2022-12-20,next_day_large_move,all_days,next_large_move_direction,controls_plus_event_posts,gradient_boosting,1,1,0.5496538534259156
2022-12-21,next_day_large_move,all_days,next_large_move_direction,controls_plus_event_posts,gradient_boosting,0,1,0.6316151651458565
2022-12-27,next_day_large_move,all_days,next_large_move_direction,controls_plus_event_posts,gradient_boosting,0,1,0.5140558709998473
2022-12-28,next_day_large_move,all_days,next_large_move_direction,controls_plus_event_posts,gradient_boosting,1,1,0.6293270549739642
2023-01-04,next_day_large_move,all_days,next_large_move_direction,controls_plus_event_posts,gradient_boosting,0,1,0.7324756881100091
2023-01-05,next_day_large_move,all_days,next_large_move_direction,controls_plus_event_posts,gradient_boosting,1,1,0.594828248545091
2023-01-10,next_day_large_move,all_days,next_large_move_direction,controls_plus_event_posts,gradient_boosting,1,1,0.5291407430254087
2023-01-17,next_day_large_move,all_days,next_large_move_direction,controls_plus_event_posts,gradient_boosting,0,1,0.5228034357261279
2023-01-19,next_day_large_move,all_days,next_large_move_direction,controls_plus_event_posts,gradient_boosting,1,1,0.7511758353046099
2023-01-20,next_day_large_move,all_days,next_large_move_direction,controls_plus_event_posts,gradient_boosting,1,0,0.48975903383937275
2023-01-25,next_day_large_move,all_days,next_large_move_direction,controls_plus_event_posts,gradient_boosting,1,1,0.5162219670731774
2023-01-27,next_day_large_move,all_days,next_large_move_direction,controls_plus_event_posts,gradient_boosting,0,0,0.422326326429901
2023-01-30,next_day_large_move,all_days,next_large_move_direction,controls_plus_event_posts,gradient_boosting,1,0,0.22162598480666307
2023-01-31,next_day_large_move,all_days,next_large_move_direction,controls_plus_event_posts,gradient_boosting,1,0,0.4137234811419543
2023-02-01,next_day_large_move,all_days,next_large_move_direction,controls_plus_event_posts,gradient_boosting,1,1,0.6867514970080975
2023-02-02,next_day_large_move,all_days,next_large_move_direction,controls_plus_event_posts,gradient_boosting,0,1,0.6099609431621389
2023-02-06,next_day_large_move,all_days,next_large_move_direction,controls_plus_event_posts,gradient_boosting,1,1,0.5738652531185826
2023-02-07,next_day_large_move,all_days,next_large_move_direction,controls_plus_event_posts,gradient_boosting,0,1,0.5167256888389702
2023-02-08,next_day_large_move,all_days,next_large_move_direction,controls_plus_event_posts,gradient_boosting,0,1,0.6033242829237272
2023-02-10,next_day_large_move,all_days,next_large_move_direction,controls_plus_event_posts,gradient_boosting,1,1,0.5156034830120547
2023-02-15,next_day_large_move,all_days,next_large_move_direction,controls_plus_event_posts,gradient_boosting,0,1,0.6023472630153719
2023-02-17,next_day_large_move,all_days,next_large_move_direction,controls_plus_event_posts,gradient_boosting,0,1,0.6126628157893969
2023-02-23,next_day_large_move,all_days,next_large_move_direction,controls_plus_event_posts,gradient_boosting,0,0,0.4513542913500604
2023-03-02,next_day_large_move,all_days,next_large_move_direction,controls_plus_event_posts,gradient_boosting,1,0,0.4410293750088967
2023-03-06,next_day_large_move,all_days,next_large_move_direction,controls_plus_event_posts,gradient_boosting,0,1,0.8179116869311166
2023-03-08,next_day_large_move,all_days,next_large_move_direction,controls_plus_event_posts,gradient_boosting,0,1,0.7017133326379421
2023-03-09,next_day_large_move,all_days,next_large_move_direction,controls_plus_event_posts,gradient_boosting,0,0,0.4127780939065204
2023-03-13,next_day_large_move,all_days,next_large_move_direction,controls_plus_event_posts,gradient_boosting,1,0,0.43894755931510837
2023-03-15,next_day_large_move,all_days,next_large_move_direction,controls_plus_event_posts,gradient_boosting,1,1,0.6088950236893201
2023-03-16,next_day_large_move,all_days,next_large_move_direction,controls_plus_event_posts,gradient_boosting,0,0,0.32430876438844836
2023-03-17,next_day_large_move,all_days,next_large_move_direction,controls_plus_event_posts,gradient_boosting,1,1,0.5754579626042265
2023-03-20,next_day_large_move,all_days,next_large_move_direction,controls_plus_event_posts,gradient_boosting,1,1,0.5799348268207297
2023-03-21,next_day_large_move,all_days,next_large_move_direction,controls_plus_event_posts,gradient_boosting,0,1,0.6344848076003381
2023-03-28,next_day_large_move,all_days,next_large_move_direction,controls_plus_event_posts,gradient_boosting,1,1,0.552953316639044
2023-03-30,next_day_large_move,all_days,next_large_move_direction,controls_plus_event_posts,gradient_boosting,1,1,0.7103273831422147
2023-04-12,next_day_large_move,all_days,next_large_move_direction,controls_plus_event_posts,gradient_boosting,1,1,0.5729810009621059
2023-04-24,next_day_large_move,all_days,next_large_move_direction,controls_plus_event_posts,gradient_boosting,0,1,0.662067190619383
2023-04-26,next_day_large_move,all_days,next_large_move_direction,controls_plus_event_posts,gradient_boosting,1,1,0.7500505741761063
2023-04-27,next_day_large_move,all_days,next_large_move_direction,controls_plus_event_posts,gradient_boosting,1,0,0.16643567288174396
2023-05-01,next_day_large_move,all_days,next_large_move_direction,controls_plus_event_posts,gradient_boosting,0,1,0.6267988672885605
2023-05-04,next_day_large_move,all_days,next_large_move_direction,controls_plus_event_posts,gradient_boosting,1,1,0.5615323772815077
2023-05-16,next_day_large_move,all_days,next_large_move_direction,controls_plus_event_posts,gradient_boosting,1,1,0.6234176342169702
2023-05-17,next_day_large_move,all_days,next_large_move_direction,controls_plus_event_posts,gradient_boosting,1,0,0.3241613881025831
2023-05-22,next_day_large_move,all_days,next_large_move_direction,controls_plus_event_posts,gradient_boosting,0,1,0.6992316927297718
2023-05-24,next_day_large_move,all_days,next_large_move_direction,controls_plus_event_posts,gradient_boosting,1,0,0.4764167989972839
2023-05-25,next_day_large_move,all_days,next_large_move_direction,controls_plus_event_posts,gradient_boosting,1,1,0.6156484431602324
2023-05-31,next_day_large_move,all_days,next_large_move_direction,controls_plus_event_posts,gradient_boosting,1,0,0.365686397638729
2023-06-01,next_day_large_move,all_days,next_large_move_direction,controls_plus_event_posts,gradient_boosting,1,0,0.4666212331445055
2023-06-09,next_day_large_move,all_days,next_large_move_direction,controls_plus_event_posts,gradient_boosting,1,1,0.5864892388886193
2023-06-14,next_day_large_move,all_days,next_large_move_direction,controls_plus_event_posts,gradient_boosting,1,1,0.6174670319551127
2023-06-26,next_day_large_move,all_days,next_large_move_direction,controls_plus_event_posts,gradient_boosting,1,1,0.6112378104865978
2023-06-29,next_day_large_move,all_days,next_large_move_direction,controls_plus_event_posts,gradient_boosting,1,1,0.5995879033334843
2023-07-12,next_day_large_move,all_days,next_large_move_direction,controls_plus_event_posts,gradient_boosting,1,1,0.6143830264139968
2023-07-27,next_day_large_move,all_days,next_large_move_direction,controls_plus_event_posts,gradient_boosting,1,1,0.6046669799277411
2023-08-01,next_day_large_move,all_days,next_large_move_direction,controls_plus_event_posts,gradient_boosting,0,0,0.49603695773300543
2023-08-04,next_day_large_move,all_days,next_large_move_direction,controls_plus_event_posts,gradient_boosting,1,1,0.5357882267666797
2023-08-14,next_day_large_move,all_days,next_large_move_direction,controls_plus_event_posts,gradient_boosting,0,1,0.6255989401148362
2023-08-22,next_day_large_move,all_days,next_large_move_direction,controls_plus_event_posts,gradient_boosting,1,0,0.4444563706402103
2023-08-23,next_day_large_move,all_days,next_large_move_direction,controls_plus_event_posts,gradient_boosting,0,1,0.5304613342266723
2023-08-28,next_day_large_move,all_days,next_large_move_direction,controls_plus_event_posts,gradient_boosting,1,1,0.5081870685437139
2023-09-13,next_day_large_move,all_days,next_large_move_direction,controls_plus_event_posts,gradient_boosting,1,0,0.36232056930887674
2023-09-14,next_day_large_move,all_days,next_large_move_direction,controls_plus_event_posts,gradient_boosting,0,0,0.430367460246574
2023-09-19,next_day_large_move,all_days,next_large_move_direction,controls_plus_event_posts,gradient_boosting,0,1,0.6668492919203982
2023-09-20,next_day_large_move,all_days,next_large_move_direction,controls_plus_event_posts,gradient_boosting,0,0,0.3811127026873956
2023-09-25,next_day_large_move,all_days,next_large_move_direction,controls_plus_event_posts,gradient_boosting,0,1,0.5989625825028201
2023-10-02,next_day_large_move,all_days,next_large_move_direction,controls_plus_event_posts,gradient_boosting,0,0,0.40072796243741493
2023-10-05,next_day_large_move,all_days,next_large_move_direction,controls_plus_event_posts,gradient_boosting,1,1,0.7552032316931386
2023-10-13,next_day_large_move,all_days,next_large_move_direction,controls_plus_event_posts,gradient_boosting,1,0,0.46062594490856595
2023-10-17,next_day_large_move,all_days,next_large_move_direction,controls_plus_event_posts,gradient_boosting,0,0,0.28763758512898063
2023-10-18,next_day_large_move,all_days,next_large_move_direction,controls_plus_event_posts,gradient_boosting,0,0,0.452181967408687
2023-10-19,next_day_large_move,all_days,next_large_move_direction,controls_plus_event_posts,gradient_boosting,0,1,0.5001962774035501
2023-10-24,next_day_large_move,all_days,next_large_move_direction,controls_plus_event_posts,gradient_boosting,0,0,0.4261190921374987
2023-10-25,next_day_large_move,all_days,next_large_move_direction,controls_plus_event_posts,gradient_boosting,0,1,0.5395294824522577
2023-10-27,next_day_large_move,all_days,next_large_move_direction,controls_plus_event_posts,gradient_boosting,1,1,0.5730633960079368
2023-10-31,next_day_large_move,all_days,next_large_move_direction,controls_plus_event_posts,gradient_boosting,1,0,0.26279976424432133
2023-11-01,next_day_large_move,all_days,next_large_move_direction,controls_plus_event_posts,gradient_boosting,1,0,0.4914839900685069
2023-11-02,next_day_large_move,all_days,next_large_move_direction,controls_plus_event_posts,gradient_boosting,1,0,0.45649588210358444
2023-11-09,next_day_large_move,all_days,next_large_move_direction,controls_plus_event_posts,gradient_boosting,1,1,0.5293582361973951
2023-11-13,next_day_large_move,all_days,next_large_move_direction,controls_plus_event_posts,gradient_boosting,1,1,0.8014750573901073
2023-12-12,next_day_large_move,all_days,next_large_move_direction,controls_plus_event_posts,gradient_boosting,1,1,0.6856509870070415
2023-12-19,next_day_large_move,all_days,next_large_move_direction,controls_plus_event_posts,gradient_boosting,0,0,0.42542089519547244
2023-12-20,next_day_large_move,all_days,next_large_move_direction,controls_plus_event_posts,gradient_boosting,1,0,0.4634676729367665
2024-01-05,next_day_large_move,all_days,next_large_move_direction,controls_plus_event_posts,gradient_boosting,1,1,0.5084388833386483
2024-01-17,next_day_large_move,all_days,next_large_move_direction,controls_plus_event_posts,gradient_boosting,1,1,0.5739231233760643
2024-01-18,next_day_large_move,all_days,next_large_move_direction,controls_plus_event_posts,gradient_boosting,1,1,0.6379363265991038
2024-01-30,next_day_large_move,all_days,next_large_move_direction,controls_plus_event_posts,gradient_boosting,0,0,0.30310492996730465
2024-01-31,next_day_large_move,all_days,next_large_move_direction,controls_plus_event_posts,gradient_boosting,1,0,0.3658423231674038
2024-02-01,next_day_large_move,all_days,next_large_move_direction,controls_plus_event_posts,gradient_boosting,1,1,0.6422275442930562
2024-02-06,next_day_large_move,all_days,next_large_move_direction,controls_plus_event_posts,gradient_boosting,1,1,0.6140726274560481
2024-02-12,next_day_large_move,all_days,next_large_move_direction,controls_plus_event_posts,gradient_boosting,0,1,0.6174351926822073
2024-02-13,next_day_large_move,all_days,next_large_move_direction,controls_plus_event_posts,gradient_boosting,1,0,0.3521749098999722
2024-02-21,next_day_large_move,all_days,next_large_move_direction,controls_plus_event_posts,gradient_boosting,1,1,0.7159027753308648
2024-03-04,next_day_large_move,all_days,next_large_move_direction,controls_plus_event_posts,gradient_boosting,0,1,0.58044695012484
2024-03-06,next_day_large_move,all_days,next_large_move_direction,controls_plus_event_posts,gradient_boosting,1,1,0.5084609572965698
2024-03-11,next_day_large_move,all_days,next_large_move_direction,controls_plus_event_posts,gradient_boosting,1,0,0.284053468329097
2024-03-19,next_day_large_move,all_days,next_large_move_direction,controls_plus_event_posts,gradient_boosting,1,1,0.5084086877520663
2024-03-26,next_day_large_move,all_days,next_large_move_direction,controls_plus_event_posts,gradient_boosting,1,0,0.4303365962595603
2024-04-03,next_day_large_move,all_days,next_large_move_direction,controls_plus_event_posts,gradient_boosting,0,1,0.5202509939497738
2024-04-04,next_day_large_move,all_days,next_large_move_direction,controls_plus_event_posts,gradient_boosting,1,1,0.5332457296590989
2024-04-09,next_day_large_move,all_days,next_large_move_direction,controls_plus_event_posts,gradient_boosting,0,1,0.5188955032086836
2024-04-11,next_day_large_move,all_days,next_large_move_direction,controls_plus_event_posts,gradient_boosting,0,0,0.4470150630452911
2024-04-12,next_day_large_move,all_days,next_large_move_direction,controls_plus_event_posts,gradient_boosting,0,1,0.605832467528282
2024-04-18,next_day_large_move,all_days,next_large_move_direction,controls_plus_event_posts,gradient_boosting,0,1,0.8485516859680317
2024-04-19,next_day_large_move,all_days,next_large_move_direction,controls_plus_event_posts,gradient_boosting,1,1,0.7819699190339647
2024-04-22,next_day_large_move,all_days,next_large_move_direction,controls_plus_event_posts,gradient_boosting,1,1,0.5121616396474524
2024-04-25,next_day_large_move,all_days,next_large_move_direction,controls_plus_event_posts,gradient_boosting,1,1,0.553970275956636
2024-04-29,next_day_large_move,all_days,next_large_move_direction,controls_plus_event_posts,gradient_boosting,0,1,0.5306990665400529
2024-05-01,next_day_large_move,all_days,next_large_move_direction,controls_plus_event_posts,gradient_boosting,1,1,0.5292036198409479
2024-05-02,next_day_large_move,all_days,next_large_move_direction,controls_plus_event_posts,gradient_boosting,1,1,0.6811253731894759
2024-05-03,next_day_large_move,all_days,next_large_move_direction,controls_plus_event_posts,gradient_boosting,1,1,0.5037068507742519
2024-05-14,next_day_large_move,all_days,next_large_move_direction,controls_plus_event_posts,gradient_boosting,1,1,0.5209246503215271
2024-06-04,next_day_large_move,all_days,next_large_move_direction,controls_plus_event_posts,gradient_boosting,1,0,0.4732712520692133
2024-06-11,next_day_large_move,all_days,next_large_move_direction,controls_plus_event_posts,gradient_boosting,1,1,0.5626094718605041
2024-07-09,next_day_large_move,all_days,next_large_move_direction,controls_plus_event_posts,gradient_boosting,1,1,0.6060232413974228
2024-07-10,next_day_large_move,all_days,next_large_move_direction,controls_plus_event_posts,gradient_boosting,0,1,0.7715495631084538
2024-07-16,next_day_large_move,all_days,next_large_move_direction,controls_plus_event_posts,gradient_boosting,0,1,0.5749737008809792
2024-07-19,next_day_large_move,all_days,next_large_move_direction,controls_plus_event_posts,gradient_boosting,1,1,0.5526612036251356
2024-07-23,next_day_large_move,all_days,next_large_move_direction,controls_plus_event_posts,gradient_boosting,0,0,0.4201285778076032
2024-07-25,next_day_large_move,all_days,next_large_move_direction,controls_plus_event_posts,gradient_boosting,1,1,0.5186000155149937
2024-07-30,next_day_large_move,all_days,next_large_move_direction,controls_plus_event_posts,gradient_boosting,1,1,0.7474797999386931
2024-07-31,next_day_large_move,all_days,next_large_move_direction,controls_plus_event_posts,gradient_boosting,0,1,0.6215519358818196
2024-08-01,next_day_large_move,all_days,next_large_move_direction,controls_plus_event_posts,gradient_boosting,0,1,0.5777540294838371
2024-08-02,next_day_large_move,all_days,next_large_move_direction,controls_plus_event_posts,gradient_boosting,0,1,0.5070024286447125
2024-08-05,next_day_large_move,all_days,next_large_move_direction,controls_plus_event_posts,gradient_boosting,1,1,0.5667301107271069
2024-08-07,next_day_large_move,all_days,next_large_move_direction,controls_plus_event_posts,gradient_boosting,1,1,0.6579791208127346
2024-08-12,next_day_large_move,all_days,next_large_move_direction,controls_plus_event_posts,gradient_boosting,1,1,0.7945961895278509
2024-08-14,next_day_large_move,all_days,next_large_move_direction,controls_plus_event_posts,gradient_boosting,1,0,0.48744233259248276
2024-08-16,next_day_large_move,all_days,next_large_move_direction,controls_plus_event_posts,gradient_boosting,1,1,0.5986936458874338
2024-08-21,next_day_large_move,all_days,next_large_move_direction,controls_plus_event_posts,gradient_boosting,0,1,0.5485043907719153
2024-08-22,next_day_large_move,all_days,next_large_move_direction,controls_plus_event_posts,gradient_boosting,1,0,0.4315745774633001
2024-08-29,next_day_large_move,all_days,next_large_move_direction,controls_plus_event_posts,gradient_boosting,1,1,0.6541265278793014
2024-08-30,next_day_large_move,all_days,next_large_move_direction,controls_plus_event_posts,gradient_boosting,0,1,0.614936352005977
2024-09-05,next_day_large_move,all_days,next_large_move_direction,controls_plus_event_posts,gradient_boosting,0,1,0.6590819561378398
2024-09-06,next_day_large_move,all_days,next_large_move_direction,controls_plus_event_posts,gradient_boosting,1,1,0.5109498267798288
2024-09-10,next_day_large_move,all_days,next_large_move_direction,controls_plus_event_posts,gradient_boosting,1,1,0.5393727134913675
2024-09-18,next_day_large_move,all_days,next_large_move_direction,controls_plus_event_posts,gradient_boosting,1,1,0.6519432403840371
2024-09-30,next_day_large_move,all_days,next_large_move_direction,controls_plus_event_posts,gradient_boosting,0,1,0.797869179188698
2024-10-03,next_day_large_move,all_days,next_large_move_direction,controls_plus_event_posts,gradient_boosting,1,1,0.5125600833318648
2024-10-04,next_day_large_move,all_days,next_large_move_direction,controls_plus_event_posts,gradient_boosting,0,1,0.5970968320799335
2024-10-07,next_day_large_move,all_days,next_large_move_direction,controls_plus_event_posts,gradient_boosting,1,1,0.8100450355131412
2024-10-22,next_day_large_move,all_days,next_large_move_direction,controls_plus_event_posts,gradient_boosting,0,0,0.47398059607554077
2024-10-30,next_day_large_move,all_days,next_large_move_direction,controls_plus_event_posts,gradient_boosting,0,1,0.5248945872935684
2024-11-04,next_day_large_move,all_days,next_large_move_direction,controls_plus_event_posts,gradient_boosting,1,1,0.57795894874369
2024-11-05,next_day_large_move,all_days,next_large_move_direction,controls_plus_event_posts,gradient_boosting,1,0,0.4232889516630738
2024-11-14,next_day_large_move,all_days,next_large_move_direction,controls_plus_event_posts,gradient_boosting,0,1,0.6286146911129331
2024-12-10,next_day_large_move,all_days,next_large_move_direction,controls_plus_event_posts,gradient_boosting,1,1,0.6357467420876437
2024-12-17,next_day_large_move,all_days,next_large_move_direction,controls_plus_event_posts,gradient_boosting,0,1,0.5642248854651605
2024-12-19,next_day_large_move,all_days,next_large_move_direction,controls_plus_event_posts,gradient_boosting,1,1,0.5135357694980895
2024-12-23,next_day_large_move,all_days,next_large_move_direction,controls_plus_event_posts,gradient_boosting,1,1,0.5246245886780574
2024-12-26,next_day_large_move,all_days,next_large_move_direction,controls_plus_event_posts,gradient_boosting,0,0,0.42643730516973327
2024-12-27,next_day_large_move,all_days,next_large_move_direction,controls_plus_event_posts,gradient_boosting,0,1,0.6115397123576694
2025-01-02,next_day_large_move,all_days,next_large_move_direction,controls_plus_event_posts,gradient_boosting,1,1,0.6217103255452753
2025-01-06,next_day_large_move,all_days,next_large_move_direction,controls_plus_event_posts,gradient_boosting,0,1,0.6390531003902693
2025-01-08,next_day_large_move,all_days,next_large_move_direction,controls_plus_event_posts,gradient_boosting,0,1,0.5329528035172426
2025-01-14,next_day_large_move,all_days,next_large_move_direction,controls_plus_event_posts,gradient_boosting,1,1,0.6793212820751595
2025-01-16,next_day_large_move,all_days,next_large_move_direction,controls_plus_event_posts,gradient_boosting,1,1,0.7165294388684734
2025-01-17,next_day_large_move,all_days,next_large_move_direction,controls_plus_event_posts,gradient_boosting,1,1,0.5958306916073624
2025-01-24,next_day_large_move,all_days,next_large_move_direction,controls_plus_event_posts,gradient_boosting,0,0,0.4396890987008898
2025-01-27,next_day_large_move,all_days,next_large_move_direction,controls_plus_event_posts,gradient_boosting,1,0,0.43055276805986853
2025-02-06,next_day_large_move,all_days,next_large_move_direction,controls_plus_event_posts,gradient_boosting,0,1,0.5459996269369133
2025-02-12,next_day_large_move,all_days,next_large_move_direction,controls_plus_event_posts,gradient_boosting,1,1,0.6516653898204642
2025-02-20,next_day_large_move,all_days,next_large_move_direction,controls_plus_event_posts,gradient_boosting,0,0,0.3187637639318384
2025-02-26,next_day_large_move,all_days,next_large_move_direction,controls_plus_event_posts,gradient_boosting,0,1,0.6789844222870806
2025-02-27,next_day_large_move,all_days,next_large_move_direction,controls_plus_event_posts,gradient_boosting,1,1,0.5359102692965932
2025-02-28,next_day_large_move,all_days,next_large_move_direction,controls_plus_event_posts,gradient_boosting,0,0,0.4536515014314909
2025-03-03,next_day_large_move,all_days,next_large_move_direction,controls_plus_event_posts,gradient_boosting,0,0,0.4923134988376593
2025-03-04,next_day_large_move,all_days,next_large_move_direction,controls_plus_event_posts,gradient_boosting,1,1,0.6421532324185587
2025-03-05,next_day_large_move,all_days,next_large_move_direction,controls_plus_event_posts,gradient_boosting,0,1,0.6008670249007578
2025-03-07,next_day_large_move,all_days,next_large_move_direction,controls_plus_event_posts,gradient_boosting,0,1,0.7503660407475371
2025-03-12,next_day_large_move,all_days,next_large_move_direction,controls_plus_event_posts,gradient_boosting,0,1,0.5413103294965013
2025-03-13,next_day_large_move,all_days,next_large_move_direction,controls_plus_event_posts,gradient_boosting,1,0,0.49882003098754374
2025-03-17,next_day_large_move,all_days,next_large_move_direction,controls_plus_event_posts,gradient_boosting,0,1,0.7612668359277228
2025-03-18,next_day_large_move,all_days,next_large_move_direction,controls_plus_event_posts,gradient_boosting,1,1,0.538053230381653
2025-03-21,next_day_large_move,all_days,next_large_move_direction,controls_plus_event_posts,gradient_boosting,1,0,0.3219480486168171
2025-03-25,next_day_large_move,all_days,next_large_move_direction,controls_plus_event_posts,gradient_boosting,0,1,0.5491266395115452
2025-03-27,next_day_large_move,all_days,next_large_move_direction,controls_plus_event_posts,gradient_boosting,0,1,0.5477120268064082
2025-04-02,next_day_large_move,all_days,next_large_move_direction,controls_plus_event_posts,gradient_boosting,0,1,0.5936832515922958
2025-04-03,next_day_large_move,all_days,next_large_move_direction,controls_plus_event_posts,gradient_boosting,0,1,0.6334283185957085
2025-04-07,next_day_large_move,all_days,next_large_move_direction,controls_plus_event_posts,gradient_boosting,0,1,0.7284963287117766
2025-04-08,next_day_large_move,all_days,next_large_move_direction,controls_plus_event_posts,gradient_boosting,1,1,0.6793929694453148
2025-04-09,next_day_large_move,all_days,next_large_move_direction,controls_plus_event_posts,gradient_boosting,0,0,0.4994476395766431
2025-04-10,next_day_large_move,all_days,next_large_move_direction,controls_plus_event_posts,gradient_boosting,1,1,0.7518658982638823
2025-04-15,next_day_large_move,all_days,next_large_move_direction,controls_plus_event_posts,gradient_boosting,0,1,0.7396683528131891
2025-04-17,next_day_large_move,all_days,next_large_move_direction,controls_plus_event_posts,gradient_boosting,0,1,0.7501162801773386
2025-04-21,next_day_large_move,all_days,next_large_move_direction,controls_plus_event_posts,gradient_boosting,1,0,0.44730530917418365
2025-04-22,next_day_large_move,all_days,next_large_move_direction,controls_plus_event_posts,gradient_boosting,1,0,0.37274333267418147
2025-04-23,next_day_large_move,all_days,next_large_move_direction,controls_plus_event_posts,gradient_boosting,1,1,0.753847152291937
2025-05-01,next_day_large_move,all_days,next_large_move_direction,controls_plus_event_posts,gradient_boosting,1,0,0.46741291140475877
2025-05-09,next_day_large_move,all_days,next_large_move_direction,controls_plus_event_posts,gradient_boosting,1,1,0.5732854311971616
2025-05-20,next_day_large_move,all_days,next_large_move_direction,controls_plus_event_posts,gradient_boosting,0,1,0.7363121471675261
2025-05-23,next_day_large_move,all_days,next_large_move_direction,controls_plus_event_posts,gradient_boosting,1,1,0.6540847284212651
2025-06-05,next_day_large_move,all_days,next_large_move_direction,controls_plus_event_posts,gradient_boosting,1,1,0.6204927082758489
2025-06-12,next_day_large_move,all_days,next_large_move_direction,controls_plus_event_posts,gradient_boosting,0,0,0.4650708245887054
2025-06-13,next_day_large_move,all_days,next_large_move_direction,controls_plus_event_posts,gradient_boosting,1,1,0.7009321912103463
2025-06-16,next_day_large_move,all_days,next_large_move_direction,controls_plus_event_posts,gradient_boosting,0,1,0.6870524968276912
2025-06-20,next_day_large_move,all_days,next_large_move_direction,controls_plus_event_posts,gradient_boosting,1,0,0.3035217000536919
2025-06-23,next_day_large_move,all_days,next_large_move_direction,controls_plus_event_posts,gradient_boosting,1,1,0.6400720300602171
2025-07-02,next_day_large_move,all_days,next_large_move_direction,controls_plus_event_posts,gradient_boosting,1,1,0.5667377463428841
2025-07-31,next_day_large_move,all_days,next_large_move_direction,controls_plus_event_posts,gradient_boosting,0,0,0.25205493586418337
2025-08-01,next_day_large_move,all_days,next_large_move_direction,controls_plus_event_posts,gradient_boosting,1,0,0.4631661092723141
2025-08-11,next_day_large_move,all_days,next_large_move_direction,controls_plus_event_posts,gradient_boosting,1,1,0.5239363442713139
2025-08-21,next_day_large_move,all_days,next_large_move_direction,controls_plus_event_posts,gradient_boosting,1,1,0.5710636992548566
2025-09-03,next_day_large_move,all_days,next_large_move_direction,controls_plus_event_posts,gradient_boosting,1,0,0.446271421916242
2025-09-10,next_day_large_move,all_days,next_large_move_direction,controls_plus_event_posts,gradient_boosting,1,0,0.477419204044949
2025-10-09,next_day_large_move,all_days,next_large_move_direction,controls_plus_event_posts,gradient_boosting,0,0,0.2365873351012799
2025-10-10,next_day_large_move,all_days,next_large_move_direction,controls_plus_event_posts,gradient_boosting,1,0,0.45405495742053903
2025-10-17,next_day_large_move,all_days,next_large_move_direction,controls_plus_event_posts,gradient_boosting,1,1,0.6324216365782888
2025-10-24,next_day_large_move,all_days,next_large_move_direction,controls_plus_event_posts,gradient_boosting,1,1,0.5709207283272916
2025-10-29,next_day_large_move,all_days,next_large_move_direction,controls_plus_event_posts,gradient_boosting,0,1,0.7778947862005672
2025-11-03,next_day_large_move,all_days,next_large_move_direction,controls_plus_event_posts,gradient_boosting,0,0,0.26162594202723083
2025-11-05,next_day_large_move,all_days,next_large_move_direction,controls_plus_event_posts,gradient_boosting,0,1,0.598852525113368
2025-11-07,next_day_large_move,all_days,next_large_move_direction,controls_plus_event_posts,gradient_boosting,1,1,0.554286537780607
2025-11-12,next_day_large_move,all_days,next_large_move_direction,controls_plus_event_posts,gradient_boosting,0,1,0.601625545076038
2025-11-14,next_day_large_move,all_days,next_large_move_direction,controls_plus_event_posts,gradient_boosting,0,1,0.6652680553089902
2025-11-17,next_day_large_move,all_days,next_large_move_direction,controls_plus_event_posts,gradient_boosting,0,1,0.5806073972282579
2025-11-19,next_day_large_move,all_days,next_large_move_direction,controls_plus_event_posts,gradient_boosting,0,1,0.5650421940239241
2025-11-20,next_day_large_move,all_days,next_large_move_direction,controls_plus_event_posts,gradient_boosting,1,1,0.7375501344310927
2025-11-21,next_day_large_move,all_days,next_large_move_direction,controls_plus_event_posts,gradient_boosting,1,1,0.7201658124927666
2025-11-24,next_day_large_move,all_days,next_large_move_direction,controls_plus_event_posts,gradient_boosting,1,1,0.543224543725539
2025-12-11,next_day_large_move,all_days,next_large_move_direction,controls_plus_event_posts,gradient_boosting,0,1,0.5470040132960281
2025-12-16,next_day_large_move,all_days,next_large_move_direction,controls_plus_event_posts,gradient_boosting,0,0,0.4916461746401552
2025-12-18,next_day_large_move,all_days,next_large_move_direction,controls_plus_event_posts,gradient_boosting,1,1,0.5971316166138938
2022-02-14,next_day_large_move,all_days,next_large_move_direction,controls_event_regimes,logreg,1,0,0.4064381124208638
2022-04-28,next_day_large_move,all_days,next_large_move_direction,controls_event_regimes,logreg,0,0,0.42009198336728215
2022-05-03,next_day_large_move,all_days,next_large_move_direction,controls_event_regimes,logreg,1,1,0.5359447055780376
2022-05-04,next_day_large_move,all_days,next_large_move_direction,controls_event_regimes,logreg,0,0,0.3985345045729874
2022-05-06,next_day_large_move,all_days,next_large_move_direction,controls_event_regimes,logreg,0,0,0.48354147664129943
2022-05-10,next_day_large_move,all_days,next_large_move_direction,controls_event_regimes,logreg,0,0,0.47817534639181947
2022-05-12,next_day_large_move,all_days,next_large_move_direction,controls_event_regimes,logreg,1,0,0.4934456368700073
2022-05-16,next_day_large_move,all_days,next_large_move_direction,controls_event_regimes,logreg,1,1,0.641904382252561
2022-05-17,next_day_large_move,all_days,next_large_move_direction,controls_event_regimes,logreg,0,0,0.4917269126358547
2022-05-20,next_day_large_move,all_days,next_large_move_direction,controls_event_regimes,logreg,1,0,0.45682205728830777
2022-05-23,next_day_large_move,all_days,next_large_move_direction,controls_event_regimes,logreg,0,1,0.6328856698341402
2022-05-24,next_day_large_move,all_days,next_large_move_direction,controls_event_regimes,logreg,1,1,0.7551288199042697
2022-05-25,next_day_large_move,all_days,next_large_move_direction,controls_event_regimes,logreg,1,1,0.6039744614075313
2022-05-26,next_day_large_move,all_days,next_large_move_direction,controls_event_regimes,logreg,1,1,0.5472437719337833
2022-06-01,next_day_large_move,all_days,next_large_move_direction,controls_event_regimes,logreg,1,0,0.49764129374443405
2022-06-02,next_day_large_move,all_days,next_large_move_direction,controls_event_regimes,logreg,0,0,0.4671744933119731
2022-06-06,next_day_large_move,all_days,next_large_move_direction,controls_event_regimes,logreg,1,1,0.5506602957042468
2022-06-07,next_day_large_move,all_days,next_large_move_direction,controls_event_regimes,logreg,0,1,0.5132961439518542
2022-06-08,next_day_large_move,all_days,next_large_move_direction,controls_event_regimes,logreg,0,1,0.5640392083376466
2022-06-09,next_day_large_move,all_days,next_large_move_direction,controls_event_regimes,logreg,0,1,0.5412434583348751
2022-06-10,next_day_large_move,all_days,next_large_move_direction,controls_event_regimes,logreg,0,1,0.5669013350130071
2022-06-14,next_day_large_move,all_days,next_large_move_direction,controls_event_regimes,logreg,1,1,0.6655304891669201
2022-06-15,next_day_large_move,all_days,next_large_move_direction,controls_event_regimes,logreg,0,1,0.7182835878623846
2022-06-17,next_day_large_move,all_days,next_large_move_direction,controls_event_regimes,logreg,1,1,0.6445255575687857
2022-06-22,next_day_large_move,all_days,next_large_move_direction,controls_event_regimes,logreg,1,1,0.6252030200922633
2022-06-23,next_day_large_move,all_days,next_large_move_direction,controls_event_regimes,logreg,1,1,0.5859242523963848
2022-06-27,next_day_large_move,all_days,next_large_move_direction,controls_event_regimes,logreg,0,0,0.4743887741938896
2022-06-29,next_day_large_move,all_days,next_large_move_direction,controls_event_regimes,logreg,0,1,0.5523687584690494
2022-06-30,next_day_large_move,all_days,next_large_move_direction,controls_event_regimes,logreg,1,1,0.5131306453532491
2022-07-06,next_day_large_move,all_days,next_large_move_direction,controls_event_regimes,logreg,1,0,0.4932436543467369
2022-07-08,next_day_large_move,all_days,next_large_move_direction,controls_event_regimes,logreg,0,0,0.46694595663106403
2022-07-11,next_day_large_move,all_days,next_large_move_direction,controls_event_regimes,logreg,0,0,0.4833993009439055
2022-07-14,next_day_large_move,all_days,next_large_move_direction,controls_event_regimes,logreg,1,1,0.5719850393447456
2022-07-15,next_day_large_move,all_days,next_large_move_direction,controls_event_regimes,logreg,0,1,0.5315444370158743
2022-07-18,next_day_large_move,all_days,next_large_move_direction,controls_event_regimes,logreg,1,1,0.6050614818073218
2022-07-20,next_day_large_move,all_days,next_large_move_direction,controls_event_regimes,logreg,1,1,0.7095311144426597
2022-07-21,next_day_large_move,all_days,next_large_move_direction,controls_event_regimes,logreg,0,0,0.46975949405104117
2022-07-25,next_day_large_move,all_days,next_large_move_direction,controls_event_regimes,logreg,0,0,0.46559758986162075
2022-07-26,next_day_large_move,all_days,next_large_move_direction,controls_event_regimes,logreg,1,1,0.6214058279247563
2022-07-27,next_day_large_move,all_days,next_large_move_direction,controls_event_regimes,logreg,1,1,0.5477208121523243
2022-08-02,next_day_large_move,all_days,next_large_move_direction,controls_event_regimes,logreg,1,1,0.6057622657095788
2022-08-09,next_day_large_move,all_days,next_large_move_direction,controls_event_regimes,logreg,1,0,0.43930014842793175
2022-08-11,next_day_large_move,all_days,next_large_move_direction,controls_event_regimes,logreg,1,1,0.5027665768983448
2022-08-18,next_day_large_move,all_days,next_large_move_direction,controls_event_regimes,logreg,0,0,0.4890958061946858
2022-08-19,next_day_large_move,all_days,next_large_move_direction,controls_event_regimes,logreg,0,0,0.43379606234710216
2022-08-24,next_day_large_move,all_days,next_large_move_direction,controls_event_regimes,logreg,1,0,0.45546935023192736
2022-08-25,next_day_large_move,all_days,next_large_move_direction,controls_event_regimes,logreg,0,1,0.6272447590133604
2022-08-29,next_day_large_move,all_days,next_large_move_direction,controls_event_regimes,logreg,0,1,0.5623252115882432
2022-09-01,next_day_large_move,all_days,next_large_move_direction,controls_event_regimes,logreg,0,1,0.5870136356583766
2022-09-06,next_day_large_move,all_days,next_large_move_direction,controls_event_regimes,logreg,1,1,0.6261731674415878
2022-09-08,next_day_large_move,all_days,next_large_move_direction,controls_event_regimes,logreg,1,0,0.4298183608438211
2022-09-09,next_day_large_move,all_days,next_large_move_direction,controls_event_regimes,logreg,1,0,0.3890289194214611
2022-09-12,next_day_large_move,all_days,next_large_move_direction,controls_event_regimes,logreg,0,1,0.5277228222756952
2022-09-14,next_day_large_move,all_days,next_large_move_direction,controls_event_regimes,logreg,0,0,0.48698892839333036
2022-09-19,next_day_large_move,all_days,next_large_move_direction,controls_event_regimes,logreg,0,1,0.6796696149249218
2022-09-20,next_day_large_move,all_days,next_large_move_direction,controls_event_regimes,logreg,0,1,0.6047856549398941
2022-09-21,next_day_large_move,all_days,next_large_move_direction,controls_event_regimes,logreg,0,1,0.6502895458422505
2022-09-22,next_day_large_move,all_days,next_large_move_direction,controls_event_regimes,logreg,0,0,0.48128659178057803
2022-09-23,next_day_large_move,all_days,next_large_move_direction,controls_event_regimes,logreg,0,1,0.5567929712996834
2022-09-27,next_day_large_move,all_days,next_large_move_direction,controls_event_regimes,logreg,1,1,0.6059260820435163
2022-09-28,next_day_large_move,all_days,next_large_move_direction,controls_event_regimes,logreg,0,1,0.542985194173025
2022-09-29,next_day_large_move,all_days,next_large_move_direction,controls_event_regimes,logreg,0,1,0.5348973972970492
2022-09-30,next_day_large_move,all_days,next_large_move_direction,controls_event_regimes,logreg,1,1,0.507804829080272
2022-10-03,next_day_large_move,all_days,next_large_move_direction,controls_event_regimes,logreg,1,0,0.4794936615046397
2022-10-05,next_day_large_move,all_days,next_large_move_direction,controls_event_regimes,logreg,0,1,0.5245520389930771
2022-10-06,next_day_large_move,all_days,next_large_move_direction,controls_event_regimes,logreg,0,0,0.364602799392562
2022-10-12,next_day_large_move,all_days,next_large_move_direction,controls_event_regimes,logreg,1,1,0.708290865956506
2022-10-13,next_day_large_move,all_days,next_large_move_direction,controls_event_regimes,logreg,0,0,0.43315047832621856
2022-10-14,next_day_large_move,all_days,next_large_move_direction,controls_event_regimes,logreg,1,1,0.6697735100650201
2022-10-17,next_day_large_move,all_days,next_large_move_direction,controls_event_regimes,logreg,1,0,0.36512075099633173
2022-10-20,next_day_large_move,all_days,next_large_move_direction,controls_event_regimes,logreg,1,1,0.5091395329190102
2022-10-21,next_day_large_move,all_days,next_large_move_direction,controls_event_regimes,logreg,1,0,0.39262862238880575
2022-10-24,next_day_large_move,all_days,next_large_move_direction,controls_event_regimes,logreg,1,1,0.5419528395179926
2022-10-27,next_day_large_move,all_days,next_large_move_direction,controls_event_regimes,logreg,1,0,0.43419698815572266
2022-11-01,next_day_large_move,all_days,next_large_move_direction,controls_event_regimes,logreg,0,1,0.5674102226174036
2022-11-02,next_day_large_move,all_days,next_large_move_direction,controls_event_regimes,logreg,0,0,0.4809440248445839
2022-11-03,next_day_large_move,all_days,next_large_move_direction,controls_event_regimes,logreg,1,0,0.47087803917502813
2022-11-04,next_day_large_move,all_days,next_large_move_direction,controls_event_regimes,logreg,1,0,0.49989828023014593
2022-11-08,next_day_large_move,all_days,next_large_move_direction,controls_event_regimes,logreg,0,1,0.6605401576213251
2022-11-09,next_day_large_move,all_days,next_large_move_direction,controls_event_regimes,logreg,1,1,0.5383509187131598
2022-11-10,next_day_large_move,all_days,next_large_move_direction,controls_event_regimes,logreg,1,0,0.1502373210644707
2022-11-11,next_day_large_move,all_days,next_large_move_direction,controls_event_regimes,logreg,0,0,0.44794189936641626
2022-11-14,next_day_large_move,all_days,next_large_move_direction,controls_event_regimes,logreg,1,1,0.5751934792410262
2022-11-15,next_day_large_move,all_days,next_large_move_direction,controls_event_regimes,logreg,0,0,0.40828381649007234
2022-11-21,next_day_large_move,all_days,next_large_move_direction,controls_event_regimes,logreg,1,1,0.5102952239164327
2022-11-25,next_day_large_move,all_days,next_large_move_direction,controls_event_regimes,logreg,0,1,0.5613731469699601
2022-11-29,next_day_large_move,all_days,next_large_move_direction,controls_event_regimes,logreg,1,1,0.5088917921050518
2022-12-02,next_day_large_move,all_days,next_large_move_direction,controls_event_regimes,logreg,0,1,0.527879675677649
2022-12-05,next_day_large_move,all_days,next_large_move_direction,controls_event_regimes,logreg,0,1,0.5177803889775684
2022-12-09,next_day_large_move,all_days,next_large_move_direction,controls_event_regimes,logreg,1,0,0.4818522646453378
2022-12-14,next_day_large_move,all_days,next_large_move_direction,controls_event_regimes,logreg,0,1,0.5120369715927771
2022-12-15,next_day_large_move,all_days,next_large_move_direction,controls_event_regimes,logreg,0,1,0.5097943445292921
2022-12-16,next_day_large_move,all_days,next_large_move_direction,controls_event_regimes,logreg,0,0,0.41477527618881177
2022-12-20,next_day_large_move,all_days,next_large_move_direction,controls_event_regimes,logreg,1,1,0.6435880767015074
2022-12-21,next_day_large_move,all_days,next_large_move_direction,controls_event_regimes,logreg,0,1,0.551755305713292
2022-12-27,next_day_large_move,all_days,next_large_move_direction,controls_event_regimes,logreg,0,1,0.5403639227169549
2022-12-28,next_day_large_move,all_days,next_large_move_direction,controls_event_regimes,logreg,1,1,0.6117742950401133
2023-01-04,next_day_large_move,all_days,next_large_move_direction,controls_event_regimes,logreg,0,1,0.5560418907249034
2023-01-05,next_day_large_move,all_days,next_large_move_direction,controls_event_regimes,logreg,1,0,0.3677888022123944
2023-01-10,next_day_large_move,all_days,next_large_move_direction,controls_event_regimes,logreg,1,0,0.28559276358123376
2023-01-17,next_day_large_move,all_days,next_large_move_direction,controls_event_regimes,logreg,0,0,0.4797798669146104
2023-01-19,next_day_large_move,all_days,next_large_move_direction,controls_event_regimes,logreg,1,1,0.5068491780674007
2023-01-20,next_day_large_move,all_days,next_large_move_direction,controls_event_regimes,logreg,1,0,0.4122942637170438
2023-01-25,next_day_large_move,all_days,next_large_move_direction,controls_event_regimes,logreg,1,1,0.5028023741894478
2023-01-27,next_day_large_move,all_days,next_large_move_direction,controls_event_regimes,logreg,0,0,0.3249954830285829
2023-01-30,next_day_large_move,all_days,next_large_move_direction,controls_event_regimes,logreg,1,0,0.4215697479571742
2023-01-31,next_day_large_move,all_days,next_large_move_direction,controls_event_regimes,logreg,1,0,0.4882947884708387
2023-02-01,next_day_large_move,all_days,next_large_move_direction,controls_event_regimes,logreg,1,0,0.39283804270128847
2023-02-02,next_day_large_move,all_days,next_large_move_direction,controls_event_regimes,logreg,0,0,0.2721863083352614
2023-02-06,next_day_large_move,all_days,next_large_move_direction,controls_event_regimes,logreg,1,1,0.5003075589227296
2023-02-07,next_day_large_move,all_days,next_large_move_direction,controls_event_regimes,logreg,0,0,0.32430782496244204
2023-02-08,next_day_large_move,all_days,next_large_move_direction,controls_event_regimes,logreg,0,1,0.5314058706280672
2023-02-10,next_day_large_move,all_days,next_large_move_direction,controls_event_regimes,logreg,1,0,0.3348416443938455
2023-02-15,next_day_large_move,all_days,next_large_move_direction,controls_event_regimes,logreg,0,1,0.5543101756188734
2023-02-17,next_day_large_move,all_days,next_large_move_direction,controls_event_regimes,logreg,0,0,0.44039717701757347
2023-02-23,next_day_large_move,all_days,next_large_move_direction,controls_event_regimes,logreg,0,0,0.3294257459475261
2023-03-02,next_day_large_move,all_days,next_large_move_direction,controls_event_regimes,logreg,1,0,0.49865666485401444
2023-03-06,next_day_large_move,all_days,next_large_move_direction,controls_event_regimes,logreg,0,1,0.5776493931443083
2023-03-08,next_day_large_move,all_days,next_large_move_direction,controls_event_regimes,logreg,0,1,0.6597814522243791
2023-03-09,next_day_large_move,all_days,next_large_move_direction,controls_event_regimes,logreg,0,0,0.3427076177532583
2023-03-13,next_day_large_move,all_days,next_large_move_direction,controls_event_regimes,logreg,1,0,0.38973528640679594
2023-03-15,next_day_large_move,all_days,next_large_move_direction,controls_event_regimes,logreg,1,0,0.444925930883626
2023-03-16,next_day_large_move,all_days,next_large_move_direction,controls_event_regimes,logreg,0,0,0.44407338992580875
2023-03-17,next_day_large_move,all_days,next_large_move_direction,controls_event_regimes,logreg,1,0,0.42496578554824
2023-03-20,next_day_large_move,all_days,next_large_move_direction,controls_event_regimes,logreg,1,0,0.39858321984118045
2023-03-21,next_day_large_move,all_days,next_large_move_direction,controls_event_regimes,logreg,0,0,0.4330566292590734
2023-03-28,next_day_large_move,all_days,next_large_move_direction,controls_event_regimes,logreg,1,0,0.472570851547401
2023-03-30,next_day_large_move,all_days,next_large_move_direction,controls_event_regimes,logreg,1,0,0.402037434038515
2023-04-12,next_day_large_move,all_days,next_large_move_direction,controls_event_regimes,logreg,1,0,0.48776868878771473
2023-04-24,next_day_large_move,all_days,next_large_move_direction,controls_event_regimes,logreg,0,1,0.5112159253511672
2023-04-26,next_day_large_move,all_days,next_large_move_direction,controls_event_regimes,logreg,1,1,0.5032340558113046
2023-04-27,next_day_large_move,all_days,next_large_move_direction,controls_event_regimes,logreg,1,0,0.21916823085714715
2023-05-01,next_day_large_move,all_days,next_large_move_direction,controls_event_regimes,logreg,0,0,0.37209356588987413
2023-05-04,next_day_large_move,all_days,next_large_move_direction,controls_event_regimes,logreg,1,0,0.2880366677808425
2023-05-16,next_day_large_move,all_days,next_large_move_direction,controls_event_regimes,logreg,1,0,0.3348651394293185
2023-05-17,next_day_large_move,all_days,next_large_move_direction,controls_event_regimes,logreg,1,0,0.3840783609974525
2023-05-22,next_day_large_move,all_days,next_large_move_direction,controls_event_regimes,logreg,0,0,0.33611256837931924
2023-05-24,next_day_large_move,all_days,next_large_move_direction,controls_event_regimes,logreg,1,0,0.35957303071955465
2023-05-25,next_day_large_move,all_days,next_large_move_direction,controls_event_regimes,logreg,1,0,0.3354511688038922
2023-05-31,next_day_large_move,all_days,next_large_move_direction,controls_event_regimes,logreg,1,0,0.27150216177676223
2023-06-01,next_day_large_move,all_days,next_large_move_direction,controls_event_regimes,logreg,1,0,0.27086151850884255
2023-06-09,next_day_large_move,all_days,next_large_move_direction,controls_event_regimes,logreg,1,0,0.33370630938372137
2023-06-14,next_day_large_move,all_days,next_large_move_direction,controls_event_regimes,logreg,1,0,0.3925395715932421
2023-06-26,next_day_large_move,all_days,next_large_move_direction,controls_event_regimes,logreg,1,1,0.5176964379629032
2023-06-29,next_day_large_move,all_days,next_large_move_direction,controls_event_regimes,logreg,1,0,0.2607757643942806
2023-07-12,next_day_large_move,all_days,next_large_move_direction,controls_event_regimes,logreg,1,1,0.7232473406253076
2023-07-27,next_day_large_move,all_days,next_large_move_direction,controls_event_regimes,logreg,1,0,0.38289331500397455
2023-08-01,next_day_large_move,all_days,next_large_move_direction,controls_event_regimes,logreg,0,0,0.41860359300320704
2023-08-04,next_day_large_move,all_days,next_large_move_direction,controls_event_regimes,logreg,1,0,0.3435449367326719
2023-08-14,next_day_large_move,all_days,next_large_move_direction,controls_event_regimes,logreg,0,1,0.6593568584961195
2023-08-22,next_day_large_move,all_days,next_large_move_direction,controls_event_regimes,logreg,1,0,0.45479305219333066
2023-08-23,next_day_large_move,all_days,next_large_move_direction,controls_event_regimes,logreg,0,0,0.2984420346343719
2023-08-28,next_day_large_move,all_days,next_large_move_direction,controls_event_regimes,logreg,1,1,0.6669046694020175
2023-09-13,next_day_large_move,all_days,next_large_move_direction,controls_event_regimes,logreg,1,0,0.3304865890727052
2023-09-14,next_day_large_move,all_days,next_large_move_direction,controls_event_regimes,logreg,0,0,0.2648391959768363
2023-09-19,next_day_large_move,all_days,next_large_move_direction,controls_event_regimes,logreg,0,0,0.4103879505196517
2023-09-20,next_day_large_move,all_days,next_large_move_direction,controls_event_regimes,logreg,0,0,0.30616139984557983
2023-09-25,next_day_large_move,all_days,next_large_move_direction,controls_event_regimes,logreg,0,1,0.8914366791691365
2023-10-02,next_day_large_move,all_days,next_large_move_direction,controls_event_regimes,logreg,0,0,0.45636460209798685
2023-10-05,next_day_large_move,all_days,next_large_move_direction,controls_event_regimes,logreg,1,1,0.5701780182179047
2023-10-13,next_day_large_move,all_days,next_large_move_direction,controls_event_regimes,logreg,1,0,0.34764818321783025
2023-10-17,next_day_large_move,all_days,next_large_move_direction,controls_event_regimes,logreg,0,0,0.3798241886476165
2023-10-18,next_day_large_move,all_days,next_large_move_direction,controls_event_regimes,logreg,0,0,0.329069334525407
2023-10-19,next_day_large_move,all_days,next_large_move_direction,controls_event_regimes,logreg,0,0,0.38603359043119456
2023-10-24,next_day_large_move,all_days,next_large_move_direction,controls_event_regimes,logreg,0,1,0.677742894230174
2023-10-25,next_day_large_move,all_days,next_large_move_direction,controls_event_regimes,logreg,0,0,0.4991144349704165
2023-10-27,next_day_large_move,all_days,next_large_move_direction,controls_event_regimes,logreg,1,0,0.3281506654685804
2023-10-31,next_day_large_move,all_days,next_large_move_direction,controls_event_regimes,logreg,1,0,0.379288315306749
2023-11-01,next_day_large_move,all_days,next_large_move_direction,controls_event_regimes,logreg,1,0,0.44016564246053264
2023-11-02,next_day_large_move,all_days,next_large_move_direction,controls_event_regimes,logreg,1,0,0.3633997109782597
2023-11-09,next_day_large_move,all_days,next_large_move_direction,controls_event_regimes,logreg,1,0,0.33952008058018157
2023-11-13,next_day_large_move,all_days,next_large_move_direction,controls_event_regimes,logreg,1,1,0.6509724943666897
2023-12-12,next_day_large_move,all_days,next_large_move_direction,controls_event_regimes,logreg,1,0,0.35851373232348105
2023-12-19,next_day_large_move,all_days,next_large_move_direction,controls_event_regimes,logreg,0,0,0.31729602704234666
2023-12-20,next_day_large_move,all_days,next_large_move_direction,controls_event_regimes,logreg,1,0,0.41592601295463827
2024-01-05,next_day_large_move,all_days,next_large_move_direction,controls_event_regimes,logreg,1,0,0.4711243173779272
2024-01-17,next_day_large_move,all_days,next_large_move_direction,controls_event_regimes,logreg,1,1,0.5313089648202585
2024-01-18,next_day_large_move,all_days,next_large_move_direction,controls_event_regimes,logreg,1,0,0.42563598420128484
2024-01-30,next_day_large_move,all_days,next_large_move_direction,controls_event_regimes,logreg,0,0,0.45239074002298585
2024-01-31,next_day_large_move,all_days,next_large_move_direction,controls_event_regimes,logreg,1,0,0.4042498252272623
2024-02-01,next_day_large_move,all_days,next_large_move_direction,controls_event_regimes,logreg,1,0,0.2950566275660693
2024-02-06,next_day_large_move,all_days,next_large_move_direction,controls_event_regimes,logreg,1,0,0.4344537847690272
2024-02-12,next_day_large_move,all_days,next_large_move_direction,controls_event_regimes,logreg,0,1,0.5755054617300475
2024-02-13,next_day_large_move,all_days,next_large_move_direction,controls_event_regimes,logreg,1,0,0.4845517581199809
2024-02-21,next_day_large_move,all_days,next_large_move_direction,controls_event_regimes,logreg,1,0,0.41087922318940423
2024-03-04,next_day_large_move,all_days,next_large_move_direction,controls_event_regimes,logreg,0,0,0.3991547731815673
2024-03-06,next_day_large_move,all_days,next_large_move_direction,controls_event_regimes,logreg,1,0,0.3236052808027289
2024-03-11,next_day_large_move,all_days,next_large_move_direction,controls_event_regimes,logreg,1,0,0.3222286371036996
2024-03-19,next_day_large_move,all_days,next_large_move_direction,controls_event_regimes,logreg,1,0,0.4461677102404657
2024-03-26,next_day_large_move,all_days,next_large_move_direction,controls_event_regimes,logreg,1,0,0.47652412287668594
2024-04-03,next_day_large_move,all_days,next_large_move_direction,controls_event_regimes,logreg,0,0,0.48013741387211223
2024-04-04,next_day_large_move,all_days,next_large_move_direction,controls_event_regimes,logreg,1,0,0.47082093731910435
2024-04-09,next_day_large_move,all_days,next_large_move_direction,controls_event_regimes,logreg,0,0,0.3831069931727193
2024-04-11,next_day_large_move,all_days,next_large_move_direction,controls_event_regimes,logreg,0,0,0.42539913235274324
2024-04-12,next_day_large_move,all_days,next_large_move_direction,controls_event_regimes,logreg,0,0,0.41450351915012223
2024-04-18,next_day_large_move,all_days,next_large_move_direction,controls_event_regimes,logreg,0,1,0.6759590283372251
2024-04-19,next_day_large_move,all_days,next_large_move_direction,controls_event_regimes,logreg,1,1,0.5657994523818202
2024-04-22,next_day_large_move,all_days,next_large_move_direction,controls_event_regimes,logreg,1,0,0.4767026453323053
2024-04-25,next_day_large_move,all_days,next_large_move_direction,controls_event_regimes,logreg,1,0,0.39972483673676196
2024-04-29,next_day_large_move,all_days,next_large_move_direction,controls_event_regimes,logreg,0,0,0.4834602827254715
2024-05-01,next_day_large_move,all_days,next_large_move_direction,controls_event_regimes,logreg,1,1,0.5487982881637551
2024-05-02,next_day_large_move,all_days,next_large_move_direction,controls_event_regimes,logreg,1,0,0.45049349900492164
2024-05-03,next_day_large_move,all_days,next_large_move_direction,controls_event_regimes,logreg,1,0,0.41859555585855535
2024-05-14,next_day_large_move,all_days,next_large_move_direction,controls_event_regimes,logreg,1,0,0.4538087226504149
2024-06-04,next_day_large_move,all_days,next_large_move_direction,controls_event_regimes,logreg,1,0,0.460571907754259
2024-06-11,next_day_large_move,all_days,next_large_move_direction,controls_event_regimes,logreg,1,0,0.4895115822551994
2024-07-09,next_day_large_move,all_days,next_large_move_direction,controls_event_regimes,logreg,1,1,0.617997168129027
2024-07-10,next_day_large_move,all_days,next_large_move_direction,controls_event_regimes,logreg,0,1,0.601161871183137
2024-07-16,next_day_large_move,all_days,next_large_move_direction,controls_event_regimes,logreg,0,0,0.48880756459745556
2024-07-19,next_day_large_move,all_days,next_large_move_direction,controls_event_regimes,logreg,1,0,0.44242008857274706
2024-07-23,next_day_large_move,all_days,next_large_move_direction,controls_event_regimes,logreg,0,1,0.6106923432243586
2024-07-25,next_day_large_move,all_days,next_large_move_direction,controls_event_regimes,logreg,1,0,0.3863437286632212
2024-07-30,next_day_large_move,all_days,next_large_move_direction,controls_event_regimes,logreg,1,1,0.5815362594422532
2024-07-31,next_day_large_move,all_days,next_large_move_direction,controls_event_regimes,logreg,0,0,0.34952000669340927
2024-08-01,next_day_large_move,all_days,next_large_move_direction,controls_event_regimes,logreg,0,0,0.42505178846860675
2024-08-02,next_day_large_move,all_days,next_large_move_direction,controls_event_regimes,logreg,0,1,0.5560960997762505
2024-08-05,next_day_large_move,all_days,next_large_move_direction,controls_event_regimes,logreg,1,0,0.4078446929345507
2024-08-07,next_day_large_move,all_days,next_large_move_direction,controls_event_regimes,logreg,1,1,0.5427774524109393
2024-08-12,next_day_large_move,all_days,next_large_move_direction,controls_event_regimes,logreg,1,0,0.4271015197691682
2024-08-14,next_day_large_move,all_days,next_large_move_direction,controls_event_regimes,logreg,1,0,0.4756462542136355
2024-08-16,next_day_large_move,all_days,next_large_move_direction,controls_event_regimes,logreg,1,0,0.4941817514181653
2024-08-21,next_day_large_move,all_days,next_large_move_direction,controls_event_regimes,logreg,0,0,0.40215371775088377
2024-08-22,next_day_large_move,all_days,next_large_move_direction,controls_event_regimes,logreg,1,0,0.3483930398522692
2024-08-29,next_day_large_move,all_days,next_large_move_direction,controls_event_regimes,logreg,1,0,0.32478488352615487
2024-08-30,next_day_large_move,all_days,next_large_move_direction,controls_event_regimes,logreg,0,0,0.4210685335671881
2024-09-05,next_day_large_move,all_days,next_large_move_direction,controls_event_regimes,logreg,0,0,0.4594391380856195
2024-09-06,next_day_large_move,all_days,next_large_move_direction,controls_event_regimes,logreg,1,0,0.4355280505844259
2024-09-10,next_day_large_move,all_days,next_large_move_direction,controls_event_regimes,logreg,1,0,0.48078079620701514
2024-09-18,next_day_large_move,all_days,next_large_move_direction,controls_event_regimes,logreg,1,0,0.48842670350129036
2024-09-30,next_day_large_move,all_days,next_large_move_direction,controls_event_regimes,logreg,0,0,0.43630088736747014
2024-10-03,next_day_large_move,all_days,next_large_move_direction,controls_event_regimes,logreg,1,0,0.43394776450934675
2024-10-04,next_day_large_move,all_days,next_large_move_direction,controls_event_regimes,logreg,0,0,0.47055305851700396
2024-10-07,next_day_large_move,all_days,next_large_move_direction,controls_event_regimes,logreg,1,1,0.5553914279629808
2024-10-22,next_day_large_move,all_days,next_large_move_direction,controls_event_regimes,logreg,0,0,0.4901008322098449
2024-10-30,next_day_large_move,all_days,next_large_move_direction,controls_event_regimes,logreg,0,0,0.45378517497205684
2024-11-04,next_day_large_move,all_days,next_large_move_direction,controls_event_regimes,logreg,1,0,0.4743298635883202
2024-11-05,next_day_large_move,all_days,next_large_move_direction,controls_event_regimes,logreg,1,1,0.5619088593640813
2024-11-14,next_day_large_move,all_days,next_large_move_direction,controls_event_regimes,logreg,0,0,0.4051835876762873
2024-12-10,next_day_large_move,all_days,next_large_move_direction,controls_event_regimes,logreg,1,0,0.44376658634892757
2024-12-17,next_day_large_move,all_days,next_large_move_direction,controls_event_regimes,logreg,0,1,0.527773116455918
2024-12-19,next_day_large_move,all_days,next_large_move_direction,controls_event_regimes,logreg,1,0,0.43429467130611366
2024-12-23,next_day_large_move,all_days,next_large_move_direction,controls_event_regimes,logreg,1,0,0.4491780131529244
2024-12-26,next_day_large_move,all_days,next_large_move_direction,controls_event_regimes,logreg,0,0,0.27334803369046734
2024-12-27,next_day_large_move,all_days,next_large_move_direction,controls_event_regimes,logreg,0,0,0.468531518262066
2025-01-02,next_day_large_move,all_days,next_large_move_direction,controls_event_regimes,logreg,1,1,0.6228635372864916
2025-01-06,next_day_large_move,all_days,next_large_move_direction,controls_event_regimes,logreg,0,1,0.6491131917357725
2025-01-08,next_day_large_move,all_days,next_large_move_direction,controls_event_regimes,logreg,0,1,0.5648450622936255
2025-01-14,next_day_large_move,all_days,next_large_move_direction,controls_event_regimes,logreg,1,1,0.7101606401515244
2025-01-16,next_day_large_move,all_days,next_large_move_direction,controls_event_regimes,logreg,1,1,0.6092024073297243
2025-01-17,next_day_large_move,all_days,next_large_move_direction,controls_event_regimes,logreg,1,0,0.4788635084019811
2025-01-24,next_day_large_move,all_days,next_large_move_direction,controls_event_regimes,logreg,0,1,0.5197421065801056
2025-01-27,next_day_large_move,all_days,next_large_move_direction,controls_event_regimes,logreg,1,1,0.5800090140038457
2025-02-06,next_day_large_move,all_days,next_large_move_direction,controls_event_regimes,logreg,0,1,0.5234250527349842
2025-02-12,next_day_large_move,all_days,next_large_move_direction,controls_event_regimes,logreg,1,1,0.6974949491921584
2025-02-20,next_day_large_move,all_days,next_large_move_direction,controls_event_regimes,logreg,0,0,0.470414969784429
2025-02-26,next_day_large_move,all_days,next_large_move_direction,controls_event_regimes,logreg,0,1,0.5789862001219633
2025-02-27,next_day_large_move,all_days,next_large_move_direction,controls_event_regimes,logreg,1,1,0.6634093870698706
2025-02-28,next_day_large_move,all_days,next_large_move_direction,controls_event_regimes,logreg,0,1,0.6061340075005396
2025-03-03,next_day_large_move,all_days,next_large_move_direction,controls_event_regimes,logreg,0,1,0.7462001372636774
2025-03-04,next_day_large_move,all_days,next_large_move_direction,controls_event_regimes,logreg,1,1,0.7123144837129946
2025-03-05,next_day_large_move,all_days,next_large_move_direction,controls_event_regimes,logreg,0,1,0.717390086869739
2025-03-07,next_day_large_move,all_days,next_large_move_direction,controls_event_regimes,logreg,0,1,0.54934264724184
2025-03-12,next_day_large_move,all_days,next_large_move_direction,controls_event_regimes,logreg,0,1,0.633335377699997
2025-03-13,next_day_large_move,all_days,next_large_move_direction,controls_event_regimes,logreg,1,1,0.6832894718432343
2025-03-17,next_day_large_move,all_days,next_large_move_direction,controls_event_regimes,logreg,0,1,0.6649952564265718
2025-03-18,next_day_large_move,all_days,next_large_move_direction,controls_event_regimes,logreg,1,1,0.6933000351407209
2025-03-21,next_day_large_move,all_days,next_large_move_direction,controls_event_regimes,logreg,1,1,0.7059976586233361
2025-03-25,next_day_large_move,all_days,next_large_move_direction,controls_event_regimes,logreg,0,1,0.5591739745765082
2025-03-27,next_day_large_move,all_days,next_large_move_direction,controls_event_regimes,logreg,0,1,0.5733386663846181
2025-04-02,next_day_large_move,all_days,next_large_move_direction,controls_event_regimes,logreg,0,1,0.53333395831729
2025-04-03,next_day_large_move,all_days,next_large_move_direction,controls_event_regimes,logreg,0,1,0.6050949803811403
2025-04-07,next_day_large_move,all_days,next_large_move_direction,controls_event_regimes,logreg,0,1,0.519152329582326
2025-04-08,next_day_large_move,all_days,next_large_move_direction,controls_event_regimes,logreg,1,1,0.7338076824275295
2025-04-09,next_day_large_move,all_days,next_large_move_direction,controls_event_regimes,logreg,0,0,0.14847593773302753
2025-04-10,next_day_large_move,all_days,next_large_move_direction,controls_event_regimes,logreg,1,0,0.4606931099973119
2025-04-15,next_day_large_move,all_days,next_large_move_direction,controls_event_regimes,logreg,0,0,0.47460245008079044
2025-04-17,next_day_large_move,all_days,next_large_move_direction,controls_event_regimes,logreg,0,0,0.49413283999638125
2025-04-21,next_day_large_move,all_days,next_large_move_direction,controls_event_regimes,logreg,1,1,0.7569907134083281
2025-04-22,next_day_large_move,all_days,next_large_move_direction,controls_event_regimes,logreg,1,1,0.7568109753571391
2025-04-23,next_day_large_move,all_days,next_large_move_direction,controls_event_regimes,logreg,1,1,0.7355079179472809
2025-05-01,next_day_large_move,all_days,next_large_move_direction,controls_event_regimes,logreg,1,0,0.4501899059582629
2025-05-09,next_day_large_move,all_days,next_large_move_direction,controls_event_regimes,logreg,1,1,0.6008072466965952
2025-05-20,next_day_large_move,all_days,next_large_move_direction,controls_event_regimes,logreg,0,1,0.6814632126376318
2025-05-23,next_day_large_move,all_days,next_large_move_direction,controls_event_regimes,logreg,1,1,0.5543510492934098
2025-06-05,next_day_large_move,all_days,next_large_move_direction,controls_event_regimes,logreg,1,0,0.4366609834407851
2025-06-12,next_day_large_move,all_days,next_large_move_direction,controls_event_regimes,logreg,0,1,0.5292430779895547
2025-06-13,next_day_large_move,all_days,next_large_move_direction,controls_event_regimes,logreg,1,1,0.7625232273976145
2025-06-16,next_day_large_move,all_days,next_large_move_direction,controls_event_regimes,logreg,0,1,0.6430249076681805
2025-06-20,next_day_large_move,all_days,next_large_move_direction,controls_event_regimes,logreg,1,1,0.6040854031753743
2025-06-23,next_day_large_move,all_days,next_large_move_direction,controls_event_regimes,logreg,1,1,0.5867605428383409
2025-07-02,next_day_large_move,all_days,next_large_move_direction,controls_event_regimes,logreg,1,0,0.45069415604679486
2025-07-31,next_day_large_move,all_days,next_large_move_direction,controls_event_regimes,logreg,0,0,0.48956774755963756
2025-08-01,next_day_large_move,all_days,next_large_move_direction,controls_event_regimes,logreg,1,1,0.6006732476758563
2025-08-11,next_day_large_move,all_days,next_large_move_direction,controls_event_regimes,logreg,1,1,0.5579251429592129
2025-08-21,next_day_large_move,all_days,next_large_move_direction,controls_event_regimes,logreg,1,0,0.4206484436790383
2025-09-03,next_day_large_move,all_days,next_large_move_direction,controls_event_regimes,logreg,1,1,0.646903580985348
2025-09-10,next_day_large_move,all_days,next_large_move_direction,controls_event_regimes,logreg,1,1,0.6460200582224935
2025-10-09,next_day_large_move,all_days,next_large_move_direction,controls_event_regimes,logreg,0,1,0.537758299656482
2025-10-10,next_day_large_move,all_days,next_large_move_direction,controls_event_regimes,logreg,1,1,0.602704378676083
2025-10-17,next_day_large_move,all_days,next_large_move_direction,controls_event_regimes,logreg,1,1,0.6765824110057491
2025-10-24,next_day_large_move,all_days,next_large_move_direction,controls_event_regimes,logreg,1,1,0.5202632178183052
2025-10-29,next_day_large_move,all_days,next_large_move_direction,controls_event_regimes,logreg,0,1,0.5162306987979206
2025-11-03,next_day_large_move,all_days,next_large_move_direction,controls_event_regimes,logreg,0,0,0.49512934571280376
2025-11-05,next_day_large_move,all_days,next_large_move_direction,controls_event_regimes,logreg,0,0,0.4753435935327217
2025-11-07,next_day_large_move,all_days,next_large_move_direction,controls_event_regimes,logreg,1,1,0.637793748319748
2025-11-12,next_day_large_move,all_days,next_large_move_direction,controls_event_regimes,logreg,0,1,0.7192662010387831
2025-11-14,next_day_large_move,all_days,next_large_move_direction,controls_event_regimes,logreg,0,1,0.60781761654276
2025-11-17,next_day_large_move,all_days,next_large_move_direction,controls_event_regimes,logreg,0,1,0.6729176804838982
2025-11-19,next_day_large_move,all_days,next_large_move_direction,controls_event_regimes,logreg,0,1,0.599804151760551
2025-11-20,next_day_large_move,all_days,next_large_move_direction,controls_event_regimes,logreg,1,1,0.6395767695524364
2025-11-21,next_day_large_move,all_days,next_large_move_direction,controls_event_regimes,logreg,1,0,0.4869535846051126
2025-11-24,next_day_large_move,all_days,next_large_move_direction,controls_event_regimes,logreg,1,1,0.5582766478258081
2025-12-11,next_day_large_move,all_days,next_large_move_direction,controls_event_regimes,logreg,0,1,0.6490321584317321
2025-12-16,next_day_large_move,all_days,next_large_move_direction,controls_event_regimes,logreg,0,1,0.6747845976283101
2025-12-18,next_day_large_move,all_days,next_large_move_direction,controls_event_regimes,logreg,1,1,0.589599866503475
2022-02-14,next_day_large_move,all_days,next_large_move_direction,controls_event_regimes,random_forest,1,0,0.43495665296924735
2022-04-28,next_day_large_move,all_days,next_large_move_direction,controls_event_regimes,random_forest,0,1,0.516762288083718
2022-05-03,next_day_large_move,all_days,next_large_move_direction,controls_event_regimes,random_forest,1,1,0.5574196537306715
2022-05-04,next_day_large_move,all_days,next_large_move_direction,controls_event_regimes,random_forest,0,0,0.45397119237394273
2022-05-06,next_day_large_move,all_days,next_large_move_direction,controls_event_regimes,random_forest,0,1,0.5080266994313765
2022-05-10,next_day_large_move,all_days,next_large_move_direction,controls_event_regimes,random_forest,0,1,0.5495129961424866
2022-05-12,next_day_large_move,all_days,next_large_move_direction,controls_event_regimes,random_forest,1,1,0.5235517148403557
2022-05-16,next_day_large_move,all_days,next_large_move_direction,controls_event_regimes,random_forest,1,1,0.5083124127354081
2022-05-17,next_day_large_move,all_days,next_large_move_direction,controls_event_regimes,random_forest,0,1,0.5033685249736106
2022-05-20,next_day_large_move,all_days,next_large_move_direction,controls_event_regimes,random_forest,1,1,0.5064247961076533
2022-05-23,next_day_large_move,all_days,next_large_move_direction,controls_event_regimes,random_forest,0,1,0.5059346820807411
2022-05-24,next_day_large_move,all_days,next_large_move_direction,controls_event_regimes,random_forest,1,1,0.5668171800027797
2022-05-25,next_day_large_move,all_days,next_large_move_direction,controls_event_regimes,random_forest,1,1,0.5321799679231671
2022-05-26,next_day_large_move,all_days,next_large_move_direction,controls_event_regimes,random_forest,1,0,0.45464616854407747
2022-06-01,next_day_large_move,all_days,next_large_move_direction,controls_event_regimes,random_forest,1,0,0.48761862542191614
2022-06-02,next_day_large_move,all_days,next_large_move_direction,controls_event_regimes,random_forest,0,0,0.46643010685028174
2022-06-06,next_day_large_move,all_days,next_large_move_direction,controls_event_regimes,random_forest,1,1,0.5149812969651493
2022-06-07,next_day_large_move,all_days,next_large_move_direction,controls_event_regimes,random_forest,0,0,0.48192571122545147
2022-06-08,next_day_large_move,all_days,next_large_move_direction,controls_event_regimes,random_forest,0,1,0.5610818565264889
2022-06-09,next_day_large_move,all_days,next_large_move_direction,controls_event_regimes,random_forest,0,1,0.5239181365766832
2022-06-10,next_day_large_move,all_days,next_large_move_direction,controls_event_regimes,random_forest,0,1,0.5529993617697798
2022-06-14,next_day_large_move,all_days,next_large_move_direction,controls_event_regimes,random_forest,1,1,0.590504893502937
2022-06-15,next_day_large_move,all_days,next_large_move_direction,controls_event_regimes,random_forest,0,1,0.6298512836008066
2022-06-17,next_day_large_move,all_days,next_large_move_direction,controls_event_regimes,random_forest,1,1,0.530927464268863
2022-06-22,next_day_large_move,all_days,next_large_move_direction,controls_event_regimes,random_forest,1,1,0.5661063802782857
2022-06-23,next_day_large_move,all_days,next_large_move_direction,controls_event_regimes,random_forest,1,1,0.5749337394133603
2022-06-27,next_day_large_move,all_days,next_large_move_direction,controls_event_regimes,random_forest,0,0,0.46911384143914303
2022-06-29,next_day_large_move,all_days,next_large_move_direction,controls_event_regimes,random_forest,0,1,0.5734184587281148
2022-06-30,next_day_large_move,all_days,next_large_move_direction,controls_event_regimes,random_forest,1,1,0.552167562008321
2022-07-06,next_day_large_move,all_days,next_large_move_direction,controls_event_regimes,random_forest,1,1,0.5251507350958625
2022-07-08,next_day_large_move,all_days,next_large_move_direction,controls_event_regimes,random_forest,0,0,0.49905340036121276
2022-07-11,next_day_large_move,all_days,next_large_move_direction,controls_event_regimes,random_forest,0,1,0.5009142912515478
2022-07-14,next_day_large_move,all_days,next_large_move_direction,controls_event_regimes,random_forest,1,1,0.5354765801881637
2022-07-15,next_day_large_move,all_days,next_large_move_direction,controls_event_regimes,random_forest,0,0,0.47536837755253125
2022-07-18,next_day_large_move,all_days,next_large_move_direction,controls_event_regimes,random_forest,1,1,0.5321007789165271
2022-07-20,next_day_large_move,all_days,next_large_move_direction,controls_event_regimes,random_forest,1,1,0.5439228384175756
2022-07-21,next_day_large_move,all_days,next_large_move_direction,controls_event_regimes,random_forest,0,1,0.5370563038273359
2022-07-25,next_day_large_move,all_days,next_large_move_direction,controls_event_regimes,random_forest,0,1,0.5160060059274946
2022-07-26,next_day_large_move,all_days,next_large_move_direction,controls_event_regimes,random_forest,1,1,0.5167595074784428
2022-07-27,next_day_large_move,all_days,next_large_move_direction,controls_event_regimes,random_forest,1,1,0.5668247238129566
2022-08-02,next_day_large_move,all_days,next_large_move_direction,controls_event_regimes,random_forest,1,1,0.6265033113061724
2022-08-09,next_day_large_move,all_days,next_large_move_direction,controls_event_regimes,random_forest,1,1,0.5126936860262431
2022-08-11,next_day_large_move,all_days,next_large_move_direction,controls_event_regimes,random_forest,1,1,0.541475153700892
2022-08-18,next_day_large_move,all_days,next_large_move_direction,controls_event_regimes,random_forest,0,1,0.5334175033908874
2022-08-19,next_day_large_move,all_days,next_large_move_direction,controls_event_regimes,random_forest,0,1,0.5098465861238138
2022-08-24,next_day_large_move,all_days,next_large_move_direction,controls_event_regimes,random_forest,1,1,0.5248750224159903
2022-08-25,next_day_large_move,all_days,next_large_move_direction,controls_event_regimes,random_forest,0,1,0.5506694017060964
2022-08-29,next_day_large_move,all_days,next_large_move_direction,controls_event_regimes,random_forest,0,1,0.5562059741270651
2022-09-01,next_day_large_move,all_days,next_large_move_direction,controls_event_regimes,random_forest,0,1,0.5598164048819487
2022-09-06,next_day_large_move,all_days,next_large_move_direction,controls_event_regimes,random_forest,1,1,0.5542438043670836
2022-09-08,next_day_large_move,all_days,next_large_move_direction,controls_event_regimes,random_forest,1,1,0.5238785740187533
2022-09-09,next_day_large_move,all_days,next_large_move_direction,controls_event_regimes,random_forest,1,1,0.5534608175687081
2022-09-12,next_day_large_move,all_days,next_large_move_direction,controls_event_regimes,random_forest,0,1,0.5049532406474945
2022-09-14,next_day_large_move,all_days,next_large_move_direction,controls_event_regimes,random_forest,0,1,0.518715313149424
2022-09-19,next_day_large_move,all_days,next_large_move_direction,controls_event_regimes,random_forest,0,1,0.5644888089049291
2022-09-20,next_day_large_move,all_days,next_large_move_direction,controls_event_regimes,random_forest,0,1,0.515745564988081
2022-09-21,next_day_large_move,all_days,next_large_move_direction,controls_event_regimes,random_forest,0,1,0.5175404096418597
2022-09-22,next_day_large_move,all_days,next_large_move_direction,controls_event_regimes,random_forest,0,0,0.4928380349283617
2022-09-23,next_day_large_move,all_days,next_large_move_direction,controls_event_regimes,random_forest,0,0,0.48156305045164294
2022-09-27,next_day_large_move,all_days,next_large_move_direction,controls_event_regimes,random_forest,1,0,0.4881132435548293
2022-09-28,next_day_large_move,all_days,next_large_move_direction,controls_event_regimes,random_forest,0,1,0.579369784011245
2022-09-29,next_day_large_move,all_days,next_large_move_direction,controls_event_regimes,random_forest,0,1,0.5135145867003696
2022-09-30,next_day_large_move,all_days,next_large_move_direction,controls_event_regimes,random_forest,1,1,0.5310606512372208
2022-10-03,next_day_large_move,all_days,next_large_move_direction,controls_event_regimes,random_forest,1,1,0.5118625731084043
2022-10-05,next_day_large_move,all_days,next_large_move_direction,controls_event_regimes,random_forest,0,1,0.547951691245807
2022-10-06,next_day_large_move,all_days,next_large_move_direction,controls_event_regimes,random_forest,0,1,0.5055434533724263
2022-10-12,next_day_large_move,all_days,next_large_move_direction,controls_event_regimes,random_forest,1,1,0.5165516681834759
2022-10-13,next_day_large_move,all_days,next_large_move_direction,controls_event_regimes,random_forest,0,1,0.5214885263163616
2022-10-14,next_day_large_move,all_days,next_large_move_direction,controls_event_regimes,random_forest,1,1,0.5521911463141882
2022-10-17,next_day_large_move,all_days,next_large_move_direction,controls_event_regimes,random_forest,1,1,0.5425828701480777
2022-10-20,next_day_large_move,all_days,next_large_move_direction,controls_event_regimes,random_forest,1,1,0.5554186417583751
2022-10-21,next_day_large_move,all_days,next_large_move_direction,controls_event_regimes,random_forest,1,0,0.48991121462256254
2022-10-24,next_day_large_move,all_days,next_large_move_direction,controls_event_regimes,random_forest,1,0,0.4792501634458536
2022-10-27,next_day_large_move,all_days,next_large_move_direction,controls_event_regimes,random_forest,1,1,0.5140815760853078
2022-11-01,next_day_large_move,all_days,next_large_move_direction,controls_event_regimes,random_forest,0,1,0.5154625264592702
2022-11-02,next_day_large_move,all_days,next_large_move_direction,controls_event_regimes,random_forest,0,0,0.49779930993964533
2022-11-03,next_day_large_move,all_days,next_large_move_direction,controls_event_regimes,random_forest,1,1,0.5682610647101825
2022-11-04,next_day_large_move,all_days,next_large_move_direction,controls_event_regimes,random_forest,1,1,0.5361603802008235
2022-11-08,next_day_large_move,all_days,next_large_move_direction,controls_event_regimes,random_forest,0,1,0.5801366983712264
2022-11-09,next_day_large_move,all_days,next_large_move_direction,controls_event_regimes,random_forest,1,1,0.5115148586210069
2022-11-10,next_day_large_move,all_days,next_large_move_direction,controls_event_regimes,random_forest,1,0,0.4191024655691894
2022-11-11,next_day_large_move,all_days,next_large_move_direction,controls_event_regimes,random_forest,0,0,0.48688794095974275
2022-11-14,next_day_large_move,all_days,next_large_move_direction,controls_event_regimes,random_forest,1,1,0.5580062257814674
2022-11-15,next_day_large_move,all_days,next_large_move_direction,controls_event_regimes,random_forest,0,1,0.5368748377097472
2022-11-21,next_day_large_move,all_days,next_large_move_direction,controls_event_regimes,random_forest,1,1,0.5146637254340836
2022-11-25,next_day_large_move,all_days,next_large_move_direction,controls_event_regimes,random_forest,0,1,0.5784639307026009
2022-11-29,next_day_large_move,all_days,next_large_move_direction,controls_event_regimes,random_forest,1,0,0.4557763953768539
2022-12-02,next_day_large_move,all_days,next_large_move_direction,controls_event_regimes,random_forest,0,1,0.5971138091657565
2022-12-05,next_day_large_move,all_days,next_large_move_direction,controls_event_regimes,random_forest,0,1,0.5324848050918436
2022-12-09,next_day_large_move,all_days,next_large_move_direction,controls_event_regimes,random_forest,1,0,0.48986963638191156
2022-12-14,next_day_large_move,all_days,next_large_move_direction,controls_event_regimes,random_forest,0,1,0.506632277507114
2022-12-15,next_day_large_move,all_days,next_large_move_direction,controls_event_regimes,random_forest,0,1,0.5047912544856614
2022-12-16,next_day_large_move,all_days,next_large_move_direction,controls_event_regimes,random_forest,0,0,0.4527455962048538
2022-12-20,next_day_large_move,all_days,next_large_move_direction,controls_event_regimes,random_forest,1,0,0.4923786503532046
2022-12-21,next_day_large_move,all_days,next_large_move_direction,controls_event_regimes,random_forest,0,1,0.5575068450728389
2022-12-27,next_day_large_move,all_days,next_large_move_direction,controls_event_regimes,random_forest,0,0,0.4980659260147592
2022-12-28,next_day_large_move,all_days,next_large_move_direction,controls_event_regimes,random_forest,1,1,0.556897113133502
2023-01-04,next_day_large_move,all_days,next_large_move_direction,controls_event_regimes,random_forest,0,1,0.5619529122050915
2023-01-05,next_day_large_move,all_days,next_large_move_direction,controls_event_regimes,random_forest,1,1,0.5088987089780322
2023-01-10,next_day_large_move,all_days,next_large_move_direction,controls_event_regimes,random_forest,1,0,0.45953559804001776
2023-01-17,next_day_large_move,all_days,next_large_move_direction,controls_event_regimes,random_forest,0,1,0.5390819799666258
2023-01-19,next_day_large_move,all_days,next_large_move_direction,controls_event_regimes,random_forest,1,1,0.5717099413358996
2023-01-20,next_day_large_move,all_days,next_large_move_direction,controls_event_regimes,random_forest,1,0,0.48453948623675763
2023-01-25,next_day_large_move,all_days,next_large_move_direction,controls_event_regimes,random_forest,1,1,0.548639310859507
2023-01-27,next_day_large_move,all_days,next_large_move_direction,controls_event_regimes,random_forest,0,0,0.4601990861099676
2023-01-30,next_day_large_move,all_days,next_large_move_direction,controls_event_regimes,random_forest,1,0,0.4603573879807458
2023-01-31,next_day_large_move,all_days,next_large_move_direction,controls_event_regimes,random_forest,1,1,0.5530445516829746
2023-02-01,next_day_large_move,all_days,next_large_move_direction,controls_event_regimes,random_forest,1,1,0.5477563400684496
2023-02-02,next_day_large_move,all_days,next_large_move_direction,controls_event_regimes,random_forest,0,0,0.4529552753147811
2023-02-06,next_day_large_move,all_days,next_large_move_direction,controls_event_regimes,random_forest,1,1,0.5772184895362209
2023-02-07,next_day_large_move,all_days,next_large_move_direction,controls_event_regimes,random_forest,0,0,0.47294079398148176
2023-02-08,next_day_large_move,all_days,next_large_move_direction,controls_event_regimes,random_forest,0,1,0.5828684631995721
2023-02-10,next_day_large_move,all_days,next_large_move_direction,controls_event_regimes,random_forest,1,0,0.481679961328381
2023-02-15,next_day_large_move,all_days,next_large_move_direction,controls_event_regimes,random_forest,0,1,0.5943880669629829
2023-02-17,next_day_large_move,all_days,next_large_move_direction,controls_event_regimes,random_forest,0,1,0.5070843466153069
2023-02-23,next_day_large_move,all_days,next_large_move_direction,controls_event_regimes,random_forest,0,0,0.4999761638005602
2023-03-02,next_day_large_move,all_days,next_large_move_direction,controls_event_regimes,random_forest,1,0,0.4984610800358005
2023-03-06,next_day_large_move,all_days,next_large_move_direction,controls_event_regimes,random_forest,0,1,0.6655279189450053
2023-03-08,next_day_large_move,all_days,next_large_move_direction,controls_event_regimes,random_forest,0,1,0.6145756844799142
2023-03-09,next_day_large_move,all_days,next_large_move_direction,controls_event_regimes,random_forest,0,0,0.4079310916698084
2023-03-13,next_day_large_move,all_days,next_large_move_direction,controls_event_regimes,random_forest,1,1,0.5281028952012377
2023-03-15,next_day_large_move,all_days,next_large_move_direction,controls_event_regimes,random_forest,1,1,0.5190665628794147
2023-03-16,next_day_large_move,all_days,next_large_move_direction,controls_event_regimes,random_forest,0,0,0.4631442919388076
2023-03-17,next_day_large_move,all_days,next_large_move_direction,controls_event_regimes,random_forest,1,1,0.5763102819125794
2023-03-20,next_day_large_move,all_days,next_large_move_direction,controls_event_regimes,random_forest,1,1,0.5058724540900769
2023-03-21,next_day_large_move,all_days,next_large_move_direction,controls_event_regimes,random_forest,0,1,0.5660686602080327
2023-03-28,next_day_large_move,all_days,next_large_move_direction,controls_event_regimes,random_forest,1,1,0.5034434650746864
2023-03-30,next_day_large_move,all_days,next_large_move_direction,controls_event_regimes,random_forest,1,1,0.5473871541803781
2023-04-12,next_day_large_move,all_days,next_large_move_direction,controls_event_regimes,random_forest,1,0,0.4997862883315355
2023-04-24,next_day_large_move,all_days,next_large_move_direction,controls_event_regimes,random_forest,0,1,0.5656435018381
2023-04-26,next_day_large_move,all_days,next_large_move_direction,controls_event_regimes,random_forest,1,1,0.5640713932865072
2023-04-27,next_day_large_move,all_days,next_large_move_direction,controls_event_regimes,random_forest,1,0,0.4346963100063499
2023-05-01,next_day_large_move,all_days,next_large_move_direction,controls_event_regimes,random_forest,0,0,0.4823572471848693
2023-05-04,next_day_large_move,all_days,next_large_move_direction,controls_event_regimes,random_forest,1,1,0.5486998229362583
2023-05-16,next_day_large_move,all_days,next_large_move_direction,controls_event_regimes,random_forest,1,1,0.5214548045404368
2023-05-17,next_day_large_move,all_days,next_large_move_direction,controls_event_regimes,random_forest,1,0,0.42320480787212483
2023-05-22,next_day_large_move,all_days,next_large_move_direction,controls_event_regimes,random_forest,0,0,0.444068588942301
2023-05-24,next_day_large_move,all_days,next_large_move_direction,controls_event_regimes,random_forest,1,0,0.46073906468677994
2023-05-25,next_day_large_move,all_days,next_large_move_direction,controls_event_regimes,random_forest,1,0,0.4904239061974851
2023-05-31,next_day_large_move,all_days,next_large_move_direction,controls_event_regimes,random_forest,1,0,0.39285476975837014
2023-06-01,next_day_large_move,all_days,next_large_move_direction,controls_event_regimes,random_forest,1,0,0.4395972694387405
2023-06-09,next_day_large_move,all_days,next_large_move_direction,controls_event_regimes,random_forest,1,0,0.4737274856681056
2023-06-14,next_day_large_move,all_days,next_large_move_direction,controls_event_regimes,random_forest,1,1,0.5381377764598935
2023-06-26,next_day_large_move,all_days,next_large_move_direction,controls_event_regimes,random_forest,1,1,0.5326305402558671
2023-06-29,next_day_large_move,all_days,next_large_move_direction,controls_event_regimes,random_forest,1,0,0.49447701047536247
2023-07-12,next_day_large_move,all_days,next_large_move_direction,controls_event_regimes,random_forest,1,1,0.6752450627864394
2023-07-27,next_day_large_move,all_days,next_large_move_direction,controls_event_regimes,random_forest,1,1,0.5261903107284327
2023-08-01,next_day_large_move,all_days,next_large_move_direction,controls_event_regimes,random_forest,0,0,0.3976060241499221
2023-08-04,next_day_large_move,all_days,next_large_move_direction,controls_event_regimes,random_forest,1,0,0.4631474895888504
2023-08-14,next_day_large_move,all_days,next_large_move_direction,controls_event_regimes,random_forest,0,1,0.6515301847880448
2023-08-22,next_day_large_move,all_days,next_large_move_direction,controls_event_regimes,random_forest,1,1,0.5250797910371001
2023-08-23,next_day_large_move,all_days,next_large_move_direction,controls_event_regimes,random_forest,0,0,0.4422302155052033
2023-08-28,next_day_large_move,all_days,next_large_move_direction,controls_event_regimes,random_forest,1,1,0.673860264175177
2023-09-13,next_day_large_move,all_days,next_large_move_direction,controls_event_regimes,random_forest,1,0,0.40949979007094817
2023-09-14,next_day_large_move,all_days,next_large_move_direction,controls_event_regimes,random_forest,0,0,0.43498604460317203
2023-09-19,next_day_large_move,all_days,next_large_move_direction,controls_event_regimes,random_forest,0,0,0.49083062706903086
2023-09-20,next_day_large_move,all_days,next_large_move_direction,controls_event_regimes,random_forest,0,0,0.4496068202841623
2023-09-25,next_day_large_move,all_days,next_large_move_direction,controls_event_regimes,random_forest,0,1,0.6595890595060006
2023-10-02,next_day_large_move,all_days,next_large_move_direction,controls_event_regimes,random_forest,0,0,0.4779459968439791
2023-10-05,next_day_large_move,all_days,next_large_move_direction,controls_event_regimes,random_forest,1,1,0.5605235665533289
2023-10-13,next_day_large_move,all_days,next_large_move_direction,controls_event_regimes,random_forest,1,0,0.46575973407817883
2023-10-17,next_day_large_move,all_days,next_large_move_direction,controls_event_regimes,random_forest,0,0,0.4651489137416487
2023-10-18,next_day_large_move,all_days,next_large_move_direction,controls_event_regimes,random_forest,0,0,0.4600680322200103
2023-10-19,next_day_large_move,all_days,next_large_move_direction,controls_event_regimes,random_forest,0,0,0.47552095707601205
2023-10-24,next_day_large_move,all_days,next_large_move_direction,controls_event_regimes,random_forest,0,1,0.6076556193451212
2023-10-25,next_day_large_move,all_days,next_large_move_direction,controls_event_regimes,random_forest,0,0,0.4588114073160473
2023-10-27,next_day_large_move,all_days,next_large_move_direction,controls_event_regimes,random_forest,1,1,0.5364616748708417
2023-10-31,next_day_large_move,all_days,next_large_move_direction,controls_event_regimes,random_forest,1,0,0.4802342249596719
2023-11-01,next_day_large_move,all_days,next_large_move_direction,controls_event_regimes,random_forest,1,0,0.4792907956502889
2023-11-02,next_day_large_move,all_days,next_large_move_direction,controls_event_regimes,random_forest,1,1,0.5149974369736744
2023-11-09,next_day_large_move,all_days,next_large_move_direction,controls_event_regimes,random_forest,1,0,0.47882923274544764
2023-11-13,next_day_large_move,all_days,next_large_move_direction,controls_event_regimes,random_forest,1,1,0.6467208526324084
2023-12-12,next_day_large_move,all_days,next_large_move_direction,controls_event_regimes,random_forest,1,0,0.48340732545876725
2023-12-19,next_day_large_move,all_days,next_large_move_direction,controls_event_regimes,random_forest,0,0,0.4459130345398146
2023-12-20,next_day_large_move,all_days,next_large_move_direction,controls_event_regimes,random_forest,1,0,0.42227539583240487
2024-01-05,next_day_large_move,all_days,next_large_move_direction,controls_event_regimes,random_forest,1,1,0.5409523231210276
2024-01-17,next_day_large_move,all_days,next_large_move_direction,controls_event_regimes,random_forest,1,1,0.5299655347823367
2024-01-18,next_day_large_move,all_days,next_large_move_direction,controls_event_regimes,random_forest,1,0,0.48901433404510264
2024-01-30,next_day_large_move,all_days,next_large_move_direction,controls_event_regimes,random_forest,0,0,0.44006861699183303
2024-01-31,next_day_large_move,all_days,next_large_move_direction,controls_event_regimes,random_forest,1,0,0.49563583720927634
2024-02-01,next_day_large_move,all_days,next_large_move_direction,controls_event_regimes,random_forest,1,1,0.5124738901740732
2024-02-06,next_day_large_move,all_days,next_large_move_direction,controls_event_regimes,random_forest,1,0,0.48425547259342827
2024-02-12,next_day_large_move,all_days,next_large_move_direction,controls_event_regimes,random_forest,0,1,0.5902973898694736
2024-02-13,next_day_large_move,all_days,next_large_move_direction,controls_event_regimes,random_forest,1,0,0.41762834598861626
2024-02-21,next_day_large_move,all_days,next_large_move_direction,controls_event_regimes,random_forest,1,1,0.5165576173070195
2024-03-04,next_day_large_move,all_days,next_large_move_direction,controls_event_regimes,random_forest,0,0,0.49161303942153994
2024-03-06,next_day_large_move,all_days,next_large_move_direction,controls_event_regimes,random_forest,1,0,0.4657613604171177
2024-03-11,next_day_large_move,all_days,next_large_move_direction,controls_event_regimes,random_forest,1,0,0.44058307656970586
2024-03-19,next_day_large_move,all_days,next_large_move_direction,controls_event_regimes,random_forest,1,0,0.4765059394240357
2024-03-26,next_day_large_move,all_days,next_large_move_direction,controls_event_regimes,random_forest,1,0,0.46507043841016793
2024-04-03,next_day_large_move,all_days,next_large_move_direction,controls_event_regimes,random_forest,0,0,0.48661212251760877
2024-04-04,next_day_large_move,all_days,next_large_move_direction,controls_event_regimes,random_forest,1,1,0.5402381532602942
2024-04-09,next_day_large_move,all_days,next_large_move_direction,controls_event_regimes,random_forest,0,0,0.4521889721104105
2024-04-11,next_day_large_move,all_days,next_large_move_direction,controls_event_regimes,random_forest,0,1,0.5245338828840016
2024-04-12,next_day_large_move,all_days,next_large_move_direction,controls_event_regimes,random_forest,0,0,0.4701550231052147
2024-04-18,next_day_large_move,all_days,next_large_move_direction,controls_event_regimes,random_forest,0,1,0.5997518221537352
2024-04-19,next_day_large_move,all_days,next_large_move_direction,controls_event_regimes,random_forest,1,1,0.565243454966733
2024-04-22,next_day_large_move,all_days,next_large_move_direction,controls_event_regimes,random_forest,1,1,0.5275857705558319
2024-04-25,next_day_large_move,all_days,next_large_move_direction,controls_event_regimes,random_forest,1,0,0.45710263636037823
2024-04-29,next_day_large_move,all_days,next_large_move_direction,controls_event_regimes,random_forest,0,1,0.5029290355845615
2024-05-01,next_day_large_move,all_days,next_large_move_direction,controls_event_regimes,random_forest,1,1,0.5120135369173782
2024-05-02,next_day_large_move,all_days,next_large_move_direction,controls_event_regimes,random_forest,1,1,0.5190676959547627
2024-05-03,next_day_large_move,all_days,next_large_move_direction,controls_event_regimes,random_forest,1,0,0.47123021210367333
2024-05-14,next_day_large_move,all_days,next_large_move_direction,controls_event_regimes,random_forest,1,1,0.5491734455196995
2024-06-04,next_day_large_move,all_days,next_large_move_direction,controls_event_regimes,random_forest,1,0,0.47674359852719733
2024-06-11,next_day_large_move,all_days,next_large_move_direction,controls_event_regimes,random_forest,1,0,0.49895586670854786
2024-07-09,next_day_large_move,all_days,next_large_move_direction,controls_event_regimes,random_forest,1,1,0.5090436052443829
2024-07-10,next_day_large_move,all_days,next_large_move_direction,controls_event_regimes,random_forest,0,1,0.5576640195414972
2024-07-16,next_day_large_move,all_days,next_large_move_direction,controls_event_regimes,random_forest,0,1,0.5275905595065121
2024-07-19,next_day_large_move,all_days,next_large_move_direction,controls_event_regimes,random_forest,1,0,0.48826019706762863
2024-07-23,next_day_large_move,all_days,next_large_move_direction,controls_event_regimes,random_forest,0,1,0.5261118363406253
2024-07-25,next_day_large_move,all_days,next_large_move_direction,controls_event_regimes,random_forest,1,0,0.4785165987267989
2024-07-30,next_day_large_move,all_days,next_large_move_direction,controls_event_regimes,random_forest,1,1,0.5231748457790658
2024-07-31,next_day_large_move,all_days,next_large_move_direction,controls_event_regimes,random_forest,0,0,0.46944980663793606
2024-08-01,next_day_large_move,all_days,next_large_move_direction,controls_event_regimes,random_forest,0,0,0.49907041568233623
2024-08-02,next_day_large_move,all_days,next_large_move_direction,controls_event_regimes,random_forest,0,0,0.4995029793417312
2024-08-05,next_day_large_move,all_days,next_large_move_direction,controls_event_regimes,random_forest,1,1,0.5078631468793819
2024-08-07,next_day_large_move,all_days,next_large_move_direction,controls_event_regimes,random_forest,1,1,0.5276340409692318
2024-08-12,next_day_large_move,all_days,next_large_move_direction,controls_event_regimes,random_forest,1,0,0.47527227749216405
2024-08-14,next_day_large_move,all_days,next_large_move_direction,controls_event_regimes,random_forest,1,1,0.5076000837038833
2024-08-16,next_day_large_move,all_days,next_large_move_direction,controls_event_regimes,random_forest,1,1,0.5015533874761342
2024-08-21,next_day_large_move,all_days,next_large_move_direction,controls_event_regimes,random_forest,0,0,0.4914584020414294
2024-08-22,next_day_large_move,all_days,next_large_move_direction,controls_event_regimes,random_forest,1,0,0.4747800489020391
2024-08-29,next_day_large_move,all_days,next_large_move_direction,controls_event_regimes,random_forest,1,0,0.494299457165912
2024-08-30,next_day_large_move,all_days,next_large_move_direction,controls_event_regimes,random_forest,0,0,0.4990096631838135
2024-09-05,next_day_large_move,all_days,next_large_move_direction,controls_event_regimes,random_forest,0,1,0.515562286945014
2024-09-06,next_day_large_move,all_days,next_large_move_direction,controls_event_regimes,random_forest,1,0,0.47380821828822284
2024-09-10,next_day_large_move,all_days,next_large_move_direction,controls_event_regimes,random_forest,1,0,0.47502897351121925
2024-09-18,next_day_large_move,all_days,next_large_move_direction,controls_event_regimes,random_forest,1,1,0.5165471206928509
2024-09-30,next_day_large_move,all_days,next_large_move_direction,controls_event_regimes,random_forest,0,1,0.5591202065545808
2024-10-03,next_day_large_move,all_days,next_large_move_direction,controls_event_regimes,random_forest,1,0,0.49511066424461214
2024-10-04,next_day_large_move,all_days,next_large_move_direction,controls_event_regimes,random_forest,0,0,0.4802002131276595
2024-10-07,next_day_large_move,all_days,next_large_move_direction,controls_event_regimes,random_forest,1,1,0.5002890830796417
2024-10-22,next_day_large_move,all_days,next_large_move_direction,controls_event_regimes,random_forest,0,0,0.44336688503074995
2024-10-30,next_day_large_move,all_days,next_large_move_direction,controls_event_regimes,random_forest,0,0,0.4641054414168093
2024-11-04,next_day_large_move,all_days,next_large_move_direction,controls_event_regimes,random_forest,1,0,0.47624799393473227
2024-11-05,next_day_large_move,all_days,next_large_move_direction,controls_event_regimes,random_forest,1,0,0.455828370111217
2024-11-14,next_day_large_move,all_days,next_large_move_direction,controls_event_regimes,random_forest,0,1,0.5305241428736249
2024-12-10,next_day_large_move,all_days,next_large_move_direction,controls_event_regimes,random_forest,1,0,0.46702058459933476
2024-12-17,next_day_large_move,all_days,next_large_move_direction,controls_event_regimes,random_forest,0,0,0.4846325054365639
2024-12-19,next_day_large_move,all_days,next_large_move_direction,controls_event_regimes,random_forest,1,0,0.4993125138851779
2024-12-23,next_day_large_move,all_days,next_large_move_direction,controls_event_regimes,random_forest,1,1,0.5212721779708616
2024-12-26,next_day_large_move,all_days,next_large_move_direction,controls_event_regimes,random_forest,0,0,0.48128291828669467
2024-12-27,next_day_large_move,all_days,next_large_move_direction,controls_event_regimes,random_forest,0,0,0.4880657716321482
2025-01-02,next_day_large_move,all_days,next_large_move_direction,controls_event_regimes,random_forest,1,1,0.575
2025-01-06,next_day_large_move,all_days,next_large_move_direction,controls_event_regimes,random_forest,0,1,0.585
2025-01-08,next_day_large_move,all_days,next_large_move_direction,controls_event_regimes,random_forest,0,1,0.56
2025-01-14,next_day_large_move,all_days,next_large_move_direction,controls_event_regimes,random_forest,1,1,0.535
2025-01-16,next_day_large_move,all_days,next_large_move_direction,controls_event_regimes,random_forest,1,1,0.635
2025-01-17,next_day_large_move,all_days,next_large_move_direction,controls_event_regimes,random_forest,1,1,0.645
2025-01-24,next_day_large_move,all_days,next_large_move_direction,controls_event_regimes,random_forest,0,0,0.365
2025-01-27,next_day_large_move,all_days,next_large_move_direction,controls_event_regimes,random_forest,1,1,0.52
2025-02-06,next_day_large_move,all_days,next_large_move_direction,controls_event_regimes,random_forest,0,1,0.53
2025-02-12,next_day_large_move,all_days,next_large_move_direction,controls_event_regimes,random_forest,1,1,0.62
2025-02-20,next_day_large_move,all_days,next_large_move_direction,controls_event_regimes,random_forest,0,0,0.375
2025-02-26,next_day_large_move,all_days,next_large_move_direction,controls_event_regimes,random_forest,0,1,0.64
2025-02-27,next_day_large_move,all_days,next_large_move_direction,controls_event_regimes,random_forest,1,1,0.55
2025-02-28,next_day_large_move,all_days,next_large_move_direction,controls_event_regimes,random_forest,0,1,0.585
2025-03-03,next_day_large_move,all_days,next_large_move_direction,controls_event_regimes,random_forest,0,1,0.515
2025-03-04,next_day_large_move,all_days,next_large_move_direction,controls_event_regimes,random_forest,1,1,0.67
2025-03-05,next_day_large_move,all_days,next_large_move_direction,controls_event_regimes,random_forest,0,1,0.64
2025-03-07,next_day_large_move,all_days,next_large_move_direction,controls_event_regimes,random_forest,0,1,0.75
2025-03-12,next_day_large_move,all_days,next_large_move_direction,controls_event_regimes,random_forest,0,1,0.71
2025-03-13,next_day_large_move,all_days,next_large_move_direction,controls_event_regimes,random_forest,1,1,0.525
2025-03-17,next_day_large_move,all_days,next_large_move_direction,controls_event_regimes,random_forest,0,1,0.73
2025-03-18,next_day_large_move,all_days,next_large_move_direction,controls_event_regimes,random_forest,1,1,0.62
2025-03-21,next_day_large_move,all_days,next_large_move_direction,controls_event_regimes,random_forest,1,1,0.535
2025-03-25,next_day_large_move,all_days,next_large_move_direction,controls_event_regimes,random_forest,0,1,0.58
2025-03-27,next_day_large_move,all_days,next_large_move_direction,controls_event_regimes,random_forest,0,1,0.65
2025-04-02,next_day_large_move,all_days,next_large_move_direction,controls_event_regimes,random_forest,0,1,0.64
2025-04-03,next_day_large_move,all_days,next_large_move_direction,controls_event_regimes,random_forest,0,1,0.585
2025-04-07,next_day_large_move,all_days,next_large_move_direction,controls_event_regimes,random_forest,0,1,0.65
2025-04-08,next_day_large_move,all_days,next_large_move_direction,controls_event_regimes,random_forest,1,1,0.59
2025-04-09,next_day_large_move,all_days,next_large_move_direction,controls_event_regimes,random_forest,0,0,0.485
2025-04-10,next_day_large_move,all_days,next_large_move_direction,controls_event_regimes,random_forest,1,1,0.535
2025-04-15,next_day_large_move,all_days,next_large_move_direction,controls_event_regimes,random_forest,0,1,0.54
2025-04-17,next_day_large_move,all_days,next_large_move_direction,controls_event_regimes,random_forest,0,1,0.585
2025-04-21,next_day_large_move,all_days,next_large_move_direction,controls_event_regimes,random_forest,1,1,0.57
2025-04-22,next_day_large_move,all_days,next_large_move_direction,controls_event_regimes,random_forest,1,0,0.475
2025-04-23,next_day_large_move,all_days,next_large_move_direction,controls_event_regimes,random_forest,1,1,0.64
2025-05-01,next_day_large_move,all_days,next_large_move_direction,controls_event_regimes,random_forest,1,1,0.535
2025-05-09,next_day_large_move,all_days,next_large_move_direction,controls_event_regimes,random_forest,1,1,0.53
2025-05-20,next_day_large_move,all_days,next_large_move_direction,controls_event_regimes,random_forest,0,1,0.53
2025-05-23,next_day_large_move,all_days,next_large_move_direction,controls_event_regimes,random_forest,1,1,0.665
2025-06-05,next_day_large_move,all_days,next_large_move_direction,controls_event_regimes,random_forest,1,1,0.56
2025-06-12,next_day_large_move,all_days,next_large_move_direction,controls_event_regimes,random_forest,0,1,0.515
2025-06-13,next_day_large_move,all_days,next_large_move_direction,controls_event_regimes,random_forest,1,1,0.565
2025-06-16,next_day_large_move,all_days,next_large_move_direction,controls_event_regimes,random_forest,0,1,0.69
2025-06-20,next_day_large_move,all_days,next_large_move_direction,controls_event_regimes,random_forest,1,1,0.59
2025-06-23,next_day_large_move,all_days,next_large_move_direction,controls_event_regimes,random_forest,1,1,0.6
2025-07-02,next_day_large_move,all_days,next_large_move_direction,controls_event_regimes,random_forest,1,0,0.435
2025-07-31,next_day_large_move,all_days,next_large_move_direction,controls_event_regimes,random_forest,0,1,0.55
2025-08-01,next_day_large_move,all_days,next_large_move_direction,controls_event_regimes,random_forest,1,1,0.515
2025-08-11,next_day_large_move,all_days,next_large_move_direction,controls_event_regimes,random_forest,1,0,0.495
2025-08-21,next_day_large_move,all_days,next_large_move_direction,controls_event_regimes,random_forest,1,1,0.545
2025-09-03,next_day_large_move,all_days,next_large_move_direction,controls_event_regimes,random_forest,1,1,0.51
2025-09-10,next_day_large_move,all_days,next_large_move_direction,controls_event_regimes,random_forest,1,1,0.615
2025-10-09,next_day_large_move,all_days,next_large_move_direction,controls_event_regimes,random_forest,0,1,0.57
2025-10-10,next_day_large_move,all_days,next_large_move_direction,controls_event_regimes,random_forest,1,1,0.56
2025-10-17,next_day_large_move,all_days,next_large_move_direction,controls_event_regimes,random_forest,1,1,0.59
2025-10-24,next_day_large_move,all_days,next_large_move_direction,controls_event_regimes,random_forest,1,1,0.525
2025-10-29,next_day_large_move,all_days,next_large_move_direction,controls_event_regimes,random_forest,0,1,0.565
2025-11-03,next_day_large_move,all_days,next_large_move_direction,controls_event_regimes,random_forest,0,0,0.49
2025-11-05,next_day_large_move,all_days,next_large_move_direction,controls_event_regimes,random_forest,0,1,0.635
2025-11-07,next_day_large_move,all_days,next_large_move_direction,controls_event_regimes,random_forest,1,1,0.66
2025-11-12,next_day_large_move,all_days,next_large_move_direction,controls_event_regimes,random_forest,0,1,0.615
2025-11-14,next_day_large_move,all_days,next_large_move_direction,controls_event_regimes,random_forest,0,1,0.655
2025-11-17,next_day_large_move,all_days,next_large_move_direction,controls_event_regimes,random_forest,0,1,0.605
2025-11-19,next_day_large_move,all_days,next_large_move_direction,controls_event_regimes,random_forest,0,1,0.635
2025-11-20,next_day_large_move,all_days,next_large_move_direction,controls_event_regimes,random_forest,1,1,0.605
2025-11-21,next_day_large_move,all_days,next_large_move_direction,controls_event_regimes,random_forest,1,1,0.625
2025-11-24,next_day_large_move,all_days,next_large_move_direction,controls_event_regimes,random_forest,1,1,0.545
2025-12-11,next_day_large_move,all_days,next_large_move_direction,controls_event_regimes,random_forest,0,1,0.565
2025-12-16,next_day_large_move,all_days,next_large_move_direction,controls_event_regimes,random_forest,0,1,0.575
2025-12-18,next_day_large_move,all_days,next_large_move_direction,controls_event_regimes,random_forest,1,1,0.605
2022-02-14,next_day_large_move,all_days,next_large_move_direction,controls_event_regimes,gradient_boosting,1,0,0.3731037579549576
2022-04-28,next_day_large_move,all_days,next_large_move_direction,controls_event_regimes,gradient_boosting,0,0,0.40732308783900206
2022-05-03,next_day_large_move,all_days,next_large_move_direction,controls_event_regimes,gradient_boosting,1,1,0.6710695112375347
2022-05-04,next_day_large_move,all_days,next_large_move_direction,controls_event_regimes,gradient_boosting,0,0,0.33482299943089094
2022-05-06,next_day_large_move,all_days,next_large_move_direction,controls_event_regimes,gradient_boosting,0,1,0.6679365608255989
2022-05-10,next_day_large_move,all_days,next_large_move_direction,controls_event_regimes,gradient_boosting,0,1,0.6074026908478178
2022-05-12,next_day_large_move,all_days,next_large_move_direction,controls_event_regimes,gradient_boosting,1,1,0.5879773285188451
2022-05-16,next_day_large_move,all_days,next_large_move_direction,controls_event_regimes,gradient_boosting,1,1,0.5958993538217191
2022-05-17,next_day_large_move,all_days,next_large_move_direction,controls_event_regimes,gradient_boosting,0,1,0.5523312613574213
2022-05-20,next_day_large_move,all_days,next_large_move_direction,controls_event_regimes,gradient_boosting,1,1,0.6137027196258856
2022-05-23,next_day_large_move,all_days,next_large_move_direction,controls_event_regimes,gradient_boosting,0,1,0.5559822264313643
2022-05-24,next_day_large_move,all_days,next_large_move_direction,controls_event_regimes,gradient_boosting,1,1,0.6862699347296782
2022-05-25,next_day_large_move,all_days,next_large_move_direction,controls_event_regimes,gradient_boosting,1,1,0.6059865159018241
2022-05-26,next_day_large_move,all_days,next_large_move_direction,controls_event_regimes,gradient_boosting,1,1,0.6275248675498812
2022-06-01,next_day_large_move,all_days,next_large_move_direction,controls_event_regimes,gradient_boosting,1,0,0.43980212349898024
2022-06-02,next_day_large_move,all_days,next_large_move_direction,controls_event_regimes,gradient_boosting,0,1,0.5158941389523761
2022-06-06,next_day_large_move,all_days,next_large_move_direction,controls_event_regimes,gradient_boosting,1,1,0.510175832262597
2022-06-07,next_day_large_move,all_days,next_large_move_direction,controls_event_regimes,gradient_boosting,0,1,0.5572531147465275
2022-06-08,next_day_large_move,all_days,next_large_move_direction,controls_event_regimes,gradient_boosting,0,1,0.5681420044678573
2022-06-09,next_day_large_move,all_days,next_large_move_direction,controls_event_regimes,gradient_boosting,0,1,0.6320769669738983
2022-06-10,next_day_large_move,all_days,next_large_move_direction,controls_event_regimes,gradient_boosting,0,1,0.6261625094022643
2022-06-14,next_day_large_move,all_days,next_large_move_direction,controls_event_regimes,gradient_boosting,1,1,0.702768885597305
2022-06-15,next_day_large_move,all_days,next_large_move_direction,controls_event_regimes,gradient_boosting,0,1,0.6723391178419114
2022-06-17,next_day_large_move,all_days,next_large_move_direction,controls_event_regimes,gradient_boosting,1,0,0.3990412704725397
2022-06-22,next_day_large_move,all_days,next_large_move_direction,controls_event_regimes,gradient_boosting,1,1,0.5758499230283385
2022-06-23,next_day_large_move,all_days,next_large_move_direction,controls_event_regimes,gradient_boosting,1,1,0.6364694680074022
2022-06-27,next_day_large_move,all_days,next_large_move_direction,controls_event_regimes,gradient_boosting,0,1,0.5450966584573829
2022-06-29,next_day_large_move,all_days,next_large_move_direction,controls_event_regimes,gradient_boosting,0,1,0.6300043980768609
2022-06-30,next_day_large_move,all_days,next_large_move_direction,controls_event_regimes,gradient_boosting,1,1,0.5302801836156441
2022-07-06,next_day_large_move,all_days,next_large_move_direction,controls_event_regimes,gradient_boosting,1,1,0.5784832715398198
2022-07-08,next_day_large_move,all_days,next_large_move_direction,controls_event_regimes,gradient_boosting,0,0,0.4783593155423462
2022-07-11,next_day_large_move,all_days,next_large_move_direction,controls_event_regimes,gradient_boosting,0,1,0.5699703938286791
2022-07-14,next_day_large_move,all_days,next_large_move_direction,controls_event_regimes,gradient_boosting,1,1,0.6625665749915818
2022-07-15,next_day_large_move,all_days,next_large_move_direction,controls_event_regimes,gradient_boosting,0,1,0.6245182102532018
2022-07-18,next_day_large_move,all_days,next_large_move_direction,controls_event_regimes,gradient_boosting,1,1,0.6391547879873105
2022-07-20,next_day_large_move,all_days,next_large_move_direction,controls_event_regimes,gradient_boosting,1,1,0.6177471277013077
2022-07-21,next_day_large_move,all_days,next_large_move_direction,controls_event_regimes,gradient_boosting,0,1,0.5951722116998114
2022-07-25,next_day_large_move,all_days,next_large_move_direction,controls_event_regimes,gradient_boosting,0,0,0.46195754592050375
2022-07-26,next_day_large_move,all_days,next_large_move_direction,controls_event_regimes,gradient_boosting,1,1,0.6352723535034777
2022-07-27,next_day_large_move,all_days,next_large_move_direction,controls_event_regimes,gradient_boosting,1,1,0.6964235482317738
2022-08-02,next_day_large_move,all_days,next_large_move_direction,controls_event_regimes,gradient_boosting,1,1,0.5618503007393898
2022-08-09,next_day_large_move,all_days,next_large_move_direction,controls_event_regimes,gradient_boosting,1,1,0.6258713900293658
2022-08-11,next_day_large_move,all_days,next_large_move_direction,controls_event_regimes,gradient_boosting,1,1,0.5833468684776637
2022-08-18,next_day_large_move,all_days,next_large_move_direction,controls_event_regimes,gradient_boosting,0,1,0.5903508756680442
2022-08-19,next_day_large_move,all_days,next_large_move_direction,controls_event_regimes,gradient_boosting,0,1,0.5611414798230145
2022-08-24,next_day_large_move,all_days,next_large_move_direction,controls_event_regimes,gradient_boosting,1,1,0.5736814301059784
2022-08-25,next_day_large_move,all_days,next_large_move_direction,controls_event_regimes,gradient_boosting,0,1,0.6179168859833051
2022-08-29,next_day_large_move,all_days,next_large_move_direction,controls_event_regimes,gradient_boosting,0,1,0.5365347169276976
2022-09-01,next_day_large_move,all_days,next_large_move_direction,controls_event_regimes,gradient_boosting,0,1,0.6282789672565172
2022-09-06,next_day_large_move,all_days,next_large_move_direction,controls_event_regimes,gradient_boosting,1,1,0.6011836571634939
2022-09-08,next_day_large_move,all_days,next_large_move_direction,controls_event_regimes,gradient_boosting,1,1,0.6127373628584012
2022-09-09,next_day_large_move,all_days,next_large_move_direction,controls_event_regimes,gradient_boosting,1,1,0.6731962859246172
2022-09-12,next_day_large_move,all_days,next_large_move_direction,controls_event_regimes,gradient_boosting,0,1,0.5542809860378329
2022-09-14,next_day_large_move,all_days,next_large_move_direction,controls_event_regimes,gradient_boosting,0,1,0.5118829971683958
2022-09-19,next_day_large_move,all_days,next_large_move_direction,controls_event_regimes,gradient_boosting,0,1,0.5688507398051591
2022-09-20,next_day_large_move,all_days,next_large_move_direction,controls_event_regimes,gradient_boosting,0,1,0.5496538534259156
2022-09-21,next_day_large_move,all_days,next_large_move_direction,controls_event_regimes,gradient_boosting,0,1,0.5570803251533656
2022-09-22,next_day_large_move,all_days,next_large_move_direction,controls_event_regimes,gradient_boosting,0,1,0.5522210559465698
2022-09-23,next_day_large_move,all_days,next_large_move_direction,controls_event_regimes,gradient_boosting,0,1,0.541721683902282
2022-09-27,next_day_large_move,all_days,next_large_move_direction,controls_event_regimes,gradient_boosting,1,1,0.564534139331377
2022-09-28,next_day_large_move,all_days,next_large_move_direction,controls_event_regimes,gradient_boosting,0,1,0.6081764568009282
2022-09-29,next_day_large_move,all_days,next_large_move_direction,controls_event_regimes,gradient_boosting,0,1,0.5929863516567004
2022-09-30,next_day_large_move,all_days,next_large_move_direction,controls_event_regimes,gradient_boosting,1,1,0.562010583435346
2022-10-03,next_day_large_move,all_days,next_large_move_direction,controls_event_regimes,gradient_boosting,1,1,0.5446694352025543
2022-10-05,next_day_large_move,all_days,next_large_move_direction,controls_event_regimes,gradient_boosting,0,1,0.6470638436331456
2022-10-06,next_day_large_move,all_days,next_large_move_direction,controls_event_regimes,gradient_boosting,0,0,0.46195746520357994
2022-10-12,next_day_large_move,all_days,next_large_move_direction,controls_event_regimes,gradient_boosting,1,1,0.5592923515950425
2022-10-13,next_day_large_move,all_days,next_large_move_direction,controls_event_regimes,gradient_boosting,0,1,0.5699670051636848
2022-10-14,next_day_large_move,all_days,next_large_move_direction,controls_event_regimes,gradient_boosting,1,1,0.7008398405488265
2022-10-17,next_day_large_move,all_days,next_large_move_direction,controls_event_regimes,gradient_boosting,1,1,0.6379396978151283
2022-10-20,next_day_large_move,all_days,next_large_move_direction,controls_event_regimes,gradient_boosting,1,1,0.5714863276995856
2022-10-21,next_day_large_move,all_days,next_large_move_direction,controls_event_regimes,gradient_boosting,1,0,0.4541097843216143
2022-10-24,next_day_large_move,all_days,next_large_move_direction,controls_event_regimes,gradient_boosting,1,1,0.5892337564451257
2022-10-27,next_day_large_move,all_days,next_large_move_direction,controls_event_regimes,gradient_boosting,1,0,0.48892163197358285
2022-11-01,next_day_large_move,all_days,next_large_move_direction,controls_event_regimes,gradient_boosting,0,1,0.5261929348063726
2022-11-02,next_day_large_move,all_days,next_large_move_direction,controls_event_regimes,gradient_boosting,0,1,0.5693929217007638
2022-11-03,next_day_large_move,all_days,next_large_move_direction,controls_event_regimes,gradient_boosting,1,1,0.6957410411001639
2022-11-04,next_day_large_move,all_days,next_large_move_direction,controls_event_regimes,gradient_boosting,1,1,0.6220723504055031
2022-11-08,next_day_large_move,all_days,next_large_move_direction,controls_event_regimes,gradient_boosting,0,1,0.5858294965150483
2022-11-09,next_day_large_move,all_days,next_large_move_direction,controls_event_regimes,gradient_boosting,1,1,0.6094719761644487
2022-11-10,next_day_large_move,all_days,next_large_move_direction,controls_event_regimes,gradient_boosting,1,0,0.45037397691469794
2022-11-11,next_day_large_move,all_days,next_large_move_direction,controls_event_regimes,gradient_boosting,0,1,0.5245540149105015
2022-11-14,next_day_large_move,all_days,next_large_move_direction,controls_event_regimes,gradient_boosting,1,1,0.6201046657402843
2022-11-15,next_day_large_move,all_days,next_large_move_direction,controls_event_regimes,gradient_boosting,0,1,0.5834290010762953
2022-11-21,next_day_large_move,all_days,next_large_move_direction,controls_event_regimes,gradient_boosting,1,1,0.6308226087606872
2022-11-25,next_day_large_move,all_days,next_large_move_direction,controls_event_regimes,gradient_boosting,0,1,0.6636998799210798
2022-11-29,next_day_large_move,all_days,next_large_move_direction,controls_event_regimes,gradient_boosting,1,0,0.4942828734388942
2022-12-02,next_day_large_move,all_days,next_large_move_direction,controls_event_regimes,gradient_boosting,0,1,0.5858294965150483
2022-12-05,next_day_large_move,all_days,next_large_move_direction,controls_event_regimes,gradient_boosting,0,1,0.6538120937957651
2022-12-09,next_day_large_move,all_days,next_large_move_direction,controls_event_regimes,gradient_boosting,1,0,0.4932568709157355
2022-12-14,next_day_large_move,all_days,next_large_move_direction,controls_event_regimes,gradient_boosting,0,1,0.5295496700306704
2022-12-15,next_day_large_move,all_days,next_large_move_direction,controls_event_regimes,gradient_boosting,0,1,0.5609866317202252
2022-12-16,next_day_large_move,all_days,next_large_move_direction,controls_event_regimes,gradient_boosting,0,1,0.5348881624611839
2022-12-20,next_day_large_move,all_days,next_large_move_direction,controls_event_regimes,gradient_boosting,1,1,0.5496538534259156
2022-12-21,next_day_large_move,all_days,next_large_move_direction,controls_event_regimes,gradient_boosting,0,1,0.6316151651458565
2022-12-27,next_day_large_move,all_days,next_large_move_direction,controls_event_regimes,gradient_boosting,0,1,0.5140558709998473
2022-12-28,next_day_large_move,all_days,next_large_move_direction,controls_event_regimes,gradient_boosting,1,1,0.6293270549739642
2023-01-04,next_day_large_move,all_days,next_large_move_direction,controls_event_regimes,gradient_boosting,0,1,0.7559956297148523
2023-01-05,next_day_large_move,all_days,next_large_move_direction,controls_event_regimes,gradient_boosting,1,1,0.6253772702479318
2023-01-10,next_day_large_move,all_days,next_large_move_direction,controls_event_regimes,gradient_boosting,1,0,0.4882266359707198
2023-01-17,next_day_large_move,all_days,next_large_move_direction,controls_event_regimes,gradient_boosting,0,0,0.38632540422840717
2023-01-19,next_day_large_move,all_days,next_large_move_direction,controls_event_regimes,gradient_boosting,1,1,0.7630776320078114
2023-01-20,next_day_large_move,all_days,next_large_move_direction,controls_event_regimes,gradient_boosting,1,0,0.3465594679467649
2023-01-25,next_day_large_move,all_days,next_large_move_direction,controls_event_regimes,gradient_boosting,1,1,0.5462088940879748
2023-01-27,next_day_large_move,all_days,next_large_move_direction,controls_event_regimes,gradient_boosting,0,0,0.43074740331963
2023-01-30,next_day_large_move,all_days,next_large_move_direction,controls_event_regimes,gradient_boosting,1,0,0.2003533414902773
2023-01-31,next_day_large_move,all_days,next_large_move_direction,controls_event_regimes,gradient_boosting,1,0,0.4467655436433828
2023-02-01,next_day_large_move,all_days,next_large_move_direction,controls_event_regimes,gradient_boosting,1,1,0.7257679306240297
2023-02-02,next_day_large_move,all_days,next_large_move_direction,controls_event_regimes,gradient_boosting,0,0,0.4885243102001929
2023-02-06,next_day_large_move,all_days,next_large_move_direction,controls_event_regimes,gradient_boosting,1,0,0.4688419951010504
2023-02-07,next_day_large_move,all_days,next_large_move_direction,controls_event_regimes,gradient_boosting,0,1,0.6649482973542478
2023-02-08,next_day_large_move,all_days,next_large_move_direction,controls_event_regimes,gradient_boosting,0,0,0.4692060693886463
2023-02-10,next_day_large_move,all_days,next_large_move_direction,controls_event_regimes,gradient_boosting,1,1,0.5154279729597204
2023-02-15,next_day_large_move,all_days,next_large_move_direction,controls_event_regimes,gradient_boosting,0,1,0.570074916235935
2023-02-17,next_day_large_move,all_days,next_large_move_direction,controls_event_regimes,gradient_boosting,0,1,0.5668393503611222
2023-02-23,next_day_large_move,all_days,next_large_move_direction,controls_event_regimes,gradient_boosting,0,0,0.443700377753315
2023-03-02,next_day_large_move,all_days,next_large_move_direction,controls_event_regimes,gradient_boosting,1,0,0.4794516570918978
2023-03-06,next_day_large_move,all_days,next_large_move_direction,controls_event_regimes,gradient_boosting,0,1,0.8245776917710484
2023-03-08,next_day_large_move,all_days,next_large_move_direction,controls_event_regimes,gradient_boosting,0,1,0.6466185451811325
2023-03-09,next_day_large_move,all_days,next_large_move_direction,controls_event_regimes,gradient_boosting,0,0,0.3037519194648244
2023-03-13,next_day_large_move,all_days,next_large_move_direction,controls_event_regimes,gradient_boosting,1,1,0.56230670695415
2023-03-15,next_day_large_move,all_days,next_large_move_direction,controls_event_regimes,gradient_boosting,1,1,0.5307021401980583
2023-03-16,next_day_large_move,all_days,next_large_move_direction,controls_event_regimes,gradient_boosting,0,0,0.2615962847075729
2023-03-17,next_day_large_move,all_days,next_large_move_direction,controls_event_regimes,gradient_boosting,1,0,0.47931755657676706
2023-03-20,next_day_large_move,all_days,next_large_move_direction,controls_event_regimes,gradient_boosting,1,0,0.4443348201458289
2023-03-21,next_day_large_move,all_days,next_large_move_direction,controls_event_regimes,gradient_boosting,0,1,0.5296573218870205
2023-03-28,next_day_large_move,all_days,next_large_move_direction,controls_event_regimes,gradient_boosting,1,1,0.5812969368966268
2023-03-30,next_day_large_move,all_days,next_large_move_direction,controls_event_regimes,gradient_boosting,1,1,0.6467809103884099
2023-04-12,next_day_large_move,all_days,next_large_move_direction,controls_event_regimes,gradient_boosting,1,0,0.49785141270640104
2023-04-24,next_day_large_move,all_days,next_large_move_direction,controls_event_regimes,gradient_boosting,0,1,0.6627780344445214
2023-04-26,next_day_large_move,all_days,next_large_move_direction,controls_event_regimes,gradient_boosting,1,1,0.6682354721411109
2023-04-27,next_day_large_move,all_days,next_large_move_direction,controls_event_regimes,gradient_boosting,1,0,0.17059322195598517
2023-05-01,next_day_large_move,all_days,next_large_move_direction,controls_event_regimes,gradient_boosting,0,0,0.42178847542411513
2023-05-04,next_day_large_move,all_days,next_large_move_direction,controls_event_regimes,gradient_boosting,1,1,0.609099199737858
2023-05-16,next_day_large_move,all_days,next_large_move_direction,controls_event_regimes,gradient_boosting,1,1,0.5728599924385106
2023-05-17,next_day_large_move,all_days,next_large_move_direction,controls_event_regimes,gradient_boosting,1,0,0.32452762671338964
2023-05-22,next_day_large_move,all_days,next_large_move_direction,controls_event_regimes,gradient_boosting,0,1,0.6004223535610289
2023-05-24,next_day_large_move,all_days,next_large_move_direction,controls_event_regimes,gradient_boosting,1,0,0.48067276766747563
2023-05-25,next_day_large_move,all_days,next_large_move_direction,controls_event_regimes,gradient_boosting,1,1,0.5884467903110788
2023-05-31,next_day_large_move,all_days,next_large_move_direction,controls_event_regimes,gradient_boosting,1,0,0.26077227094613553
2023-06-01,next_day_large_move,all_days,next_large_move_direction,controls_event_regimes,gradient_boosting,1,0,0.44735032397673313
2023-06-09,next_day_large_move,all_days,next_large_move_direction,controls_event_regimes,gradient_boosting,1,0,0.47819696502965503
2023-06-14,next_day_large_move,all_days,next_large_move_direction,controls_event_regimes,gradient_boosting,1,1,0.6381569867095581
2023-06-26,next_day_large_move,all_days,next_large_move_direction,controls_event_regimes,gradient_boosting,1,1,0.5858259694573299
2023-06-29,next_day_large_move,all_days,next_large_move_direction,controls_event_regimes,gradient_boosting,1,1,0.5132714729802885
2023-07-12,next_day_large_move,all_days,next_large_move_direction,controls_event_regimes,gradient_boosting,1,1,0.6539725942810769
2023-07-27,next_day_large_move,all_days,next_large_move_direction,controls_event_regimes,gradient_boosting,1,1,0.6372067848056281
2023-08-01,next_day_large_move,all_days,next_large_move_direction,controls_event_regimes,gradient_boosting,0,0,0.4094911726490706
2023-08-04,next_day_large_move,all_days,next_large_move_direction,controls_event_regimes,gradient_boosting,1,0,0.4701333997451033
2023-08-14,next_day_large_move,all_days,next_large_move_direction,controls_event_regimes,gradient_boosting,0,1,0.5316997574455669
2023-08-22,next_day_large_move,all_days,next_large_move_direction,controls_event_regimes,gradient_boosting,1,1,0.5713317510266048
2023-08-23,next_day_large_move,all_days,next_large_move_direction,controls_event_regimes,gradient_boosting,0,1,0.5365163412974606
2023-08-28,next_day_large_move,all_days,next_large_move_direction,controls_event_regimes,gradient_boosting,1,1,0.7295467971137769
2023-09-13,next_day_large_move,all_days,next_large_move_direction,controls_event_regimes,gradient_boosting,1,0,0.43072273920255416
2023-09-14,next_day_large_move,all_days,next_large_move_direction,controls_event_regimes,gradient_boosting,0,1,0.5038444858135367
2023-09-19,next_day_large_move,all_days,next_large_move_direction,controls_event_regimes,gradient_boosting,0,1,0.6399267995899879
2023-09-20,next_day_large_move,all_days,next_large_move_direction,controls_event_regimes,gradient_boosting,0,0,0.2713473182009498
2023-09-25,next_day_large_move,all_days,next_large_move_direction,controls_event_regimes,gradient_boosting,0,1,0.8669590210663359
2023-10-02,next_day_large_move,all_days,next_large_move_direction,controls_event_regimes,gradient_boosting,0,0,0.36053741656934446
2023-10-05,next_day_large_move,all_days,next_large_move_direction,controls_event_regimes,gradient_boosting,1,1,0.790717115827259
2023-10-13,next_day_large_move,all_days,next_large_move_direction,controls_event_regimes,gradient_boosting,1,0,0.47865422657142187
2023-10-17,next_day_large_move,all_days,next_large_move_direction,controls_event_regimes,gradient_boosting,0,0,0.2640341696015759
2023-10-18,next_day_large_move,all_days,next_large_move_direction,controls_event_regimes,gradient_boosting,0,0,0.49967719222930995
2023-10-19,next_day_large_move,all_days,next_large_move_direction,controls_event_regimes,gradient_boosting,0,0,0.4122023338498786
2023-10-24,next_day_large_move,all_days,next_large_move_direction,controls_event_regimes,gradient_boosting,0,1,0.7198216523422639
2023-10-25,next_day_large_move,all_days,next_large_move_direction,controls_event_regimes,gradient_boosting,0,0,0.49983451204252033
2023-10-27,next_day_large_move,all_days,next_large_move_direction,controls_event_regimes,gradient_boosting,1,1,0.6341138474217485
2023-10-31,next_day_large_move,all_days,next_large_move_direction,controls_event_regimes,gradient_boosting,1,0,0.07899315908991508
2023-11-01,next_day_large_move,all_days,next_large_move_direction,controls_event_regimes,gradient_boosting,1,0,0.4359320266098612
2023-11-02,next_day_large_move,all_days,next_large_move_direction,controls_event_regimes,gradient_boosting,1,0,0.43372869737491937
2023-11-09,next_day_large_move,all_days,next_large_move_direction,controls_event_regimes,gradient_boosting,1,1,0.5810565086019291
2023-11-13,next_day_large_move,all_days,next_large_move_direction,controls_event_regimes,gradient_boosting,1,1,0.7432732613750177
2023-12-12,next_day_large_move,all_days,next_large_move_direction,controls_event_regimes,gradient_boosting,1,1,0.618255125534057
2023-12-19,next_day_large_move,all_days,next_large_move_direction,controls_event_regimes,gradient_boosting,0,0,0.38792678237775086
2023-12-20,next_day_large_move,all_days,next_large_move_direction,controls_event_regimes,gradient_boosting,1,0,0.29267176540444745
2024-01-05,next_day_large_move,all_days,next_large_move_direction,controls_event_regimes,gradient_boosting,1,0,0.47877810947191995
2024-01-17,next_day_large_move,all_days,next_large_move_direction,controls_event_regimes,gradient_boosting,1,1,0.5616696488991323
2024-01-18,next_day_large_move,all_days,next_large_move_direction,controls_event_regimes,gradient_boosting,1,1,0.6339573878255738
2024-01-30,next_day_large_move,all_days,next_large_move_direction,controls_event_regimes,gradient_boosting,0,0,0.2973420686825147
2024-01-31,next_day_large_move,all_days,next_large_move_direction,controls_event_regimes,gradient_boosting,1,0,0.3468776435473555
2024-02-01,next_day_large_move,all_days,next_large_move_direction,controls_event_regimes,gradient_boosting,1,1,0.6801898250427608
2024-02-06,next_day_large_move,all_days,next_large_move_direction,controls_event_regimes,gradient_boosting,1,1,0.6192145663936746
2024-02-12,next_day_large_move,all_days,next_large_move_direction,controls_event_regimes,gradient_boosting,0,1,0.6295166630465119
2024-02-13,next_day_large_move,all_days,next_large_move_direction,controls_event_regimes,gradient_boosting,1,0,0.36518528910008896
2024-02-21,next_day_large_move,all_days,next_large_move_direction,controls_event_regimes,gradient_boosting,1,1,0.6921084837753434
2024-03-04,next_day_large_move,all_days,next_large_move_direction,controls_event_regimes,gradient_boosting,0,1,0.5929157166035257
2024-03-06,next_day_large_move,all_days,next_large_move_direction,controls_event_regimes,gradient_boosting,1,1,0.5101593281427389
2024-03-11,next_day_large_move,all_days,next_large_move_direction,controls_event_regimes,gradient_boosting,1,0,0.2807268012308612
2024-03-19,next_day_large_move,all_days,next_large_move_direction,controls_event_regimes,gradient_boosting,1,1,0.5269303998345118
2024-03-26,next_day_large_move,all_days,next_large_move_direction,controls_event_regimes,gradient_boosting,1,0,0.40291445691898
2024-04-03,next_day_large_move,all_days,next_large_move_direction,controls_event_regimes,gradient_boosting,0,1,0.5134384760081789
2024-04-04,next_day_large_move,all_days,next_large_move_direction,controls_event_regimes,gradient_boosting,1,1,0.5110068530592355
2024-04-09,next_day_large_move,all_days,next_large_move_direction,controls_event_regimes,gradient_boosting,0,0,0.48012813030100104
2024-04-11,next_day_large_move,all_days,next_large_move_direction,controls_event_regimes,gradient_boosting,0,0,0.44872990900317555
2024-04-12,next_day_large_move,all_days,next_large_move_direction,controls_event_regimes,gradient_boosting,0,1,0.5941674338473012
2024-04-18,next_day_large_move,all_days,next_large_move_direction,controls_event_regimes,gradient_boosting,0,1,0.8585034914349051
2024-04-19,next_day_large_move,all_days,next_large_move_direction,controls_event_regimes,gradient_boosting,1,1,0.7808173146164163
2024-04-22,next_day_large_move,all_days,next_large_move_direction,controls_event_regimes,gradient_boosting,1,1,0.5020230097553972
2024-04-25,next_day_large_move,all_days,next_large_move_direction,controls_event_regimes,gradient_boosting,1,1,0.5440158722261254
2024-04-29,next_day_large_move,all_days,next_large_move_direction,controls_event_regimes,gradient_boosting,0,1,0.5298303786063195
2024-05-01,next_day_large_move,all_days,next_large_move_direction,controls_event_regimes,gradient_boosting,1,1,0.5205524434408947
2024-05-02,next_day_large_move,all_days,next_large_move_direction,controls_event_regimes,gradient_boosting,1,1,0.6825119780557648
2024-05-03,next_day_large_move,all_days,next_large_move_direction,controls_event_regimes,gradient_boosting,1,1,0.5092751663779741
2024-05-14,next_day_large_move,all_days,next_large_move_direction,controls_event_regimes,gradient_boosting,1,1,0.5312960796249111
2024-06-04,next_day_large_move,all_days,next_large_move_direction,controls_event_regimes,gradient_boosting,1,0,0.459757280624098
2024-06-11,next_day_large_move,all_days,next_large_move_direction,controls_event_regimes,gradient_boosting,1,1,0.539088799621747
2024-07-09,next_day_large_move,all_days,next_large_move_direction,controls_event_regimes,gradient_boosting,1,1,0.6102313315141739
2024-07-10,next_day_large_move,all_days,next_large_move_direction,controls_event_regimes,gradient_boosting,0,1,0.7746649433702938
2024-07-16,next_day_large_move,all_days,next_large_move_direction,controls_event_regimes,gradient_boosting,0,1,0.5631512963308497
2024-07-19,next_day_large_move,all_days,next_large_move_direction,controls_event_regimes,gradient_boosting,1,1,0.5598468390329033
2024-07-23,next_day_large_move,all_days,next_large_move_direction,controls_event_regimes,gradient_boosting,0,0,0.4584552750311679
2024-07-25,next_day_large_move,all_days,next_large_move_direction,controls_event_regimes,gradient_boosting,1,0,0.49617924532852226
2024-07-30,next_day_large_move,all_days,next_large_move_direction,controls_event_regimes,gradient_boosting,1,1,0.7479200096928238
2024-07-31,next_day_large_move,all_days,next_large_move_direction,controls_event_regimes,gradient_boosting,0,1,0.6178190331914278
2024-08-01,next_day_large_move,all_days,next_large_move_direction,controls_event_regimes,gradient_boosting,0,1,0.5778310754733323
2024-08-02,next_day_large_move,all_days,next_large_move_direction,controls_event_regimes,gradient_boosting,0,0,0.48745794617366456
2024-08-05,next_day_large_move,all_days,next_large_move_direction,controls_event_regimes,gradient_boosting,1,1,0.5081904102632485
2024-08-07,next_day_large_move,all_days,next_large_move_direction,controls_event_regimes,gradient_boosting,1,1,0.6385480693986588
2024-08-12,next_day_large_move,all_days,next_large_move_direction,controls_event_regimes,gradient_boosting,1,1,0.7313994699728306
2024-08-14,next_day_large_move,all_days,next_large_move_direction,controls_event_regimes,gradient_boosting,1,1,0.5016062223737672
2024-08-16,next_day_large_move,all_days,next_large_move_direction,controls_event_regimes,gradient_boosting,1,1,0.5954855247633993
2024-08-21,next_day_large_move,all_days,next_large_move_direction,controls_event_regimes,gradient_boosting,0,1,0.5630883244842996
2024-08-22,next_day_large_move,all_days,next_large_move_direction,controls_event_regimes,gradient_boosting,1,0,0.45485862978962455
2024-08-29,next_day_large_move,all_days,next_large_move_direction,controls_event_regimes,gradient_boosting,1,1,0.6421631647441608
2024-08-30,next_day_large_move,all_days,next_large_move_direction,controls_event_regimes,gradient_boosting,0,1,0.6199734437056896
2024-09-05,next_day_large_move,all_days,next_large_move_direction,controls_event_regimes,gradient_boosting,0,1,0.6498723721698679
2024-09-06,next_day_large_move,all_days,next_large_move_direction,controls_event_regimes,gradient_boosting,1,0,0.4846760528157114
2024-09-10,next_day_large_move,all_days,next_large_move_direction,controls_event_regimes,gradient_boosting,1,1,0.5266384381695307
2024-09-18,next_day_large_move,all_days,next_large_move_direction,controls_event_regimes,gradient_boosting,1,1,0.6433112934894665
2024-09-30,next_day_large_move,all_days,next_large_move_direction,controls_event_regimes,gradient_boosting,0,1,0.7600121178147993
2024-10-03,next_day_large_move,all_days,next_large_move_direction,controls_event_regimes,gradient_boosting,1,1,0.5369753166316349
2024-10-04,next_day_large_move,all_days,next_large_move_direction,controls_event_regimes,gradient_boosting,0,1,0.5969963356990189
2024-10-07,next_day_large_move,all_days,next_large_move_direction,controls_event_regimes,gradient_boosting,1,1,0.8167275121164832
2024-10-22,next_day_large_move,all_days,next_large_move_direction,controls_event_regimes,gradient_boosting,0,0,0.45028728189920103
2024-10-30,next_day_large_move,all_days,next_large_move_direction,controls_event_regimes,gradient_boosting,0,1,0.5080421720046254
2024-11-04,next_day_large_move,all_days,next_large_move_direction,controls_event_regimes,gradient_boosting,1,1,0.552930557257802
2024-11-05,next_day_large_move,all_days,next_large_move_direction,controls_event_regimes,gradient_boosting,1,0,0.480075462970214
2024-11-14,next_day_large_move,all_days,next_large_move_direction,controls_event_regimes,gradient_boosting,0,1,0.6166632442800345
2024-12-10,next_day_large_move,all_days,next_large_move_direction,controls_event_regimes,gradient_boosting,1,1,0.6202021947963622
2024-12-17,next_day_large_move,all_days,next_large_move_direction,controls_event_regimes,gradient_boosting,0,1,0.5878346025921499
2024-12-19,next_day_large_move,all_days,next_large_move_direction,controls_event_regimes,gradient_boosting,1,0,0.4766269157246409
2024-12-23,next_day_large_move,all_days,next_large_move_direction,controls_event_regimes,gradient_boosting,1,1,0.5560500345886136
2024-12-26,next_day_large_move,all_days,next_large_move_direction,controls_event_regimes,gradient_boosting,0,0,0.40096140542101183
2024-12-27,next_day_large_move,all_days,next_large_move_direction,controls_event_regimes,gradient_boosting,0,1,0.5803512353589462
2025-01-02,next_day_large_move,all_days,next_large_move_direction,controls_event_regimes,gradient_boosting,1,1,0.6374238522707356
2025-01-06,next_day_large_move,all_days,next_large_move_direction,controls_event_regimes,gradient_boosting,0,1,0.7042516886462401
2025-01-08,next_day_large_move,all_days,next_large_move_direction,controls_event_regimes,gradient_boosting,0,1,0.5005118956348549
2025-01-14,next_day_large_move,all_days,next_large_move_direction,controls_event_regimes,gradient_boosting,1,1,0.5907132559990197
2025-01-16,next_day_large_move,all_days,next_large_move_direction,controls_event_regimes,gradient_boosting,1,1,0.8180216401552951
2025-01-17,next_day_large_move,all_days,next_large_move_direction,controls_event_regimes,gradient_boosting,1,1,0.5521161222672658
2025-01-24,next_day_large_move,all_days,next_large_move_direction,controls_event_regimes,gradient_boosting,0,0,0.4745008303755274
2025-01-27,next_day_large_move,all_days,next_large_move_direction,controls_event_regimes,gradient_boosting,1,0,0.4598441046235966
2025-02-06,next_day_large_move,all_days,next_large_move_direction,controls_event_regimes,gradient_boosting,0,1,0.5652585533918584
2025-02-12,next_day_large_move,all_days,next_large_move_direction,controls_event_regimes,gradient_boosting,1,1,0.6477459923460138
2025-02-20,next_day_large_move,all_days,next_large_move_direction,controls_event_regimes,gradient_boosting,0,0,0.31923029106443485
2025-02-26,next_day_large_move,all_days,next_large_move_direction,controls_event_regimes,gradient_boosting,0,1,0.7645041730698795
2025-02-27,next_day_large_move,all_days,next_large_move_direction,controls_event_regimes,gradient_boosting,1,1,0.5368468115639227
2025-02-28,next_day_large_move,all_days,next_large_move_direction,controls_event_regimes,gradient_boosting,0,0,0.4733757353374174
2025-03-03,next_day_large_move,all_days,next_large_move_direction,controls_event_regimes,gradient_boosting,0,0,0.49071906220597555
2025-03-04,next_day_large_move,all_days,next_large_move_direction,controls_event_regimes,gradient_boosting,1,1,0.6741654428899565
2025-03-05,next_day_large_move,all_days,next_large_move_direction,controls_event_regimes,gradient_boosting,0,0,0.4736991386096603
2025-03-07,next_day_large_move,all_days,next_large_move_direction,controls_event_regimes,gradient_boosting,0,1,0.7878102226567621
2025-03-12,next_day_large_move,all_days,next_large_move_direction,controls_event_regimes,gradient_boosting,0,1,0.5729197358860231
2025-03-13,next_day_large_move,all_days,next_large_move_direction,controls_event_regimes,gradient_boosting,1,0,0.47183054593721363
2025-03-17,next_day_large_move,all_days,next_large_move_direction,controls_event_regimes,gradient_boosting,0,1,0.8270264166510447
2025-03-18,next_day_large_move,all_days,next_large_move_direction,controls_event_regimes,gradient_boosting,1,1,0.5160674882647898
2025-03-21,next_day_large_move,all_days,next_large_move_direction,controls_event_regimes,gradient_boosting,1,0,0.34226720688127626
2025-03-25,next_day_large_move,all_days,next_large_move_direction,controls_event_regimes,gradient_boosting,0,1,0.6514856728766794
2025-03-27,next_day_large_move,all_days,next_large_move_direction,controls_event_regimes,gradient_boosting,0,1,0.5952234428045305
2025-04-02,next_day_large_move,all_days,next_large_move_direction,controls_event_regimes,gradient_boosting,0,1,0.5950773483989287
2025-04-03,next_day_large_move,all_days,next_large_move_direction,controls_event_regimes,gradient_boosting,0,1,0.5892083861611794
2025-04-07,next_day_large_move,all_days,next_large_move_direction,controls_event_regimes,gradient_boosting,0,1,0.8001500900944144
2025-04-08,next_day_large_move,all_days,next_large_move_direction,controls_event_regimes,gradient_boosting,1,1,0.716413524417829
2025-04-09,next_day_large_move,all_days,next_large_move_direction,controls_event_regimes,gradient_boosting,0,0,0.40842869618253774
2025-04-10,next_day_large_move,all_days,next_large_move_direction,controls_event_regimes,gradient_boosting,1,1,0.5758499130322391
2025-04-15,next_day_large_move,all_days,next_large_move_direction,controls_event_regimes,gradient_boosting,0,1,0.6292135814854016
2025-04-17,next_day_large_move,all_days,next_large_move_direction,controls_event_regimes,gradient_boosting,0,1,0.7075223628688071
2025-04-21,next_day_large_move,all_days,next_large_move_direction,controls_event_regimes,gradient_boosting,1,0,0.4193798398665804
2025-04-22,next_day_large_move,all_days,next_large_move_direction,controls_event_regimes,gradient_boosting,1,0,0.3996881697349908
2025-04-23,next_day_large_move,all_days,next_large_move_direction,controls_event_regimes,gradient_boosting,1,1,0.7366547491816298
2025-05-01,next_day_large_move,all_days,next_large_move_direction,controls_event_regimes,gradient_boosting,1,0,0.44435627539269323
2025-05-09,next_day_large_move,all_days,next_large_move_direction,controls_event_regimes,gradient_boosting,1,1,0.6427651563625931
2025-05-20,next_day_large_move,all_days,next_large_move_direction,controls_event_regimes,gradient_boosting,0,1,0.6930492986297787
2025-05-23,next_day_large_move,all_days,next_large_move_direction,controls_event_regimes,gradient_boosting,1,1,0.6880339606022456
2025-06-05,next_day_large_move,all_days,next_large_move_direction,controls_event_regimes,gradient_boosting,1,1,0.6305992186318682
2025-06-12,next_day_large_move,all_days,next_large_move_direction,controls_event_regimes,gradient_boosting,0,0,0.46297111092717597
2025-06-13,next_day_large_move,all_days,next_large_move_direction,controls_event_regimes,gradient_boosting,1,1,0.5806360853362482
2025-06-16,next_day_large_move,all_days,next_large_move_direction,controls_event_regimes,gradient_boosting,0,1,0.6600361854411875
2025-06-20,next_day_large_move,all_days,next_large_move_direction,controls_event_regimes,gradient_boosting,1,0,0.36819845694121867
2025-06-23,next_day_large_move,all_days,next_large_move_direction,controls_event_regimes,gradient_boosting,1,1,0.6176509022483064
2025-07-02,next_day_large_move,all_days,next_large_move_direction,controls_event_regimes,gradient_boosting,1,0,0.4536432594716161
2025-07-31,next_day_large_move,all_days,next_large_move_direction,controls_event_regimes,gradient_boosting,0,0,0.3667276741575817
2025-08-01,next_day_large_move,all_days,next_large_move_direction,controls_event_regimes,gradient_boosting,1,0,0.46502961305959056
2025-08-11,next_day_large_move,all_days,next_large_move_direction,controls_event_regimes,gradient_boosting,1,0,0.48335055024634205
2025-08-21,next_day_large_move,all_days,next_large_move_direction,controls_event_regimes,gradient_boosting,1,1,0.5687982048257114
2025-09-03,next_day_large_move,all_days,next_large_move_direction,controls_event_regimes,gradient_boosting,1,0,0.4695581187949606
2025-09-10,next_day_large_move,all_days,next_large_move_direction,controls_event_regimes,gradient_boosting,1,0,0.498959392772363
2025-10-09,next_day_large_move,all_days,next_large_move_direction,controls_event_regimes,gradient_boosting,0,0,0.3377539504460128
2025-10-10,next_day_large_move,all_days,next_large_move_direction,controls_event_regimes,gradient_boosting,1,0,0.49561878758595507
2025-10-17,next_day_large_move,all_days,next_large_move_direction,controls_event_regimes,gradient_boosting,1,1,0.5723278953666706
2025-10-24,next_day_large_move,all_days,next_large_move_direction,controls_event_regimes,gradient_boosting,1,1,0.6116110376543699
2025-10-29,next_day_large_move,all_days,next_large_move_direction,controls_event_regimes,gradient_boosting,0,1,0.6561005153935873
2025-11-03,next_day_large_move,all_days,next_large_move_direction,controls_event_regimes,gradient_boosting,0,0,0.3163829253681956
2025-11-05,next_day_large_move,all_days,next_large_move_direction,controls_event_regimes,gradient_boosting,0,1,0.7076597285213518
2025-11-07,next_day_large_move,all_days,next_large_move_direction,controls_event_regimes,gradient_boosting,1,1,0.5676507604962427
2025-11-12,next_day_large_move,all_days,next_large_move_direction,controls_event_regimes,gradient_boosting,0,1,0.6377097124839711
2025-11-14,next_day_large_move,all_days,next_large_move_direction,controls_event_regimes,gradient_boosting,0,1,0.7531201525989432
2025-11-17,next_day_large_move,all_days,next_large_move_direction,controls_event_regimes,gradient_boosting,0,1,0.6574654055281751
2025-11-19,next_day_large_move,all_days,next_large_move_direction,controls_event_regimes,gradient_boosting,0,1,0.6254402839813268
2025-11-20,next_day_large_move,all_days,next_large_move_direction,controls_event_regimes,gradient_boosting,1,1,0.6600886463177724
2025-11-21,next_day_large_move,all_days,next_large_move_direction,controls_event_regimes,gradient_boosting,1,1,0.7194213376393371
2025-11-24,next_day_large_move,all_days,next_large_move_direction,controls_event_regimes,gradient_boosting,1,1,0.5767094101889018
2025-12-11,next_day_large_move,all_days,next_large_move_direction,controls_event_regimes,gradient_boosting,0,0,0.4299806027025091
2025-12-16,next_day_large_move,all_days,next_large_move_direction,controls_event_regimes,gradient_boosting,0,0,0.46792862289579895
2025-12-18,next_day_large_move,all_days,next_large_move_direction,controls_event_regimes,gradient_boosting,1,1,0.6286519988392434
