date,scenario,sample_name,target,feature_set,model,y_true,y_pred,y_score
2022-04-28,premarket_large_move,all_days,same_day_large_move_direction,premarket_controls_only,logreg,1,1,0.9999999942060167
2022-04-29,premarket_large_move,all_days,same_day_large_move_direction,premarket_controls_only,logreg,0,0,0.0070155690129940435
2022-05-04,premarket_large_move,all_days,same_day_large_move_direction,premarket_controls_only,logreg,1,1,0.9994020360313856
2022-05-05,premarket_large_move,all_days,same_day_large_move_direction,premarket_controls_only,logreg,0,0,0.0012609558806398746
2022-05-09,premarket_large_move,all_days,same_day_large_move_direction,premarket_controls_only,logreg,0,0,0.0002539416045823811
2022-05-11,premarket_large_move,all_days,same_day_large_move_direction,premarket_controls_only,logreg,0,0,0.002144120020218262
2022-05-13,premarket_large_move,all_days,same_day_large_move_direction,premarket_controls_only,logreg,1,1,0.9872026281993928
2022-05-17,premarket_large_move,all_days,same_day_large_move_direction,premarket_controls_only,logreg,1,1,0.9710380161068428
2022-05-18,premarket_large_move,all_days,same_day_large_move_direction,premarket_controls_only,logreg,0,0,3.689516827735812e-05
2022-05-23,premarket_large_move,all_days,same_day_large_move_direction,premarket_controls_only,logreg,1,1,0.8922296251981581
2022-05-24,premarket_large_move,all_days,same_day_large_move_direction,premarket_controls_only,logreg,0,0,0.03423448193443927
2022-05-25,premarket_large_move,all_days,same_day_large_move_direction,premarket_controls_only,logreg,1,1,0.9316984393386496
2022-05-26,premarket_large_move,all_days,same_day_large_move_direction,premarket_controls_only,logreg,1,1,0.9969039086921011
2022-05-27,premarket_large_move,all_days,same_day_large_move_direction,premarket_controls_only,logreg,1,1,0.998258538314458
2022-06-02,premarket_large_move,all_days,same_day_large_move_direction,premarket_controls_only,logreg,1,1,0.995280905728928
2022-06-07,premarket_large_move,all_days,same_day_large_move_direction,premarket_controls_only,logreg,1,1,0.9981438248388463
2022-06-08,premarket_large_move,all_days,same_day_large_move_direction,premarket_controls_only,logreg,0,0,0.08538808581758872
2022-06-09,premarket_large_move,all_days,same_day_large_move_direction,premarket_controls_only,logreg,0,0,0.004371381785226751
2022-06-10,premarket_large_move,all_days,same_day_large_move_direction,premarket_controls_only,logreg,0,0,0.0005975504861888946
2022-06-13,premarket_large_move,all_days,same_day_large_move_direction,premarket_controls_only,logreg,0,0,1.1969026677936966e-05
2022-06-15,premarket_large_move,all_days,same_day_large_move_direction,premarket_controls_only,logreg,1,1,0.7584138829775561
2022-06-16,premarket_large_move,all_days,same_day_large_move_direction,premarket_controls_only,logreg,0,0,0.00013459673194114255
2022-06-21,premarket_large_move,all_days,same_day_large_move_direction,premarket_controls_only,logreg,1,1,0.9946083448790101
2022-06-23,premarket_large_move,all_days,same_day_large_move_direction,premarket_controls_only,logreg,1,1,0.9691185222641612
2022-06-24,premarket_large_move,all_days,same_day_large_move_direction,premarket_controls_only,logreg,1,1,0.9995704455409785
2022-06-28,premarket_large_move,all_days,same_day_large_move_direction,premarket_controls_only,logreg,0,0,0.011101027338078447
2022-06-30,premarket_large_move,all_days,same_day_large_move_direction,premarket_controls_only,logreg,0,0,0.04378591944205429
2022-07-01,premarket_large_move,all_days,same_day_large_move_direction,premarket_controls_only,logreg,1,1,0.7246760153822377
2022-07-07,premarket_large_move,all_days,same_day_large_move_direction,premarket_controls_only,logreg,1,1,0.991500420759903
2022-07-11,premarket_large_move,all_days,same_day_large_move_direction,premarket_controls_only,logreg,0,0,0.083594748365512
2022-07-12,premarket_large_move,all_days,same_day_large_move_direction,premarket_controls_only,logreg,0,0,0.0587601662359818
2022-07-15,premarket_large_move,all_days,same_day_large_move_direction,premarket_controls_only,logreg,1,1,0.9704263831863764
2022-07-18,premarket_large_move,all_days,same_day_large_move_direction,premarket_controls_only,logreg,0,0,0.06988327348329712
2022-07-19,premarket_large_move,all_days,same_day_large_move_direction,premarket_controls_only,logreg,1,1,0.9984462073939754
2022-07-21,premarket_large_move,all_days,same_day_large_move_direction,premarket_controls_only,logreg,1,1,0.9748152057811394
2022-07-22,premarket_large_move,all_days,same_day_large_move_direction,premarket_controls_only,logreg,0,0,0.31021339761184097
2022-07-26,premarket_large_move,all_days,same_day_large_move_direction,premarket_controls_only,logreg,0,0,0.0573511229874276
2022-07-27,premarket_large_move,all_days,same_day_large_move_direction,premarket_controls_only,logreg,1,1,0.9981651515263118
2022-07-29,premarket_large_move,all_days,same_day_large_move_direction,premarket_controls_only,logreg,1,1,0.9268151222668943
2022-08-03,premarket_large_move,all_days,same_day_large_move_direction,premarket_controls_only,logreg,1,1,0.9823131524668707
2022-08-10,premarket_large_move,all_days,same_day_large_move_direction,premarket_controls_only,logreg,1,1,0.9806622380093981
2022-08-12,premarket_large_move,all_days,same_day_large_move_direction,premarket_controls_only,logreg,1,1,0.9866390921732677
2022-08-19,premarket_large_move,all_days,same_day_large_move_direction,premarket_controls_only,logreg,0,0,0.040144868870112184
2022-08-22,premarket_large_move,all_days,same_day_large_move_direction,premarket_controls_only,logreg,0,0,0.0030517886399028865
2022-08-25,premarket_large_move,all_days,same_day_large_move_direction,premarket_controls_only,logreg,1,1,0.9655611169274071
2022-08-26,premarket_large_move,all_days,same_day_large_move_direction,premarket_controls_only,logreg,0,0,0.0006108371582645567
2022-08-30,premarket_large_move,all_days,same_day_large_move_direction,premarket_controls_only,logreg,0,0,0.03317467922019226
2022-09-02,premarket_large_move,all_days,same_day_large_move_direction,premarket_controls_only,logreg,0,0,0.01285277931174289
2022-09-07,premarket_large_move,all_days,same_day_large_move_direction,premarket_controls_only,logreg,1,1,0.9722218883801715
2022-09-09,premarket_large_move,all_days,same_day_large_move_direction,premarket_controls_only,logreg,1,1,0.981009932116742
2022-09-12,premarket_large_move,all_days,same_day_large_move_direction,premarket_controls_only,logreg,1,1,0.9721434560943765
2022-09-13,premarket_large_move,all_days,same_day_large_move_direction,premarket_controls_only,logreg,0,0,9.300521025637874e-05
2022-09-15,premarket_large_move,all_days,same_day_large_move_direction,premarket_controls_only,logreg,0,0,0.05708203579883832
2022-09-20,premarket_large_move,all_days,same_day_large_move_direction,premarket_controls_only,logreg,0,0,0.013963666072721795
2022-09-21,premarket_large_move,all_days,same_day_large_move_direction,premarket_controls_only,logreg,0,0,0.003958407607255217
2022-09-22,premarket_large_move,all_days,same_day_large_move_direction,premarket_controls_only,logreg,0,0,0.035154491073226365
2022-09-23,premarket_large_move,all_days,same_day_large_move_direction,premarket_controls_only,logreg,0,0,0.0014985472105876424
2022-09-26,premarket_large_move,all_days,same_day_large_move_direction,premarket_controls_only,logreg,0,0,0.004076103524388055
2022-09-28,premarket_large_move,all_days,same_day_large_move_direction,premarket_controls_only,logreg,1,1,0.947805708592561
2022-09-29,premarket_large_move,all_days,same_day_large_move_direction,premarket_controls_only,logreg,0,0,0.003747388164647478
2022-09-30,premarket_large_move,all_days,same_day_large_move_direction,premarket_controls_only,logreg,0,0,0.007585875365308422
2022-10-03,premarket_large_move,all_days,same_day_large_move_direction,premarket_controls_only,logreg,1,1,0.9963611555863673
2022-10-04,premarket_large_move,all_days,same_day_large_move_direction,premarket_controls_only,logreg,1,1,0.9985604519182333
2022-10-06,premarket_large_move,all_days,same_day_large_move_direction,premarket_controls_only,logreg,0,0,0.28832417649928804
2022-10-07,premarket_large_move,all_days,same_day_large_move_direction,premarket_controls_only,logreg,0,0,0.0016397045244297354
2022-10-13,premarket_large_move,all_days,same_day_large_move_direction,premarket_controls_only,logreg,1,1,0.9970332995693523
2022-10-14,premarket_large_move,all_days,same_day_large_move_direction,premarket_controls_only,logreg,0,0,0.0020526086059638286
2022-10-17,premarket_large_move,all_days,same_day_large_move_direction,premarket_controls_only,logreg,1,1,0.9982671567289219
2022-10-18,premarket_large_move,all_days,same_day_large_move_direction,premarket_controls_only,logreg,1,1,0.9682002177095705
2022-10-21,premarket_large_move,all_days,same_day_large_move_direction,premarket_controls_only,logreg,1,1,0.9947560010407592
2022-10-24,premarket_large_move,all_days,same_day_large_move_direction,premarket_controls_only,logreg,1,1,0.9341864223109593
2022-10-25,premarket_large_move,all_days,same_day_large_move_direction,premarket_controls_only,logreg,1,1,0.9835649947022105
2022-10-28,premarket_large_move,all_days,same_day_large_move_direction,premarket_controls_only,logreg,1,1,0.9976083938064091
2022-11-02,premarket_large_move,all_days,same_day_large_move_direction,premarket_controls_only,logreg,0,0,0.0023055234437225724
2022-11-03,premarket_large_move,all_days,same_day_large_move_direction,premarket_controls_only,logreg,0,0,0.027449766636201692
2022-11-04,premarket_large_move,all_days,same_day_large_move_direction,premarket_controls_only,logreg,1,1,0.795263565284802
2022-11-07,premarket_large_move,all_days,same_day_large_move_direction,premarket_controls_only,logreg,1,1,0.8198336193349722
2022-11-09,premarket_large_move,all_days,same_day_large_move_direction,premarket_controls_only,logreg,0,0,0.012441758924965157
2022-11-10,premarket_large_move,all_days,same_day_large_move_direction,premarket_controls_only,logreg,1,1,0.9999992584573197
2022-11-11,premarket_large_move,all_days,same_day_large_move_direction,premarket_controls_only,logreg,1,1,0.9639338161919875
2022-11-14,premarket_large_move,all_days,same_day_large_move_direction,premarket_controls_only,logreg,0,0,0.3307932874019794
2022-11-15,premarket_large_move,all_days,same_day_large_move_direction,premarket_controls_only,logreg,1,1,0.9856783967835833
2022-11-16,premarket_large_move,all_days,same_day_large_move_direction,premarket_controls_only,logreg,0,0,0.2021447526112158
2022-11-22,premarket_large_move,all_days,same_day_large_move_direction,premarket_controls_only,logreg,1,1,0.9331797603397235
2022-11-28,premarket_large_move,all_days,same_day_large_move_direction,premarket_controls_only,logreg,0,0,0.02941705461908442
2022-11-30,premarket_large_move,all_days,same_day_large_move_direction,premarket_controls_only,logreg,1,1,0.99865130206614
2022-12-05,premarket_large_move,all_days,same_day_large_move_direction,premarket_controls_only,logreg,0,0,0.01921454076140686
2022-12-06,premarket_large_move,all_days,same_day_large_move_direction,premarket_controls_only,logreg,0,0,0.009047823395048367
2022-12-12,premarket_large_move,all_days,same_day_large_move_direction,premarket_controls_only,logreg,1,1,0.9622506106175117
2022-12-15,premarket_large_move,all_days,same_day_large_move_direction,premarket_controls_only,logreg,0,0,0.005524929848927308
2022-12-16,premarket_large_move,all_days,same_day_large_move_direction,premarket_controls_only,logreg,0,0,0.02344538731841297
2022-12-19,premarket_large_move,all_days,same_day_large_move_direction,premarket_controls_only,logreg,0,0,0.020269451521482348
2022-12-21,premarket_large_move,all_days,same_day_large_move_direction,premarket_controls_only,logreg,1,1,0.9540237891160154
2022-12-22,premarket_large_move,all_days,same_day_large_move_direction,premarket_controls_only,logreg,0,0,0.028651847152020345
2022-12-28,premarket_large_move,all_days,same_day_large_move_direction,premarket_controls_only,logreg,0,0,0.021831685203398753
2022-12-29,premarket_large_move,all_days,same_day_large_move_direction,premarket_controls_only,logreg,1,1,0.9880800138853488
2023-01-05,premarket_large_move,all_days,same_day_large_move_direction,premarket_controls_only,logreg,0,0,0.0422038161132383
2023-01-06,premarket_large_move,all_days,same_day_large_move_direction,premarket_controls_only,logreg,1,1,0.9946306345492787
2023-01-11,premarket_large_move,all_days,same_day_large_move_direction,premarket_controls_only,logreg,1,1,0.9843289252526546
2023-01-18,premarket_large_move,all_days,same_day_large_move_direction,premarket_controls_only,logreg,0,0,0.025297506413192353
2023-01-20,premarket_large_move,all_days,same_day_large_move_direction,premarket_controls_only,logreg,1,1,0.9830371783019723
2023-01-23,premarket_large_move,all_days,same_day_large_move_direction,premarket_controls_only,logreg,1,1,0.9392703875693754
2023-01-26,premarket_large_move,all_days,same_day_large_move_direction,premarket_controls_only,logreg,1,1,0.961074926570256
2023-01-30,premarket_large_move,all_days,same_day_large_move_direction,premarket_controls_only,logreg,0,0,0.04069368258562744
2023-01-31,premarket_large_move,all_days,same_day_large_move_direction,premarket_controls_only,logreg,1,1,0.9677109220284322
2023-02-01,premarket_large_move,all_days,same_day_large_move_direction,premarket_controls_only,logreg,1,1,0.9491370494529014
2023-02-02,premarket_large_move,all_days,same_day_large_move_direction,premarket_controls_only,logreg,1,1,0.988185596974653
2023-02-03,premarket_large_move,all_days,same_day_large_move_direction,premarket_controls_only,logreg,0,0,0.21101054528229363
2023-02-07,premarket_large_move,all_days,same_day_large_move_direction,premarket_controls_only,logreg,1,1,0.9617703214906105
2023-02-08,premarket_large_move,all_days,same_day_large_move_direction,premarket_controls_only,logreg,0,0,0.04678564790584902
2023-02-09,premarket_large_move,all_days,same_day_large_move_direction,premarket_controls_only,logreg,0,0,0.08404912125778086
2023-02-13,premarket_large_move,all_days,same_day_large_move_direction,premarket_controls_only,logreg,1,1,0.9372706620635949
2023-02-16,premarket_large_move,all_days,same_day_large_move_direction,premarket_controls_only,logreg,0,0,0.06149280338859819
2023-02-21,premarket_large_move,all_days,same_day_large_move_direction,premarket_controls_only,logreg,0,0,0.0022387493702533266
2023-02-24,premarket_large_move,all_days,same_day_large_move_direction,premarket_controls_only,logreg,0,0,0.020494038964570287
2023-03-03,premarket_large_move,all_days,same_day_large_move_direction,premarket_controls_only,logreg,1,1,0.9778539180643963
2023-03-07,premarket_large_move,all_days,same_day_large_move_direction,premarket_controls_only,logreg,0,0,0.036926170559872594
2023-03-09,premarket_large_move,all_days,same_day_large_move_direction,premarket_controls_only,logreg,0,0,0.014362570415666416
2023-03-10,premarket_large_move,all_days,same_day_large_move_direction,premarket_controls_only,logreg,0,0,0.007535838421323729
2023-03-14,premarket_large_move,all_days,same_day_large_move_direction,premarket_controls_only,logreg,1,1,0.93878282162512
2023-03-16,premarket_large_move,all_days,same_day_large_move_direction,premarket_controls_only,logreg,1,1,0.9913452897179598
2023-03-17,premarket_large_move,all_days,same_day_large_move_direction,premarket_controls_only,logreg,0,0,0.05864377688411914
2023-03-20,premarket_large_move,all_days,same_day_large_move_direction,premarket_controls_only,logreg,1,1,0.8838112720618299
2023-03-21,premarket_large_move,all_days,same_day_large_move_direction,premarket_controls_only,logreg,1,1,0.9726681952271701
2023-03-22,premarket_large_move,all_days,same_day_large_move_direction,premarket_controls_only,logreg,0,0,0.022515134151830714
2023-03-29,premarket_large_move,all_days,same_day_large_move_direction,premarket_controls_only,logreg,1,1,0.9794378555082969
2023-03-31,premarket_large_move,all_days,same_day_large_move_direction,premarket_controls_only,logreg,1,1,0.9841123420021934
2023-04-13,premarket_large_move,all_days,same_day_large_move_direction,premarket_controls_only,logreg,1,1,0.9742884231095502
2023-04-25,premarket_large_move,all_days,same_day_large_move_direction,premarket_controls_only,logreg,0,0,0.010259376684703742
2023-04-27,premarket_large_move,all_days,same_day_large_move_direction,premarket_controls_only,logreg,1,1,0.9958217860530323
2023-04-28,premarket_large_move,all_days,same_day_large_move_direction,premarket_controls_only,logreg,1,1,0.9096450338624494
2023-05-02,premarket_large_move,all_days,same_day_large_move_direction,premarket_controls_only,logreg,0,0,0.06477000499468759
2023-05-05,premarket_large_move,all_days,same_day_large_move_direction,premarket_controls_only,logreg,1,1,0.970342777406828
2023-05-17,premarket_large_move,all_days,same_day_large_move_direction,premarket_controls_only,logreg,1,1,0.9135295854262769
2023-05-18,premarket_large_move,all_days,same_day_large_move_direction,premarket_controls_only,logreg,1,1,0.9462787151501237
2023-05-23,premarket_large_move,all_days,same_day_large_move_direction,premarket_controls_only,logreg,0,0,0.05591260676585316
2023-05-25,premarket_large_move,all_days,same_day_large_move_direction,premarket_controls_only,logreg,1,1,0.8681009327020699
2023-05-26,premarket_large_move,all_days,same_day_large_move_direction,premarket_controls_only,logreg,1,1,0.9644818562952141
2023-06-01,premarket_large_move,all_days,same_day_large_move_direction,premarket_controls_only,logreg,1,1,0.9687907273005809
2023-06-02,premarket_large_move,all_days,same_day_large_move_direction,premarket_controls_only,logreg,1,1,0.9836278513649075
2023-06-12,premarket_large_move,all_days,same_day_large_move_direction,premarket_controls_only,logreg,1,1,0.9380698748473478
2023-06-15,premarket_large_move,all_days,same_day_large_move_direction,premarket_controls_only,logreg,1,1,0.9902633910745808
2023-06-27,premarket_large_move,all_days,same_day_large_move_direction,premarket_controls_only,logreg,1,1,0.9206507387303601
2023-06-30,premarket_large_move,all_days,same_day_large_move_direction,premarket_controls_only,logreg,1,1,0.9744350119176215
2023-07-13,premarket_large_move,all_days,same_day_large_move_direction,premarket_controls_only,logreg,1,1,0.9591877417091803
2023-07-28,premarket_large_move,all_days,same_day_large_move_direction,premarket_controls_only,logreg,1,1,0.9271957792094702
2023-08-02,premarket_large_move,all_days,same_day_large_move_direction,premarket_controls_only,logreg,0,0,0.044883394799718215
2023-08-07,premarket_large_move,all_days,same_day_large_move_direction,premarket_controls_only,logreg,1,1,0.8181234903669156
2023-08-15,premarket_large_move,all_days,same_day_large_move_direction,premarket_controls_only,logreg,0,0,0.04154270912429795
2023-08-23,premarket_large_move,all_days,same_day_large_move_direction,premarket_controls_only,logreg,1,1,0.9287878060722538
2023-08-24,premarket_large_move,all_days,same_day_large_move_direction,premarket_controls_only,logreg,0,0,0.062067240896656536
2023-08-29,premarket_large_move,all_days,same_day_large_move_direction,premarket_controls_only,logreg,1,1,0.9816840077117854
2023-09-14,premarket_large_move,all_days,same_day_large_move_direction,premarket_controls_only,logreg,1,1,0.9433025993090574
2023-09-15,premarket_large_move,all_days,same_day_large_move_direction,premarket_controls_only,logreg,0,0,0.034340275803869315
2023-09-20,premarket_large_move,all_days,same_day_large_move_direction,premarket_controls_only,logreg,0,0,0.051711372053748185
2023-09-21,premarket_large_move,all_days,same_day_large_move_direction,premarket_controls_only,logreg,0,0,0.012075336492317793
2023-09-26,premarket_large_move,all_days,same_day_large_move_direction,premarket_controls_only,logreg,0,0,0.007821899839093411
2023-10-03,premarket_large_move,all_days,same_day_large_move_direction,premarket_controls_only,logreg,0,0,0.027305582964915063
2023-10-04,premarket_large_move,all_days,same_day_large_move_direction,premarket_controls_only,logreg,1,1,0.8452548488554289
2023-10-06,premarket_large_move,all_days,same_day_large_move_direction,premarket_controls_only,logreg,1,1,0.9440874185273802
2023-10-16,premarket_large_move,all_days,same_day_large_move_direction,premarket_controls_only,logreg,1,1,0.936291695498696
2023-10-18,premarket_large_move,all_days,same_day_large_move_direction,premarket_controls_only,logreg,0,0,0.023787383891114348
2023-10-19,premarket_large_move,all_days,same_day_large_move_direction,premarket_controls_only,logreg,0,0,0.09123205222864268
2023-10-20,premarket_large_move,all_days,same_day_large_move_direction,premarket_controls_only,logreg,0,0,0.013869102716256862
2023-10-25,premarket_large_move,all_days,same_day_large_move_direction,premarket_controls_only,logreg,0,0,0.011478690890376734
2023-10-26,premarket_large_move,all_days,same_day_large_move_direction,premarket_controls_only,logreg,0,0,0.026399743972386876
2023-10-30,premarket_large_move,all_days,same_day_large_move_direction,premarket_controls_only,logreg,1,1,0.8597102707699272
2023-11-01,premarket_large_move,all_days,same_day_large_move_direction,premarket_controls_only,logreg,1,1,0.9376658565184135
2023-11-02,premarket_large_move,all_days,same_day_large_move_direction,premarket_controls_only,logreg,1,1,0.996337578489314
2023-11-03,premarket_large_move,all_days,same_day_large_move_direction,premarket_controls_only,logreg,1,1,0.950866725191866
2023-11-10,premarket_large_move,all_days,same_day_large_move_direction,premarket_controls_only,logreg,1,1,0.9889309077053113
2023-11-14,premarket_large_move,all_days,same_day_large_move_direction,premarket_controls_only,logreg,1,1,0.9904176101863139
2023-12-13,premarket_large_move,all_days,same_day_large_move_direction,premarket_controls_only,logreg,1,1,0.9872411250184251
2023-12-20,premarket_large_move,all_days,same_day_large_move_direction,premarket_controls_only,logreg,0,0,0.0602197849715902
2023-12-21,premarket_large_move,all_days,same_day_large_move_direction,premarket_controls_only,logreg,1,1,0.9759262681253059
2024-01-08,premarket_large_move,all_days,same_day_large_move_direction,premarket_controls_only,logreg,1,1,0.9705297561285511
2024-01-18,premarket_large_move,all_days,same_day_large_move_direction,premarket_controls_only,logreg,1,1,0.8835592926615412
2024-01-19,premarket_large_move,all_days,same_day_large_move_direction,premarket_controls_only,logreg,1,1,0.9598692106405327
2024-01-31,premarket_large_move,all_days,same_day_large_move_direction,premarket_controls_only,logreg,0,0,0.01355570761495151
2024-02-01,premarket_large_move,all_days,same_day_large_move_direction,premarket_controls_only,logreg,1,1,0.9710515669742867
2024-02-02,premarket_large_move,all_days,same_day_large_move_direction,premarket_controls_only,logreg,1,1,0.9612896615388586
2024-02-07,premarket_large_move,all_days,same_day_large_move_direction,premarket_controls_only,logreg,1,1,0.9288941668894759
2024-02-13,premarket_large_move,all_days,same_day_large_move_direction,premarket_controls_only,logreg,0,0,0.027825271251194886
2024-02-14,premarket_large_move,all_days,same_day_large_move_direction,premarket_controls_only,logreg,1,1,0.9412750789556379
2024-02-22,premarket_large_move,all_days,same_day_large_move_direction,premarket_controls_only,logreg,1,1,0.9973231073880875
2024-03-05,premarket_large_move,all_days,same_day_large_move_direction,premarket_controls_only,logreg,0,0,0.049759500357192545
2024-03-07,premarket_large_move,all_days,same_day_large_move_direction,premarket_controls_only,logreg,1,1,0.9573782644011425
2024-03-12,premarket_large_move,all_days,same_day_large_move_direction,premarket_controls_only,logreg,1,1,0.9456922625608948
2024-03-20,premarket_large_move,all_days,same_day_large_move_direction,premarket_controls_only,logreg,1,1,0.9245126260036494
2024-03-27,premarket_large_move,all_days,same_day_large_move_direction,premarket_controls_only,logreg,1,1,0.8467186974273414
2024-04-04,premarket_large_move,all_days,same_day_large_move_direction,premarket_controls_only,logreg,0,0,0.03946639058044351
2024-04-05,premarket_large_move,all_days,same_day_large_move_direction,premarket_controls_only,logreg,1,1,0.9326884098604881
2024-04-10,premarket_large_move,all_days,same_day_large_move_direction,premarket_controls_only,logreg,0,0,0.14684276857775408
2024-04-12,premarket_large_move,all_days,same_day_large_move_direction,premarket_controls_only,logreg,0,0,0.021735517288728017
2024-04-15,premarket_large_move,all_days,same_day_large_move_direction,premarket_controls_only,logreg,0,0,0.029735613789083556
2024-04-19,premarket_large_move,all_days,same_day_large_move_direction,premarket_controls_only,logreg,0,0,0.020026223493044924
2024-04-22,premarket_large_move,all_days,same_day_large_move_direction,premarket_controls_only,logreg,1,1,0.7302152715483414
2024-04-23,premarket_large_move,all_days,same_day_large_move_direction,premarket_controls_only,logreg,1,1,0.9158571476352868
2024-04-26,premarket_large_move,all_days,same_day_large_move_direction,premarket_controls_only,logreg,1,1,0.9580458701268826
2024-04-30,premarket_large_move,all_days,same_day_large_move_direction,premarket_controls_only,logreg,0,0,0.013759334841029116
2024-05-02,premarket_large_move,all_days,same_day_large_move_direction,premarket_controls_only,logreg,1,1,0.9118989534223793
2024-05-03,premarket_large_move,all_days,same_day_large_move_direction,premarket_controls_only,logreg,1,1,0.9578661627033106
2024-05-06,premarket_large_move,all_days,same_day_large_move_direction,premarket_controls_only,logreg,1,1,0.9750208526439497
2024-05-15,premarket_large_move,all_days,same_day_large_move_direction,premarket_controls_only,logreg,1,1,0.9646577226715682
2024-06-05,premarket_large_move,all_days,same_day_large_move_direction,premarket_controls_only,logreg,1,1,0.9864302653428519
2024-06-12,premarket_large_move,all_days,same_day_large_move_direction,premarket_controls_only,logreg,1,1,0.8963568356870542
2024-07-10,premarket_large_move,all_days,same_day_large_move_direction,premarket_controls_only,logreg,1,1,0.9790354070818865
2024-07-11,premarket_large_move,all_days,same_day_large_move_direction,premarket_controls_only,logreg,0,0,0.3292319426945928
2024-07-17,premarket_large_move,all_days,same_day_large_move_direction,premarket_controls_only,logreg,0,0,0.08443639448764863
2024-07-22,premarket_large_move,all_days,same_day_large_move_direction,premarket_controls_only,logreg,1,1,0.9191335651268601
2024-07-24,premarket_large_move,all_days,same_day_large_move_direction,premarket_controls_only,logreg,0,0,0.0020502287655694068
2024-07-26,premarket_large_move,all_days,same_day_large_move_direction,premarket_controls_only,logreg,1,1,0.9031594642936767
2024-07-31,premarket_large_move,all_days,same_day_large_move_direction,premarket_controls_only,logreg,1,1,0.9850060863083673
2024-08-01,premarket_large_move,all_days,same_day_large_move_direction,premarket_controls_only,logreg,0,0,0.042722466484200645
2024-08-02,premarket_large_move,all_days,same_day_large_move_direction,premarket_controls_only,logreg,0,0,0.005259391878772354
2024-08-05,premarket_large_move,all_days,same_day_large_move_direction,premarket_controls_only,logreg,0,0,0.0002572069209898151
2024-08-06,premarket_large_move,all_days,same_day_large_move_direction,premarket_controls_only,logreg,1,1,0.6881427393988561
2024-08-08,premarket_large_move,all_days,same_day_large_move_direction,premarket_controls_only,logreg,1,1,0.9968167401083607
2024-08-13,premarket_large_move,all_days,same_day_large_move_direction,premarket_controls_only,logreg,1,1,0.9946911046407354
2024-08-15,premarket_large_move,all_days,same_day_large_move_direction,premarket_controls_only,logreg,1,1,0.9958757630435993
2024-08-19,premarket_large_move,all_days,same_day_large_move_direction,premarket_controls_only,logreg,1,1,0.9742198963034902
2024-08-22,premarket_large_move,all_days,same_day_large_move_direction,premarket_controls_only,logreg,0,0,0.18150397355531792
2024-08-23,premarket_large_move,all_days,same_day_large_move_direction,premarket_controls_only,logreg,1,1,0.9449503970571659
2024-08-30,premarket_large_move,all_days,same_day_large_move_direction,premarket_controls_only,logreg,1,1,0.8750785101587633
2024-09-03,premarket_large_move,all_days,same_day_large_move_direction,premarket_controls_only,logreg,0,0,0.0026202278737342283
2024-09-06,premarket_large_move,all_days,same_day_large_move_direction,premarket_controls_only,logreg,0,0,0.0030450763823210484
2024-09-09,premarket_large_move,all_days,same_day_large_move_direction,premarket_controls_only,logreg,1,1,0.9062813669308111
2024-09-11,premarket_large_move,all_days,same_day_large_move_direction,premarket_controls_only,logreg,1,1,0.9358352016584185
2024-09-19,premarket_large_move,all_days,same_day_large_move_direction,premarket_controls_only,logreg,1,1,0.9928317576013626
2024-10-01,premarket_large_move,all_days,same_day_large_move_direction,premarket_controls_only,logreg,0,0,0.052288939040885676
2024-10-04,premarket_large_move,all_days,same_day_large_move_direction,premarket_controls_only,logreg,1,1,0.9058691612629742
2024-10-07,premarket_large_move,all_days,same_day_large_move_direction,premarket_controls_only,logreg,0,0,0.1010166800452294
2024-10-08,premarket_large_move,all_days,same_day_large_move_direction,premarket_controls_only,logreg,1,1,0.9187907907482809
2024-10-23,premarket_large_move,all_days,same_day_large_move_direction,premarket_controls_only,logreg,0,0,0.04544687123550542
2024-10-31,premarket_large_move,all_days,same_day_large_move_direction,premarket_controls_only,logreg,0,0,0.008045058926885364
2024-11-05,premarket_large_move,all_days,same_day_large_move_direction,premarket_controls_only,logreg,1,1,0.9211075915227691
2024-11-15,premarket_large_move,all_days,same_day_large_move_direction,premarket_controls_only,logreg,0,0,0.013064839186660612
2024-12-11,premarket_large_move,all_days,same_day_large_move_direction,premarket_controls_only,logreg,1,1,0.8610265542453432
2024-12-18,premarket_large_move,all_days,same_day_large_move_direction,premarket_controls_only,logreg,0,0,0.00041399938908789143
2024-12-20,premarket_large_move,all_days,same_day_large_move_direction,premarket_controls_only,logreg,1,1,0.883856920582517
2024-12-24,premarket_large_move,all_days,same_day_large_move_direction,premarket_controls_only,logreg,1,1,0.9872568512265268
2024-12-27,premarket_large_move,all_days,same_day_large_move_direction,premarket_controls_only,logreg,0,0,0.08874355047734112
2024-12-30,premarket_large_move,all_days,same_day_large_move_direction,premarket_controls_only,logreg,0,0,0.0595140740261397
2025-01-03,premarket_large_move,all_days,same_day_large_move_direction,premarket_controls_only,logreg,1,1,0.9217576210688873
2025-01-07,premarket_large_move,all_days,same_day_large_move_direction,premarket_controls_only,logreg,0,0,0.033054769316145725
2025-01-10,premarket_large_move,all_days,same_day_large_move_direction,premarket_controls_only,logreg,0,0,0.016048224144052988
2025-01-15,premarket_large_move,all_days,same_day_large_move_direction,premarket_controls_only,logreg,1,1,0.9927779582949747
2025-01-17,premarket_large_move,all_days,same_day_large_move_direction,premarket_controls_only,logreg,1,1,0.9595046942884907
2025-01-21,premarket_large_move,all_days,same_day_large_move_direction,premarket_controls_only,logreg,1,1,0.9480991227938073
2025-01-27,premarket_large_move,all_days,same_day_large_move_direction,premarket_controls_only,logreg,0,0,0.028994702611757895
2025-01-28,premarket_large_move,all_days,same_day_large_move_direction,premarket_controls_only,logreg,1,1,0.8986642472466694
2025-02-07,premarket_large_move,all_days,same_day_large_move_direction,premarket_controls_only,logreg,0,0,0.11365897388758228
2025-02-13,premarket_large_move,all_days,same_day_large_move_direction,premarket_controls_only,logreg,1,1,0.9698358890394925
2025-02-21,premarket_large_move,all_days,same_day_large_move_direction,premarket_controls_only,logreg,0,0,0.007637216919623399
2025-02-27,premarket_large_move,all_days,same_day_large_move_direction,premarket_controls_only,logreg,0,0,0.009819868067998392
2025-02-28,premarket_large_move,all_days,same_day_large_move_direction,premarket_controls_only,logreg,1,1,0.971997508173498
2025-03-03,premarket_large_move,all_days,same_day_large_move_direction,premarket_controls_only,logreg,0,0,0.010307267912862926
2025-03-04,premarket_large_move,all_days,same_day_large_move_direction,premarket_controls_only,logreg,0,0,0.015383647659310624
2025-03-05,premarket_large_move,all_days,same_day_large_move_direction,premarket_controls_only,logreg,1,1,0.9637273778558065
2025-03-06,premarket_large_move,all_days,same_day_large_move_direction,premarket_controls_only,logreg,0,0,0.006147449796365184
2025-03-10,premarket_large_move,all_days,same_day_large_move_direction,premarket_controls_only,logreg,0,0,0.0008033728364244491
2025-03-13,premarket_large_move,all_days,same_day_large_move_direction,premarket_controls_only,logreg,0,0,0.009290407964874096
2025-03-14,premarket_large_move,all_days,same_day_large_move_direction,premarket_controls_only,logreg,1,1,0.9955293664967166
2025-03-18,premarket_large_move,all_days,same_day_large_move_direction,premarket_controls_only,logreg,0,0,0.03771090015311827
2025-03-19,premarket_large_move,all_days,same_day_large_move_direction,premarket_controls_only,logreg,1,1,0.9733863488221998
2025-03-24,premarket_large_move,all_days,same_day_large_move_direction,premarket_controls_only,logreg,1,1,0.9942816577418419
2025-03-26,premarket_large_move,all_days,same_day_large_move_direction,premarket_controls_only,logreg,0,0,0.06789836710444863
2025-03-28,premarket_large_move,all_days,same_day_large_move_direction,premarket_controls_only,logreg,0,0,0.002962224693023208
2025-04-03,premarket_large_move,all_days,same_day_large_move_direction,premarket_controls_only,logreg,0,0,7.628489429622249e-06
2025-04-04,premarket_large_move,all_days,same_day_large_move_direction,premarket_controls_only,logreg,0,0,9.213314290887525e-08
2025-04-08,premarket_large_move,all_days,same_day_large_move_direction,premarket_controls_only,logreg,0,0,0.0005366653384528257
2025-04-09,premarket_large_move,all_days,same_day_large_move_direction,premarket_controls_only,logreg,1,1,0.999999999915834
2025-04-10,premarket_large_move,all_days,same_day_large_move_direction,premarket_controls_only,logreg,0,0,0.00045123773280114095
2025-04-11,premarket_large_move,all_days,same_day_large_move_direction,premarket_controls_only,logreg,1,1,0.9940856891768036
2025-04-16,premarket_large_move,all_days,same_day_large_move_direction,premarket_controls_only,logreg,0,0,0.00419539314887102
2025-04-21,premarket_large_move,all_days,same_day_large_move_direction,premarket_controls_only,logreg,0,0,0.0006122517813256332
2025-04-22,premarket_large_move,all_days,same_day_large_move_direction,premarket_controls_only,logreg,1,1,0.9899741946821206
2025-04-23,premarket_large_move,all_days,same_day_large_move_direction,premarket_controls_only,logreg,1,1,0.9883012942018125
2025-04-24,premarket_large_move,all_days,same_day_large_move_direction,premarket_controls_only,logreg,1,1,0.9967563309515887
2025-05-02,premarket_large_move,all_days,same_day_large_move_direction,premarket_controls_only,logreg,1,1,0.9913796974724625
2025-05-12,premarket_large_move,all_days,same_day_large_move_direction,premarket_controls_only,logreg,1,1,0.9998814843467253
2025-05-21,premarket_large_move,all_days,same_day_large_move_direction,premarket_controls_only,logreg,0,0,0.016952457292384853
2025-05-27,premarket_large_move,all_days,same_day_large_move_direction,premarket_controls_only,logreg,1,1,0.9832853175324282
2025-06-06,premarket_large_move,all_days,same_day_large_move_direction,premarket_controls_only,logreg,1,1,0.9582489248348227
2025-06-13,premarket_large_move,all_days,same_day_large_move_direction,premarket_controls_only,logreg,0,0,0.056553393405819975
2025-06-16,premarket_large_move,all_days,same_day_large_move_direction,premarket_controls_only,logreg,1,1,0.9281509494523491
2025-06-17,premarket_large_move,all_days,same_day_large_move_direction,premarket_controls_only,logreg,0,0,0.07077880384602751
2025-06-23,premarket_large_move,all_days,same_day_large_move_direction,premarket_controls_only,logreg,1,1,0.8813159770888902
2025-06-24,premarket_large_move,all_days,same_day_large_move_direction,premarket_controls_only,logreg,1,1,0.9301568953860136
2025-07-03,premarket_large_move,all_days,same_day_large_move_direction,premarket_controls_only,logreg,1,1,0.9607574936140935
2025-08-01,premarket_large_move,all_days,same_day_large_move_direction,premarket_controls_only,logreg,0,0,0.007501978532697906
2025-08-04,premarket_large_move,all_days,same_day_large_move_direction,premarket_controls_only,logreg,1,1,0.9790145706178267
2025-08-12,premarket_large_move,all_days,same_day_large_move_direction,premarket_controls_only,logreg,1,1,0.9415450440646927
2025-08-22,premarket_large_move,all_days,same_day_large_move_direction,premarket_controls_only,logreg,1,1,0.9627947935405456
2025-09-04,premarket_large_move,all_days,same_day_large_move_direction,premarket_controls_only,logreg,1,1,0.9254724149327428
2025-09-11,premarket_large_move,all_days,same_day_large_move_direction,premarket_controls_only,logreg,1,1,0.9523722309668642
2025-10-10,premarket_large_move,all_days,same_day_large_move_direction,premarket_controls_only,logreg,0,0,0.0009012639180822231
2025-10-13,premarket_large_move,all_days,same_day_large_move_direction,premarket_controls_only,logreg,1,1,0.9893297249030704
2025-10-20,premarket_large_move,all_days,same_day_large_move_direction,premarket_controls_only,logreg,1,1,0.9667735935104657
2025-10-27,premarket_large_move,all_days,same_day_large_move_direction,premarket_controls_only,logreg,1,1,0.9803252340820257
2025-10-30,premarket_large_move,all_days,same_day_large_move_direction,premarket_controls_only,logreg,0,0,0.11896781039602483
2025-11-04,premarket_large_move,all_days,same_day_large_move_direction,premarket_controls_only,logreg,0,0,0.018087001330777813
2025-11-06,premarket_large_move,all_days,same_day_large_move_direction,premarket_controls_only,logreg,0,0,0.05830418220206524
2025-11-10,premarket_large_move,all_days,same_day_large_move_direction,premarket_controls_only,logreg,1,1,0.992278599555018
2025-11-13,premarket_large_move,all_days,same_day_large_move_direction,premarket_controls_only,logreg,0,0,0.054877111982957756
2025-11-17,premarket_large_move,all_days,same_day_large_move_direction,premarket_controls_only,logreg,0,0,0.06367579338500191
2025-11-18,premarket_large_move,all_days,same_day_large_move_direction,premarket_controls_only,logreg,0,0,0.02324700781221639
2025-11-20,premarket_large_move,all_days,same_day_large_move_direction,premarket_controls_only,logreg,0,0,0.007383524596001994
2025-11-21,premarket_large_move,all_days,same_day_large_move_direction,premarket_controls_only,logreg,1,1,0.8864892661263895
2025-11-24,premarket_large_move,all_days,same_day_large_move_direction,premarket_controls_only,logreg,1,1,0.9899616454724602
2025-11-25,premarket_large_move,all_days,same_day_large_move_direction,premarket_controls_only,logreg,1,1,0.9418318613515654
2025-12-12,premarket_large_move,all_days,same_day_large_move_direction,premarket_controls_only,logreg,0,0,0.047205110701360846
2025-12-17,premarket_large_move,all_days,same_day_large_move_direction,premarket_controls_only,logreg,0,0,0.014007992628046351
2025-12-19,premarket_large_move,all_days,same_day_large_move_direction,premarket_controls_only,logreg,1,1,0.8463000735546776
2022-04-28,premarket_large_move,all_days,same_day_large_move_direction,premarket_controls_only,random_forest,1,1,0.9
2022-04-29,premarket_large_move,all_days,same_day_large_move_direction,premarket_controls_only,random_forest,0,0,0.395
2022-05-04,premarket_large_move,all_days,same_day_large_move_direction,premarket_controls_only,random_forest,1,1,0.96
2022-05-05,premarket_large_move,all_days,same_day_large_move_direction,premarket_controls_only,random_forest,0,0,0.165
2022-05-09,premarket_large_move,all_days,same_day_large_move_direction,premarket_controls_only,random_forest,0,0,0.195
2022-05-11,premarket_large_move,all_days,same_day_large_move_direction,premarket_controls_only,random_forest,0,0,0.04
2022-05-13,premarket_large_move,all_days,same_day_large_move_direction,premarket_controls_only,random_forest,1,1,0.99
2022-05-17,premarket_large_move,all_days,same_day_large_move_direction,premarket_controls_only,random_forest,1,1,0.965
2022-05-18,premarket_large_move,all_days,same_day_large_move_direction,premarket_controls_only,random_forest,0,0,0.03
2022-05-23,premarket_large_move,all_days,same_day_large_move_direction,premarket_controls_only,random_forest,1,1,0.89
2022-05-24,premarket_large_move,all_days,same_day_large_move_direction,premarket_controls_only,random_forest,0,0,0.35
2022-05-25,premarket_large_move,all_days,same_day_large_move_direction,premarket_controls_only,random_forest,1,1,0.865
2022-05-26,premarket_large_move,all_days,same_day_large_move_direction,premarket_controls_only,random_forest,1,1,0.965
2022-05-27,premarket_large_move,all_days,same_day_large_move_direction,premarket_controls_only,random_forest,1,1,0.815
2022-06-02,premarket_large_move,all_days,same_day_large_move_direction,premarket_controls_only,random_forest,1,1,0.975
2022-06-07,premarket_large_move,all_days,same_day_large_move_direction,premarket_controls_only,random_forest,1,1,0.92
2022-06-08,premarket_large_move,all_days,same_day_large_move_direction,premarket_controls_only,random_forest,0,0,0.075
2022-06-09,premarket_large_move,all_days,same_day_large_move_direction,premarket_controls_only,random_forest,0,0,0.075
2022-06-10,premarket_large_move,all_days,same_day_large_move_direction,premarket_controls_only,random_forest,0,0,0.095
2022-06-13,premarket_large_move,all_days,same_day_large_move_direction,premarket_controls_only,random_forest,0,0,0.13
2022-06-15,premarket_large_move,all_days,same_day_large_move_direction,premarket_controls_only,random_forest,1,0,0.115
2022-06-16,premarket_large_move,all_days,same_day_large_move_direction,premarket_controls_only,random_forest,0,0,0.015
2022-06-21,premarket_large_move,all_days,same_day_large_move_direction,premarket_controls_only,random_forest,1,1,0.9
2022-06-23,premarket_large_move,all_days,same_day_large_move_direction,premarket_controls_only,random_forest,1,1,0.83
2022-06-24,premarket_large_move,all_days,same_day_large_move_direction,premarket_controls_only,random_forest,1,1,0.97
2022-06-28,premarket_large_move,all_days,same_day_large_move_direction,premarket_controls_only,random_forest,0,0,0.105
2022-06-30,premarket_large_move,all_days,same_day_large_move_direction,premarket_controls_only,random_forest,0,0,0.185
2022-07-01,premarket_large_move,all_days,same_day_large_move_direction,premarket_controls_only,random_forest,1,1,0.575
2022-07-07,premarket_large_move,all_days,same_day_large_move_direction,premarket_controls_only,random_forest,1,1,0.98
2022-07-11,premarket_large_move,all_days,same_day_large_move_direction,premarket_controls_only,random_forest,0,0,0.115
2022-07-12,premarket_large_move,all_days,same_day_large_move_direction,premarket_controls_only,random_forest,0,0,0.295
2022-07-15,premarket_large_move,all_days,same_day_large_move_direction,premarket_controls_only,random_forest,1,1,0.985
2022-07-18,premarket_large_move,all_days,same_day_large_move_direction,premarket_controls_only,random_forest,0,0,0.46
2022-07-19,premarket_large_move,all_days,same_day_large_move_direction,premarket_controls_only,random_forest,1,1,0.98
2022-07-21,premarket_large_move,all_days,same_day_large_move_direction,premarket_controls_only,random_forest,1,1,0.97
2022-07-22,premarket_large_move,all_days,same_day_large_move_direction,premarket_controls_only,random_forest,0,1,0.895
2022-07-26,premarket_large_move,all_days,same_day_large_move_direction,premarket_controls_only,random_forest,0,0,0.03
2022-07-27,premarket_large_move,all_days,same_day_large_move_direction,premarket_controls_only,random_forest,1,1,1.0
2022-07-29,premarket_large_move,all_days,same_day_large_move_direction,premarket_controls_only,random_forest,1,1,0.905
2022-08-03,premarket_large_move,all_days,same_day_large_move_direction,premarket_controls_only,random_forest,1,1,0.985
2022-08-10,premarket_large_move,all_days,same_day_large_move_direction,premarket_controls_only,random_forest,1,1,1.0
2022-08-12,premarket_large_move,all_days,same_day_large_move_direction,premarket_controls_only,random_forest,1,1,0.965
2022-08-19,premarket_large_move,all_days,same_day_large_move_direction,premarket_controls_only,random_forest,0,0,0.005
2022-08-22,premarket_large_move,all_days,same_day_large_move_direction,premarket_controls_only,random_forest,0,0,0.06
2022-08-25,premarket_large_move,all_days,same_day_large_move_direction,premarket_controls_only,random_forest,1,1,0.99
2022-08-26,premarket_large_move,all_days,same_day_large_move_direction,premarket_controls_only,random_forest,0,0,0.01
2022-08-30,premarket_large_move,all_days,same_day_large_move_direction,premarket_controls_only,random_forest,0,0,0.055
2022-09-02,premarket_large_move,all_days,same_day_large_move_direction,premarket_controls_only,random_forest,0,0,0.02
2022-09-07,premarket_large_move,all_days,same_day_large_move_direction,premarket_controls_only,random_forest,1,1,0.965
2022-09-09,premarket_large_move,all_days,same_day_large_move_direction,premarket_controls_only,random_forest,1,1,0.995
2022-09-12,premarket_large_move,all_days,same_day_large_move_direction,premarket_controls_only,random_forest,1,1,0.915
2022-09-13,premarket_large_move,all_days,same_day_large_move_direction,premarket_controls_only,random_forest,0,0,0.05
2022-09-15,premarket_large_move,all_days,same_day_large_move_direction,premarket_controls_only,random_forest,0,0,0.125
2022-09-20,premarket_large_move,all_days,same_day_large_move_direction,premarket_controls_only,random_forest,0,0,0.0
2022-09-21,premarket_large_move,all_days,same_day_large_move_direction,premarket_controls_only,random_forest,0,0,0.045
2022-09-22,premarket_large_move,all_days,same_day_large_move_direction,premarket_controls_only,random_forest,0,0,0.14
2022-09-23,premarket_large_move,all_days,same_day_large_move_direction,premarket_controls_only,random_forest,0,0,0.015
2022-09-26,premarket_large_move,all_days,same_day_large_move_direction,premarket_controls_only,random_forest,0,0,0.055
2022-09-28,premarket_large_move,all_days,same_day_large_move_direction,premarket_controls_only,random_forest,1,1,0.965
2022-09-29,premarket_large_move,all_days,same_day_large_move_direction,premarket_controls_only,random_forest,0,0,0.04
2022-09-30,premarket_large_move,all_days,same_day_large_move_direction,premarket_controls_only,random_forest,0,0,0.135
2022-10-03,premarket_large_move,all_days,same_day_large_move_direction,premarket_controls_only,random_forest,1,1,0.915
2022-10-04,premarket_large_move,all_days,same_day_large_move_direction,premarket_controls_only,random_forest,1,1,0.94
2022-10-06,premarket_large_move,all_days,same_day_large_move_direction,premarket_controls_only,random_forest,0,1,0.775
2022-10-07,premarket_large_move,all_days,same_day_large_move_direction,premarket_controls_only,random_forest,0,0,0.155
2022-10-13,premarket_large_move,all_days,same_day_large_move_direction,premarket_controls_only,random_forest,1,1,0.98
2022-10-14,premarket_large_move,all_days,same_day_large_move_direction,premarket_controls_only,random_forest,0,0,0.035
2022-10-17,premarket_large_move,all_days,same_day_large_move_direction,premarket_controls_only,random_forest,1,1,0.96
2022-10-18,premarket_large_move,all_days,same_day_large_move_direction,premarket_controls_only,random_forest,1,1,0.74
2022-10-21,premarket_large_move,all_days,same_day_large_move_direction,premarket_controls_only,random_forest,1,1,0.985
2022-10-24,premarket_large_move,all_days,same_day_large_move_direction,premarket_controls_only,random_forest,1,1,0.91
2022-10-25,premarket_large_move,all_days,same_day_large_move_direction,premarket_controls_only,random_forest,1,1,0.945
2022-10-28,premarket_large_move,all_days,same_day_large_move_direction,premarket_controls_only,random_forest,1,1,0.995
2022-11-02,premarket_large_move,all_days,same_day_large_move_direction,premarket_controls_only,random_forest,0,0,0.015
2022-11-03,premarket_large_move,all_days,same_day_large_move_direction,premarket_controls_only,random_forest,0,0,0.235
2022-11-04,premarket_large_move,all_days,same_day_large_move_direction,premarket_controls_only,random_forest,1,0,0.355
2022-11-07,premarket_large_move,all_days,same_day_large_move_direction,premarket_controls_only,random_forest,1,1,0.615
2022-11-09,premarket_large_move,all_days,same_day_large_move_direction,premarket_controls_only,random_forest,0,0,0.01
2022-11-10,premarket_large_move,all_days,same_day_large_move_direction,premarket_controls_only,random_forest,1,1,0.98
2022-11-11,premarket_large_move,all_days,same_day_large_move_direction,premarket_controls_only,random_forest,1,1,0.765
2022-11-14,premarket_large_move,all_days,same_day_large_move_direction,premarket_controls_only,random_forest,0,1,0.825
2022-11-15,premarket_large_move,all_days,same_day_large_move_direction,premarket_controls_only,random_forest,1,1,0.905
2022-11-16,premarket_large_move,all_days,same_day_large_move_direction,premarket_controls_only,random_forest,0,0,0.42
2022-11-22,premarket_large_move,all_days,same_day_large_move_direction,premarket_controls_only,random_forest,1,1,0.94
2022-11-28,premarket_large_move,all_days,same_day_large_move_direction,premarket_controls_only,random_forest,0,0,0.01
2022-11-30,premarket_large_move,all_days,same_day_large_move_direction,premarket_controls_only,random_forest,1,1,1.0
2022-12-05,premarket_large_move,all_days,same_day_large_move_direction,premarket_controls_only,random_forest,0,0,0.08
2022-12-06,premarket_large_move,all_days,same_day_large_move_direction,premarket_controls_only,random_forest,0,0,0.18
2022-12-12,premarket_large_move,all_days,same_day_large_move_direction,premarket_controls_only,random_forest,1,1,1.0
2022-12-15,premarket_large_move,all_days,same_day_large_move_direction,premarket_controls_only,random_forest,0,0,0.005
2022-12-16,premarket_large_move,all_days,same_day_large_move_direction,premarket_controls_only,random_forest,0,0,0.2
2022-12-19,premarket_large_move,all_days,same_day_large_move_direction,premarket_controls_only,random_forest,0,0,0.19
2022-12-21,premarket_large_move,all_days,same_day_large_move_direction,premarket_controls_only,random_forest,1,1,1.0
2022-12-22,premarket_large_move,all_days,same_day_large_move_direction,premarket_controls_only,random_forest,0,0,0.075
2022-12-28,premarket_large_move,all_days,same_day_large_move_direction,premarket_controls_only,random_forest,0,0,0.03
2022-12-29,premarket_large_move,all_days,same_day_large_move_direction,premarket_controls_only,random_forest,1,1,1.0
2023-01-05,premarket_large_move,all_days,same_day_large_move_direction,premarket_controls_only,random_forest,0,0,0.0275
2023-01-06,premarket_large_move,all_days,same_day_large_move_direction,premarket_controls_only,random_forest,1,1,0.9925
2023-01-11,premarket_large_move,all_days,same_day_large_move_direction,premarket_controls_only,random_forest,1,1,1.0
2023-01-18,premarket_large_move,all_days,same_day_large_move_direction,premarket_controls_only,random_forest,0,0,0.0075
2023-01-20,premarket_large_move,all_days,same_day_large_move_direction,premarket_controls_only,random_forest,1,1,0.9125
2023-01-23,premarket_large_move,all_days,same_day_large_move_direction,premarket_controls_only,random_forest,1,1,0.8725
2023-01-26,premarket_large_move,all_days,same_day_large_move_direction,premarket_controls_only,random_forest,1,1,0.9875
2023-01-30,premarket_large_move,all_days,same_day_large_move_direction,premarket_controls_only,random_forest,0,0,0.0175
2023-01-31,premarket_large_move,all_days,same_day_large_move_direction,premarket_controls_only,random_forest,1,1,0.9975
2023-02-01,premarket_large_move,all_days,same_day_large_move_direction,premarket_controls_only,random_forest,1,1,0.9425
2023-02-02,premarket_large_move,all_days,same_day_large_move_direction,premarket_controls_only,random_forest,1,1,0.975
2023-02-03,premarket_large_move,all_days,same_day_large_move_direction,premarket_controls_only,random_forest,0,1,0.67
2023-02-07,premarket_large_move,all_days,same_day_large_move_direction,premarket_controls_only,random_forest,1,1,0.875
2023-02-08,premarket_large_move,all_days,same_day_large_move_direction,premarket_controls_only,random_forest,0,0,0.0275
2023-02-09,premarket_large_move,all_days,same_day_large_move_direction,premarket_controls_only,random_forest,0,0,0.1125
2023-02-13,premarket_large_move,all_days,same_day_large_move_direction,premarket_controls_only,random_forest,1,1,0.995
2023-02-16,premarket_large_move,all_days,same_day_large_move_direction,premarket_controls_only,random_forest,0,0,0.01
2023-02-21,premarket_large_move,all_days,same_day_large_move_direction,premarket_controls_only,random_forest,0,0,0.0025
2023-02-24,premarket_large_move,all_days,same_day_large_move_direction,premarket_controls_only,random_forest,0,0,0.0
2023-03-03,premarket_large_move,all_days,same_day_large_move_direction,premarket_controls_only,random_forest,1,1,0.9975
2023-03-07,premarket_large_move,all_days,same_day_large_move_direction,premarket_controls_only,random_forest,0,0,0.0225
2023-03-09,premarket_large_move,all_days,same_day_large_move_direction,premarket_controls_only,random_forest,0,0,0.0025
2023-03-10,premarket_large_move,all_days,same_day_large_move_direction,premarket_controls_only,random_forest,0,0,0.0
2023-03-14,premarket_large_move,all_days,same_day_large_move_direction,premarket_controls_only,random_forest,1,1,0.985
2023-03-16,premarket_large_move,all_days,same_day_large_move_direction,premarket_controls_only,random_forest,1,1,1.0
2023-03-17,premarket_large_move,all_days,same_day_large_move_direction,premarket_controls_only,random_forest,0,1,0.5575
2023-03-20,premarket_large_move,all_days,same_day_large_move_direction,premarket_controls_only,random_forest,1,1,0.94
2023-03-21,premarket_large_move,all_days,same_day_large_move_direction,premarket_controls_only,random_forest,1,1,0.9975
2023-03-22,premarket_large_move,all_days,same_day_large_move_direction,premarket_controls_only,random_forest,0,0,0.0225
2023-03-29,premarket_large_move,all_days,same_day_large_move_direction,premarket_controls_only,random_forest,1,1,0.9925
2023-03-31,premarket_large_move,all_days,same_day_large_move_direction,premarket_controls_only,random_forest,1,1,0.9925
2023-04-13,premarket_large_move,all_days,same_day_large_move_direction,premarket_controls_only,random_forest,1,1,1.0
2023-04-25,premarket_large_move,all_days,same_day_large_move_direction,premarket_controls_only,random_forest,0,0,0.0
2023-04-27,premarket_large_move,all_days,same_day_large_move_direction,premarket_controls_only,random_forest,1,1,0.995
2023-04-28,premarket_large_move,all_days,same_day_large_move_direction,premarket_controls_only,random_forest,1,1,0.7975
2023-05-02,premarket_large_move,all_days,same_day_large_move_direction,premarket_controls_only,random_forest,0,0,0.135
2023-05-05,premarket_large_move,all_days,same_day_large_move_direction,premarket_controls_only,random_forest,1,1,1.0
2023-05-17,premarket_large_move,all_days,same_day_large_move_direction,premarket_controls_only,random_forest,1,1,1.0
2023-05-18,premarket_large_move,all_days,same_day_large_move_direction,premarket_controls_only,random_forest,1,1,0.9925
2023-05-23,premarket_large_move,all_days,same_day_large_move_direction,premarket_controls_only,random_forest,0,0,0.02
2023-05-25,premarket_large_move,all_days,same_day_large_move_direction,premarket_controls_only,random_forest,1,1,0.5775
2023-05-26,premarket_large_move,all_days,same_day_large_move_direction,premarket_controls_only,random_forest,1,1,1.0
2023-06-01,premarket_large_move,all_days,same_day_large_move_direction,premarket_controls_only,random_forest,1,1,0.995
2023-06-02,premarket_large_move,all_days,same_day_large_move_direction,premarket_controls_only,random_forest,1,1,0.9825
2023-06-12,premarket_large_move,all_days,same_day_large_move_direction,premarket_controls_only,random_forest,1,1,0.9925
2023-06-15,premarket_large_move,all_days,same_day_large_move_direction,premarket_controls_only,random_forest,1,1,1.0
2023-06-27,premarket_large_move,all_days,same_day_large_move_direction,premarket_controls_only,random_forest,1,1,0.9875
2023-06-30,premarket_large_move,all_days,same_day_large_move_direction,premarket_controls_only,random_forest,1,1,1.0
2023-07-13,premarket_large_move,all_days,same_day_large_move_direction,premarket_controls_only,random_forest,1,1,0.99
2023-07-28,premarket_large_move,all_days,same_day_large_move_direction,premarket_controls_only,random_forest,1,1,0.9975
2023-08-02,premarket_large_move,all_days,same_day_large_move_direction,premarket_controls_only,random_forest,0,0,0.0
2023-08-07,premarket_large_move,all_days,same_day_large_move_direction,premarket_controls_only,random_forest,1,1,0.6425
2023-08-15,premarket_large_move,all_days,same_day_large_move_direction,premarket_controls_only,random_forest,0,0,0.005
2023-08-23,premarket_large_move,all_days,same_day_large_move_direction,premarket_controls_only,random_forest,1,1,0.995
2023-08-24,premarket_large_move,all_days,same_day_large_move_direction,premarket_controls_only,random_forest,0,0,0.0975
2023-08-29,premarket_large_move,all_days,same_day_large_move_direction,premarket_controls_only,random_forest,1,1,0.995
2023-09-14,premarket_large_move,all_days,same_day_large_move_direction,premarket_controls_only,random_forest,1,1,1.0
2023-09-15,premarket_large_move,all_days,same_day_large_move_direction,premarket_controls_only,random_forest,0,0,0.035
2023-09-20,premarket_large_move,all_days,same_day_large_move_direction,premarket_controls_only,random_forest,0,0,0.0
2023-09-21,premarket_large_move,all_days,same_day_large_move_direction,premarket_controls_only,random_forest,0,0,0.0025
2023-09-26,premarket_large_move,all_days,same_day_large_move_direction,premarket_controls_only,random_forest,0,0,0.0025
2023-10-03,premarket_large_move,all_days,same_day_large_move_direction,premarket_controls_only,random_forest,0,0,0.005
2023-10-04,premarket_large_move,all_days,same_day_large_move_direction,premarket_controls_only,random_forest,1,1,0.5775
2023-10-06,premarket_large_move,all_days,same_day_large_move_direction,premarket_controls_only,random_forest,1,1,0.995
2023-10-16,premarket_large_move,all_days,same_day_large_move_direction,premarket_controls_only,random_forest,1,1,0.9675
2023-10-18,premarket_large_move,all_days,same_day_large_move_direction,premarket_controls_only,random_forest,0,0,0.01
2023-10-19,premarket_large_move,all_days,same_day_large_move_direction,premarket_controls_only,random_forest,0,0,0.155
2023-10-20,premarket_large_move,all_days,same_day_large_move_direction,premarket_controls_only,random_forest,0,0,0.0275
2023-10-25,premarket_large_move,all_days,same_day_large_move_direction,premarket_controls_only,random_forest,0,0,0.0
2023-10-26,premarket_large_move,all_days,same_day_large_move_direction,premarket_controls_only,random_forest,0,0,0.075
2023-10-30,premarket_large_move,all_days,same_day_large_move_direction,premarket_controls_only,random_forest,1,1,0.6475
2023-11-01,premarket_large_move,all_days,same_day_large_move_direction,premarket_controls_only,random_forest,1,1,0.995
2023-11-02,premarket_large_move,all_days,same_day_large_move_direction,premarket_controls_only,random_forest,1,1,1.0
2023-11-03,premarket_large_move,all_days,same_day_large_move_direction,premarket_controls_only,random_forest,1,1,0.935
2023-11-10,premarket_large_move,all_days,same_day_large_move_direction,premarket_controls_only,random_forest,1,1,0.9975
2023-11-14,premarket_large_move,all_days,same_day_large_move_direction,premarket_controls_only,random_forest,1,1,0.9975
2023-12-13,premarket_large_move,all_days,same_day_large_move_direction,premarket_controls_only,random_forest,1,1,1.0
2023-12-20,premarket_large_move,all_days,same_day_large_move_direction,premarket_controls_only,random_forest,0,0,0.0025
2023-12-21,premarket_large_move,all_days,same_day_large_move_direction,premarket_controls_only,random_forest,1,1,0.985
2024-01-08,premarket_large_move,all_days,same_day_large_move_direction,premarket_controls_only,random_forest,1,1,0.9875
2024-01-18,premarket_large_move,all_days,same_day_large_move_direction,premarket_controls_only,random_forest,1,1,0.9675
2024-01-19,premarket_large_move,all_days,same_day_large_move_direction,premarket_controls_only,random_forest,1,1,1.0
2024-01-31,premarket_large_move,all_days,same_day_large_move_direction,premarket_controls_only,random_forest,0,0,0.0
2024-02-01,premarket_large_move,all_days,same_day_large_move_direction,premarket_controls_only,random_forest,1,1,0.87
2024-02-02,premarket_large_move,all_days,same_day_large_move_direction,premarket_controls_only,random_forest,1,1,0.835
2024-02-07,premarket_large_move,all_days,same_day_large_move_direction,premarket_controls_only,random_forest,1,1,0.995
2024-02-13,premarket_large_move,all_days,same_day_large_move_direction,premarket_controls_only,random_forest,0,0,0.0
2024-02-14,premarket_large_move,all_days,same_day_large_move_direction,premarket_controls_only,random_forest,1,1,0.8075
2024-02-22,premarket_large_move,all_days,same_day_large_move_direction,premarket_controls_only,random_forest,1,1,1.0
2024-03-05,premarket_large_move,all_days,same_day_large_move_direction,premarket_controls_only,random_forest,0,0,0.03
2024-03-07,premarket_large_move,all_days,same_day_large_move_direction,premarket_controls_only,random_forest,1,1,1.0
2024-03-12,premarket_large_move,all_days,same_day_large_move_direction,premarket_controls_only,random_forest,1,1,0.9975
2024-03-20,premarket_large_move,all_days,same_day_large_move_direction,premarket_controls_only,random_forest,1,1,0.9975
2024-03-27,premarket_large_move,all_days,same_day_large_move_direction,premarket_controls_only,random_forest,1,1,0.995
2024-04-04,premarket_large_move,all_days,same_day_large_move_direction,premarket_controls_only,random_forest,0,0,0.0
2024-04-05,premarket_large_move,all_days,same_day_large_move_direction,premarket_controls_only,random_forest,1,1,0.91
2024-04-10,premarket_large_move,all_days,same_day_large_move_direction,premarket_controls_only,random_forest,0,0,0.04
2024-04-12,premarket_large_move,all_days,same_day_large_move_direction,premarket_controls_only,random_forest,0,0,0.0125
2024-04-15,premarket_large_move,all_days,same_day_large_move_direction,premarket_controls_only,random_forest,0,0,0.03
2024-04-19,premarket_large_move,all_days,same_day_large_move_direction,premarket_controls_only,random_forest,0,0,0.0025
2024-04-22,premarket_large_move,all_days,same_day_large_move_direction,premarket_controls_only,random_forest,1,1,0.86
2024-04-23,premarket_large_move,all_days,same_day_large_move_direction,premarket_controls_only,random_forest,1,1,0.9875
2024-04-26,premarket_large_move,all_days,same_day_large_move_direction,premarket_controls_only,random_forest,1,1,1.0
2024-04-30,premarket_large_move,all_days,same_day_large_move_direction,premarket_controls_only,random_forest,0,0,0.0175
2024-05-02,premarket_large_move,all_days,same_day_large_move_direction,premarket_controls_only,random_forest,1,1,0.725
2024-05-03,premarket_large_move,all_days,same_day_large_move_direction,premarket_controls_only,random_forest,1,1,0.98
2024-05-06,premarket_large_move,all_days,same_day_large_move_direction,premarket_controls_only,random_forest,1,1,0.945
2024-05-15,premarket_large_move,all_days,same_day_large_move_direction,premarket_controls_only,random_forest,1,1,1.0
2024-06-05,premarket_large_move,all_days,same_day_large_move_direction,premarket_controls_only,random_forest,1,1,1.0
2024-06-12,premarket_large_move,all_days,same_day_large_move_direction,premarket_controls_only,random_forest,1,1,1.0
2024-07-10,premarket_large_move,all_days,same_day_large_move_direction,premarket_controls_only,random_forest,1,1,0.9975
2024-07-11,premarket_large_move,all_days,same_day_large_move_direction,premarket_controls_only,random_forest,0,0,0.255
2024-07-17,premarket_large_move,all_days,same_day_large_move_direction,premarket_controls_only,random_forest,0,0,0.0125
2024-07-22,premarket_large_move,all_days,same_day_large_move_direction,premarket_controls_only,random_forest,1,1,0.64
2024-07-24,premarket_large_move,all_days,same_day_large_move_direction,premarket_controls_only,random_forest,0,0,0.0
2024-07-26,premarket_large_move,all_days,same_day_large_move_direction,premarket_controls_only,random_forest,1,1,0.5025
2024-07-31,premarket_large_move,all_days,same_day_large_move_direction,premarket_controls_only,random_forest,1,1,1.0
2024-08-01,premarket_large_move,all_days,same_day_large_move_direction,premarket_controls_only,random_forest,0,0,0.065
2024-08-02,premarket_large_move,all_days,same_day_large_move_direction,premarket_controls_only,random_forest,0,0,0.0475
2024-08-05,premarket_large_move,all_days,same_day_large_move_direction,premarket_controls_only,random_forest,0,0,0.015
2024-08-06,premarket_large_move,all_days,same_day_large_move_direction,premarket_controls_only,random_forest,1,0,0.4375
2024-08-08,premarket_large_move,all_days,same_day_large_move_direction,premarket_controls_only,random_forest,1,1,0.9875
2024-08-13,premarket_large_move,all_days,same_day_large_move_direction,premarket_controls_only,random_forest,1,1,0.9975
2024-08-15,premarket_large_move,all_days,same_day_large_move_direction,premarket_controls_only,random_forest,1,1,0.985
2024-08-19,premarket_large_move,all_days,same_day_large_move_direction,premarket_controls_only,random_forest,1,1,0.9725
2024-08-22,premarket_large_move,all_days,same_day_large_move_direction,premarket_controls_only,random_forest,0,0,0.055
2024-08-23,premarket_large_move,all_days,same_day_large_move_direction,premarket_controls_only,random_forest,1,1,0.995
2024-08-30,premarket_large_move,all_days,same_day_large_move_direction,premarket_controls_only,random_forest,1,1,1.0
2024-09-03,premarket_large_move,all_days,same_day_large_move_direction,premarket_controls_only,random_forest,0,0,0.0075
2024-09-06,premarket_large_move,all_days,same_day_large_move_direction,premarket_controls_only,random_forest,0,0,0.005
2024-09-09,premarket_large_move,all_days,same_day_large_move_direction,premarket_controls_only,random_forest,1,1,0.7975
2024-09-11,premarket_large_move,all_days,same_day_large_move_direction,premarket_controls_only,random_forest,1,1,0.9825
2024-09-19,premarket_large_move,all_days,same_day_large_move_direction,premarket_controls_only,random_forest,1,1,1.0
2024-10-01,premarket_large_move,all_days,same_day_large_move_direction,premarket_controls_only,random_forest,0,0,0.01
2024-10-04,premarket_large_move,all_days,same_day_large_move_direction,premarket_controls_only,random_forest,1,1,0.9975
2024-10-07,premarket_large_move,all_days,same_day_large_move_direction,premarket_controls_only,random_forest,0,0,0.0875
2024-10-08,premarket_large_move,all_days,same_day_large_move_direction,premarket_controls_only,random_forest,1,1,0.995
2024-10-23,premarket_large_move,all_days,same_day_large_move_direction,premarket_controls_only,random_forest,0,0,0.0
2024-10-31,premarket_large_move,all_days,same_day_large_move_direction,premarket_controls_only,random_forest,0,0,0.0
2024-11-05,premarket_large_move,all_days,same_day_large_move_direction,premarket_controls_only,random_forest,1,1,0.9925
2024-11-15,premarket_large_move,all_days,same_day_large_move_direction,premarket_controls_only,random_forest,0,0,0.0
2024-12-11,premarket_large_move,all_days,same_day_large_move_direction,premarket_controls_only,random_forest,1,1,0.915
2024-12-18,premarket_large_move,all_days,same_day_large_move_direction,premarket_controls_only,random_forest,0,0,0.0
2024-12-20,premarket_large_move,all_days,same_day_large_move_direction,premarket_controls_only,random_forest,1,0,0.3975
2024-12-24,premarket_large_move,all_days,same_day_large_move_direction,premarket_controls_only,random_forest,1,1,0.865
2024-12-27,premarket_large_move,all_days,same_day_large_move_direction,premarket_controls_only,random_forest,0,0,0.0475
2024-12-30,premarket_large_move,all_days,same_day_large_move_direction,premarket_controls_only,random_forest,0,0,0.0075
2025-01-03,premarket_large_move,all_days,same_day_large_move_direction,premarket_controls_only,random_forest,1,1,0.99
2025-01-07,premarket_large_move,all_days,same_day_large_move_direction,premarket_controls_only,random_forest,0,0,0.195
2025-01-10,premarket_large_move,all_days,same_day_large_move_direction,premarket_controls_only,random_forest,0,0,0.035
2025-01-15,premarket_large_move,all_days,same_day_large_move_direction,premarket_controls_only,random_forest,1,1,0.9975
2025-01-17,premarket_large_move,all_days,same_day_large_move_direction,premarket_controls_only,random_forest,1,1,0.9975
2025-01-21,premarket_large_move,all_days,same_day_large_move_direction,premarket_controls_only,random_forest,1,1,0.9575
2025-01-27,premarket_large_move,all_days,same_day_large_move_direction,premarket_controls_only,random_forest,0,0,0.0025
2025-01-28,premarket_large_move,all_days,same_day_large_move_direction,premarket_controls_only,random_forest,1,1,0.8425
2025-02-07,premarket_large_move,all_days,same_day_large_move_direction,premarket_controls_only,random_forest,0,0,0.105
2025-02-13,premarket_large_move,all_days,same_day_large_move_direction,premarket_controls_only,random_forest,1,1,1.0
2025-02-21,premarket_large_move,all_days,same_day_large_move_direction,premarket_controls_only,random_forest,0,0,0.0
2025-02-27,premarket_large_move,all_days,same_day_large_move_direction,premarket_controls_only,random_forest,0,0,0.0025
2025-02-28,premarket_large_move,all_days,same_day_large_move_direction,premarket_controls_only,random_forest,1,1,0.9625
2025-03-03,premarket_large_move,all_days,same_day_large_move_direction,premarket_controls_only,random_forest,0,0,0.08
2025-03-04,premarket_large_move,all_days,same_day_large_move_direction,premarket_controls_only,random_forest,0,0,0.0775
2025-03-05,premarket_large_move,all_days,same_day_large_move_direction,premarket_controls_only,random_forest,1,1,0.8775
2025-03-06,premarket_large_move,all_days,same_day_large_move_direction,premarket_controls_only,random_forest,0,0,0.035
2025-03-10,premarket_large_move,all_days,same_day_large_move_direction,premarket_controls_only,random_forest,0,0,0.0075
2025-03-13,premarket_large_move,all_days,same_day_large_move_direction,premarket_controls_only,random_forest,0,0,0.01
2025-03-14,premarket_large_move,all_days,same_day_large_move_direction,premarket_controls_only,random_forest,1,1,0.98
2025-03-18,premarket_large_move,all_days,same_day_large_move_direction,premarket_controls_only,random_forest,0,1,0.5475
2025-03-19,premarket_large_move,all_days,same_day_large_move_direction,premarket_controls_only,random_forest,1,1,0.9075
2025-03-24,premarket_large_move,all_days,same_day_large_move_direction,premarket_controls_only,random_forest,1,1,0.99
2025-03-26,premarket_large_move,all_days,same_day_large_move_direction,premarket_controls_only,random_forest,0,0,0.1375
2025-03-28,premarket_large_move,all_days,same_day_large_move_direction,premarket_controls_only,random_forest,0,0,0.02
2025-04-03,premarket_large_move,all_days,same_day_large_move_direction,premarket_controls_only,random_forest,0,0,0.03
2025-04-04,premarket_large_move,all_days,same_day_large_move_direction,premarket_controls_only,random_forest,0,0,0.155
2025-04-08,premarket_large_move,all_days,same_day_large_move_direction,premarket_controls_only,random_forest,0,0,0.085
2025-04-09,premarket_large_move,all_days,same_day_large_move_direction,premarket_controls_only,random_forest,1,1,0.9725
2025-04-10,premarket_large_move,all_days,same_day_large_move_direction,premarket_controls_only,random_forest,0,1,0.87
2025-04-11,premarket_large_move,all_days,same_day_large_move_direction,premarket_controls_only,random_forest,1,1,0.905
2025-04-16,premarket_large_move,all_days,same_day_large_move_direction,premarket_controls_only,random_forest,0,0,0.1125
2025-04-21,premarket_large_move,all_days,same_day_large_move_direction,premarket_controls_only,random_forest,0,0,0.0325
2025-04-22,premarket_large_move,all_days,same_day_large_move_direction,premarket_controls_only,random_forest,1,1,0.91
2025-04-23,premarket_large_move,all_days,same_day_large_move_direction,premarket_controls_only,random_forest,1,1,0.905
2025-04-24,premarket_large_move,all_days,same_day_large_move_direction,premarket_controls_only,random_forest,1,1,0.9225
2025-05-02,premarket_large_move,all_days,same_day_large_move_direction,premarket_controls_only,random_forest,1,1,0.9375
2025-05-12,premarket_large_move,all_days,same_day_large_move_direction,premarket_controls_only,random_forest,1,1,0.95
2025-05-21,premarket_large_move,all_days,same_day_large_move_direction,premarket_controls_only,random_forest,0,0,0.16
2025-05-27,premarket_large_move,all_days,same_day_large_move_direction,premarket_controls_only,random_forest,1,1,0.9775
2025-06-06,premarket_large_move,all_days,same_day_large_move_direction,premarket_controls_only,random_forest,1,1,0.9975
2025-06-13,premarket_large_move,all_days,same_day_large_move_direction,premarket_controls_only,random_forest,0,0,0.005
2025-06-16,premarket_large_move,all_days,same_day_large_move_direction,premarket_controls_only,random_forest,1,1,0.9825
2025-06-17,premarket_large_move,all_days,same_day_large_move_direction,premarket_controls_only,random_forest,0,0,0.2925
2025-06-23,premarket_large_move,all_days,same_day_large_move_direction,premarket_controls_only,random_forest,1,1,1.0
2025-06-24,premarket_large_move,all_days,same_day_large_move_direction,premarket_controls_only,random_forest,1,1,0.985
2025-07-03,premarket_large_move,all_days,same_day_large_move_direction,premarket_controls_only,random_forest,1,1,0.95
2025-08-01,premarket_large_move,all_days,same_day_large_move_direction,premarket_controls_only,random_forest,0,0,0.0
2025-08-04,premarket_large_move,all_days,same_day_large_move_direction,premarket_controls_only,random_forest,1,1,0.985
2025-08-12,premarket_large_move,all_days,same_day_large_move_direction,premarket_controls_only,random_forest,1,1,1.0
2025-08-22,premarket_large_move,all_days,same_day_large_move_direction,premarket_controls_only,random_forest,1,1,0.9975
2025-09-04,premarket_large_move,all_days,same_day_large_move_direction,premarket_controls_only,random_forest,1,1,1.0
2025-09-11,premarket_large_move,all_days,same_day_large_move_direction,premarket_controls_only,random_forest,1,1,0.9975
2025-10-10,premarket_large_move,all_days,same_day_large_move_direction,premarket_controls_only,random_forest,0,0,0.0175
2025-10-13,premarket_large_move,all_days,same_day_large_move_direction,premarket_controls_only,random_forest,1,1,0.8925
2025-10-20,premarket_large_move,all_days,same_day_large_move_direction,premarket_controls_only,random_forest,1,1,0.95
2025-10-27,premarket_large_move,all_days,same_day_large_move_direction,premarket_controls_only,random_forest,1,1,1.0
2025-10-30,premarket_large_move,all_days,same_day_large_move_direction,premarket_controls_only,random_forest,0,0,0.035
2025-11-04,premarket_large_move,all_days,same_day_large_move_direction,premarket_controls_only,random_forest,0,0,0.0
2025-11-06,premarket_large_move,all_days,same_day_large_move_direction,premarket_controls_only,random_forest,0,0,0.0575
2025-11-10,premarket_large_move,all_days,same_day_large_move_direction,premarket_controls_only,random_forest,1,1,0.9975
2025-11-13,premarket_large_move,all_days,same_day_large_move_direction,premarket_controls_only,random_forest,0,0,0.015
2025-11-17,premarket_large_move,all_days,same_day_large_move_direction,premarket_controls_only,random_forest,0,0,0.025
2025-11-18,premarket_large_move,all_days,same_day_large_move_direction,premarket_controls_only,random_forest,0,0,0.025
2025-11-20,premarket_large_move,all_days,same_day_large_move_direction,premarket_controls_only,random_forest,0,0,0.005
2025-11-21,premarket_large_move,all_days,same_day_large_move_direction,premarket_controls_only,random_forest,1,1,0.815
2025-11-24,premarket_large_move,all_days,same_day_large_move_direction,premarket_controls_only,random_forest,1,1,0.985
2025-11-25,premarket_large_move,all_days,same_day_large_move_direction,premarket_controls_only,random_forest,1,1,0.8075
2025-12-12,premarket_large_move,all_days,same_day_large_move_direction,premarket_controls_only,random_forest,0,0,0.01
2025-12-17,premarket_large_move,all_days,same_day_large_move_direction,premarket_controls_only,random_forest,0,0,0.0
2025-12-19,premarket_large_move,all_days,same_day_large_move_direction,premarket_controls_only,random_forest,1,1,0.9725
2022-04-28,premarket_large_move,all_days,same_day_large_move_direction,premarket_controls_only,gradient_boosting,1,1,0.9991712192452108
2022-04-29,premarket_large_move,all_days,same_day_large_move_direction,premarket_controls_only,gradient_boosting,0,0,0.07523539950072194
2022-05-04,premarket_large_move,all_days,same_day_large_move_direction,premarket_controls_only,gradient_boosting,1,1,0.9975430076561045
2022-05-05,premarket_large_move,all_days,same_day_large_move_direction,premarket_controls_only,gradient_boosting,0,0,0.0018300470410143026
2022-05-09,premarket_large_move,all_days,same_day_large_move_direction,premarket_controls_only,gradient_boosting,0,0,0.038920686018197675
2022-05-11,premarket_large_move,all_days,same_day_large_move_direction,premarket_controls_only,gradient_boosting,0,0,0.015994889761626267
2022-05-13,premarket_large_move,all_days,same_day_large_move_direction,premarket_controls_only,gradient_boosting,1,1,0.9985785054498894
2022-05-17,premarket_large_move,all_days,same_day_large_move_direction,premarket_controls_only,gradient_boosting,1,1,0.9964719566517942
2022-05-18,premarket_large_move,all_days,same_day_large_move_direction,premarket_controls_only,gradient_boosting,0,0,0.0016280587260164975
2022-05-23,premarket_large_move,all_days,same_day_large_move_direction,premarket_controls_only,gradient_boosting,1,1,0.9702429527148492
2022-05-24,premarket_large_move,all_days,same_day_large_move_direction,premarket_controls_only,gradient_boosting,0,0,0.09621976329135465
2022-05-25,premarket_large_move,all_days,same_day_large_move_direction,premarket_controls_only,gradient_boosting,1,1,0.9817338552643601
2022-05-26,premarket_large_move,all_days,same_day_large_move_direction,premarket_controls_only,gradient_boosting,1,1,0.99387721822799
2022-05-27,premarket_large_move,all_days,same_day_large_move_direction,premarket_controls_only,gradient_boosting,1,1,0.8786501830037597
2022-06-02,premarket_large_move,all_days,same_day_large_move_direction,premarket_controls_only,gradient_boosting,1,1,0.9970609537720279
2022-06-07,premarket_large_move,all_days,same_day_large_move_direction,premarket_controls_only,gradient_boosting,1,1,0.9983515615436023
2022-06-08,premarket_large_move,all_days,same_day_large_move_direction,premarket_controls_only,gradient_boosting,0,0,0.03245099304239047
2022-06-09,premarket_large_move,all_days,same_day_large_move_direction,premarket_controls_only,gradient_boosting,0,0,0.008117021132503396
2022-06-10,premarket_large_move,all_days,same_day_large_move_direction,premarket_controls_only,gradient_boosting,0,0,0.09193334166122835
2022-06-13,premarket_large_move,all_days,same_day_large_move_direction,premarket_controls_only,gradient_boosting,0,0,0.12454809720768457
2022-06-15,premarket_large_move,all_days,same_day_large_move_direction,premarket_controls_only,gradient_boosting,1,0,0.19909007642410384
2022-06-16,premarket_large_move,all_days,same_day_large_move_direction,premarket_controls_only,gradient_boosting,0,0,0.0009757436978236881
2022-06-21,premarket_large_move,all_days,same_day_large_move_direction,premarket_controls_only,gradient_boosting,1,1,0.9855494384528479
2022-06-23,premarket_large_move,all_days,same_day_large_move_direction,premarket_controls_only,gradient_boosting,1,1,0.992168418228085
2022-06-24,premarket_large_move,all_days,same_day_large_move_direction,premarket_controls_only,gradient_boosting,1,1,0.9973436446739928
2022-06-28,premarket_large_move,all_days,same_day_large_move_direction,premarket_controls_only,gradient_boosting,0,0,0.044420890740136526
2022-06-30,premarket_large_move,all_days,same_day_large_move_direction,premarket_controls_only,gradient_boosting,0,0,0.024466087551788803
2022-07-01,premarket_large_move,all_days,same_day_large_move_direction,premarket_controls_only,gradient_boosting,1,1,0.7882351215899817
2022-07-07,premarket_large_move,all_days,same_day_large_move_direction,premarket_controls_only,gradient_boosting,1,1,0.986999023997675
2022-07-11,premarket_large_move,all_days,same_day_large_move_direction,premarket_controls_only,gradient_boosting,0,0,0.030093291745805977
2022-07-12,premarket_large_move,all_days,same_day_large_move_direction,premarket_controls_only,gradient_boosting,0,0,0.13023605561231288
2022-07-15,premarket_large_move,all_days,same_day_large_move_direction,premarket_controls_only,gradient_boosting,1,1,0.9965705810605179
2022-07-18,premarket_large_move,all_days,same_day_large_move_direction,premarket_controls_only,gradient_boosting,0,1,0.5526684710327816
2022-07-19,premarket_large_move,all_days,same_day_large_move_direction,premarket_controls_only,gradient_boosting,1,1,0.9970241948679461
2022-07-21,premarket_large_move,all_days,same_day_large_move_direction,premarket_controls_only,gradient_boosting,1,1,0.9934360107222338
2022-07-22,premarket_large_move,all_days,same_day_large_move_direction,premarket_controls_only,gradient_boosting,0,1,0.8258139531774826
2022-07-26,premarket_large_move,all_days,same_day_large_move_direction,premarket_controls_only,gradient_boosting,0,0,0.010724075291614182
2022-07-27,premarket_large_move,all_days,same_day_large_move_direction,premarket_controls_only,gradient_boosting,1,1,0.9988674500785528
2022-07-29,premarket_large_move,all_days,same_day_large_move_direction,premarket_controls_only,gradient_boosting,1,1,0.9219389164209808
2022-08-03,premarket_large_move,all_days,same_day_large_move_direction,premarket_controls_only,gradient_boosting,1,1,0.9960548144569611
2022-08-10,premarket_large_move,all_days,same_day_large_move_direction,premarket_controls_only,gradient_boosting,1,1,0.9971749797067505
2022-08-12,premarket_large_move,all_days,same_day_large_move_direction,premarket_controls_only,gradient_boosting,1,1,0.9961772730029185
2022-08-19,premarket_large_move,all_days,same_day_large_move_direction,premarket_controls_only,gradient_boosting,0,0,0.009544446407279597
2022-08-22,premarket_large_move,all_days,same_day_large_move_direction,premarket_controls_only,gradient_boosting,0,0,0.009846402055219911
2022-08-25,premarket_large_move,all_days,same_day_large_move_direction,premarket_controls_only,gradient_boosting,1,1,0.9938401142904622
2022-08-26,premarket_large_move,all_days,same_day_large_move_direction,premarket_controls_only,gradient_boosting,0,0,0.0016681732677781707
2022-08-30,premarket_large_move,all_days,same_day_large_move_direction,premarket_controls_only,gradient_boosting,0,0,0.07448930358196587
2022-09-02,premarket_large_move,all_days,same_day_large_move_direction,premarket_controls_only,gradient_boosting,0,0,0.008820749682708167
2022-09-07,premarket_large_move,all_days,same_day_large_move_direction,premarket_controls_only,gradient_boosting,1,1,0.9980121489032673
2022-09-09,premarket_large_move,all_days,same_day_large_move_direction,premarket_controls_only,gradient_boosting,1,1,0.9941748256178781
2022-09-12,premarket_large_move,all_days,same_day_large_move_direction,premarket_controls_only,gradient_boosting,1,1,0.9269953158061639
2022-09-13,premarket_large_move,all_days,same_day_large_move_direction,premarket_controls_only,gradient_boosting,0,0,0.00036103862542684296
2022-09-15,premarket_large_move,all_days,same_day_large_move_direction,premarket_controls_only,gradient_boosting,0,0,0.010894259144558464
2022-09-20,premarket_large_move,all_days,same_day_large_move_direction,premarket_controls_only,gradient_boosting,0,0,0.0029444217788017766
2022-09-21,premarket_large_move,all_days,same_day_large_move_direction,premarket_controls_only,gradient_boosting,0,0,0.01077082644934356
2022-09-22,premarket_large_move,all_days,same_day_large_move_direction,premarket_controls_only,gradient_boosting,0,0,0.1695956653057717
2022-09-23,premarket_large_move,all_days,same_day_large_move_direction,premarket_controls_only,gradient_boosting,0,0,0.0037293894565475724
2022-09-26,premarket_large_move,all_days,same_day_large_move_direction,premarket_controls_only,gradient_boosting,0,0,0.006649184592385537
2022-09-28,premarket_large_move,all_days,same_day_large_move_direction,premarket_controls_only,gradient_boosting,1,1,0.9907791801472701
2022-09-29,premarket_large_move,all_days,same_day_large_move_direction,premarket_controls_only,gradient_boosting,0,0,0.00034319895535716785
2022-09-30,premarket_large_move,all_days,same_day_large_move_direction,premarket_controls_only,gradient_boosting,0,0,0.013113156081271124
2022-10-03,premarket_large_move,all_days,same_day_large_move_direction,premarket_controls_only,gradient_boosting,1,1,0.9952156022029348
2022-10-04,premarket_large_move,all_days,same_day_large_move_direction,premarket_controls_only,gradient_boosting,1,1,0.9947075359180176
2022-10-06,premarket_large_move,all_days,same_day_large_move_direction,premarket_controls_only,gradient_boosting,0,1,0.9490180645266018
2022-10-07,premarket_large_move,all_days,same_day_large_move_direction,premarket_controls_only,gradient_boosting,0,0,0.004623493573997858
2022-10-13,premarket_large_move,all_days,same_day_large_move_direction,premarket_controls_only,gradient_boosting,1,1,0.9951621072464558
2022-10-14,premarket_large_move,all_days,same_day_large_move_direction,premarket_controls_only,gradient_boosting,0,0,0.004654953944547167
2022-10-17,premarket_large_move,all_days,same_day_large_move_direction,premarket_controls_only,gradient_boosting,1,1,0.9967155147892659
2022-10-18,premarket_large_move,all_days,same_day_large_move_direction,premarket_controls_only,gradient_boosting,1,1,0.9815383498874366
2022-10-21,premarket_large_move,all_days,same_day_large_move_direction,premarket_controls_only,gradient_boosting,1,1,0.9934246493710779
2022-10-24,premarket_large_move,all_days,same_day_large_move_direction,premarket_controls_only,gradient_boosting,1,1,0.9774609366627744
2022-10-25,premarket_large_move,all_days,same_day_large_move_direction,premarket_controls_only,gradient_boosting,1,1,0.9375850691747771
2022-10-28,premarket_large_move,all_days,same_day_large_move_direction,premarket_controls_only,gradient_boosting,1,1,0.9967265411483738
2022-11-02,premarket_large_move,all_days,same_day_large_move_direction,premarket_controls_only,gradient_boosting,0,0,0.005927785257893469
2022-11-03,premarket_large_move,all_days,same_day_large_move_direction,premarket_controls_only,gradient_boosting,0,0,0.07967525262254913
2022-11-04,premarket_large_move,all_days,same_day_large_move_direction,premarket_controls_only,gradient_boosting,1,1,0.5144189557332198
2022-11-07,premarket_large_move,all_days,same_day_large_move_direction,premarket_controls_only,gradient_boosting,1,1,0.9406309576688499
2022-11-09,premarket_large_move,all_days,same_day_large_move_direction,premarket_controls_only,gradient_boosting,0,0,0.005663178860226624
2022-11-10,premarket_large_move,all_days,same_day_large_move_direction,premarket_controls_only,gradient_boosting,1,1,0.9990619123108883
2022-11-11,premarket_large_move,all_days,same_day_large_move_direction,premarket_controls_only,gradient_boosting,1,1,0.9962813394600707
2022-11-14,premarket_large_move,all_days,same_day_large_move_direction,premarket_controls_only,gradient_boosting,0,1,0.995216423072841
2022-11-15,premarket_large_move,all_days,same_day_large_move_direction,premarket_controls_only,gradient_boosting,1,1,0.9941312018574081
2022-11-16,premarket_large_move,all_days,same_day_large_move_direction,premarket_controls_only,gradient_boosting,0,0,0.09767044204393861
2022-11-22,premarket_large_move,all_days,same_day_large_move_direction,premarket_controls_only,gradient_boosting,1,1,0.9796878519999433
2022-11-28,premarket_large_move,all_days,same_day_large_move_direction,premarket_controls_only,gradient_boosting,0,0,0.005002633662879837
2022-11-30,premarket_large_move,all_days,same_day_large_move_direction,premarket_controls_only,gradient_boosting,1,1,0.9979803629830156
2022-12-05,premarket_large_move,all_days,same_day_large_move_direction,premarket_controls_only,gradient_boosting,0,0,0.005812083142837554
2022-12-06,premarket_large_move,all_days,same_day_large_move_direction,premarket_controls_only,gradient_boosting,0,0,0.04828317807224923
2022-12-12,premarket_large_move,all_days,same_day_large_move_direction,premarket_controls_only,gradient_boosting,1,1,0.9921044369398688
2022-12-15,premarket_large_move,all_days,same_day_large_move_direction,premarket_controls_only,gradient_boosting,0,0,0.01183296891844411
2022-12-16,premarket_large_move,all_days,same_day_large_move_direction,premarket_controls_only,gradient_boosting,0,0,0.05311290607076401
2022-12-19,premarket_large_move,all_days,same_day_large_move_direction,premarket_controls_only,gradient_boosting,0,0,0.056466487126337755
2022-12-21,premarket_large_move,all_days,same_day_large_move_direction,premarket_controls_only,gradient_boosting,1,1,0.9892485893866608
2022-12-22,premarket_large_move,all_days,same_day_large_move_direction,premarket_controls_only,gradient_boosting,0,0,0.01700403285769764
2022-12-28,premarket_large_move,all_days,same_day_large_move_direction,premarket_controls_only,gradient_boosting,0,0,0.010928609768536988
2022-12-29,premarket_large_move,all_days,same_day_large_move_direction,premarket_controls_only,gradient_boosting,1,1,0.9990365316629185
2023-01-05,premarket_large_move,all_days,same_day_large_move_direction,premarket_controls_only,gradient_boosting,0,0,0.025473149286523177
2023-01-06,premarket_large_move,all_days,same_day_large_move_direction,premarket_controls_only,gradient_boosting,1,1,0.9976259989606435
2023-01-11,premarket_large_move,all_days,same_day_large_move_direction,premarket_controls_only,gradient_boosting,1,1,0.9964444399366681
2023-01-18,premarket_large_move,all_days,same_day_large_move_direction,premarket_controls_only,gradient_boosting,0,0,0.011212874031468404
2023-01-20,premarket_large_move,all_days,same_day_large_move_direction,premarket_controls_only,gradient_boosting,1,1,0.9928473233924703
2023-01-23,premarket_large_move,all_days,same_day_large_move_direction,premarket_controls_only,gradient_boosting,1,1,0.9529869431539489
2023-01-26,premarket_large_move,all_days,same_day_large_move_direction,premarket_controls_only,gradient_boosting,1,1,0.9947553339966828
2023-01-30,premarket_large_move,all_days,same_day_large_move_direction,premarket_controls_only,gradient_boosting,0,0,0.027994752914403054
2023-01-31,premarket_large_move,all_days,same_day_large_move_direction,premarket_controls_only,gradient_boosting,1,1,0.9970298075354733
2023-02-01,premarket_large_move,all_days,same_day_large_move_direction,premarket_controls_only,gradient_boosting,1,1,0.9913867533823717
2023-02-02,premarket_large_move,all_days,same_day_large_move_direction,premarket_controls_only,gradient_boosting,1,1,0.9802848306717746
2023-02-03,premarket_large_move,all_days,same_day_large_move_direction,premarket_controls_only,gradient_boosting,0,1,0.5103365912963032
2023-02-07,premarket_large_move,all_days,same_day_large_move_direction,premarket_controls_only,gradient_boosting,1,1,0.9912677089767694
2023-02-08,premarket_large_move,all_days,same_day_large_move_direction,premarket_controls_only,gradient_boosting,0,0,0.011494250405457948
2023-02-09,premarket_large_move,all_days,same_day_large_move_direction,premarket_controls_only,gradient_boosting,0,0,0.016432758627590707
2023-02-13,premarket_large_move,all_days,same_day_large_move_direction,premarket_controls_only,gradient_boosting,1,1,0.9824022895702309
2023-02-16,premarket_large_move,all_days,same_day_large_move_direction,premarket_controls_only,gradient_boosting,0,0,0.004641080517190554
2023-02-21,premarket_large_move,all_days,same_day_large_move_direction,premarket_controls_only,gradient_boosting,0,0,0.012256134894540709
2023-02-24,premarket_large_move,all_days,same_day_large_move_direction,premarket_controls_only,gradient_boosting,0,0,0.0038113924445775807
2023-03-03,premarket_large_move,all_days,same_day_large_move_direction,premarket_controls_only,gradient_boosting,1,1,0.996364633595522
2023-03-07,premarket_large_move,all_days,same_day_large_move_direction,premarket_controls_only,gradient_boosting,0,0,0.019527655465500855
2023-03-09,premarket_large_move,all_days,same_day_large_move_direction,premarket_controls_only,gradient_boosting,0,0,0.010015274854244284
2023-03-10,premarket_large_move,all_days,same_day_large_move_direction,premarket_controls_only,gradient_boosting,0,0,0.005852165272227316
2023-03-14,premarket_large_move,all_days,same_day_large_move_direction,premarket_controls_only,gradient_boosting,1,1,0.9961922593249298
2023-03-16,premarket_large_move,all_days,same_day_large_move_direction,premarket_controls_only,gradient_boosting,1,1,0.9900782290484149
2023-03-17,premarket_large_move,all_days,same_day_large_move_direction,premarket_controls_only,gradient_boosting,0,1,0.6522493127853746
2023-03-20,premarket_large_move,all_days,same_day_large_move_direction,premarket_controls_only,gradient_boosting,1,1,0.933562467941639
2023-03-21,premarket_large_move,all_days,same_day_large_move_direction,premarket_controls_only,gradient_boosting,1,1,0.997260354386947
2023-03-22,premarket_large_move,all_days,same_day_large_move_direction,premarket_controls_only,gradient_boosting,0,0,0.006529451734192767
2023-03-29,premarket_large_move,all_days,same_day_large_move_direction,premarket_controls_only,gradient_boosting,1,1,0.996893178888861
2023-03-31,premarket_large_move,all_days,same_day_large_move_direction,premarket_controls_only,gradient_boosting,1,1,0.9918266194764044
2023-04-13,premarket_large_move,all_days,same_day_large_move_direction,premarket_controls_only,gradient_boosting,1,1,0.9962265713863079
2023-04-25,premarket_large_move,all_days,same_day_large_move_direction,premarket_controls_only,gradient_boosting,0,0,0.003921771988930559
2023-04-27,premarket_large_move,all_days,same_day_large_move_direction,premarket_controls_only,gradient_boosting,1,1,0.9981050792737938
2023-04-28,premarket_large_move,all_days,same_day_large_move_direction,premarket_controls_only,gradient_boosting,1,1,0.9262058748662545
2023-05-02,premarket_large_move,all_days,same_day_large_move_direction,premarket_controls_only,gradient_boosting,0,0,0.01703695273943533
2023-05-05,premarket_large_move,all_days,same_day_large_move_direction,premarket_controls_only,gradient_boosting,1,1,0.9951268933620478
2023-05-17,premarket_large_move,all_days,same_day_large_move_direction,premarket_controls_only,gradient_boosting,1,1,0.991379105274573
2023-05-18,premarket_large_move,all_days,same_day_large_move_direction,premarket_controls_only,gradient_boosting,1,1,0.9804959446370569
2023-05-23,premarket_large_move,all_days,same_day_large_move_direction,premarket_controls_only,gradient_boosting,0,0,0.004903274431450536
2023-05-25,premarket_large_move,all_days,same_day_large_move_direction,premarket_controls_only,gradient_boosting,1,1,0.8330561907283225
2023-05-26,premarket_large_move,all_days,same_day_large_move_direction,premarket_controls_only,gradient_boosting,1,1,0.9892324532948606
2023-06-01,premarket_large_move,all_days,same_day_large_move_direction,premarket_controls_only,gradient_boosting,1,1,0.9915076304665151
2023-06-02,premarket_large_move,all_days,same_day_large_move_direction,premarket_controls_only,gradient_boosting,1,1,0.982201261290629
2023-06-12,premarket_large_move,all_days,same_day_large_move_direction,premarket_controls_only,gradient_boosting,1,1,0.9801819508641668
2023-06-15,premarket_large_move,all_days,same_day_large_move_direction,premarket_controls_only,gradient_boosting,1,1,0.9895117155872682
2023-06-27,premarket_large_move,all_days,same_day_large_move_direction,premarket_controls_only,gradient_boosting,1,1,0.9946420414115557
2023-06-30,premarket_large_move,all_days,same_day_large_move_direction,premarket_controls_only,gradient_boosting,1,1,0.9960081166067659
2023-07-13,premarket_large_move,all_days,same_day_large_move_direction,premarket_controls_only,gradient_boosting,1,1,0.98508356155531
2023-07-28,premarket_large_move,all_days,same_day_large_move_direction,premarket_controls_only,gradient_boosting,1,1,0.9922461676098872
2023-08-02,premarket_large_move,all_days,same_day_large_move_direction,premarket_controls_only,gradient_boosting,0,0,0.011871445787639304
2023-08-07,premarket_large_move,all_days,same_day_large_move_direction,premarket_controls_only,gradient_boosting,1,1,0.8851795809574863
2023-08-15,premarket_large_move,all_days,same_day_large_move_direction,premarket_controls_only,gradient_boosting,0,0,0.014682142115402416
2023-08-23,premarket_large_move,all_days,same_day_large_move_direction,premarket_controls_only,gradient_boosting,1,1,0.9932610317162462
2023-08-24,premarket_large_move,all_days,same_day_large_move_direction,premarket_controls_only,gradient_boosting,0,0,0.007745162784316577
2023-08-29,premarket_large_move,all_days,same_day_large_move_direction,premarket_controls_only,gradient_boosting,1,1,0.9852949070523618
2023-09-14,premarket_large_move,all_days,same_day_large_move_direction,premarket_controls_only,gradient_boosting,1,1,0.9753904987504142
2023-09-15,premarket_large_move,all_days,same_day_large_move_direction,premarket_controls_only,gradient_boosting,0,0,0.051546707488718486
2023-09-20,premarket_large_move,all_days,same_day_large_move_direction,premarket_controls_only,gradient_boosting,0,0,0.01281455592854368
2023-09-21,premarket_large_move,all_days,same_day_large_move_direction,premarket_controls_only,gradient_boosting,0,0,0.012413517832617264
2023-09-26,premarket_large_move,all_days,same_day_large_move_direction,premarket_controls_only,gradient_boosting,0,0,0.0043646691496648906
2023-10-03,premarket_large_move,all_days,same_day_large_move_direction,premarket_controls_only,gradient_boosting,0,0,0.0039260348933562806
2023-10-04,premarket_large_move,all_days,same_day_large_move_direction,premarket_controls_only,gradient_boosting,1,1,0.6561957721165986
2023-10-06,premarket_large_move,all_days,same_day_large_move_direction,premarket_controls_only,gradient_boosting,1,1,0.9873664036516496
2023-10-16,premarket_large_move,all_days,same_day_large_move_direction,premarket_controls_only,gradient_boosting,1,1,0.9943536053459391
2023-10-18,premarket_large_move,all_days,same_day_large_move_direction,premarket_controls_only,gradient_boosting,0,0,0.011372997153783305
2023-10-19,premarket_large_move,all_days,same_day_large_move_direction,premarket_controls_only,gradient_boosting,0,0,0.10403448529490356
2023-10-20,premarket_large_move,all_days,same_day_large_move_direction,premarket_controls_only,gradient_boosting,0,0,0.03206653848566581
2023-10-25,premarket_large_move,all_days,same_day_large_move_direction,premarket_controls_only,gradient_boosting,0,0,0.0035818844369298873
2023-10-26,premarket_large_move,all_days,same_day_large_move_direction,premarket_controls_only,gradient_boosting,0,0,0.04992894303671233
2023-10-30,premarket_large_move,all_days,same_day_large_move_direction,premarket_controls_only,gradient_boosting,1,1,0.8235472213989287
2023-11-01,premarket_large_move,all_days,same_day_large_move_direction,premarket_controls_only,gradient_boosting,1,1,0.9880532385525282
2023-11-02,premarket_large_move,all_days,same_day_large_move_direction,premarket_controls_only,gradient_boosting,1,1,0.9858338153724047
2023-11-03,premarket_large_move,all_days,same_day_large_move_direction,premarket_controls_only,gradient_boosting,1,1,0.9700467626042235
2023-11-10,premarket_large_move,all_days,same_day_large_move_direction,premarket_controls_only,gradient_boosting,1,1,0.9969889018129122
2023-11-14,premarket_large_move,all_days,same_day_large_move_direction,premarket_controls_only,gradient_boosting,1,1,0.9932480323750985
2023-12-13,premarket_large_move,all_days,same_day_large_move_direction,premarket_controls_only,gradient_boosting,1,1,0.9896304587848284
2023-12-20,premarket_large_move,all_days,same_day_large_move_direction,premarket_controls_only,gradient_boosting,0,0,0.0063778692520365336
2023-12-21,premarket_large_move,all_days,same_day_large_move_direction,premarket_controls_only,gradient_boosting,1,1,0.9937919128726734
2024-01-08,premarket_large_move,all_days,same_day_large_move_direction,premarket_controls_only,gradient_boosting,1,1,0.9994175405893988
2024-01-18,premarket_large_move,all_days,same_day_large_move_direction,premarket_controls_only,gradient_boosting,1,1,0.9975203698508474
2024-01-19,premarket_large_move,all_days,same_day_large_move_direction,premarket_controls_only,gradient_boosting,1,1,0.9990561737790291
2024-01-31,premarket_large_move,all_days,same_day_large_move_direction,premarket_controls_only,gradient_boosting,0,0,0.0005689503198449351
2024-02-01,premarket_large_move,all_days,same_day_large_move_direction,premarket_controls_only,gradient_boosting,1,1,0.9976308431029157
2024-02-02,premarket_large_move,all_days,same_day_large_move_direction,premarket_controls_only,gradient_boosting,1,1,0.9959081351060313
2024-02-07,premarket_large_move,all_days,same_day_large_move_direction,premarket_controls_only,gradient_boosting,1,1,0.9980166885076067
2024-02-13,premarket_large_move,all_days,same_day_large_move_direction,premarket_controls_only,gradient_boosting,0,0,0.00013302843562957076
2024-02-14,premarket_large_move,all_days,same_day_large_move_direction,premarket_controls_only,gradient_boosting,1,1,0.9936537711193724
2024-02-22,premarket_large_move,all_days,same_day_large_move_direction,premarket_controls_only,gradient_boosting,1,1,0.999217255172019
2024-03-05,premarket_large_move,all_days,same_day_large_move_direction,premarket_controls_only,gradient_boosting,0,0,0.0017898932343327326
2024-03-07,premarket_large_move,all_days,same_day_large_move_direction,premarket_controls_only,gradient_boosting,1,1,0.9987772054325837
2024-03-12,premarket_large_move,all_days,same_day_large_move_direction,premarket_controls_only,gradient_boosting,1,1,0.9984489732440313
2024-03-20,premarket_large_move,all_days,same_day_large_move_direction,premarket_controls_only,gradient_boosting,1,1,0.9976915062646221
2024-03-27,premarket_large_move,all_days,same_day_large_move_direction,premarket_controls_only,gradient_boosting,1,1,0.999108259573005
2024-04-04,premarket_large_move,all_days,same_day_large_move_direction,premarket_controls_only,gradient_boosting,0,0,0.0010984888125231385
2024-04-05,premarket_large_move,all_days,same_day_large_move_direction,premarket_controls_only,gradient_boosting,1,1,0.9977859561736382
2024-04-10,premarket_large_move,all_days,same_day_large_move_direction,premarket_controls_only,gradient_boosting,0,0,0.0030194242651071417
2024-04-12,premarket_large_move,all_days,same_day_large_move_direction,premarket_controls_only,gradient_boosting,0,0,0.0014823738153211662
2024-04-15,premarket_large_move,all_days,same_day_large_move_direction,premarket_controls_only,gradient_boosting,0,0,0.004664587974580669
2024-04-19,premarket_large_move,all_days,same_day_large_move_direction,premarket_controls_only,gradient_boosting,0,0,0.0043467467701348165
2024-04-22,premarket_large_move,all_days,same_day_large_move_direction,premarket_controls_only,gradient_boosting,1,1,0.9862635905176479
2024-04-23,premarket_large_move,all_days,same_day_large_move_direction,premarket_controls_only,gradient_boosting,1,1,0.99867647459617
2024-04-26,premarket_large_move,all_days,same_day_large_move_direction,premarket_controls_only,gradient_boosting,1,1,0.9991176666389521
2024-04-30,premarket_large_move,all_days,same_day_large_move_direction,premarket_controls_only,gradient_boosting,0,0,0.0024579030255410294
2024-05-02,premarket_large_move,all_days,same_day_large_move_direction,premarket_controls_only,gradient_boosting,1,1,0.9687320863901078
2024-05-03,premarket_large_move,all_days,same_day_large_move_direction,premarket_controls_only,gradient_boosting,1,1,0.998999518157484
2024-05-06,premarket_large_move,all_days,same_day_large_move_direction,premarket_controls_only,gradient_boosting,1,1,0.995094064839011
2024-05-15,premarket_large_move,all_days,same_day_large_move_direction,premarket_controls_only,gradient_boosting,1,1,0.9992850313261027
2024-06-05,premarket_large_move,all_days,same_day_large_move_direction,premarket_controls_only,gradient_boosting,1,1,0.999354186997403
2024-06-12,premarket_large_move,all_days,same_day_large_move_direction,premarket_controls_only,gradient_boosting,1,1,0.9986658003148461
2024-07-10,premarket_large_move,all_days,same_day_large_move_direction,premarket_controls_only,gradient_boosting,1,1,0.9991577773711583
2024-07-11,premarket_large_move,all_days,same_day_large_move_direction,premarket_controls_only,gradient_boosting,0,0,0.009738016065832274
2024-07-17,premarket_large_move,all_days,same_day_large_move_direction,premarket_controls_only,gradient_boosting,0,0,0.0017812814138286471
2024-07-22,premarket_large_move,all_days,same_day_large_move_direction,premarket_controls_only,gradient_boosting,1,1,0.7426617552067405
2024-07-24,premarket_large_move,all_days,same_day_large_move_direction,premarket_controls_only,gradient_boosting,0,0,0.00120426476406194
2024-07-26,premarket_large_move,all_days,same_day_large_move_direction,premarket_controls_only,gradient_boosting,1,1,0.8112891094619128
2024-07-31,premarket_large_move,all_days,same_day_large_move_direction,premarket_controls_only,gradient_boosting,1,1,0.9994362710088054
2024-08-01,premarket_large_move,all_days,same_day_large_move_direction,premarket_controls_only,gradient_boosting,0,0,0.0030391969878198143
2024-08-02,premarket_large_move,all_days,same_day_large_move_direction,premarket_controls_only,gradient_boosting,0,0,0.002923877610852174
2024-08-05,premarket_large_move,all_days,same_day_large_move_direction,premarket_controls_only,gradient_boosting,0,0,0.0005799172760989474
2024-08-06,premarket_large_move,all_days,same_day_large_move_direction,premarket_controls_only,gradient_boosting,1,0,0.2941701392124706
2024-08-08,premarket_large_move,all_days,same_day_large_move_direction,premarket_controls_only,gradient_boosting,1,1,0.9993675414394863
2024-08-13,premarket_large_move,all_days,same_day_large_move_direction,premarket_controls_only,gradient_boosting,1,1,0.99913096899233
2024-08-15,premarket_large_move,all_days,same_day_large_move_direction,premarket_controls_only,gradient_boosting,1,1,0.9993661182947386
2024-08-19,premarket_large_move,all_days,same_day_large_move_direction,premarket_controls_only,gradient_boosting,1,1,0.9971433718664876
2024-08-22,premarket_large_move,all_days,same_day_large_move_direction,premarket_controls_only,gradient_boosting,0,0,0.005350432232482923
2024-08-23,premarket_large_move,all_days,same_day_large_move_direction,premarket_controls_only,gradient_boosting,1,1,0.9985761433225014
2024-08-30,premarket_large_move,all_days,same_day_large_move_direction,premarket_controls_only,gradient_boosting,1,1,0.9973851148895161
2024-09-03,premarket_large_move,all_days,same_day_large_move_direction,premarket_controls_only,gradient_boosting,0,0,0.0003185147448422009
2024-09-06,premarket_large_move,all_days,same_day_large_move_direction,premarket_controls_only,gradient_boosting,0,0,0.0008538775839797774
2024-09-09,premarket_large_move,all_days,same_day_large_move_direction,premarket_controls_only,gradient_boosting,1,1,0.9921630547286386
2024-09-11,premarket_large_move,all_days,same_day_large_move_direction,premarket_controls_only,gradient_boosting,1,1,0.996421943435686
2024-09-19,premarket_large_move,all_days,same_day_large_move_direction,premarket_controls_only,gradient_boosting,1,1,0.9994499075977888
2024-10-01,premarket_large_move,all_days,same_day_large_move_direction,premarket_controls_only,gradient_boosting,0,0,0.001470202162321525
2024-10-04,premarket_large_move,all_days,same_day_large_move_direction,premarket_controls_only,gradient_boosting,1,1,0.9986543472861396
2024-10-07,premarket_large_move,all_days,same_day_large_move_direction,premarket_controls_only,gradient_boosting,0,0,0.008470442708110272
2024-10-08,premarket_large_move,all_days,same_day_large_move_direction,premarket_controls_only,gradient_boosting,1,1,0.9974267152102853
2024-10-23,premarket_large_move,all_days,same_day_large_move_direction,premarket_controls_only,gradient_boosting,0,0,0.000562616052227874
2024-10-31,premarket_large_move,all_days,same_day_large_move_direction,premarket_controls_only,gradient_boosting,0,0,0.0011897219127593437
2024-11-05,premarket_large_move,all_days,same_day_large_move_direction,premarket_controls_only,gradient_boosting,1,1,0.9977305719788043
2024-11-15,premarket_large_move,all_days,same_day_large_move_direction,premarket_controls_only,gradient_boosting,0,0,0.0011502125779055202
2024-12-11,premarket_large_move,all_days,same_day_large_move_direction,premarket_controls_only,gradient_boosting,1,1,0.9968187437557041
2024-12-18,premarket_large_move,all_days,same_day_large_move_direction,premarket_controls_only,gradient_boosting,0,0,0.0007412902018980309
2024-12-20,premarket_large_move,all_days,same_day_large_move_direction,premarket_controls_only,gradient_boosting,1,0,0.4904518776500702
2024-12-24,premarket_large_move,all_days,same_day_large_move_direction,premarket_controls_only,gradient_boosting,1,1,0.968846909693926
2024-12-27,premarket_large_move,all_days,same_day_large_move_direction,premarket_controls_only,gradient_boosting,0,0,0.003293993543921108
2024-12-30,premarket_large_move,all_days,same_day_large_move_direction,premarket_controls_only,gradient_boosting,0,0,0.0023094517337681492
2025-01-03,premarket_large_move,all_days,same_day_large_move_direction,premarket_controls_only,gradient_boosting,1,1,0.9992943646067782
2025-01-07,premarket_large_move,all_days,same_day_large_move_direction,premarket_controls_only,gradient_boosting,0,0,0.040163624195567973
2025-01-10,premarket_large_move,all_days,same_day_large_move_direction,premarket_controls_only,gradient_boosting,0,0,0.0032251242780438126
2025-01-15,premarket_large_move,all_days,same_day_large_move_direction,premarket_controls_only,gradient_boosting,1,1,0.999319737110859
2025-01-17,premarket_large_move,all_days,same_day_large_move_direction,premarket_controls_only,gradient_boosting,1,1,0.993713162539981
2025-01-21,premarket_large_move,all_days,same_day_large_move_direction,premarket_controls_only,gradient_boosting,1,1,0.9879581591572728
2025-01-27,premarket_large_move,all_days,same_day_large_move_direction,premarket_controls_only,gradient_boosting,0,0,0.0012148475766404763
2025-01-28,premarket_large_move,all_days,same_day_large_move_direction,premarket_controls_only,gradient_boosting,1,1,0.9934215924838247
2025-02-07,premarket_large_move,all_days,same_day_large_move_direction,premarket_controls_only,gradient_boosting,0,0,0.022332687183271163
2025-02-13,premarket_large_move,all_days,same_day_large_move_direction,premarket_controls_only,gradient_boosting,1,1,0.9992156515902176
2025-02-21,premarket_large_move,all_days,same_day_large_move_direction,premarket_controls_only,gradient_boosting,0,0,0.0011652524512359467
2025-02-27,premarket_large_move,all_days,same_day_large_move_direction,premarket_controls_only,gradient_boosting,0,0,0.0008303138357367204
2025-02-28,premarket_large_move,all_days,same_day_large_move_direction,premarket_controls_only,gradient_boosting,1,1,0.9999175981162979
2025-03-03,premarket_large_move,all_days,same_day_large_move_direction,premarket_controls_only,gradient_boosting,0,0,0.006288063955702857
2025-03-04,premarket_large_move,all_days,same_day_large_move_direction,premarket_controls_only,gradient_boosting,0,0,0.0050574243992495965
2025-03-05,premarket_large_move,all_days,same_day_large_move_direction,premarket_controls_only,gradient_boosting,1,1,0.9991332891428268
2025-03-06,premarket_large_move,all_days,same_day_large_move_direction,premarket_controls_only,gradient_boosting,0,0,0.0011521655395664006
2025-03-10,premarket_large_move,all_days,same_day_large_move_direction,premarket_controls_only,gradient_boosting,0,0,0.00023208924932331727
2025-03-13,premarket_large_move,all_days,same_day_large_move_direction,premarket_controls_only,gradient_boosting,0,0,0.0007122474116656167
2025-03-14,premarket_large_move,all_days,same_day_large_move_direction,premarket_controls_only,gradient_boosting,1,1,0.9996753802361528
2025-03-18,premarket_large_move,all_days,same_day_large_move_direction,premarket_controls_only,gradient_boosting,0,0,0.07599438237591945
2025-03-19,premarket_large_move,all_days,same_day_large_move_direction,premarket_controls_only,gradient_boosting,1,1,0.9962574485913835
2025-03-24,premarket_large_move,all_days,same_day_large_move_direction,premarket_controls_only,gradient_boosting,1,1,0.9989597039017507
2025-03-26,premarket_large_move,all_days,same_day_large_move_direction,premarket_controls_only,gradient_boosting,0,0,0.02482815397851094
2025-03-28,premarket_large_move,all_days,same_day_large_move_direction,premarket_controls_only,gradient_boosting,0,0,0.004563360854392713
2025-04-03,premarket_large_move,all_days,same_day_large_move_direction,premarket_controls_only,gradient_boosting,0,0,0.0004539894273936513
2025-04-04,premarket_large_move,all_days,same_day_large_move_direction,premarket_controls_only,gradient_boosting,0,0,0.0075321580719149425
2025-04-08,premarket_large_move,all_days,same_day_large_move_direction,premarket_controls_only,gradient_boosting,0,0,0.008155027385147196
2025-04-09,premarket_large_move,all_days,same_day_large_move_direction,premarket_controls_only,gradient_boosting,1,1,0.9999527651808379
2025-04-10,premarket_large_move,all_days,same_day_large_move_direction,premarket_controls_only,gradient_boosting,0,1,0.999328148049902
2025-04-11,premarket_large_move,all_days,same_day_large_move_direction,premarket_controls_only,gradient_boosting,1,1,0.9995544678141919
2025-04-16,premarket_large_move,all_days,same_day_large_move_direction,premarket_controls_only,gradient_boosting,0,0,0.001998021926616098
2025-04-21,premarket_large_move,all_days,same_day_large_move_direction,premarket_controls_only,gradient_boosting,0,0,0.0006321351974567916
2025-04-22,premarket_large_move,all_days,same_day_large_move_direction,premarket_controls_only,gradient_boosting,1,1,0.9997220296131825
2025-04-23,premarket_large_move,all_days,same_day_large_move_direction,premarket_controls_only,gradient_boosting,1,1,0.9992421348873096
2025-04-24,premarket_large_move,all_days,same_day_large_move_direction,premarket_controls_only,gradient_boosting,1,1,0.9945994489331061
2025-05-02,premarket_large_move,all_days,same_day_large_move_direction,premarket_controls_only,gradient_boosting,1,1,0.9990859577040264
2025-05-12,premarket_large_move,all_days,same_day_large_move_direction,premarket_controls_only,gradient_boosting,1,1,0.9989317711713112
2025-05-21,premarket_large_move,all_days,same_day_large_move_direction,premarket_controls_only,gradient_boosting,0,0,0.002688002024177968
2025-05-27,premarket_large_move,all_days,same_day_large_move_direction,premarket_controls_only,gradient_boosting,1,1,0.9995852440082097
2025-06-06,premarket_large_move,all_days,same_day_large_move_direction,premarket_controls_only,gradient_boosting,1,1,0.9993542122311081
2025-06-13,premarket_large_move,all_days,same_day_large_move_direction,premarket_controls_only,gradient_boosting,0,0,0.0015091234438435988
2025-06-16,premarket_large_move,all_days,same_day_large_move_direction,premarket_controls_only,gradient_boosting,1,1,0.9978349119395679
2025-06-17,premarket_large_move,all_days,same_day_large_move_direction,premarket_controls_only,gradient_boosting,0,0,0.048510522754547133
2025-06-23,premarket_large_move,all_days,same_day_large_move_direction,premarket_controls_only,gradient_boosting,1,1,0.9984316025167802
2025-06-24,premarket_large_move,all_days,same_day_large_move_direction,premarket_controls_only,gradient_boosting,1,1,0.9917566899951085
2025-07-03,premarket_large_move,all_days,same_day_large_move_direction,premarket_controls_only,gradient_boosting,1,1,0.9963371696158604
2025-08-01,premarket_large_move,all_days,same_day_large_move_direction,premarket_controls_only,gradient_boosting,0,0,0.0011956304830286046
2025-08-04,premarket_large_move,all_days,same_day_large_move_direction,premarket_controls_only,gradient_boosting,1,1,0.9996091300315902
2025-08-12,premarket_large_move,all_days,same_day_large_move_direction,premarket_controls_only,gradient_boosting,1,1,0.9983849649225216
2025-08-22,premarket_large_move,all_days,same_day_large_move_direction,premarket_controls_only,gradient_boosting,1,1,0.9990762029667608
2025-09-04,premarket_large_move,all_days,same_day_large_move_direction,premarket_controls_only,gradient_boosting,1,1,0.995391785509251
2025-09-11,premarket_large_move,all_days,same_day_large_move_direction,premarket_controls_only,gradient_boosting,1,1,0.9987104692876434
2025-10-10,premarket_large_move,all_days,same_day_large_move_direction,premarket_controls_only,gradient_boosting,0,0,0.0015730260456081027
2025-10-13,premarket_large_move,all_days,same_day_large_move_direction,premarket_controls_only,gradient_boosting,1,1,0.9994012137482666
2025-10-20,premarket_large_move,all_days,same_day_large_move_direction,premarket_controls_only,gradient_boosting,1,1,0.9976977829140794
2025-10-27,premarket_large_move,all_days,same_day_large_move_direction,premarket_controls_only,gradient_boosting,1,1,0.998134708432323
2025-10-30,premarket_large_move,all_days,same_day_large_move_direction,premarket_controls_only,gradient_boosting,0,0,0.0019302711763966517
2025-11-04,premarket_large_move,all_days,same_day_large_move_direction,premarket_controls_only,gradient_boosting,0,0,0.0003653908488799211
2025-11-06,premarket_large_move,all_days,same_day_large_move_direction,premarket_controls_only,gradient_boosting,0,0,0.012769997176712329
2025-11-10,premarket_large_move,all_days,same_day_large_move_direction,premarket_controls_only,gradient_boosting,1,1,0.999690923741258
2025-11-13,premarket_large_move,all_days,same_day_large_move_direction,premarket_controls_only,gradient_boosting,0,0,0.00040341517776482447
2025-11-17,premarket_large_move,all_days,same_day_large_move_direction,premarket_controls_only,gradient_boosting,0,0,0.0065473186120246244
2025-11-18,premarket_large_move,all_days,same_day_large_move_direction,premarket_controls_only,gradient_boosting,0,0,0.0017479123922225783
2025-11-20,premarket_large_move,all_days,same_day_large_move_direction,premarket_controls_only,gradient_boosting,0,0,0.0006429554632358711
2025-11-21,premarket_large_move,all_days,same_day_large_move_direction,premarket_controls_only,gradient_boosting,1,1,0.9983275440766883
2025-11-24,premarket_large_move,all_days,same_day_large_move_direction,premarket_controls_only,gradient_boosting,1,1,0.9989966714117434
2025-11-25,premarket_large_move,all_days,same_day_large_move_direction,premarket_controls_only,gradient_boosting,1,1,0.7575191542161775
2025-12-12,premarket_large_move,all_days,same_day_large_move_direction,premarket_controls_only,gradient_boosting,0,0,0.0044064296138334276
2025-12-17,premarket_large_move,all_days,same_day_large_move_direction,premarket_controls_only,gradient_boosting,0,0,0.0010745300850434044
2025-12-19,premarket_large_move,all_days,same_day_large_move_direction,premarket_controls_only,gradient_boosting,1,1,0.9994230080448738
2022-04-28,premarket_large_move,all_days,same_day_large_move_direction,premarket_controls_plus_text,logreg,1,1,0.9999999946353195
2022-04-29,premarket_large_move,all_days,same_day_large_move_direction,premarket_controls_plus_text,logreg,0,0,0.006833675294606258
2022-05-04,premarket_large_move,all_days,same_day_large_move_direction,premarket_controls_plus_text,logreg,1,1,0.999506208674427
2022-05-05,premarket_large_move,all_days,same_day_large_move_direction,premarket_controls_plus_text,logreg,0,0,0.0009544579995743888
2022-05-09,premarket_large_move,all_days,same_day_large_move_direction,premarket_controls_plus_text,logreg,0,0,0.000181150479955324
2022-05-11,premarket_large_move,all_days,same_day_large_move_direction,premarket_controls_plus_text,logreg,0,0,0.0027310214621922794
2022-05-13,premarket_large_move,all_days,same_day_large_move_direction,premarket_controls_plus_text,logreg,1,1,0.992289918228367
2022-05-17,premarket_large_move,all_days,same_day_large_move_direction,premarket_controls_plus_text,logreg,1,1,0.9834513771443343
2022-05-18,premarket_large_move,all_days,same_day_large_move_direction,premarket_controls_plus_text,logreg,0,0,6.459314312782719e-05
2022-05-23,premarket_large_move,all_days,same_day_large_move_direction,premarket_controls_plus_text,logreg,1,1,0.9197118595764179
2022-05-24,premarket_large_move,all_days,same_day_large_move_direction,premarket_controls_plus_text,logreg,0,0,0.021752005669363094
2022-05-25,premarket_large_move,all_days,same_day_large_move_direction,premarket_controls_plus_text,logreg,1,1,0.9707077228901924
2022-05-26,premarket_large_move,all_days,same_day_large_move_direction,premarket_controls_plus_text,logreg,1,1,0.9989978809150609
2022-05-27,premarket_large_move,all_days,same_day_large_move_direction,premarket_controls_plus_text,logreg,1,1,0.9991907432595132
2022-06-02,premarket_large_move,all_days,same_day_large_move_direction,premarket_controls_plus_text,logreg,1,1,0.9942532947847076
2022-06-07,premarket_large_move,all_days,same_day_large_move_direction,premarket_controls_plus_text,logreg,1,1,0.9971972016537981
2022-06-08,premarket_large_move,all_days,same_day_large_move_direction,premarket_controls_plus_text,logreg,0,0,0.08845309688517734
2022-06-09,premarket_large_move,all_days,same_day_large_move_direction,premarket_controls_plus_text,logreg,0,0,0.009633860110478598
2022-06-10,premarket_large_move,all_days,same_day_large_move_direction,premarket_controls_plus_text,logreg,0,0,0.0007093681753743803
2022-06-13,premarket_large_move,all_days,same_day_large_move_direction,premarket_controls_plus_text,logreg,0,0,1.2335748919965046e-05
2022-06-15,premarket_large_move,all_days,same_day_large_move_direction,premarket_controls_plus_text,logreg,1,1,0.812004476532959
2022-06-16,premarket_large_move,all_days,same_day_large_move_direction,premarket_controls_plus_text,logreg,0,0,0.00014355684929044714
2022-06-21,premarket_large_move,all_days,same_day_large_move_direction,premarket_controls_plus_text,logreg,1,1,0.9965476734905769
2022-06-23,premarket_large_move,all_days,same_day_large_move_direction,premarket_controls_plus_text,logreg,1,1,0.9549663415519033
2022-06-24,premarket_large_move,all_days,same_day_large_move_direction,premarket_controls_plus_text,logreg,1,1,0.999472069776889
2022-06-28,premarket_large_move,all_days,same_day_large_move_direction,premarket_controls_plus_text,logreg,0,0,0.012228159321793226
2022-06-30,premarket_large_move,all_days,same_day_large_move_direction,premarket_controls_plus_text,logreg,0,0,0.02883070221708222
2022-07-01,premarket_large_move,all_days,same_day_large_move_direction,premarket_controls_plus_text,logreg,1,1,0.6276148878772494
2022-07-07,premarket_large_move,all_days,same_day_large_move_direction,premarket_controls_plus_text,logreg,1,1,0.9960777822853072
2022-07-11,premarket_large_move,all_days,same_day_large_move_direction,premarket_controls_plus_text,logreg,0,0,0.06189826460569663
2022-07-12,premarket_large_move,all_days,same_day_large_move_direction,premarket_controls_plus_text,logreg,0,0,0.09713629368521054
2022-07-15,premarket_large_move,all_days,same_day_large_move_direction,premarket_controls_plus_text,logreg,1,1,0.9582598731920555
2022-07-18,premarket_large_move,all_days,same_day_large_move_direction,premarket_controls_plus_text,logreg,0,0,0.1061501359047976
2022-07-19,premarket_large_move,all_days,same_day_large_move_direction,premarket_controls_plus_text,logreg,1,1,0.9980499491512443
2022-07-21,premarket_large_move,all_days,same_day_large_move_direction,premarket_controls_plus_text,logreg,1,1,0.9847061087602185
2022-07-22,premarket_large_move,all_days,same_day_large_move_direction,premarket_controls_plus_text,logreg,0,0,0.26056834386387595
2022-07-26,premarket_large_move,all_days,same_day_large_move_direction,premarket_controls_plus_text,logreg,0,0,0.040622190506708795
2022-07-27,premarket_large_move,all_days,same_day_large_move_direction,premarket_controls_plus_text,logreg,1,1,0.9988762062532475
2022-07-29,premarket_large_move,all_days,same_day_large_move_direction,premarket_controls_plus_text,logreg,1,1,0.9376229308302976
2022-08-03,premarket_large_move,all_days,same_day_large_move_direction,premarket_controls_plus_text,logreg,1,1,0.9873523924490962
2022-08-10,premarket_large_move,all_days,same_day_large_move_direction,premarket_controls_plus_text,logreg,1,1,0.9839172447175036
2022-08-12,premarket_large_move,all_days,same_day_large_move_direction,premarket_controls_plus_text,logreg,1,1,0.9956899255838925
2022-08-19,premarket_large_move,all_days,same_day_large_move_direction,premarket_controls_plus_text,logreg,0,0,0.028542520687669163
2022-08-22,premarket_large_move,all_days,same_day_large_move_direction,premarket_controls_plus_text,logreg,0,0,0.002055594745616036
2022-08-25,premarket_large_move,all_days,same_day_large_move_direction,premarket_controls_plus_text,logreg,1,1,0.9744081316448037
2022-08-26,premarket_large_move,all_days,same_day_large_move_direction,premarket_controls_plus_text,logreg,0,0,0.0006991400432999016
2022-08-30,premarket_large_move,all_days,same_day_large_move_direction,premarket_controls_plus_text,logreg,0,0,0.028931116734789326
2022-09-02,premarket_large_move,all_days,same_day_large_move_direction,premarket_controls_plus_text,logreg,0,0,0.008385841136078993
2022-09-07,premarket_large_move,all_days,same_day_large_move_direction,premarket_controls_plus_text,logreg,1,1,0.9805570614440993
2022-09-09,premarket_large_move,all_days,same_day_large_move_direction,premarket_controls_plus_text,logreg,1,1,0.9754274412318346
2022-09-12,premarket_large_move,all_days,same_day_large_move_direction,premarket_controls_plus_text,logreg,1,1,0.9657046784393474
2022-09-13,premarket_large_move,all_days,same_day_large_move_direction,premarket_controls_plus_text,logreg,0,0,6.912840446913613e-05
2022-09-15,premarket_large_move,all_days,same_day_large_move_direction,premarket_controls_plus_text,logreg,0,0,0.06652795384979798
2022-09-20,premarket_large_move,all_days,same_day_large_move_direction,premarket_controls_plus_text,logreg,0,0,0.02737339398499617
2022-09-21,premarket_large_move,all_days,same_day_large_move_direction,premarket_controls_plus_text,logreg,0,0,0.0024317192903238584
2022-09-22,premarket_large_move,all_days,same_day_large_move_direction,premarket_controls_plus_text,logreg,0,0,0.021725441764994826
2022-09-23,premarket_large_move,all_days,same_day_large_move_direction,premarket_controls_plus_text,logreg,0,0,0.0009184872284157104
2022-09-26,premarket_large_move,all_days,same_day_large_move_direction,premarket_controls_plus_text,logreg,0,0,0.0024148078345357575
2022-09-28,premarket_large_move,all_days,same_day_large_move_direction,premarket_controls_plus_text,logreg,1,1,0.952574951861762
2022-09-29,premarket_large_move,all_days,same_day_large_move_direction,premarket_controls_plus_text,logreg,0,0,0.002470290300546716
2022-09-30,premarket_large_move,all_days,same_day_large_move_direction,premarket_controls_plus_text,logreg,0,0,0.011871490256020686
2022-10-03,premarket_large_move,all_days,same_day_large_move_direction,premarket_controls_plus_text,logreg,1,1,0.9952027360215929
2022-10-04,premarket_large_move,all_days,same_day_large_move_direction,premarket_controls_plus_text,logreg,1,1,0.9980942002279225
2022-10-06,premarket_large_move,all_days,same_day_large_move_direction,premarket_controls_plus_text,logreg,0,0,0.23309174319555714
2022-10-07,premarket_large_move,all_days,same_day_large_move_direction,premarket_controls_plus_text,logreg,0,0,0.0012600095550941652
2022-10-13,premarket_large_move,all_days,same_day_large_move_direction,premarket_controls_plus_text,logreg,1,1,0.9957544766236889
2022-10-14,premarket_large_move,all_days,same_day_large_move_direction,premarket_controls_plus_text,logreg,0,0,0.0022508954112849763
2022-10-17,premarket_large_move,all_days,same_day_large_move_direction,premarket_controls_plus_text,logreg,1,1,0.9978633962324033
2022-10-18,premarket_large_move,all_days,same_day_large_move_direction,premarket_controls_plus_text,logreg,1,1,0.9583185075027632
2022-10-21,premarket_large_move,all_days,same_day_large_move_direction,premarket_controls_plus_text,logreg,1,1,0.9934842347351487
2022-10-24,premarket_large_move,all_days,same_day_large_move_direction,premarket_controls_plus_text,logreg,1,1,0.9153134697459072
2022-10-25,premarket_large_move,all_days,same_day_large_move_direction,premarket_controls_plus_text,logreg,1,1,0.9781337672742727
2022-10-28,premarket_large_move,all_days,same_day_large_move_direction,premarket_controls_plus_text,logreg,1,1,0.9987048623491372
2022-11-02,premarket_large_move,all_days,same_day_large_move_direction,premarket_controls_plus_text,logreg,0,0,0.004721820347546745
2022-11-03,premarket_large_move,all_days,same_day_large_move_direction,premarket_controls_plus_text,logreg,0,0,0.023774145464122067
2022-11-04,premarket_large_move,all_days,same_day_large_move_direction,premarket_controls_plus_text,logreg,1,1,0.8904922542587987
2022-11-07,premarket_large_move,all_days,same_day_large_move_direction,premarket_controls_plus_text,logreg,1,1,0.7590357351402165
2022-11-09,premarket_large_move,all_days,same_day_large_move_direction,premarket_controls_plus_text,logreg,0,0,0.008776230893123948
2022-11-10,premarket_large_move,all_days,same_day_large_move_direction,premarket_controls_plus_text,logreg,1,1,0.9999991540783547
2022-11-11,premarket_large_move,all_days,same_day_large_move_direction,premarket_controls_plus_text,logreg,1,1,0.9697565490702141
2022-11-14,premarket_large_move,all_days,same_day_large_move_direction,premarket_controls_plus_text,logreg,0,0,0.2775151704980726
2022-11-15,premarket_large_move,all_days,same_day_large_move_direction,premarket_controls_plus_text,logreg,1,1,0.9807836702033524
2022-11-16,premarket_large_move,all_days,same_day_large_move_direction,premarket_controls_plus_text,logreg,0,0,0.1616480173107591
2022-11-22,premarket_large_move,all_days,same_day_large_move_direction,premarket_controls_plus_text,logreg,1,1,0.9024192798825863
2022-11-28,premarket_large_move,all_days,same_day_large_move_direction,premarket_controls_plus_text,logreg,0,0,0.02046431630622332
2022-11-30,premarket_large_move,all_days,same_day_large_move_direction,premarket_controls_plus_text,logreg,1,1,0.9980297693122953
2022-12-05,premarket_large_move,all_days,same_day_large_move_direction,premarket_controls_plus_text,logreg,0,0,0.01399320407730126
2022-12-06,premarket_large_move,all_days,same_day_large_move_direction,premarket_controls_plus_text,logreg,0,0,0.010295213594828576
2022-12-12,premarket_large_move,all_days,same_day_large_move_direction,premarket_controls_plus_text,logreg,1,1,0.9481039890621116
2022-12-15,premarket_large_move,all_days,same_day_large_move_direction,premarket_controls_plus_text,logreg,0,0,0.005291614130541947
2022-12-16,premarket_large_move,all_days,same_day_large_move_direction,premarket_controls_plus_text,logreg,0,0,0.031148464188424638
2022-12-19,premarket_large_move,all_days,same_day_large_move_direction,premarket_controls_plus_text,logreg,0,0,0.0171246053263913
2022-12-21,premarket_large_move,all_days,same_day_large_move_direction,premarket_controls_plus_text,logreg,1,1,0.9292062560454377
2022-12-22,premarket_large_move,all_days,same_day_large_move_direction,premarket_controls_plus_text,logreg,0,0,0.019284790500481222
2022-12-28,premarket_large_move,all_days,same_day_large_move_direction,premarket_controls_plus_text,logreg,0,0,0.014728041401387103
2022-12-29,premarket_large_move,all_days,same_day_large_move_direction,premarket_controls_plus_text,logreg,1,1,0.9952443978808958
2023-01-05,premarket_large_move,all_days,same_day_large_move_direction,premarket_controls_plus_text,logreg,0,0,0.030636076670278282
2023-01-06,premarket_large_move,all_days,same_day_large_move_direction,premarket_controls_plus_text,logreg,1,1,0.9956770301942522
2023-01-11,premarket_large_move,all_days,same_day_large_move_direction,premarket_controls_plus_text,logreg,1,1,0.9932293712476817
2023-01-18,premarket_large_move,all_days,same_day_large_move_direction,premarket_controls_plus_text,logreg,0,0,0.06656459695133415
2023-01-20,premarket_large_move,all_days,same_day_large_move_direction,premarket_controls_plus_text,logreg,1,1,0.9852910017400918
2023-01-23,premarket_large_move,all_days,same_day_large_move_direction,premarket_controls_plus_text,logreg,1,1,0.9625913363463912
2023-01-26,premarket_large_move,all_days,same_day_large_move_direction,premarket_controls_plus_text,logreg,1,1,0.9779832159241653
2023-01-30,premarket_large_move,all_days,same_day_large_move_direction,premarket_controls_plus_text,logreg,0,0,0.07858793979587538
2023-01-31,premarket_large_move,all_days,same_day_large_move_direction,premarket_controls_plus_text,logreg,1,1,0.9873319946638575
2023-02-01,premarket_large_move,all_days,same_day_large_move_direction,premarket_controls_plus_text,logreg,1,1,0.9613557989360659
2023-02-02,premarket_large_move,all_days,same_day_large_move_direction,premarket_controls_plus_text,logreg,1,1,0.9931303589699827
2023-02-03,premarket_large_move,all_days,same_day_large_move_direction,premarket_controls_plus_text,logreg,0,0,0.22962106527087836
2023-02-07,premarket_large_move,all_days,same_day_large_move_direction,premarket_controls_plus_text,logreg,1,1,0.9824080946123149
2023-02-08,premarket_large_move,all_days,same_day_large_move_direction,premarket_controls_plus_text,logreg,0,0,0.08737297116377123
2023-02-09,premarket_large_move,all_days,same_day_large_move_direction,premarket_controls_plus_text,logreg,0,0,0.05862214727091078
2023-02-13,premarket_large_move,all_days,same_day_large_move_direction,premarket_controls_plus_text,logreg,1,1,0.9189820951991797
2023-02-16,premarket_large_move,all_days,same_day_large_move_direction,premarket_controls_plus_text,logreg,0,0,0.14646521134359325
2023-02-21,premarket_large_move,all_days,same_day_large_move_direction,premarket_controls_plus_text,logreg,0,0,0.003277087094316031
2023-02-24,premarket_large_move,all_days,same_day_large_move_direction,premarket_controls_plus_text,logreg,0,0,0.024086070317183662
2023-03-03,premarket_large_move,all_days,same_day_large_move_direction,premarket_controls_plus_text,logreg,1,1,0.9707326483994946
2023-03-07,premarket_large_move,all_days,same_day_large_move_direction,premarket_controls_plus_text,logreg,0,0,0.05420709354170021
2023-03-09,premarket_large_move,all_days,same_day_large_move_direction,premarket_controls_plus_text,logreg,0,0,0.009532468706318607
2023-03-10,premarket_large_move,all_days,same_day_large_move_direction,premarket_controls_plus_text,logreg,0,0,0.004431393718990545
2023-03-14,premarket_large_move,all_days,same_day_large_move_direction,premarket_controls_plus_text,logreg,1,1,0.9057530128846809
2023-03-16,premarket_large_move,all_days,same_day_large_move_direction,premarket_controls_plus_text,logreg,1,1,0.9885260148498757
2023-03-17,premarket_large_move,all_days,same_day_large_move_direction,premarket_controls_plus_text,logreg,0,0,0.08089334428220082
2023-03-20,premarket_large_move,all_days,same_day_large_move_direction,premarket_controls_plus_text,logreg,1,1,0.9303706059177899
2023-03-21,premarket_large_move,all_days,same_day_large_move_direction,premarket_controls_plus_text,logreg,1,1,0.9905485518518268
2023-03-22,premarket_large_move,all_days,same_day_large_move_direction,premarket_controls_plus_text,logreg,0,0,0.030702160770102706
2023-03-29,premarket_large_move,all_days,same_day_large_move_direction,premarket_controls_plus_text,logreg,1,1,0.9890062098139679
2023-03-31,premarket_large_move,all_days,same_day_large_move_direction,premarket_controls_plus_text,logreg,1,1,0.9874123313037493
2023-04-13,premarket_large_move,all_days,same_day_large_move_direction,premarket_controls_plus_text,logreg,1,1,0.9878526269600831
2023-04-25,premarket_large_move,all_days,same_day_large_move_direction,premarket_controls_plus_text,logreg,0,0,0.006546699859364435
2023-04-27,premarket_large_move,all_days,same_day_large_move_direction,premarket_controls_plus_text,logreg,1,1,0.9974214533421994
2023-04-28,premarket_large_move,all_days,same_day_large_move_direction,premarket_controls_plus_text,logreg,1,1,0.9212986836679564
2023-05-02,premarket_large_move,all_days,same_day_large_move_direction,premarket_controls_plus_text,logreg,0,0,0.04436301700258389
2023-05-05,premarket_large_move,all_days,same_day_large_move_direction,premarket_controls_plus_text,logreg,1,1,0.9863366992079203
2023-05-17,premarket_large_move,all_days,same_day_large_move_direction,premarket_controls_plus_text,logreg,1,1,0.9564096737525315
2023-05-18,premarket_large_move,all_days,same_day_large_move_direction,premarket_controls_plus_text,logreg,1,1,0.9262929636744806
2023-05-23,premarket_large_move,all_days,same_day_large_move_direction,premarket_controls_plus_text,logreg,0,0,0.10222041128331666
2023-05-25,premarket_large_move,all_days,same_day_large_move_direction,premarket_controls_plus_text,logreg,1,1,0.8115394003142596
2023-05-26,premarket_large_move,all_days,same_day_large_move_direction,premarket_controls_plus_text,logreg,1,1,0.9509291350995219
2023-06-01,premarket_large_move,all_days,same_day_large_move_direction,premarket_controls_plus_text,logreg,1,1,0.9752368942948951
2023-06-02,premarket_large_move,all_days,same_day_large_move_direction,premarket_controls_plus_text,logreg,1,1,0.9787919902256821
2023-06-12,premarket_large_move,all_days,same_day_large_move_direction,premarket_controls_plus_text,logreg,1,1,0.9449298230925607
2023-06-15,premarket_large_move,all_days,same_day_large_move_direction,premarket_controls_plus_text,logreg,1,1,0.9875699800060093
2023-06-27,premarket_large_move,all_days,same_day_large_move_direction,premarket_controls_plus_text,logreg,1,1,0.9399149757618536
2023-06-30,premarket_large_move,all_days,same_day_large_move_direction,premarket_controls_plus_text,logreg,1,1,0.9672417836883133
2023-07-13,premarket_large_move,all_days,same_day_large_move_direction,premarket_controls_plus_text,logreg,1,1,0.9592105671361565
2023-07-28,premarket_large_move,all_days,same_day_large_move_direction,premarket_controls_plus_text,logreg,1,1,0.9027511319804932
2023-08-02,premarket_large_move,all_days,same_day_large_move_direction,premarket_controls_plus_text,logreg,0,0,0.06081578129781249
2023-08-07,premarket_large_move,all_days,same_day_large_move_direction,premarket_controls_plus_text,logreg,1,1,0.8933264137406585
2023-08-15,premarket_large_move,all_days,same_day_large_move_direction,premarket_controls_plus_text,logreg,0,0,0.08460899384215832
2023-08-23,premarket_large_move,all_days,same_day_large_move_direction,premarket_controls_plus_text,logreg,1,1,0.9664167756788289
2023-08-24,premarket_large_move,all_days,same_day_large_move_direction,premarket_controls_plus_text,logreg,0,0,0.0677916680478923
2023-08-29,premarket_large_move,all_days,same_day_large_move_direction,premarket_controls_plus_text,logreg,1,1,0.9872186990331685
2023-09-14,premarket_large_move,all_days,same_day_large_move_direction,premarket_controls_plus_text,logreg,1,1,0.9621397206728544
2023-09-15,premarket_large_move,all_days,same_day_large_move_direction,premarket_controls_plus_text,logreg,0,0,0.07392736583777483
2023-09-20,premarket_large_move,all_days,same_day_large_move_direction,premarket_controls_plus_text,logreg,0,0,0.05395610664789917
2023-09-21,premarket_large_move,all_days,same_day_large_move_direction,premarket_controls_plus_text,logreg,0,0,0.013668090794870495
2023-09-26,premarket_large_move,all_days,same_day_large_move_direction,premarket_controls_plus_text,logreg,0,0,0.00856935406761142
2023-10-03,premarket_large_move,all_days,same_day_large_move_direction,premarket_controls_plus_text,logreg,0,0,0.08955256081087205
2023-10-04,premarket_large_move,all_days,same_day_large_move_direction,premarket_controls_plus_text,logreg,1,1,0.949987393467172
2023-10-06,premarket_large_move,all_days,same_day_large_move_direction,premarket_controls_plus_text,logreg,1,1,0.9442599620982485
2023-10-16,premarket_large_move,all_days,same_day_large_move_direction,premarket_controls_plus_text,logreg,1,1,0.9758151394494435
2023-10-18,premarket_large_move,all_days,same_day_large_move_direction,premarket_controls_plus_text,logreg,0,0,0.06214363820872666
2023-10-19,premarket_large_move,all_days,same_day_large_move_direction,premarket_controls_plus_text,logreg,0,0,0.10644016101980784
2023-10-20,premarket_large_move,all_days,same_day_large_move_direction,premarket_controls_plus_text,logreg,0,0,0.040496707815083535
2023-10-25,premarket_large_move,all_days,same_day_large_move_direction,premarket_controls_plus_text,logreg,0,0,0.042576095632581794
2023-10-26,premarket_large_move,all_days,same_day_large_move_direction,premarket_controls_plus_text,logreg,0,0,0.01639920626423381
2023-10-30,premarket_large_move,all_days,same_day_large_move_direction,premarket_controls_plus_text,logreg,1,1,0.872916754728744
2023-11-01,premarket_large_move,all_days,same_day_large_move_direction,premarket_controls_plus_text,logreg,1,1,0.9889438485809234
2023-11-02,premarket_large_move,all_days,same_day_large_move_direction,premarket_controls_plus_text,logreg,1,1,0.9990562250273141
2023-11-03,premarket_large_move,all_days,same_day_large_move_direction,premarket_controls_plus_text,logreg,1,1,0.9380062737621194
2023-11-10,premarket_large_move,all_days,same_day_large_move_direction,premarket_controls_plus_text,logreg,1,1,0.9971577352563703
2023-11-14,premarket_large_move,all_days,same_day_large_move_direction,premarket_controls_plus_text,logreg,1,1,0.9961736021492755
2023-12-13,premarket_large_move,all_days,same_day_large_move_direction,premarket_controls_plus_text,logreg,1,1,0.99420612203796
2023-12-20,premarket_large_move,all_days,same_day_large_move_direction,premarket_controls_plus_text,logreg,0,0,0.07380182621980588
2023-12-21,premarket_large_move,all_days,same_day_large_move_direction,premarket_controls_plus_text,logreg,1,1,0.968053586120698
2024-01-08,premarket_large_move,all_days,same_day_large_move_direction,premarket_controls_plus_text,logreg,1,1,0.9588816999786378
2024-01-18,premarket_large_move,all_days,same_day_large_move_direction,premarket_controls_plus_text,logreg,1,1,0.8399483206868735
2024-01-19,premarket_large_move,all_days,same_day_large_move_direction,premarket_controls_plus_text,logreg,1,1,0.9639456910562758
2024-01-31,premarket_large_move,all_days,same_day_large_move_direction,premarket_controls_plus_text,logreg,0,0,0.01764859743952314
2024-02-01,premarket_large_move,all_days,same_day_large_move_direction,premarket_controls_plus_text,logreg,1,1,0.9595995565625005
2024-02-02,premarket_large_move,all_days,same_day_large_move_direction,premarket_controls_plus_text,logreg,1,1,0.9483373602735891
2024-02-07,premarket_large_move,all_days,same_day_large_move_direction,premarket_controls_plus_text,logreg,1,1,0.9408320845630164
2024-02-13,premarket_large_move,all_days,same_day_large_move_direction,premarket_controls_plus_text,logreg,0,0,0.0187401611582117
2024-02-14,premarket_large_move,all_days,same_day_large_move_direction,premarket_controls_plus_text,logreg,1,1,0.9496332129987312
2024-02-22,premarket_large_move,all_days,same_day_large_move_direction,premarket_controls_plus_text,logreg,1,1,0.9964579042072016
2024-03-05,premarket_large_move,all_days,same_day_large_move_direction,premarket_controls_plus_text,logreg,0,0,0.03358127750235396
2024-03-07,premarket_large_move,all_days,same_day_large_move_direction,premarket_controls_plus_text,logreg,1,1,0.965408092843202
2024-03-12,premarket_large_move,all_days,same_day_large_move_direction,premarket_controls_plus_text,logreg,1,1,0.9573632198401598
2024-03-20,premarket_large_move,all_days,same_day_large_move_direction,premarket_controls_plus_text,logreg,1,1,0.8924623043795844
2024-03-27,premarket_large_move,all_days,same_day_large_move_direction,premarket_controls_plus_text,logreg,1,1,0.7833369763230214
2024-04-04,premarket_large_move,all_days,same_day_large_move_direction,premarket_controls_plus_text,logreg,0,0,0.050364067382285035
2024-04-05,premarket_large_move,all_days,same_day_large_move_direction,premarket_controls_plus_text,logreg,1,1,0.9100078187367094
2024-04-10,premarket_large_move,all_days,same_day_large_move_direction,premarket_controls_plus_text,logreg,0,0,0.23522456906374542
2024-04-12,premarket_large_move,all_days,same_day_large_move_direction,premarket_controls_plus_text,logreg,0,0,0.02130851332533511
2024-04-15,premarket_large_move,all_days,same_day_large_move_direction,premarket_controls_plus_text,logreg,0,0,0.029816468445374947
2024-04-19,premarket_large_move,all_days,same_day_large_move_direction,premarket_controls_plus_text,logreg,0,0,0.026209982699980202
2024-04-22,premarket_large_move,all_days,same_day_large_move_direction,premarket_controls_plus_text,logreg,1,1,0.7635363109282765
2024-04-23,premarket_large_move,all_days,same_day_large_move_direction,premarket_controls_plus_text,logreg,1,1,0.935039809851662
2024-04-26,premarket_large_move,all_days,same_day_large_move_direction,premarket_controls_plus_text,logreg,1,1,0.9655098558478555
2024-04-30,premarket_large_move,all_days,same_day_large_move_direction,premarket_controls_plus_text,logreg,0,0,0.013754798872137501
2024-05-02,premarket_large_move,all_days,same_day_large_move_direction,premarket_controls_plus_text,logreg,1,1,0.9265021794998594
2024-05-03,premarket_large_move,all_days,same_day_large_move_direction,premarket_controls_plus_text,logreg,1,1,0.965634545124214
2024-05-06,premarket_large_move,all_days,same_day_large_move_direction,premarket_controls_plus_text,logreg,1,1,0.9823922771009163
2024-05-15,premarket_large_move,all_days,same_day_large_move_direction,premarket_controls_plus_text,logreg,1,1,0.9825428319800608
2024-06-05,premarket_large_move,all_days,same_day_large_move_direction,premarket_controls_plus_text,logreg,1,1,0.9812112331396013
2024-06-12,premarket_large_move,all_days,same_day_large_move_direction,premarket_controls_plus_text,logreg,1,1,0.8521158386994774
2024-07-10,premarket_large_move,all_days,same_day_large_move_direction,premarket_controls_plus_text,logreg,1,1,0.9786876982277668
2024-07-11,premarket_large_move,all_days,same_day_large_move_direction,premarket_controls_plus_text,logreg,0,0,0.34418196732897843
2024-07-17,premarket_large_move,all_days,same_day_large_move_direction,premarket_controls_plus_text,logreg,0,0,0.09145268644446355
2024-07-22,premarket_large_move,all_days,same_day_large_move_direction,premarket_controls_plus_text,logreg,1,1,0.9440377533409083
2024-07-24,premarket_large_move,all_days,same_day_large_move_direction,premarket_controls_plus_text,logreg,0,0,0.0012812897771535847
2024-07-26,premarket_large_move,all_days,same_day_large_move_direction,premarket_controls_plus_text,logreg,1,1,0.8657558183743381
2024-07-31,premarket_large_move,all_days,same_day_large_move_direction,premarket_controls_plus_text,logreg,1,1,0.9838566636776074
2024-08-01,premarket_large_move,all_days,same_day_large_move_direction,premarket_controls_plus_text,logreg,0,0,0.04533875750218969
2024-08-02,premarket_large_move,all_days,same_day_large_move_direction,premarket_controls_plus_text,logreg,0,0,0.003500368133982207
2024-08-05,premarket_large_move,all_days,same_day_large_move_direction,premarket_controls_plus_text,logreg,0,0,0.00027739256910039816
2024-08-06,premarket_large_move,all_days,same_day_large_move_direction,premarket_controls_plus_text,logreg,1,1,0.7086800393392231
2024-08-08,premarket_large_move,all_days,same_day_large_move_direction,premarket_controls_plus_text,logreg,1,1,0.9980557260531336
2024-08-13,premarket_large_move,all_days,same_day_large_move_direction,premarket_controls_plus_text,logreg,1,1,0.9958033653343247
2024-08-15,premarket_large_move,all_days,same_day_large_move_direction,premarket_controls_plus_text,logreg,1,1,0.9974030793175178
2024-08-19,premarket_large_move,all_days,same_day_large_move_direction,premarket_controls_plus_text,logreg,1,1,0.9821686480032688
2024-08-22,premarket_large_move,all_days,same_day_large_move_direction,premarket_controls_plus_text,logreg,0,0,0.23458020014469413
2024-08-23,premarket_large_move,all_days,same_day_large_move_direction,premarket_controls_plus_text,logreg,1,1,0.9608553503531968
2024-08-30,premarket_large_move,all_days,same_day_large_move_direction,premarket_controls_plus_text,logreg,1,1,0.8886704160595851
2024-09-03,premarket_large_move,all_days,same_day_large_move_direction,premarket_controls_plus_text,logreg,0,0,0.0016930547645714067
2024-09-06,premarket_large_move,all_days,same_day_large_move_direction,premarket_controls_plus_text,logreg,0,0,0.003299193262702991
2024-09-09,premarket_large_move,all_days,same_day_large_move_direction,premarket_controls_plus_text,logreg,1,1,0.9056116265794848
2024-09-11,premarket_large_move,all_days,same_day_large_move_direction,premarket_controls_plus_text,logreg,1,1,0.9058143342422841
2024-09-19,premarket_large_move,all_days,same_day_large_move_direction,premarket_controls_plus_text,logreg,1,1,0.9902925015434055
2024-10-01,premarket_large_move,all_days,same_day_large_move_direction,premarket_controls_plus_text,logreg,0,0,0.03533394106237819
2024-10-04,premarket_large_move,all_days,same_day_large_move_direction,premarket_controls_plus_text,logreg,1,1,0.9541216920141752
2024-10-07,premarket_large_move,all_days,same_day_large_move_direction,premarket_controls_plus_text,logreg,0,0,0.07245763853677807
2024-10-08,premarket_large_move,all_days,same_day_large_move_direction,premarket_controls_plus_text,logreg,1,1,0.9343367302816131
2024-10-23,premarket_large_move,all_days,same_day_large_move_direction,premarket_controls_plus_text,logreg,0,0,0.04234001209849181
2024-10-31,premarket_large_move,all_days,same_day_large_move_direction,premarket_controls_plus_text,logreg,0,0,0.008908026649639429
2024-11-05,premarket_large_move,all_days,same_day_large_move_direction,premarket_controls_plus_text,logreg,1,1,0.9371561349882267
2024-11-15,premarket_large_move,all_days,same_day_large_move_direction,premarket_controls_plus_text,logreg,0,0,0.008711780976040506
2024-12-11,premarket_large_move,all_days,same_day_large_move_direction,premarket_controls_plus_text,logreg,1,1,0.7980357627127899
2024-12-18,premarket_large_move,all_days,same_day_large_move_direction,premarket_controls_plus_text,logreg,0,0,0.0002460728518630537
2024-12-20,premarket_large_move,all_days,same_day_large_move_direction,premarket_controls_plus_text,logreg,1,1,0.877762748958726
2024-12-24,premarket_large_move,all_days,same_day_large_move_direction,premarket_controls_plus_text,logreg,1,1,0.9932429289623386
2024-12-27,premarket_large_move,all_days,same_day_large_move_direction,premarket_controls_plus_text,logreg,0,0,0.11661969160153027
2024-12-30,premarket_large_move,all_days,same_day_large_move_direction,premarket_controls_plus_text,logreg,0,0,0.04323521850955056
2025-01-03,premarket_large_move,all_days,same_day_large_move_direction,premarket_controls_plus_text,logreg,1,1,0.7539532251170867
2025-01-07,premarket_large_move,all_days,same_day_large_move_direction,premarket_controls_plus_text,logreg,0,0,0.10062560716447405
2025-01-10,premarket_large_move,all_days,same_day_large_move_direction,premarket_controls_plus_text,logreg,0,0,0.0578220697916912
2025-01-15,premarket_large_move,all_days,same_day_large_move_direction,premarket_controls_plus_text,logreg,1,1,0.9695567779657129
2025-01-17,premarket_large_move,all_days,same_day_large_move_direction,premarket_controls_plus_text,logreg,1,1,0.9256750771827157
2025-01-21,premarket_large_move,all_days,same_day_large_move_direction,premarket_controls_plus_text,logreg,1,1,0.8921085506543215
2025-01-27,premarket_large_move,all_days,same_day_large_move_direction,premarket_controls_plus_text,logreg,0,0,0.08043176668167115
2025-01-28,premarket_large_move,all_days,same_day_large_move_direction,premarket_controls_plus_text,logreg,1,1,0.7667134244524046
2025-02-07,premarket_large_move,all_days,same_day_large_move_direction,premarket_controls_plus_text,logreg,0,0,0.2557598134752354
2025-02-13,premarket_large_move,all_days,same_day_large_move_direction,premarket_controls_plus_text,logreg,1,1,0.9355081237667929
2025-02-21,premarket_large_move,all_days,same_day_large_move_direction,premarket_controls_plus_text,logreg,0,0,0.03272029711032557
2025-02-27,premarket_large_move,all_days,same_day_large_move_direction,premarket_controls_plus_text,logreg,0,0,0.049408056561062876
2025-02-28,premarket_large_move,all_days,same_day_large_move_direction,premarket_controls_plus_text,logreg,1,1,0.8894255457014932
2025-03-03,premarket_large_move,all_days,same_day_large_move_direction,premarket_controls_plus_text,logreg,0,0,0.059373634644792526
2025-03-04,premarket_large_move,all_days,same_day_large_move_direction,premarket_controls_plus_text,logreg,0,0,0.06778012850548637
2025-03-05,premarket_large_move,all_days,same_day_large_move_direction,premarket_controls_plus_text,logreg,1,1,0.8803056256970601
2025-03-06,premarket_large_move,all_days,same_day_large_move_direction,premarket_controls_plus_text,logreg,0,0,0.03929448713009905
2025-03-10,premarket_large_move,all_days,same_day_large_move_direction,premarket_controls_plus_text,logreg,0,0,0.005876051163200385
2025-03-13,premarket_large_move,all_days,same_day_large_move_direction,premarket_controls_plus_text,logreg,0,0,0.034282954895959325
2025-03-14,premarket_large_move,all_days,same_day_large_move_direction,premarket_controls_plus_text,logreg,1,1,0.9715962909579551
2025-03-18,premarket_large_move,all_days,same_day_large_move_direction,premarket_controls_plus_text,logreg,0,0,0.21197250980870153
2025-03-19,premarket_large_move,all_days,same_day_large_move_direction,premarket_controls_plus_text,logreg,1,1,0.9041972796954134
2025-03-24,premarket_large_move,all_days,same_day_large_move_direction,premarket_controls_plus_text,logreg,1,1,0.9720994413322966
2025-03-26,premarket_large_move,all_days,same_day_large_move_direction,premarket_controls_plus_text,logreg,0,0,0.14464108376360163
2025-03-28,premarket_large_move,all_days,same_day_large_move_direction,premarket_controls_plus_text,logreg,0,0,0.02362288275199368
2025-04-03,premarket_large_move,all_days,same_day_large_move_direction,premarket_controls_plus_text,logreg,0,0,0.0005678122165710189
2025-04-04,premarket_large_move,all_days,same_day_large_move_direction,premarket_controls_plus_text,logreg,0,0,2.072784152094959e-05
2025-04-08,premarket_large_move,all_days,same_day_large_move_direction,premarket_controls_plus_text,logreg,0,0,0.0026526234735010533
2025-04-09,premarket_large_move,all_days,same_day_large_move_direction,premarket_controls_plus_text,logreg,1,1,0.9999997016178352
2025-04-10,premarket_large_move,all_days,same_day_large_move_direction,premarket_controls_plus_text,logreg,0,0,0.014486067598798188
2025-04-11,premarket_large_move,all_days,same_day_large_move_direction,premarket_controls_plus_text,logreg,1,1,0.9869538943782487
2025-04-16,premarket_large_move,all_days,same_day_large_move_direction,premarket_controls_plus_text,logreg,0,0,0.0218732587457688
2025-04-21,premarket_large_move,all_days,same_day_large_move_direction,premarket_controls_plus_text,logreg,0,0,0.0037828692317345954
2025-04-22,premarket_large_move,all_days,same_day_large_move_direction,premarket_controls_plus_text,logreg,1,1,0.8871109476332932
2025-04-23,premarket_large_move,all_days,same_day_large_move_direction,premarket_controls_plus_text,logreg,1,1,0.9470038491461262
2025-04-24,premarket_large_move,all_days,same_day_large_move_direction,premarket_controls_plus_text,logreg,1,1,0.9842086332062304
2025-05-02,premarket_large_move,all_days,same_day_large_move_direction,premarket_controls_plus_text,logreg,1,1,0.9579230050149979
2025-05-12,premarket_large_move,all_days,same_day_large_move_direction,premarket_controls_plus_text,logreg,1,1,0.9983613357876027
2025-05-21,premarket_large_move,all_days,same_day_large_move_direction,premarket_controls_plus_text,logreg,0,0,0.0765167110267055
2025-05-27,premarket_large_move,all_days,same_day_large_move_direction,premarket_controls_plus_text,logreg,1,1,0.8941179836314314
2025-06-06,premarket_large_move,all_days,same_day_large_move_direction,premarket_controls_plus_text,logreg,1,1,0.9277988556687837
2025-06-13,premarket_large_move,all_days,same_day_large_move_direction,premarket_controls_plus_text,logreg,0,0,0.2383845311937089
2025-06-16,premarket_large_move,all_days,same_day_large_move_direction,premarket_controls_plus_text,logreg,1,1,0.810568712644056
2025-06-17,premarket_large_move,all_days,same_day_large_move_direction,premarket_controls_plus_text,logreg,0,0,0.18058848880802097
2025-06-23,premarket_large_move,all_days,same_day_large_move_direction,premarket_controls_plus_text,logreg,1,1,0.7971617296795568
2025-06-24,premarket_large_move,all_days,same_day_large_move_direction,premarket_controls_plus_text,logreg,1,1,0.8727910041093768
2025-07-03,premarket_large_move,all_days,same_day_large_move_direction,premarket_controls_plus_text,logreg,1,1,0.9154711512230475
2025-08-01,premarket_large_move,all_days,same_day_large_move_direction,premarket_controls_plus_text,logreg,0,0,0.04307357246722942
2025-08-04,premarket_large_move,all_days,same_day_large_move_direction,premarket_controls_plus_text,logreg,1,1,0.9397991166659792
2025-08-12,premarket_large_move,all_days,same_day_large_move_direction,premarket_controls_plus_text,logreg,1,1,0.90842761949655
2025-08-22,premarket_large_move,all_days,same_day_large_move_direction,premarket_controls_plus_text,logreg,1,1,0.9159989421627447
2025-09-04,premarket_large_move,all_days,same_day_large_move_direction,premarket_controls_plus_text,logreg,1,1,0.8610957942246208
2025-09-11,premarket_large_move,all_days,same_day_large_move_direction,premarket_controls_plus_text,logreg,1,1,0.899825389024423
2025-10-10,premarket_large_move,all_days,same_day_large_move_direction,premarket_controls_plus_text,logreg,0,0,0.012209742007477693
2025-10-13,premarket_large_move,all_days,same_day_large_move_direction,premarket_controls_plus_text,logreg,1,1,0.9506625930576317
2025-10-20,premarket_large_move,all_days,same_day_large_move_direction,premarket_controls_plus_text,logreg,1,1,0.9022127267875167
2025-10-27,premarket_large_move,all_days,same_day_large_move_direction,premarket_controls_plus_text,logreg,1,1,0.9674315940095073
2025-10-30,premarket_large_move,all_days,same_day_large_move_direction,premarket_controls_plus_text,logreg,0,0,0.3389896943627181
2025-11-04,premarket_large_move,all_days,same_day_large_move_direction,premarket_controls_plus_text,logreg,0,0,0.08502222245845567
2025-11-06,premarket_large_move,all_days,same_day_large_move_direction,premarket_controls_plus_text,logreg,0,0,0.16205106545359074
2025-11-10,premarket_large_move,all_days,same_day_large_move_direction,premarket_controls_plus_text,logreg,1,1,0.9680581542584695
2025-11-13,premarket_large_move,all_days,same_day_large_move_direction,premarket_controls_plus_text,logreg,0,0,0.16248637005962574
2025-11-17,premarket_large_move,all_days,same_day_large_move_direction,premarket_controls_plus_text,logreg,0,0,0.18109948641192755
2025-11-18,premarket_large_move,all_days,same_day_large_move_direction,premarket_controls_plus_text,logreg,0,0,0.06908259782317054
2025-11-20,premarket_large_move,all_days,same_day_large_move_direction,premarket_controls_plus_text,logreg,0,0,0.032997987372131415
2025-11-21,premarket_large_move,all_days,same_day_large_move_direction,premarket_controls_plus_text,logreg,1,1,0.704264006310359
2025-11-24,premarket_large_move,all_days,same_day_large_move_direction,premarket_controls_plus_text,logreg,1,1,0.9647709934650609
2025-11-25,premarket_large_move,all_days,same_day_large_move_direction,premarket_controls_plus_text,logreg,1,1,0.8996065068263808
2025-12-12,premarket_large_move,all_days,same_day_large_move_direction,premarket_controls_plus_text,logreg,0,0,0.10494259667010078
2025-12-17,premarket_large_move,all_days,same_day_large_move_direction,premarket_controls_plus_text,logreg,0,0,0.03355492145637698
2025-12-19,premarket_large_move,all_days,same_day_large_move_direction,premarket_controls_plus_text,logreg,1,1,0.6725194602680584
2022-04-28,premarket_large_move,all_days,same_day_large_move_direction,premarket_controls_plus_text,random_forest,1,1,0.8925
2022-04-29,premarket_large_move,all_days,same_day_large_move_direction,premarket_controls_plus_text,random_forest,0,0,0.4
2022-05-04,premarket_large_move,all_days,same_day_large_move_direction,premarket_controls_plus_text,random_forest,1,1,0.9375
2022-05-05,premarket_large_move,all_days,same_day_large_move_direction,premarket_controls_plus_text,random_forest,0,0,0.1575
2022-05-09,premarket_large_move,all_days,same_day_large_move_direction,premarket_controls_plus_text,random_forest,0,0,0.1725
2022-05-11,premarket_large_move,all_days,same_day_large_move_direction,premarket_controls_plus_text,random_forest,0,0,0.065
2022-05-13,premarket_large_move,all_days,same_day_large_move_direction,premarket_controls_plus_text,random_forest,1,1,0.965
2022-05-17,premarket_large_move,all_days,same_day_large_move_direction,premarket_controls_plus_text,random_forest,1,1,0.945
2022-05-18,premarket_large_move,all_days,same_day_large_move_direction,premarket_controls_plus_text,random_forest,0,0,0.0375
2022-05-23,premarket_large_move,all_days,same_day_large_move_direction,premarket_controls_plus_text,random_forest,1,1,0.89
2022-05-24,premarket_large_move,all_days,same_day_large_move_direction,premarket_controls_plus_text,random_forest,0,0,0.3475
2022-05-25,premarket_large_move,all_days,same_day_large_move_direction,premarket_controls_plus_text,random_forest,1,1,0.8475
2022-05-26,premarket_large_move,all_days,same_day_large_move_direction,premarket_controls_plus_text,random_forest,1,1,0.9375
2022-05-27,premarket_large_move,all_days,same_day_large_move_direction,premarket_controls_plus_text,random_forest,1,1,0.7675
2022-06-02,premarket_large_move,all_days,same_day_large_move_direction,premarket_controls_plus_text,random_forest,1,1,0.975
2022-06-07,premarket_large_move,all_days,same_day_large_move_direction,premarket_controls_plus_text,random_forest,1,1,0.9075
2022-06-08,premarket_large_move,all_days,same_day_large_move_direction,premarket_controls_plus_text,random_forest,0,0,0.115
2022-06-09,premarket_large_move,all_days,same_day_large_move_direction,premarket_controls_plus_text,random_forest,0,0,0.1225
2022-06-10,premarket_large_move,all_days,same_day_large_move_direction,premarket_controls_plus_text,random_forest,0,0,0.1175
2022-06-13,premarket_large_move,all_days,same_day_large_move_direction,premarket_controls_plus_text,random_forest,0,0,0.1025
2022-06-15,premarket_large_move,all_days,same_day_large_move_direction,premarket_controls_plus_text,random_forest,1,0,0.17
2022-06-16,premarket_large_move,all_days,same_day_large_move_direction,premarket_controls_plus_text,random_forest,0,0,0.045
2022-06-21,premarket_large_move,all_days,same_day_large_move_direction,premarket_controls_plus_text,random_forest,1,1,0.835
2022-06-23,premarket_large_move,all_days,same_day_large_move_direction,premarket_controls_plus_text,random_forest,1,1,0.8625
2022-06-24,premarket_large_move,all_days,same_day_large_move_direction,premarket_controls_plus_text,random_forest,1,1,0.9875
2022-06-28,premarket_large_move,all_days,same_day_large_move_direction,premarket_controls_plus_text,random_forest,0,0,0.1575
2022-06-30,premarket_large_move,all_days,same_day_large_move_direction,premarket_controls_plus_text,random_forest,0,0,0.155
2022-07-01,premarket_large_move,all_days,same_day_large_move_direction,premarket_controls_plus_text,random_forest,1,0,0.495
2022-07-07,premarket_large_move,all_days,same_day_large_move_direction,premarket_controls_plus_text,random_forest,1,1,0.9475
2022-07-11,premarket_large_move,all_days,same_day_large_move_direction,premarket_controls_plus_text,random_forest,0,0,0.0925
2022-07-12,premarket_large_move,all_days,same_day_large_move_direction,premarket_controls_plus_text,random_forest,0,0,0.245
2022-07-15,premarket_large_move,all_days,same_day_large_move_direction,premarket_controls_plus_text,random_forest,1,1,0.9875
2022-07-18,premarket_large_move,all_days,same_day_large_move_direction,premarket_controls_plus_text,random_forest,0,0,0.47
2022-07-19,premarket_large_move,all_days,same_day_large_move_direction,premarket_controls_plus_text,random_forest,1,1,0.96
2022-07-21,premarket_large_move,all_days,same_day_large_move_direction,premarket_controls_plus_text,random_forest,1,1,0.9625
2022-07-22,premarket_large_move,all_days,same_day_large_move_direction,premarket_controls_plus_text,random_forest,0,1,0.8825
2022-07-26,premarket_large_move,all_days,same_day_large_move_direction,premarket_controls_plus_text,random_forest,0,0,0.0325
2022-07-27,premarket_large_move,all_days,same_day_large_move_direction,premarket_controls_plus_text,random_forest,1,1,0.985
2022-07-29,premarket_large_move,all_days,same_day_large_move_direction,premarket_controls_plus_text,random_forest,1,1,0.9175
2022-08-03,premarket_large_move,all_days,same_day_large_move_direction,premarket_controls_plus_text,random_forest,1,1,0.99
2022-08-10,premarket_large_move,all_days,same_day_large_move_direction,premarket_controls_plus_text,random_forest,1,1,0.9975
2022-08-12,premarket_large_move,all_days,same_day_large_move_direction,premarket_controls_plus_text,random_forest,1,1,0.9775
2022-08-19,premarket_large_move,all_days,same_day_large_move_direction,premarket_controls_plus_text,random_forest,0,0,0.025
2022-08-22,premarket_large_move,all_days,same_day_large_move_direction,premarket_controls_plus_text,random_forest,0,0,0.0575
2022-08-25,premarket_large_move,all_days,same_day_large_move_direction,premarket_controls_plus_text,random_forest,1,1,0.995
2022-08-26,premarket_large_move,all_days,same_day_large_move_direction,premarket_controls_plus_text,random_forest,0,0,0.05
2022-08-30,premarket_large_move,all_days,same_day_large_move_direction,premarket_controls_plus_text,random_forest,0,0,0.0675
2022-09-02,premarket_large_move,all_days,same_day_large_move_direction,premarket_controls_plus_text,random_forest,0,0,0.02
2022-09-07,premarket_large_move,all_days,same_day_large_move_direction,premarket_controls_plus_text,random_forest,1,1,0.9625
2022-09-09,premarket_large_move,all_days,same_day_large_move_direction,premarket_controls_plus_text,random_forest,1,1,0.9775
2022-09-12,premarket_large_move,all_days,same_day_large_move_direction,premarket_controls_plus_text,random_forest,1,1,0.9175
2022-09-13,premarket_large_move,all_days,same_day_large_move_direction,premarket_controls_plus_text,random_forest,0,0,0.045
2022-09-15,premarket_large_move,all_days,same_day_large_move_direction,premarket_controls_plus_text,random_forest,0,0,0.135
2022-09-20,premarket_large_move,all_days,same_day_large_move_direction,premarket_controls_plus_text,random_forest,0,0,0.0675
2022-09-21,premarket_large_move,all_days,same_day_large_move_direction,premarket_controls_plus_text,random_forest,0,0,0.0225
2022-09-22,premarket_large_move,all_days,same_day_large_move_direction,premarket_controls_plus_text,random_forest,0,0,0.1375
2022-09-23,premarket_large_move,all_days,same_day_large_move_direction,premarket_controls_plus_text,random_forest,0,0,0.0025
2022-09-26,premarket_large_move,all_days,same_day_large_move_direction,premarket_controls_plus_text,random_forest,0,0,0.045
2022-09-28,premarket_large_move,all_days,same_day_large_move_direction,premarket_controls_plus_text,random_forest,1,1,0.96
2022-09-29,premarket_large_move,all_days,same_day_large_move_direction,premarket_controls_plus_text,random_forest,0,0,0.0125
2022-09-30,premarket_large_move,all_days,same_day_large_move_direction,premarket_controls_plus_text,random_forest,0,0,0.1325
2022-10-03,premarket_large_move,all_days,same_day_large_move_direction,premarket_controls_plus_text,random_forest,1,1,0.905
2022-10-04,premarket_large_move,all_days,same_day_large_move_direction,premarket_controls_plus_text,random_forest,1,1,0.8975
2022-10-06,premarket_large_move,all_days,same_day_large_move_direction,premarket_controls_plus_text,random_forest,0,1,0.7825
2022-10-07,premarket_large_move,all_days,same_day_large_move_direction,premarket_controls_plus_text,random_forest,0,0,0.1075
2022-10-13,premarket_large_move,all_days,same_day_large_move_direction,premarket_controls_plus_text,random_forest,1,1,0.9875
2022-10-14,premarket_large_move,all_days,same_day_large_move_direction,premarket_controls_plus_text,random_forest,0,0,0.025
2022-10-17,premarket_large_move,all_days,same_day_large_move_direction,premarket_controls_plus_text,random_forest,1,1,0.945
2022-10-18,premarket_large_move,all_days,same_day_large_move_direction,premarket_controls_plus_text,random_forest,1,1,0.7675
2022-10-21,premarket_large_move,all_days,same_day_large_move_direction,premarket_controls_plus_text,random_forest,1,1,0.98
2022-10-24,premarket_large_move,all_days,same_day_large_move_direction,premarket_controls_plus_text,random_forest,1,1,0.8925
2022-10-25,premarket_large_move,all_days,same_day_large_move_direction,premarket_controls_plus_text,random_forest,1,1,0.965
2022-10-28,premarket_large_move,all_days,same_day_large_move_direction,premarket_controls_plus_text,random_forest,1,1,0.96
2022-11-02,premarket_large_move,all_days,same_day_large_move_direction,premarket_controls_plus_text,random_forest,0,0,0.1125
2022-11-03,premarket_large_move,all_days,same_day_large_move_direction,premarket_controls_plus_text,random_forest,0,0,0.225
2022-11-04,premarket_large_move,all_days,same_day_large_move_direction,premarket_controls_plus_text,random_forest,1,0,0.425
2022-11-07,premarket_large_move,all_days,same_day_large_move_direction,premarket_controls_plus_text,random_forest,1,1,0.6025
2022-11-09,premarket_large_move,all_days,same_day_large_move_direction,premarket_controls_plus_text,random_forest,0,0,0.02
2022-11-10,premarket_large_move,all_days,same_day_large_move_direction,premarket_controls_plus_text,random_forest,1,1,0.98
2022-11-11,premarket_large_move,all_days,same_day_large_move_direction,premarket_controls_plus_text,random_forest,1,1,0.745
2022-11-14,premarket_large_move,all_days,same_day_large_move_direction,premarket_controls_plus_text,random_forest,0,1,0.795
2022-11-15,premarket_large_move,all_days,same_day_large_move_direction,premarket_controls_plus_text,random_forest,1,1,0.855
2022-11-16,premarket_large_move,all_days,same_day_large_move_direction,premarket_controls_plus_text,random_forest,0,0,0.38
2022-11-22,premarket_large_move,all_days,same_day_large_move_direction,premarket_controls_plus_text,random_forest,1,1,0.895
2022-11-28,premarket_large_move,all_days,same_day_large_move_direction,premarket_controls_plus_text,random_forest,0,0,0.015
2022-11-30,premarket_large_move,all_days,same_day_large_move_direction,premarket_controls_plus_text,random_forest,1,1,0.9825
2022-12-05,premarket_large_move,all_days,same_day_large_move_direction,premarket_controls_plus_text,random_forest,0,0,0.045
2022-12-06,premarket_large_move,all_days,same_day_large_move_direction,premarket_controls_plus_text,random_forest,0,0,0.17
2022-12-12,premarket_large_move,all_days,same_day_large_move_direction,premarket_controls_plus_text,random_forest,1,1,0.9925
2022-12-15,premarket_large_move,all_days,same_day_large_move_direction,premarket_controls_plus_text,random_forest,0,0,0.0125
2022-12-16,premarket_large_move,all_days,same_day_large_move_direction,premarket_controls_plus_text,random_forest,0,0,0.195
2022-12-19,premarket_large_move,all_days,same_day_large_move_direction,premarket_controls_plus_text,random_forest,0,0,0.2025
2022-12-21,premarket_large_move,all_days,same_day_large_move_direction,premarket_controls_plus_text,random_forest,1,1,0.995
2022-12-22,premarket_large_move,all_days,same_day_large_move_direction,premarket_controls_plus_text,random_forest,0,0,0.0425
2022-12-28,premarket_large_move,all_days,same_day_large_move_direction,premarket_controls_plus_text,random_forest,0,0,0.0075
2022-12-29,premarket_large_move,all_days,same_day_large_move_direction,premarket_controls_plus_text,random_forest,1,1,0.9675
2023-01-05,premarket_large_move,all_days,same_day_large_move_direction,premarket_controls_plus_text,random_forest,0,0,0.04
2023-01-06,premarket_large_move,all_days,same_day_large_move_direction,premarket_controls_plus_text,random_forest,1,1,0.995
2023-01-11,premarket_large_move,all_days,same_day_large_move_direction,premarket_controls_plus_text,random_forest,1,1,1.0
2023-01-18,premarket_large_move,all_days,same_day_large_move_direction,premarket_controls_plus_text,random_forest,0,0,0.09
2023-01-20,premarket_large_move,all_days,same_day_large_move_direction,premarket_controls_plus_text,random_forest,1,1,0.885
2023-01-23,premarket_large_move,all_days,same_day_large_move_direction,premarket_controls_plus_text,random_forest,1,1,0.915
2023-01-26,premarket_large_move,all_days,same_day_large_move_direction,premarket_controls_plus_text,random_forest,1,1,0.995
2023-01-30,premarket_large_move,all_days,same_day_large_move_direction,premarket_controls_plus_text,random_forest,0,0,0.035
2023-01-31,premarket_large_move,all_days,same_day_large_move_direction,premarket_controls_plus_text,random_forest,1,1,0.99
2023-02-01,premarket_large_move,all_days,same_day_large_move_direction,premarket_controls_plus_text,random_forest,1,1,0.965
2023-02-02,premarket_large_move,all_days,same_day_large_move_direction,premarket_controls_plus_text,random_forest,1,1,0.985
2023-02-03,premarket_large_move,all_days,same_day_large_move_direction,premarket_controls_plus_text,random_forest,0,1,0.675
2023-02-07,premarket_large_move,all_days,same_day_large_move_direction,premarket_controls_plus_text,random_forest,1,1,0.87
2023-02-08,premarket_large_move,all_days,same_day_large_move_direction,premarket_controls_plus_text,random_forest,0,0,0.145
2023-02-09,premarket_large_move,all_days,same_day_large_move_direction,premarket_controls_plus_text,random_forest,0,0,0.155
2023-02-13,premarket_large_move,all_days,same_day_large_move_direction,premarket_controls_plus_text,random_forest,1,1,0.99
2023-02-16,premarket_large_move,all_days,same_day_large_move_direction,premarket_controls_plus_text,random_forest,0,0,0.105
2023-02-21,premarket_large_move,all_days,same_day_large_move_direction,premarket_controls_plus_text,random_forest,0,0,0.14
2023-02-24,premarket_large_move,all_days,same_day_large_move_direction,premarket_controls_plus_text,random_forest,0,0,0.01
2023-03-03,premarket_large_move,all_days,same_day_large_move_direction,premarket_controls_plus_text,random_forest,1,1,1.0
2023-03-07,premarket_large_move,all_days,same_day_large_move_direction,premarket_controls_plus_text,random_forest,0,0,0.04
2023-03-09,premarket_large_move,all_days,same_day_large_move_direction,premarket_controls_plus_text,random_forest,0,0,0.0
2023-03-10,premarket_large_move,all_days,same_day_large_move_direction,premarket_controls_plus_text,random_forest,0,0,0.01
2023-03-14,premarket_large_move,all_days,same_day_large_move_direction,premarket_controls_plus_text,random_forest,1,1,0.98
2023-03-16,premarket_large_move,all_days,same_day_large_move_direction,premarket_controls_plus_text,random_forest,1,1,0.995
2023-03-17,premarket_large_move,all_days,same_day_large_move_direction,premarket_controls_plus_text,random_forest,0,1,0.555
2023-03-20,premarket_large_move,all_days,same_day_large_move_direction,premarket_controls_plus_text,random_forest,1,1,0.93
2023-03-21,premarket_large_move,all_days,same_day_large_move_direction,premarket_controls_plus_text,random_forest,1,1,0.995
2023-03-22,premarket_large_move,all_days,same_day_large_move_direction,premarket_controls_plus_text,random_forest,0,0,0.045
2023-03-29,premarket_large_move,all_days,same_day_large_move_direction,premarket_controls_plus_text,random_forest,1,1,0.995
2023-03-31,premarket_large_move,all_days,same_day_large_move_direction,premarket_controls_plus_text,random_forest,1,1,0.995
2023-04-13,premarket_large_move,all_days,same_day_large_move_direction,premarket_controls_plus_text,random_forest,1,1,1.0
2023-04-25,premarket_large_move,all_days,same_day_large_move_direction,premarket_controls_plus_text,random_forest,0,0,0.0
2023-04-27,premarket_large_move,all_days,same_day_large_move_direction,premarket_controls_plus_text,random_forest,1,1,1.0
2023-04-28,premarket_large_move,all_days,same_day_large_move_direction,premarket_controls_plus_text,random_forest,1,1,0.85
2023-05-02,premarket_large_move,all_days,same_day_large_move_direction,premarket_controls_plus_text,random_forest,0,0,0.105
2023-05-05,premarket_large_move,all_days,same_day_large_move_direction,premarket_controls_plus_text,random_forest,1,1,0.99
2023-05-17,premarket_large_move,all_days,same_day_large_move_direction,premarket_controls_plus_text,random_forest,1,1,1.0
2023-05-18,premarket_large_move,all_days,same_day_large_move_direction,premarket_controls_plus_text,random_forest,1,1,1.0
2023-05-23,premarket_large_move,all_days,same_day_large_move_direction,premarket_controls_plus_text,random_forest,0,0,0.05
2023-05-25,premarket_large_move,all_days,same_day_large_move_direction,premarket_controls_plus_text,random_forest,1,0,0.5
2023-05-26,premarket_large_move,all_days,same_day_large_move_direction,premarket_controls_plus_text,random_forest,1,1,0.995
2023-06-01,premarket_large_move,all_days,same_day_large_move_direction,premarket_controls_plus_text,random_forest,1,1,0.99
2023-06-02,premarket_large_move,all_days,same_day_large_move_direction,premarket_controls_plus_text,random_forest,1,1,0.985
2023-06-12,premarket_large_move,all_days,same_day_large_move_direction,premarket_controls_plus_text,random_forest,1,1,0.985
2023-06-15,premarket_large_move,all_days,same_day_large_move_direction,premarket_controls_plus_text,random_forest,1,1,1.0
2023-06-27,premarket_large_move,all_days,same_day_large_move_direction,premarket_controls_plus_text,random_forest,1,1,1.0
2023-06-30,premarket_large_move,all_days,same_day_large_move_direction,premarket_controls_plus_text,random_forest,1,1,1.0
2023-07-13,premarket_large_move,all_days,same_day_large_move_direction,premarket_controls_plus_text,random_forest,1,1,0.99
2023-07-28,premarket_large_move,all_days,same_day_large_move_direction,premarket_controls_plus_text,random_forest,1,1,1.0
2023-08-02,premarket_large_move,all_days,same_day_large_move_direction,premarket_controls_plus_text,random_forest,0,0,0.13
2023-08-07,premarket_large_move,all_days,same_day_large_move_direction,premarket_controls_plus_text,random_forest,1,1,0.655
2023-08-15,premarket_large_move,all_days,same_day_large_move_direction,premarket_controls_plus_text,random_forest,0,0,0.01
2023-08-23,premarket_large_move,all_days,same_day_large_move_direction,premarket_controls_plus_text,random_forest,1,1,1.0
2023-08-24,premarket_large_move,all_days,same_day_large_move_direction,premarket_controls_plus_text,random_forest,0,0,0.09
2023-08-29,premarket_large_move,all_days,same_day_large_move_direction,premarket_controls_plus_text,random_forest,1,1,0.995
2023-09-14,premarket_large_move,all_days,same_day_large_move_direction,premarket_controls_plus_text,random_forest,1,1,0.995
2023-09-15,premarket_large_move,all_days,same_day_large_move_direction,premarket_controls_plus_text,random_forest,0,0,0.105
2023-09-20,premarket_large_move,all_days,same_day_large_move_direction,premarket_controls_plus_text,random_forest,0,0,0.005
2023-09-21,premarket_large_move,all_days,same_day_large_move_direction,premarket_controls_plus_text,random_forest,0,0,0.005
2023-09-26,premarket_large_move,all_days,same_day_large_move_direction,premarket_controls_plus_text,random_forest,0,0,0.0
2023-10-03,premarket_large_move,all_days,same_day_large_move_direction,premarket_controls_plus_text,random_forest,0,0,0.125
2023-10-04,premarket_large_move,all_days,same_day_large_move_direction,premarket_controls_plus_text,random_forest,1,1,0.605
2023-10-06,premarket_large_move,all_days,same_day_large_move_direction,premarket_controls_plus_text,random_forest,1,1,0.975
2023-10-16,premarket_large_move,all_days,same_day_large_move_direction,premarket_controls_plus_text,random_forest,1,1,0.975
2023-10-18,premarket_large_move,all_days,same_day_large_move_direction,premarket_controls_plus_text,random_forest,0,0,0.095
2023-10-19,premarket_large_move,all_days,same_day_large_move_direction,premarket_controls_plus_text,random_forest,0,0,0.185
2023-10-20,premarket_large_move,all_days,same_day_large_move_direction,premarket_controls_plus_text,random_forest,0,0,0.19
2023-10-25,premarket_large_move,all_days,same_day_large_move_direction,premarket_controls_plus_text,random_forest,0,0,0.15
2023-10-26,premarket_large_move,all_days,same_day_large_move_direction,premarket_controls_plus_text,random_forest,0,0,0.09
2023-10-30,premarket_large_move,all_days,same_day_large_move_direction,premarket_controls_plus_text,random_forest,1,1,0.6
2023-11-01,premarket_large_move,all_days,same_day_large_move_direction,premarket_controls_plus_text,random_forest,1,1,0.985
2023-11-02,premarket_large_move,all_days,same_day_large_move_direction,premarket_controls_plus_text,random_forest,1,1,1.0
2023-11-03,premarket_large_move,all_days,same_day_large_move_direction,premarket_controls_plus_text,random_forest,1,1,0.94
2023-11-10,premarket_large_move,all_days,same_day_large_move_direction,premarket_controls_plus_text,random_forest,1,1,1.0
2023-11-14,premarket_large_move,all_days,same_day_large_move_direction,premarket_controls_plus_text,random_forest,1,1,1.0
2023-12-13,premarket_large_move,all_days,same_day_large_move_direction,premarket_controls_plus_text,random_forest,1,1,1.0
2023-12-20,premarket_large_move,all_days,same_day_large_move_direction,premarket_controls_plus_text,random_forest,0,0,0.015
2023-12-21,premarket_large_move,all_days,same_day_large_move_direction,premarket_controls_plus_text,random_forest,1,1,0.965
2024-01-08,premarket_large_move,all_days,same_day_large_move_direction,premarket_controls_plus_text,random_forest,1,1,0.9925
2024-01-18,premarket_large_move,all_days,same_day_large_move_direction,premarket_controls_plus_text,random_forest,1,1,0.97
2024-01-19,premarket_large_move,all_days,same_day_large_move_direction,premarket_controls_plus_text,random_forest,1,1,1.0
2024-01-31,premarket_large_move,all_days,same_day_large_move_direction,premarket_controls_plus_text,random_forest,0,0,0.0075
2024-02-01,premarket_large_move,all_days,same_day_large_move_direction,premarket_controls_plus_text,random_forest,1,1,0.88
2024-02-02,premarket_large_move,all_days,same_day_large_move_direction,premarket_controls_plus_text,random_forest,1,1,0.865
2024-02-07,premarket_large_move,all_days,same_day_large_move_direction,premarket_controls_plus_text,random_forest,1,1,0.995
2024-02-13,premarket_large_move,all_days,same_day_large_move_direction,premarket_controls_plus_text,random_forest,0,0,0.0
2024-02-14,premarket_large_move,all_days,same_day_large_move_direction,premarket_controls_plus_text,random_forest,1,1,0.7575
2024-02-22,premarket_large_move,all_days,same_day_large_move_direction,premarket_controls_plus_text,random_forest,1,1,1.0
2024-03-05,premarket_large_move,all_days,same_day_large_move_direction,premarket_controls_plus_text,random_forest,0,0,0.02
2024-03-07,premarket_large_move,all_days,same_day_large_move_direction,premarket_controls_plus_text,random_forest,1,1,1.0
2024-03-12,premarket_large_move,all_days,same_day_large_move_direction,premarket_controls_plus_text,random_forest,1,1,1.0
2024-03-20,premarket_large_move,all_days,same_day_large_move_direction,premarket_controls_plus_text,random_forest,1,1,0.9975
2024-03-27,premarket_large_move,all_days,same_day_large_move_direction,premarket_controls_plus_text,random_forest,1,1,1.0
2024-04-04,premarket_large_move,all_days,same_day_large_move_direction,premarket_controls_plus_text,random_forest,0,0,0.0125
2024-04-05,premarket_large_move,all_days,same_day_large_move_direction,premarket_controls_plus_text,random_forest,1,1,0.88
2024-04-10,premarket_large_move,all_days,same_day_large_move_direction,premarket_controls_plus_text,random_forest,0,0,0.0525
2024-04-12,premarket_large_move,all_days,same_day_large_move_direction,premarket_controls_plus_text,random_forest,0,0,0.0175
2024-04-15,premarket_large_move,all_days,same_day_large_move_direction,premarket_controls_plus_text,random_forest,0,0,0.0475
2024-04-19,premarket_large_move,all_days,same_day_large_move_direction,premarket_controls_plus_text,random_forest,0,0,0.015
2024-04-22,premarket_large_move,all_days,same_day_large_move_direction,premarket_controls_plus_text,random_forest,1,1,0.825
2024-04-23,premarket_large_move,all_days,same_day_large_move_direction,premarket_controls_plus_text,random_forest,1,1,0.985
2024-04-26,premarket_large_move,all_days,same_day_large_move_direction,premarket_controls_plus_text,random_forest,1,1,0.995
2024-04-30,premarket_large_move,all_days,same_day_large_move_direction,premarket_controls_plus_text,random_forest,0,0,0.01
2024-05-02,premarket_large_move,all_days,same_day_large_move_direction,premarket_controls_plus_text,random_forest,1,1,0.675
2024-05-03,premarket_large_move,all_days,same_day_large_move_direction,premarket_controls_plus_text,random_forest,1,1,0.97
2024-05-06,premarket_large_move,all_days,same_day_large_move_direction,premarket_controls_plus_text,random_forest,1,1,0.9525
2024-05-15,premarket_large_move,all_days,same_day_large_move_direction,premarket_controls_plus_text,random_forest,1,1,0.9975
2024-06-05,premarket_large_move,all_days,same_day_large_move_direction,premarket_controls_plus_text,random_forest,1,1,1.0
2024-06-12,premarket_large_move,all_days,same_day_large_move_direction,premarket_controls_plus_text,random_forest,1,1,1.0
2024-07-10,premarket_large_move,all_days,same_day_large_move_direction,premarket_controls_plus_text,random_forest,1,1,1.0
2024-07-11,premarket_large_move,all_days,same_day_large_move_direction,premarket_controls_plus_text,random_forest,0,0,0.2875
2024-07-17,premarket_large_move,all_days,same_day_large_move_direction,premarket_controls_plus_text,random_forest,0,0,0.0125
2024-07-22,premarket_large_move,all_days,same_day_large_move_direction,premarket_controls_plus_text,random_forest,1,1,0.575
2024-07-24,premarket_large_move,all_days,same_day_large_move_direction,premarket_controls_plus_text,random_forest,0,0,0.0
2024-07-26,premarket_large_move,all_days,same_day_large_move_direction,premarket_controls_plus_text,random_forest,1,0,0.425
2024-07-31,premarket_large_move,all_days,same_day_large_move_direction,premarket_controls_plus_text,random_forest,1,1,0.9975
2024-08-01,premarket_large_move,all_days,same_day_large_move_direction,premarket_controls_plus_text,random_forest,0,0,0.08
2024-08-02,premarket_large_move,all_days,same_day_large_move_direction,premarket_controls_plus_text,random_forest,0,0,0.0475
2024-08-05,premarket_large_move,all_days,same_day_large_move_direction,premarket_controls_plus_text,random_forest,0,0,0.03
2024-08-06,premarket_large_move,all_days,same_day_large_move_direction,premarket_controls_plus_text,random_forest,1,0,0.4275
2024-08-08,premarket_large_move,all_days,same_day_large_move_direction,premarket_controls_plus_text,random_forest,1,1,0.9975
2024-08-13,premarket_large_move,all_days,same_day_large_move_direction,premarket_controls_plus_text,random_forest,1,1,0.9975
2024-08-15,premarket_large_move,all_days,same_day_large_move_direction,premarket_controls_plus_text,random_forest,1,1,0.985
2024-08-19,premarket_large_move,all_days,same_day_large_move_direction,premarket_controls_plus_text,random_forest,1,1,0.985
2024-08-22,premarket_large_move,all_days,same_day_large_move_direction,premarket_controls_plus_text,random_forest,0,0,0.0575
2024-08-23,premarket_large_move,all_days,same_day_large_move_direction,premarket_controls_plus_text,random_forest,1,1,0.9975
2024-08-30,premarket_large_move,all_days,same_day_large_move_direction,premarket_controls_plus_text,random_forest,1,1,0.9925
2024-09-03,premarket_large_move,all_days,same_day_large_move_direction,premarket_controls_plus_text,random_forest,0,0,0.005
2024-09-06,premarket_large_move,all_days,same_day_large_move_direction,premarket_controls_plus_text,random_forest,0,0,0.0
2024-09-09,premarket_large_move,all_days,same_day_large_move_direction,premarket_controls_plus_text,random_forest,1,1,0.725
2024-09-11,premarket_large_move,all_days,same_day_large_move_direction,premarket_controls_plus_text,random_forest,1,1,0.9825
2024-09-19,premarket_large_move,all_days,same_day_large_move_direction,premarket_controls_plus_text,random_forest,1,1,1.0
2024-10-01,premarket_large_move,all_days,same_day_large_move_direction,premarket_controls_plus_text,random_forest,0,0,0.0075
2024-10-04,premarket_large_move,all_days,same_day_large_move_direction,premarket_controls_plus_text,random_forest,1,1,0.9975
2024-10-07,premarket_large_move,all_days,same_day_large_move_direction,premarket_controls_plus_text,random_forest,0,0,0.075
2024-10-08,premarket_large_move,all_days,same_day_large_move_direction,premarket_controls_plus_text,random_forest,1,1,0.9925
2024-10-23,premarket_large_move,all_days,same_day_large_move_direction,premarket_controls_plus_text,random_forest,0,0,0.005
2024-10-31,premarket_large_move,all_days,same_day_large_move_direction,premarket_controls_plus_text,random_forest,0,0,0.0
2024-11-05,premarket_large_move,all_days,same_day_large_move_direction,premarket_controls_plus_text,random_forest,1,1,1.0
2024-11-15,premarket_large_move,all_days,same_day_large_move_direction,premarket_controls_plus_text,random_forest,0,0,0.0
2024-12-11,premarket_large_move,all_days,same_day_large_move_direction,premarket_controls_plus_text,random_forest,1,1,0.9425
2024-12-18,premarket_large_move,all_days,same_day_large_move_direction,premarket_controls_plus_text,random_forest,0,0,0.0025
2024-12-20,premarket_large_move,all_days,same_day_large_move_direction,premarket_controls_plus_text,random_forest,1,0,0.3275
2024-12-24,premarket_large_move,all_days,same_day_large_move_direction,premarket_controls_plus_text,random_forest,1,1,0.86
2024-12-27,premarket_large_move,all_days,same_day_large_move_direction,premarket_controls_plus_text,random_forest,0,0,0.0475
2024-12-30,premarket_large_move,all_days,same_day_large_move_direction,premarket_controls_plus_text,random_forest,0,0,0.0275
2025-01-03,premarket_large_move,all_days,same_day_large_move_direction,premarket_controls_plus_text,random_forest,1,1,0.9875
2025-01-07,premarket_large_move,all_days,same_day_large_move_direction,premarket_controls_plus_text,random_forest,0,0,0.2775
2025-01-10,premarket_large_move,all_days,same_day_large_move_direction,premarket_controls_plus_text,random_forest,0,0,0.0175
2025-01-15,premarket_large_move,all_days,same_day_large_move_direction,premarket_controls_plus_text,random_forest,1,1,0.9975
2025-01-17,premarket_large_move,all_days,same_day_large_move_direction,premarket_controls_plus_text,random_forest,1,1,0.995
2025-01-21,premarket_large_move,all_days,same_day_large_move_direction,premarket_controls_plus_text,random_forest,1,1,0.9575
2025-01-27,premarket_large_move,all_days,same_day_large_move_direction,premarket_controls_plus_text,random_forest,0,0,0.0025
2025-01-28,premarket_large_move,all_days,same_day_large_move_direction,premarket_controls_plus_text,random_forest,1,1,0.79
2025-02-07,premarket_large_move,all_days,same_day_large_move_direction,premarket_controls_plus_text,random_forest,0,0,0.0875
2025-02-13,premarket_large_move,all_days,same_day_large_move_direction,premarket_controls_plus_text,random_forest,1,1,1.0
2025-02-21,premarket_large_move,all_days,same_day_large_move_direction,premarket_controls_plus_text,random_forest,0,0,0.01
2025-02-27,premarket_large_move,all_days,same_day_large_move_direction,premarket_controls_plus_text,random_forest,0,0,0.225
2025-02-28,premarket_large_move,all_days,same_day_large_move_direction,premarket_controls_plus_text,random_forest,1,1,0.96
2025-03-03,premarket_large_move,all_days,same_day_large_move_direction,premarket_controls_plus_text,random_forest,0,0,0.08
2025-03-04,premarket_large_move,all_days,same_day_large_move_direction,premarket_controls_plus_text,random_forest,0,0,0.1
2025-03-05,premarket_large_move,all_days,same_day_large_move_direction,premarket_controls_plus_text,random_forest,1,1,0.8575
2025-03-06,premarket_large_move,all_days,same_day_large_move_direction,premarket_controls_plus_text,random_forest,0,0,0.0225
2025-03-10,premarket_large_move,all_days,same_day_large_move_direction,premarket_controls_plus_text,random_forest,0,0,0.0075
2025-03-13,premarket_large_move,all_days,same_day_large_move_direction,premarket_controls_plus_text,random_forest,0,0,0.0225
2025-03-14,premarket_large_move,all_days,same_day_large_move_direction,premarket_controls_plus_text,random_forest,1,1,0.97
2025-03-18,premarket_large_move,all_days,same_day_large_move_direction,premarket_controls_plus_text,random_forest,0,1,0.615
2025-03-19,premarket_large_move,all_days,same_day_large_move_direction,premarket_controls_plus_text,random_forest,1,1,0.8975
2025-03-24,premarket_large_move,all_days,same_day_large_move_direction,premarket_controls_plus_text,random_forest,1,1,0.99
2025-03-26,premarket_large_move,all_days,same_day_large_move_direction,premarket_controls_plus_text,random_forest,0,0,0.155
2025-03-28,premarket_large_move,all_days,same_day_large_move_direction,premarket_controls_plus_text,random_forest,0,0,0.0175
2025-04-03,premarket_large_move,all_days,same_day_large_move_direction,premarket_controls_plus_text,random_forest,0,0,0.0225
2025-04-04,premarket_large_move,all_days,same_day_large_move_direction,premarket_controls_plus_text,random_forest,0,0,0.1525
2025-04-08,premarket_large_move,all_days,same_day_large_move_direction,premarket_controls_plus_text,random_forest,0,0,0.145
2025-04-09,premarket_large_move,all_days,same_day_large_move_direction,premarket_controls_plus_text,random_forest,1,1,0.965
2025-04-10,premarket_large_move,all_days,same_day_large_move_direction,premarket_controls_plus_text,random_forest,0,1,0.885
2025-04-11,premarket_large_move,all_days,same_day_large_move_direction,premarket_controls_plus_text,random_forest,1,1,0.9225
2025-04-16,premarket_large_move,all_days,same_day_large_move_direction,premarket_controls_plus_text,random_forest,0,0,0.13
2025-04-21,premarket_large_move,all_days,same_day_large_move_direction,premarket_controls_plus_text,random_forest,0,0,0.065
2025-04-22,premarket_large_move,all_days,same_day_large_move_direction,premarket_controls_plus_text,random_forest,1,1,0.9
2025-04-23,premarket_large_move,all_days,same_day_large_move_direction,premarket_controls_plus_text,random_forest,1,1,0.9025
2025-04-24,premarket_large_move,all_days,same_day_large_move_direction,premarket_controls_plus_text,random_forest,1,1,0.895
2025-05-02,premarket_large_move,all_days,same_day_large_move_direction,premarket_controls_plus_text,random_forest,1,1,0.94
2025-05-12,premarket_large_move,all_days,same_day_large_move_direction,premarket_controls_plus_text,random_forest,1,1,0.9425
2025-05-21,premarket_large_move,all_days,same_day_large_move_direction,premarket_controls_plus_text,random_forest,0,0,0.1375
2025-05-27,premarket_large_move,all_days,same_day_large_move_direction,premarket_controls_plus_text,random_forest,1,1,0.9825
2025-06-06,premarket_large_move,all_days,same_day_large_move_direction,premarket_controls_plus_text,random_forest,1,1,1.0
2025-06-13,premarket_large_move,all_days,same_day_large_move_direction,premarket_controls_plus_text,random_forest,0,0,0.0125
2025-06-16,premarket_large_move,all_days,same_day_large_move_direction,premarket_controls_plus_text,random_forest,1,1,0.97
2025-06-17,premarket_large_move,all_days,same_day_large_move_direction,premarket_controls_plus_text,random_forest,0,0,0.2575
2025-06-23,premarket_large_move,all_days,same_day_large_move_direction,premarket_controls_plus_text,random_forest,1,1,1.0
2025-06-24,premarket_large_move,all_days,same_day_large_move_direction,premarket_controls_plus_text,random_forest,1,1,0.9825
2025-07-03,premarket_large_move,all_days,same_day_large_move_direction,premarket_controls_plus_text,random_forest,1,1,0.9675
2025-08-01,premarket_large_move,all_days,same_day_large_move_direction,premarket_controls_plus_text,random_forest,0,0,0.0
2025-08-04,premarket_large_move,all_days,same_day_large_move_direction,premarket_controls_plus_text,random_forest,1,1,0.96
2025-08-12,premarket_large_move,all_days,same_day_large_move_direction,premarket_controls_plus_text,random_forest,1,1,1.0
2025-08-22,premarket_large_move,all_days,same_day_large_move_direction,premarket_controls_plus_text,random_forest,1,1,1.0
2025-09-04,premarket_large_move,all_days,same_day_large_move_direction,premarket_controls_plus_text,random_forest,1,1,1.0
2025-09-11,premarket_large_move,all_days,same_day_large_move_direction,premarket_controls_plus_text,random_forest,1,1,1.0
2025-10-10,premarket_large_move,all_days,same_day_large_move_direction,premarket_controls_plus_text,random_forest,0,0,0.0275
2025-10-13,premarket_large_move,all_days,same_day_large_move_direction,premarket_controls_plus_text,random_forest,1,1,0.905
2025-10-20,premarket_large_move,all_days,same_day_large_move_direction,premarket_controls_plus_text,random_forest,1,1,0.9675
2025-10-27,premarket_large_move,all_days,same_day_large_move_direction,premarket_controls_plus_text,random_forest,1,1,0.9975
2025-10-30,premarket_large_move,all_days,same_day_large_move_direction,premarket_controls_plus_text,random_forest,0,0,0.04
2025-11-04,premarket_large_move,all_days,same_day_large_move_direction,premarket_controls_plus_text,random_forest,0,0,0.0
2025-11-06,premarket_large_move,all_days,same_day_large_move_direction,premarket_controls_plus_text,random_forest,0,0,0.22
2025-11-10,premarket_large_move,all_days,same_day_large_move_direction,premarket_controls_plus_text,random_forest,1,1,1.0
2025-11-13,premarket_large_move,all_days,same_day_large_move_direction,premarket_controls_plus_text,random_forest,0,0,0.02
2025-11-17,premarket_large_move,all_days,same_day_large_move_direction,premarket_controls_plus_text,random_forest,0,0,0.115
2025-11-18,premarket_large_move,all_days,same_day_large_move_direction,premarket_controls_plus_text,random_forest,0,0,0.02
2025-11-20,premarket_large_move,all_days,same_day_large_move_direction,premarket_controls_plus_text,random_forest,0,0,0.01
2025-11-21,premarket_large_move,all_days,same_day_large_move_direction,premarket_controls_plus_text,random_forest,1,1,0.8125
2025-11-24,premarket_large_move,all_days,same_day_large_move_direction,premarket_controls_plus_text,random_forest,1,1,0.9675
2025-11-25,premarket_large_move,all_days,same_day_large_move_direction,premarket_controls_plus_text,random_forest,1,1,0.79
2025-12-12,premarket_large_move,all_days,same_day_large_move_direction,premarket_controls_plus_text,random_forest,0,0,0.0025
2025-12-17,premarket_large_move,all_days,same_day_large_move_direction,premarket_controls_plus_text,random_forest,0,0,0.0
2025-12-19,premarket_large_move,all_days,same_day_large_move_direction,premarket_controls_plus_text,random_forest,1,1,0.97
2022-04-28,premarket_large_move,all_days,same_day_large_move_direction,premarket_controls_plus_text,gradient_boosting,1,1,0.998944587184916
2022-04-29,premarket_large_move,all_days,same_day_large_move_direction,premarket_controls_plus_text,gradient_boosting,0,0,0.07943202321702418
2022-05-04,premarket_large_move,all_days,same_day_large_move_direction,premarket_controls_plus_text,gradient_boosting,1,1,0.9974716145393527
2022-05-05,premarket_large_move,all_days,same_day_large_move_direction,premarket_controls_plus_text,gradient_boosting,0,0,0.0011035204841216978
2022-05-09,premarket_large_move,all_days,same_day_large_move_direction,premarket_controls_plus_text,gradient_boosting,0,0,0.03397310244066048
2022-05-11,premarket_large_move,all_days,same_day_large_move_direction,premarket_controls_plus_text,gradient_boosting,0,0,0.016383206712952753
2022-05-13,premarket_large_move,all_days,same_day_large_move_direction,premarket_controls_plus_text,gradient_boosting,1,1,0.9987104407619872
2022-05-17,premarket_large_move,all_days,same_day_large_move_direction,premarket_controls_plus_text,gradient_boosting,1,1,0.9942386885424612
2022-05-18,premarket_large_move,all_days,same_day_large_move_direction,premarket_controls_plus_text,gradient_boosting,0,0,0.0011938867308237597
2022-05-23,premarket_large_move,all_days,same_day_large_move_direction,premarket_controls_plus_text,gradient_boosting,1,1,0.9722882287990557
2022-05-24,premarket_large_move,all_days,same_day_large_move_direction,premarket_controls_plus_text,gradient_boosting,0,0,0.050327281665591674
2022-05-25,premarket_large_move,all_days,same_day_large_move_direction,premarket_controls_plus_text,gradient_boosting,1,1,0.9879962631012633
2022-05-26,premarket_large_move,all_days,same_day_large_move_direction,premarket_controls_plus_text,gradient_boosting,1,1,0.994095988545161
2022-05-27,premarket_large_move,all_days,same_day_large_move_direction,premarket_controls_plus_text,gradient_boosting,1,1,0.7830045126634539
2022-06-02,premarket_large_move,all_days,same_day_large_move_direction,premarket_controls_plus_text,gradient_boosting,1,1,0.9980963364171936
2022-06-07,premarket_large_move,all_days,same_day_large_move_direction,premarket_controls_plus_text,gradient_boosting,1,1,0.9986898852577503
2022-06-08,premarket_large_move,all_days,same_day_large_move_direction,premarket_controls_plus_text,gradient_boosting,0,0,0.027129384681913102
2022-06-09,premarket_large_move,all_days,same_day_large_move_direction,premarket_controls_plus_text,gradient_boosting,0,0,0.009013459633254265
2022-06-10,premarket_large_move,all_days,same_day_large_move_direction,premarket_controls_plus_text,gradient_boosting,0,0,0.11391786881711655
2022-06-13,premarket_large_move,all_days,same_day_large_move_direction,premarket_controls_plus_text,gradient_boosting,0,0,0.09430169261378217
2022-06-15,premarket_large_move,all_days,same_day_large_move_direction,premarket_controls_plus_text,gradient_boosting,1,0,0.2534298690481372
2022-06-16,premarket_large_move,all_days,same_day_large_move_direction,premarket_controls_plus_text,gradient_boosting,0,0,0.0008995789599960879
2022-06-21,premarket_large_move,all_days,same_day_large_move_direction,premarket_controls_plus_text,gradient_boosting,1,1,0.9854528212578026
2022-06-23,premarket_large_move,all_days,same_day_large_move_direction,premarket_controls_plus_text,gradient_boosting,1,1,0.9947419814349312
2022-06-24,premarket_large_move,all_days,same_day_large_move_direction,premarket_controls_plus_text,gradient_boosting,1,1,0.997212647022924
2022-06-28,premarket_large_move,all_days,same_day_large_move_direction,premarket_controls_plus_text,gradient_boosting,0,0,0.04824784994009554
2022-06-30,premarket_large_move,all_days,same_day_large_move_direction,premarket_controls_plus_text,gradient_boosting,0,0,0.018914422257195307
2022-07-01,premarket_large_move,all_days,same_day_large_move_direction,premarket_controls_plus_text,gradient_boosting,1,1,0.8168476914912133
2022-07-07,premarket_large_move,all_days,same_day_large_move_direction,premarket_controls_plus_text,gradient_boosting,1,1,0.9910236458505078
2022-07-11,premarket_large_move,all_days,same_day_large_move_direction,premarket_controls_plus_text,gradient_boosting,0,0,0.02182339376492632
2022-07-12,premarket_large_move,all_days,same_day_large_move_direction,premarket_controls_plus_text,gradient_boosting,0,0,0.1273328336963383
2022-07-15,premarket_large_move,all_days,same_day_large_move_direction,premarket_controls_plus_text,gradient_boosting,1,1,0.9962638336193155
2022-07-18,premarket_large_move,all_days,same_day_large_move_direction,premarket_controls_plus_text,gradient_boosting,0,1,0.5004345736887631
2022-07-19,premarket_large_move,all_days,same_day_large_move_direction,premarket_controls_plus_text,gradient_boosting,1,1,0.9974754811056856
2022-07-21,premarket_large_move,all_days,same_day_large_move_direction,premarket_controls_plus_text,gradient_boosting,1,1,0.9925382225196598
2022-07-22,premarket_large_move,all_days,same_day_large_move_direction,premarket_controls_plus_text,gradient_boosting,0,1,0.7920239931031492
2022-07-26,premarket_large_move,all_days,same_day_large_move_direction,premarket_controls_plus_text,gradient_boosting,0,0,0.01112028689351007
2022-07-27,premarket_large_move,all_days,same_day_large_move_direction,premarket_controls_plus_text,gradient_boosting,1,1,0.9989024569572408
2022-07-29,premarket_large_move,all_days,same_day_large_move_direction,premarket_controls_plus_text,gradient_boosting,1,1,0.9007882584574725
2022-08-03,premarket_large_move,all_days,same_day_large_move_direction,premarket_controls_plus_text,gradient_boosting,1,1,0.9963642100740169
2022-08-10,premarket_large_move,all_days,same_day_large_move_direction,premarket_controls_plus_text,gradient_boosting,1,1,0.9969503572020461
2022-08-12,premarket_large_move,all_days,same_day_large_move_direction,premarket_controls_plus_text,gradient_boosting,1,1,0.990742777329525
2022-08-19,premarket_large_move,all_days,same_day_large_move_direction,premarket_controls_plus_text,gradient_boosting,0,0,0.010192421281406362
2022-08-22,premarket_large_move,all_days,same_day_large_move_direction,premarket_controls_plus_text,gradient_boosting,0,0,0.009443615225930522
2022-08-25,premarket_large_move,all_days,same_day_large_move_direction,premarket_controls_plus_text,gradient_boosting,1,1,0.9918697969040128
2022-08-26,premarket_large_move,all_days,same_day_large_move_direction,premarket_controls_plus_text,gradient_boosting,0,0,0.001327535606582752
2022-08-30,premarket_large_move,all_days,same_day_large_move_direction,premarket_controls_plus_text,gradient_boosting,0,0,0.0640408193065757
2022-09-02,premarket_large_move,all_days,same_day_large_move_direction,premarket_controls_plus_text,gradient_boosting,0,0,0.007540093685837715
2022-09-07,premarket_large_move,all_days,same_day_large_move_direction,premarket_controls_plus_text,gradient_boosting,1,1,0.9984448285470008
2022-09-09,premarket_large_move,all_days,same_day_large_move_direction,premarket_controls_plus_text,gradient_boosting,1,1,0.993326892099166
2022-09-12,premarket_large_move,all_days,same_day_large_move_direction,premarket_controls_plus_text,gradient_boosting,1,1,0.9331649311034821
2022-09-13,premarket_large_move,all_days,same_day_large_move_direction,premarket_controls_plus_text,gradient_boosting,0,0,0.0002587064086353842
2022-09-15,premarket_large_move,all_days,same_day_large_move_direction,premarket_controls_plus_text,gradient_boosting,0,0,0.009355877806626224
2022-09-20,premarket_large_move,all_days,same_day_large_move_direction,premarket_controls_plus_text,gradient_boosting,0,0,0.0029838855124551165
2022-09-21,premarket_large_move,all_days,same_day_large_move_direction,premarket_controls_plus_text,gradient_boosting,0,0,0.013077676324065843
2022-09-22,premarket_large_move,all_days,same_day_large_move_direction,premarket_controls_plus_text,gradient_boosting,0,0,0.11582392042481103
2022-09-23,premarket_large_move,all_days,same_day_large_move_direction,premarket_controls_plus_text,gradient_boosting,0,0,0.0049059764068451394
2022-09-26,premarket_large_move,all_days,same_day_large_move_direction,premarket_controls_plus_text,gradient_boosting,0,0,0.008998894497281475
2022-09-28,premarket_large_move,all_days,same_day_large_move_direction,premarket_controls_plus_text,gradient_boosting,1,1,0.9915464005335843
2022-09-29,premarket_large_move,all_days,same_day_large_move_direction,premarket_controls_plus_text,gradient_boosting,0,0,0.0004607993133294337
2022-09-30,premarket_large_move,all_days,same_day_large_move_direction,premarket_controls_plus_text,gradient_boosting,0,0,0.011858117191539676
2022-10-03,premarket_large_move,all_days,same_day_large_move_direction,premarket_controls_plus_text,gradient_boosting,1,1,0.9957237050278338
2022-10-04,premarket_large_move,all_days,same_day_large_move_direction,premarket_controls_plus_text,gradient_boosting,1,1,0.995216800834056
2022-10-06,premarket_large_move,all_days,same_day_large_move_direction,premarket_controls_plus_text,gradient_boosting,0,1,0.9658451577055063
2022-10-07,premarket_large_move,all_days,same_day_large_move_direction,premarket_controls_plus_text,gradient_boosting,0,0,0.005075702004623602
2022-10-13,premarket_large_move,all_days,same_day_large_move_direction,premarket_controls_plus_text,gradient_boosting,1,1,0.9950012478788018
2022-10-14,premarket_large_move,all_days,same_day_large_move_direction,premarket_controls_plus_text,gradient_boosting,0,0,0.003397704137202208
2022-10-17,premarket_large_move,all_days,same_day_large_move_direction,premarket_controls_plus_text,gradient_boosting,1,1,0.9964975139781805
2022-10-18,premarket_large_move,all_days,same_day_large_move_direction,premarket_controls_plus_text,gradient_boosting,1,1,0.978033994148219
2022-10-21,premarket_large_move,all_days,same_day_large_move_direction,premarket_controls_plus_text,gradient_boosting,1,1,0.9946020410193729
2022-10-24,premarket_large_move,all_days,same_day_large_move_direction,premarket_controls_plus_text,gradient_boosting,1,1,0.9769082512768273
2022-10-25,premarket_large_move,all_days,same_day_large_move_direction,premarket_controls_plus_text,gradient_boosting,1,1,0.9308968510779276
2022-10-28,premarket_large_move,all_days,same_day_large_move_direction,premarket_controls_plus_text,gradient_boosting,1,1,0.9973554629270002
2022-11-02,premarket_large_move,all_days,same_day_large_move_direction,premarket_controls_plus_text,gradient_boosting,0,0,0.0069399680799235195
2022-11-03,premarket_large_move,all_days,same_day_large_move_direction,premarket_controls_plus_text,gradient_boosting,0,0,0.08046341966400122
2022-11-04,premarket_large_move,all_days,same_day_large_move_direction,premarket_controls_plus_text,gradient_boosting,1,1,0.5779000051293168
2022-11-07,premarket_large_move,all_days,same_day_large_move_direction,premarket_controls_plus_text,gradient_boosting,1,1,0.9398741233237674
2022-11-09,premarket_large_move,all_days,same_day_large_move_direction,premarket_controls_plus_text,gradient_boosting,0,0,0.005195608751360342
2022-11-10,premarket_large_move,all_days,same_day_large_move_direction,premarket_controls_plus_text,gradient_boosting,1,1,0.9993145718776787
2022-11-11,premarket_large_move,all_days,same_day_large_move_direction,premarket_controls_plus_text,gradient_boosting,1,1,0.9963151107883863
2022-11-14,premarket_large_move,all_days,same_day_large_move_direction,premarket_controls_plus_text,gradient_boosting,0,1,0.9948120631001728
2022-11-15,premarket_large_move,all_days,same_day_large_move_direction,premarket_controls_plus_text,gradient_boosting,1,1,0.9958437743224844
2022-11-16,premarket_large_move,all_days,same_day_large_move_direction,premarket_controls_plus_text,gradient_boosting,0,0,0.0779122514884475
2022-11-22,premarket_large_move,all_days,same_day_large_move_direction,premarket_controls_plus_text,gradient_boosting,1,1,0.9872066941539007
2022-11-28,premarket_large_move,all_days,same_day_large_move_direction,premarket_controls_plus_text,gradient_boosting,0,0,0.00479509203699598
2022-11-30,premarket_large_move,all_days,same_day_large_move_direction,premarket_controls_plus_text,gradient_boosting,1,1,0.9983575996675416
2022-12-05,premarket_large_move,all_days,same_day_large_move_direction,premarket_controls_plus_text,gradient_boosting,0,0,0.0062663638394162115
2022-12-06,premarket_large_move,all_days,same_day_large_move_direction,premarket_controls_plus_text,gradient_boosting,0,0,0.05264608609311767
2022-12-12,premarket_large_move,all_days,same_day_large_move_direction,premarket_controls_plus_text,gradient_boosting,1,1,0.9923541222107316
2022-12-15,premarket_large_move,all_days,same_day_large_move_direction,premarket_controls_plus_text,gradient_boosting,0,0,0.013498375655137606
2022-12-16,premarket_large_move,all_days,same_day_large_move_direction,premarket_controls_plus_text,gradient_boosting,0,0,0.05411347082119001
2022-12-19,premarket_large_move,all_days,same_day_large_move_direction,premarket_controls_plus_text,gradient_boosting,0,0,0.05541770962286498
2022-12-21,premarket_large_move,all_days,same_day_large_move_direction,premarket_controls_plus_text,gradient_boosting,1,1,0.9889992740216859
2022-12-22,premarket_large_move,all_days,same_day_large_move_direction,premarket_controls_plus_text,gradient_boosting,0,0,0.017017015604577416
2022-12-28,premarket_large_move,all_days,same_day_large_move_direction,premarket_controls_plus_text,gradient_boosting,0,0,0.013187565374356057
2022-12-29,premarket_large_move,all_days,same_day_large_move_direction,premarket_controls_plus_text,gradient_boosting,1,1,0.9990592612731901
2023-01-05,premarket_large_move,all_days,same_day_large_move_direction,premarket_controls_plus_text,gradient_boosting,0,0,0.026497694937340062
2023-01-06,premarket_large_move,all_days,same_day_large_move_direction,premarket_controls_plus_text,gradient_boosting,1,1,0.9979506625919545
2023-01-11,premarket_large_move,all_days,same_day_large_move_direction,premarket_controls_plus_text,gradient_boosting,1,1,0.9967008525152081
2023-01-18,premarket_large_move,all_days,same_day_large_move_direction,premarket_controls_plus_text,gradient_boosting,0,0,0.01058813427190135
2023-01-20,premarket_large_move,all_days,same_day_large_move_direction,premarket_controls_plus_text,gradient_boosting,1,1,0.9925692975003126
2023-01-23,premarket_large_move,all_days,same_day_large_move_direction,premarket_controls_plus_text,gradient_boosting,1,1,0.9492153504171255
2023-01-26,premarket_large_move,all_days,same_day_large_move_direction,premarket_controls_plus_text,gradient_boosting,1,1,0.9934569052357921
2023-01-30,premarket_large_move,all_days,same_day_large_move_direction,premarket_controls_plus_text,gradient_boosting,0,0,0.03259276797701391
2023-01-31,premarket_large_move,all_days,same_day_large_move_direction,premarket_controls_plus_text,gradient_boosting,1,1,0.9970671987904643
2023-02-01,premarket_large_move,all_days,same_day_large_move_direction,premarket_controls_plus_text,gradient_boosting,1,1,0.9906898535867286
2023-02-02,premarket_large_move,all_days,same_day_large_move_direction,premarket_controls_plus_text,gradient_boosting,1,1,0.9808564633635574
2023-02-03,premarket_large_move,all_days,same_day_large_move_direction,premarket_controls_plus_text,gradient_boosting,0,0,0.4670177074782371
2023-02-07,premarket_large_move,all_days,same_day_large_move_direction,premarket_controls_plus_text,gradient_boosting,1,1,0.9940267809792652
2023-02-08,premarket_large_move,all_days,same_day_large_move_direction,premarket_controls_plus_text,gradient_boosting,0,0,0.013502038634607695
2023-02-09,premarket_large_move,all_days,same_day_large_move_direction,premarket_controls_plus_text,gradient_boosting,0,0,0.016199674122129224
2023-02-13,premarket_large_move,all_days,same_day_large_move_direction,premarket_controls_plus_text,gradient_boosting,1,1,0.9833170177003425
2023-02-16,premarket_large_move,all_days,same_day_large_move_direction,premarket_controls_plus_text,gradient_boosting,0,0,0.005816840518375733
2023-02-21,premarket_large_move,all_days,same_day_large_move_direction,premarket_controls_plus_text,gradient_boosting,0,0,0.012470908012843951
2023-02-24,premarket_large_move,all_days,same_day_large_move_direction,premarket_controls_plus_text,gradient_boosting,0,0,0.0038814882964763324
2023-03-03,premarket_large_move,all_days,same_day_large_move_direction,premarket_controls_plus_text,gradient_boosting,1,1,0.996990818137587
2023-03-07,premarket_large_move,all_days,same_day_large_move_direction,premarket_controls_plus_text,gradient_boosting,0,0,0.020645092675593734
2023-03-09,premarket_large_move,all_days,same_day_large_move_direction,premarket_controls_plus_text,gradient_boosting,0,0,0.011555187300356113
2023-03-10,premarket_large_move,all_days,same_day_large_move_direction,premarket_controls_plus_text,gradient_boosting,0,0,0.006453737735226981
2023-03-14,premarket_large_move,all_days,same_day_large_move_direction,premarket_controls_plus_text,gradient_boosting,1,1,0.9960080841101289
2023-03-16,premarket_large_move,all_days,same_day_large_move_direction,premarket_controls_plus_text,gradient_boosting,1,1,0.9896013954281914
2023-03-17,premarket_large_move,all_days,same_day_large_move_direction,premarket_controls_plus_text,gradient_boosting,0,1,0.627622128879979
2023-03-20,premarket_large_move,all_days,same_day_large_move_direction,premarket_controls_plus_text,gradient_boosting,1,1,0.931312804584081
2023-03-21,premarket_large_move,all_days,same_day_large_move_direction,premarket_controls_plus_text,gradient_boosting,1,1,0.9976853176668644
2023-03-22,premarket_large_move,all_days,same_day_large_move_direction,premarket_controls_plus_text,gradient_boosting,0,0,0.005722528249386207
2023-03-29,premarket_large_move,all_days,same_day_large_move_direction,premarket_controls_plus_text,gradient_boosting,1,1,0.9972254001139257
2023-03-31,premarket_large_move,all_days,same_day_large_move_direction,premarket_controls_plus_text,gradient_boosting,1,1,0.9912417264554096
2023-04-13,premarket_large_move,all_days,same_day_large_move_direction,premarket_controls_plus_text,gradient_boosting,1,1,0.9967251667772331
2023-04-25,premarket_large_move,all_days,same_day_large_move_direction,premarket_controls_plus_text,gradient_boosting,0,0,0.0043868358918044414
2023-04-27,premarket_large_move,all_days,same_day_large_move_direction,premarket_controls_plus_text,gradient_boosting,1,1,0.9974816761173365
2023-04-28,premarket_large_move,all_days,same_day_large_move_direction,premarket_controls_plus_text,gradient_boosting,1,1,0.902406099083277
2023-05-02,premarket_large_move,all_days,same_day_large_move_direction,premarket_controls_plus_text,gradient_boosting,0,0,0.021650741453399916
2023-05-05,premarket_large_move,all_days,same_day_large_move_direction,premarket_controls_plus_text,gradient_boosting,1,1,0.9965015669676092
2023-05-17,premarket_large_move,all_days,same_day_large_move_direction,premarket_controls_plus_text,gradient_boosting,1,1,0.9927440072891438
2023-05-18,premarket_large_move,all_days,same_day_large_move_direction,premarket_controls_plus_text,gradient_boosting,1,1,0.9807940549648549
2023-05-23,premarket_large_move,all_days,same_day_large_move_direction,premarket_controls_plus_text,gradient_boosting,0,0,0.0061450479191927
2023-05-25,premarket_large_move,all_days,same_day_large_move_direction,premarket_controls_plus_text,gradient_boosting,1,1,0.8276866578514841
2023-05-26,premarket_large_move,all_days,same_day_large_move_direction,premarket_controls_plus_text,gradient_boosting,1,1,0.9914660191401855
2023-06-01,premarket_large_move,all_days,same_day_large_move_direction,premarket_controls_plus_text,gradient_boosting,1,1,0.9905594633832285
2023-06-02,premarket_large_move,all_days,same_day_large_move_direction,premarket_controls_plus_text,gradient_boosting,1,1,0.9794235334097291
2023-06-12,premarket_large_move,all_days,same_day_large_move_direction,premarket_controls_plus_text,gradient_boosting,1,1,0.9781597905333519
2023-06-15,premarket_large_move,all_days,same_day_large_move_direction,premarket_controls_plus_text,gradient_boosting,1,1,0.9891365473160841
2023-06-27,premarket_large_move,all_days,same_day_large_move_direction,premarket_controls_plus_text,gradient_boosting,1,1,0.9939095250274663
2023-06-30,premarket_large_move,all_days,same_day_large_move_direction,premarket_controls_plus_text,gradient_boosting,1,1,0.9951100440470859
2023-07-13,premarket_large_move,all_days,same_day_large_move_direction,premarket_controls_plus_text,gradient_boosting,1,1,0.9832210878142484
2023-07-28,premarket_large_move,all_days,same_day_large_move_direction,premarket_controls_plus_text,gradient_boosting,1,1,0.991379740788909
2023-08-02,premarket_large_move,all_days,same_day_large_move_direction,premarket_controls_plus_text,gradient_boosting,0,0,0.012072720390779874
2023-08-07,premarket_large_move,all_days,same_day_large_move_direction,premarket_controls_plus_text,gradient_boosting,1,1,0.8865373568005864
2023-08-15,premarket_large_move,all_days,same_day_large_move_direction,premarket_controls_plus_text,gradient_boosting,0,0,0.01599736692233612
2023-08-23,premarket_large_move,all_days,same_day_large_move_direction,premarket_controls_plus_text,gradient_boosting,1,1,0.992375198188452
2023-08-24,premarket_large_move,all_days,same_day_large_move_direction,premarket_controls_plus_text,gradient_boosting,0,0,0.009001693888166854
2023-08-29,premarket_large_move,all_days,same_day_large_move_direction,premarket_controls_plus_text,gradient_boosting,1,1,0.9864032181751632
2023-09-14,premarket_large_move,all_days,same_day_large_move_direction,premarket_controls_plus_text,gradient_boosting,1,1,0.9739390608538592
2023-09-15,premarket_large_move,all_days,same_day_large_move_direction,premarket_controls_plus_text,gradient_boosting,0,0,0.06400665740276044
2023-09-20,premarket_large_move,all_days,same_day_large_move_direction,premarket_controls_plus_text,gradient_boosting,0,0,0.014588874170318985
2023-09-21,premarket_large_move,all_days,same_day_large_move_direction,premarket_controls_plus_text,gradient_boosting,0,0,0.012092349328139932
2023-09-26,premarket_large_move,all_days,same_day_large_move_direction,premarket_controls_plus_text,gradient_boosting,0,0,0.004254013859537024
2023-10-03,premarket_large_move,all_days,same_day_large_move_direction,premarket_controls_plus_text,gradient_boosting,0,0,0.005171918063931621
2023-10-04,premarket_large_move,all_days,same_day_large_move_direction,premarket_controls_plus_text,gradient_boosting,1,1,0.7279537368398875
2023-10-06,premarket_large_move,all_days,same_day_large_move_direction,premarket_controls_plus_text,gradient_boosting,1,1,0.9858775407656131
2023-10-16,premarket_large_move,all_days,same_day_large_move_direction,premarket_controls_plus_text,gradient_boosting,1,1,0.9947041945357106
2023-10-18,premarket_large_move,all_days,same_day_large_move_direction,premarket_controls_plus_text,gradient_boosting,0,0,0.01068424174610905
2023-10-19,premarket_large_move,all_days,same_day_large_move_direction,premarket_controls_plus_text,gradient_boosting,0,0,0.11528896562694342
2023-10-20,premarket_large_move,all_days,same_day_large_move_direction,premarket_controls_plus_text,gradient_boosting,0,0,0.03902666947690145
2023-10-25,premarket_large_move,all_days,same_day_large_move_direction,premarket_controls_plus_text,gradient_boosting,0,0,0.0038814882964763324
2023-10-26,premarket_large_move,all_days,same_day_large_move_direction,premarket_controls_plus_text,gradient_boosting,0,0,0.05830115101619076
2023-10-30,premarket_large_move,all_days,same_day_large_move_direction,premarket_controls_plus_text,gradient_boosting,1,1,0.8212689645292995
2023-11-01,premarket_large_move,all_days,same_day_large_move_direction,premarket_controls_plus_text,gradient_boosting,1,1,0.988673618843042
2023-11-02,premarket_large_move,all_days,same_day_large_move_direction,premarket_controls_plus_text,gradient_boosting,1,1,0.9851431761118117
2023-11-03,premarket_large_move,all_days,same_day_large_move_direction,premarket_controls_plus_text,gradient_boosting,1,1,0.9636909176444344
2023-11-10,premarket_large_move,all_days,same_day_large_move_direction,premarket_controls_plus_text,gradient_boosting,1,1,0.9970393704770008
2023-11-14,premarket_large_move,all_days,same_day_large_move_direction,premarket_controls_plus_text,gradient_boosting,1,1,0.9934774576373455
2023-12-13,premarket_large_move,all_days,same_day_large_move_direction,premarket_controls_plus_text,gradient_boosting,1,1,0.9911178977593607
2023-12-20,premarket_large_move,all_days,same_day_large_move_direction,premarket_controls_plus_text,gradient_boosting,0,0,0.007373131120249361
2023-12-21,premarket_large_move,all_days,same_day_large_move_direction,premarket_controls_plus_text,gradient_boosting,1,1,0.9946595262197643
2024-01-08,premarket_large_move,all_days,same_day_large_move_direction,premarket_controls_plus_text,gradient_boosting,1,1,0.999454708515651
2024-01-18,premarket_large_move,all_days,same_day_large_move_direction,premarket_controls_plus_text,gradient_boosting,1,1,0.9950398607222843
2024-01-19,premarket_large_move,all_days,same_day_large_move_direction,premarket_controls_plus_text,gradient_boosting,1,1,0.998930159845787
2024-01-31,premarket_large_move,all_days,same_day_large_move_direction,premarket_controls_plus_text,gradient_boosting,0,0,0.0008207482381628149
2024-02-01,premarket_large_move,all_days,same_day_large_move_direction,premarket_controls_plus_text,gradient_boosting,1,1,0.9969073310523782
2024-02-02,premarket_large_move,all_days,same_day_large_move_direction,premarket_controls_plus_text,gradient_boosting,1,1,0.9918912625143446
2024-02-07,premarket_large_move,all_days,same_day_large_move_direction,premarket_controls_plus_text,gradient_boosting,1,1,0.9981183285263098
2024-02-13,premarket_large_move,all_days,same_day_large_move_direction,premarket_controls_plus_text,gradient_boosting,0,0,5.550924684645691e-05
2024-02-14,premarket_large_move,all_days,same_day_large_move_direction,premarket_controls_plus_text,gradient_boosting,1,1,0.9953597606813925
2024-02-22,premarket_large_move,all_days,same_day_large_move_direction,premarket_controls_plus_text,gradient_boosting,1,1,0.9994179957549565
2024-03-05,premarket_large_move,all_days,same_day_large_move_direction,premarket_controls_plus_text,gradient_boosting,0,0,0.002967930814469413
2024-03-07,premarket_large_move,all_days,same_day_large_move_direction,premarket_controls_plus_text,gradient_boosting,1,1,0.9989094102435346
2024-03-12,premarket_large_move,all_days,same_day_large_move_direction,premarket_controls_plus_text,gradient_boosting,1,1,0.9972408157544798
2024-03-20,premarket_large_move,all_days,same_day_large_move_direction,premarket_controls_plus_text,gradient_boosting,1,1,0.9971441400995698
2024-03-27,premarket_large_move,all_days,same_day_large_move_direction,premarket_controls_plus_text,gradient_boosting,1,1,0.9989509404648711
2024-04-04,premarket_large_move,all_days,same_day_large_move_direction,premarket_controls_plus_text,gradient_boosting,0,0,0.001098173956858274
2024-04-05,premarket_large_move,all_days,same_day_large_move_direction,premarket_controls_plus_text,gradient_boosting,1,1,0.9955086388911346
2024-04-10,premarket_large_move,all_days,same_day_large_move_direction,premarket_controls_plus_text,gradient_boosting,0,0,0.0025694006985052644
2024-04-12,premarket_large_move,all_days,same_day_large_move_direction,premarket_controls_plus_text,gradient_boosting,0,0,0.0019247370143494918
2024-04-15,premarket_large_move,all_days,same_day_large_move_direction,premarket_controls_plus_text,gradient_boosting,0,0,0.006544689863824138
2024-04-19,premarket_large_move,all_days,same_day_large_move_direction,premarket_controls_plus_text,gradient_boosting,0,0,0.005041774807840685
2024-04-22,premarket_large_move,all_days,same_day_large_move_direction,premarket_controls_plus_text,gradient_boosting,1,1,0.9777975385807173
2024-04-23,premarket_large_move,all_days,same_day_large_move_direction,premarket_controls_plus_text,gradient_boosting,1,1,0.9987373621587727
2024-04-26,premarket_large_move,all_days,same_day_large_move_direction,premarket_controls_plus_text,gradient_boosting,1,1,0.9989602671628774
2024-04-30,premarket_large_move,all_days,same_day_large_move_direction,premarket_controls_plus_text,gradient_boosting,0,0,0.002392124352339614
2024-05-02,premarket_large_move,all_days,same_day_large_move_direction,premarket_controls_plus_text,gradient_boosting,1,1,0.9793337858256189
2024-05-03,premarket_large_move,all_days,same_day_large_move_direction,premarket_controls_plus_text,gradient_boosting,1,1,0.998725577617443
2024-05-06,premarket_large_move,all_days,same_day_large_move_direction,premarket_controls_plus_text,gradient_boosting,1,1,0.9956525649504416
2024-05-15,premarket_large_move,all_days,same_day_large_move_direction,premarket_controls_plus_text,gradient_boosting,1,1,0.9993748256321155
2024-06-05,premarket_large_move,all_days,same_day_large_move_direction,premarket_controls_plus_text,gradient_boosting,1,1,0.9992257416025885
2024-06-12,premarket_large_move,all_days,same_day_large_move_direction,premarket_controls_plus_text,gradient_boosting,1,1,0.9980675227025188
2024-07-10,premarket_large_move,all_days,same_day_large_move_direction,premarket_controls_plus_text,gradient_boosting,1,1,0.9991332018827628
2024-07-11,premarket_large_move,all_days,same_day_large_move_direction,premarket_controls_plus_text,gradient_boosting,0,0,0.012033834299793269
2024-07-17,premarket_large_move,all_days,same_day_large_move_direction,premarket_controls_plus_text,gradient_boosting,0,0,0.001493141924304863
2024-07-22,premarket_large_move,all_days,same_day_large_move_direction,premarket_controls_plus_text,gradient_boosting,1,1,0.6161933861304342
2024-07-24,premarket_large_move,all_days,same_day_large_move_direction,premarket_controls_plus_text,gradient_boosting,0,0,0.0016500952032414925
2024-07-26,premarket_large_move,all_days,same_day_large_move_direction,premarket_controls_plus_text,gradient_boosting,1,1,0.6725999606554088
2024-07-31,premarket_large_move,all_days,same_day_large_move_direction,premarket_controls_plus_text,gradient_boosting,1,1,0.9993861506624299
2024-08-01,premarket_large_move,all_days,same_day_large_move_direction,premarket_controls_plus_text,gradient_boosting,0,0,0.0025592647398871584
2024-08-02,premarket_large_move,all_days,same_day_large_move_direction,premarket_controls_plus_text,gradient_boosting,0,0,0.0036156944083773237
2024-08-05,premarket_large_move,all_days,same_day_large_move_direction,premarket_controls_plus_text,gradient_boosting,0,0,0.000874043754150111
2024-08-06,premarket_large_move,all_days,same_day_large_move_direction,premarket_controls_plus_text,gradient_boosting,1,0,0.20584284939926548
2024-08-08,premarket_large_move,all_days,same_day_large_move_direction,premarket_controls_plus_text,gradient_boosting,1,1,0.9993061525016206
2024-08-13,premarket_large_move,all_days,same_day_large_move_direction,premarket_controls_plus_text,gradient_boosting,1,1,0.998997412769774
2024-08-15,premarket_large_move,all_days,same_day_large_move_direction,premarket_controls_plus_text,gradient_boosting,1,1,0.9992338957270549
2024-08-19,premarket_large_move,all_days,same_day_large_move_direction,premarket_controls_plus_text,gradient_boosting,1,1,0.9959734294348677
2024-08-22,premarket_large_move,all_days,same_day_large_move_direction,premarket_controls_plus_text,gradient_boosting,0,0,0.005372022580712793
2024-08-23,premarket_large_move,all_days,same_day_large_move_direction,premarket_controls_plus_text,gradient_boosting,1,1,0.9986729726813156
2024-08-30,premarket_large_move,all_days,same_day_large_move_direction,premarket_controls_plus_text,gradient_boosting,1,1,0.9975178752200852
2024-09-03,premarket_large_move,all_days,same_day_large_move_direction,premarket_controls_plus_text,gradient_boosting,0,0,0.00039163239927379664
2024-09-06,premarket_large_move,all_days,same_day_large_move_direction,premarket_controls_plus_text,gradient_boosting,0,0,0.0010379030360323752
2024-09-09,premarket_large_move,all_days,same_day_large_move_direction,premarket_controls_plus_text,gradient_boosting,1,1,0.9900232423305603
2024-09-11,premarket_large_move,all_days,same_day_large_move_direction,premarket_controls_plus_text,gradient_boosting,1,1,0.9956742140932056
2024-09-19,premarket_large_move,all_days,same_day_large_move_direction,premarket_controls_plus_text,gradient_boosting,1,1,0.9994288808300738
2024-10-01,premarket_large_move,all_days,same_day_large_move_direction,premarket_controls_plus_text,gradient_boosting,0,0,0.0016336405706261694
2024-10-04,premarket_large_move,all_days,same_day_large_move_direction,premarket_controls_plus_text,gradient_boosting,1,1,0.9994147392330924
2024-10-07,premarket_large_move,all_days,same_day_large_move_direction,premarket_controls_plus_text,gradient_boosting,0,0,0.0044466454367373225
2024-10-08,premarket_large_move,all_days,same_day_large_move_direction,premarket_controls_plus_text,gradient_boosting,1,1,0.9985620200436993
2024-10-23,premarket_large_move,all_days,same_day_large_move_direction,premarket_controls_plus_text,gradient_boosting,0,0,0.0006170345947345666
2024-10-31,premarket_large_move,all_days,same_day_large_move_direction,premarket_controls_plus_text,gradient_boosting,0,0,0.001369689241562336
2024-11-05,premarket_large_move,all_days,same_day_large_move_direction,premarket_controls_plus_text,gradient_boosting,1,1,0.997362559212727
2024-11-15,premarket_large_move,all_days,same_day_large_move_direction,premarket_controls_plus_text,gradient_boosting,0,0,0.001511408805934267
2024-12-11,premarket_large_move,all_days,same_day_large_move_direction,premarket_controls_plus_text,gradient_boosting,1,1,0.9955410022927963
2024-12-18,premarket_large_move,all_days,same_day_large_move_direction,premarket_controls_plus_text,gradient_boosting,0,0,0.0009312658127180173
2024-12-20,premarket_large_move,all_days,same_day_large_move_direction,premarket_controls_plus_text,gradient_boosting,1,0,0.2591155876831248
2024-12-24,premarket_large_move,all_days,same_day_large_move_direction,premarket_controls_plus_text,gradient_boosting,1,1,0.9810074286866398
2024-12-27,premarket_large_move,all_days,same_day_large_move_direction,premarket_controls_plus_text,gradient_boosting,0,0,0.0025939106618434915
2024-12-30,premarket_large_move,all_days,same_day_large_move_direction,premarket_controls_plus_text,gradient_boosting,0,0,0.002834979106007706
2025-01-03,premarket_large_move,all_days,same_day_large_move_direction,premarket_controls_plus_text,gradient_boosting,1,1,0.994048828432641
2025-01-07,premarket_large_move,all_days,same_day_large_move_direction,premarket_controls_plus_text,gradient_boosting,0,0,0.09879703682613777
2025-01-10,premarket_large_move,all_days,same_day_large_move_direction,premarket_controls_plus_text,gradient_boosting,0,0,0.023627181028862385
2025-01-15,premarket_large_move,all_days,same_day_large_move_direction,premarket_controls_plus_text,gradient_boosting,1,1,0.9967633155694041
2025-01-17,premarket_large_move,all_days,same_day_large_move_direction,premarket_controls_plus_text,gradient_boosting,1,1,0.9664998513462009
2025-01-21,premarket_large_move,all_days,same_day_large_move_direction,premarket_controls_plus_text,gradient_boosting,1,1,0.9644782382649741
2025-01-27,premarket_large_move,all_days,same_day_large_move_direction,premarket_controls_plus_text,gradient_boosting,0,0,0.007501265938454378
2025-01-28,premarket_large_move,all_days,same_day_large_move_direction,premarket_controls_plus_text,gradient_boosting,1,1,0.9496348593587884
2025-02-07,premarket_large_move,all_days,same_day_large_move_direction,premarket_controls_plus_text,gradient_boosting,0,0,0.12147972523543325
2025-02-13,premarket_large_move,all_days,same_day_large_move_direction,premarket_controls_plus_text,gradient_boosting,1,1,0.9941400041079799
2025-02-21,premarket_large_move,all_days,same_day_large_move_direction,premarket_controls_plus_text,gradient_boosting,0,0,0.009351858408369947
2025-02-27,premarket_large_move,all_days,same_day_large_move_direction,premarket_controls_plus_text,gradient_boosting,0,0,0.010785925347290176
2025-02-28,premarket_large_move,all_days,same_day_large_move_direction,premarket_controls_plus_text,gradient_boosting,1,1,0.9974394675201294
2025-03-03,premarket_large_move,all_days,same_day_large_move_direction,premarket_controls_plus_text,gradient_boosting,0,0,0.01812945261327381
2025-03-04,premarket_large_move,all_days,same_day_large_move_direction,premarket_controls_plus_text,gradient_boosting,0,0,0.025029643487208826
2025-03-05,premarket_large_move,all_days,same_day_large_move_direction,premarket_controls_plus_text,gradient_boosting,1,1,0.9875067951740768
2025-03-06,premarket_large_move,all_days,same_day_large_move_direction,premarket_controls_plus_text,gradient_boosting,0,0,0.007146780852572342
2025-03-10,premarket_large_move,all_days,same_day_large_move_direction,premarket_controls_plus_text,gradient_boosting,0,0,0.001843957946055774
2025-03-13,premarket_large_move,all_days,same_day_large_move_direction,premarket_controls_plus_text,gradient_boosting,0,0,0.002405316774874462
2025-03-14,premarket_large_move,all_days,same_day_large_move_direction,premarket_controls_plus_text,gradient_boosting,1,1,0.9967060403391156
2025-03-18,premarket_large_move,all_days,same_day_large_move_direction,premarket_controls_plus_text,gradient_boosting,0,0,0.16597184959414907
2025-03-19,premarket_large_move,all_days,same_day_large_move_direction,premarket_controls_plus_text,gradient_boosting,1,1,0.9815263556092826
2025-03-24,premarket_large_move,all_days,same_day_large_move_direction,premarket_controls_plus_text,gradient_boosting,1,1,0.9919395018884767
2025-03-26,premarket_large_move,all_days,same_day_large_move_direction,premarket_controls_plus_text,gradient_boosting,0,0,0.04690227451502237
2025-03-28,premarket_large_move,all_days,same_day_large_move_direction,premarket_controls_plus_text,gradient_boosting,0,0,0.015742336720758334
2025-04-03,premarket_large_move,all_days,same_day_large_move_direction,premarket_controls_plus_text,gradient_boosting,0,0,0.002189560295853155
2025-04-04,premarket_large_move,all_days,same_day_large_move_direction,premarket_controls_plus_text,gradient_boosting,0,0,0.08310805206306855
2025-04-08,premarket_large_move,all_days,same_day_large_move_direction,premarket_controls_plus_text,gradient_boosting,0,0,0.06935127462164951
2025-04-09,premarket_large_move,all_days,same_day_large_move_direction,premarket_controls_plus_text,gradient_boosting,1,1,0.999691416896434
2025-04-10,premarket_large_move,all_days,same_day_large_move_direction,premarket_controls_plus_text,gradient_boosting,0,1,0.9945456846017529
2025-04-11,premarket_large_move,all_days,same_day_large_move_direction,premarket_controls_plus_text,gradient_boosting,1,1,0.9992072321526961
2025-04-16,premarket_large_move,all_days,same_day_large_move_direction,premarket_controls_plus_text,gradient_boosting,0,0,0.005354201434299398
2025-04-21,premarket_large_move,all_days,same_day_large_move_direction,premarket_controls_plus_text,gradient_boosting,0,0,0.0033297543617770296
2025-04-22,premarket_large_move,all_days,same_day_large_move_direction,premarket_controls_plus_text,gradient_boosting,1,1,0.9931148267042829
2025-04-23,premarket_large_move,all_days,same_day_large_move_direction,premarket_controls_plus_text,gradient_boosting,1,1,0.9956146685963089
2025-04-24,premarket_large_move,all_days,same_day_large_move_direction,premarket_controls_plus_text,gradient_boosting,1,1,0.9416739362537536
2025-05-02,premarket_large_move,all_days,same_day_large_move_direction,premarket_controls_plus_text,gradient_boosting,1,1,0.9932371725917832
2025-05-12,premarket_large_move,all_days,same_day_large_move_direction,premarket_controls_plus_text,gradient_boosting,1,1,0.995701875722924
2025-05-21,premarket_large_move,all_days,same_day_large_move_direction,premarket_controls_plus_text,gradient_boosting,0,0,0.01027455854231309
2025-05-27,premarket_large_move,all_days,same_day_large_move_direction,premarket_controls_plus_text,gradient_boosting,1,1,0.9975760297008849
2025-06-06,premarket_large_move,all_days,same_day_large_move_direction,premarket_controls_plus_text,gradient_boosting,1,1,0.9964904150475636
2025-06-13,premarket_large_move,all_days,same_day_large_move_direction,premarket_controls_plus_text,gradient_boosting,0,0,0.023792700594313772
2025-06-16,premarket_large_move,all_days,same_day_large_move_direction,premarket_controls_plus_text,gradient_boosting,1,1,0.9745574153531434
2025-06-17,premarket_large_move,all_days,same_day_large_move_direction,premarket_controls_plus_text,gradient_boosting,0,0,0.09330496175206072
2025-06-23,premarket_large_move,all_days,same_day_large_move_direction,premarket_controls_plus_text,gradient_boosting,1,1,0.9896913980526164
2025-06-24,premarket_large_move,all_days,same_day_large_move_direction,premarket_controls_plus_text,gradient_boosting,1,1,0.9756539380668963
2025-07-03,premarket_large_move,all_days,same_day_large_move_direction,premarket_controls_plus_text,gradient_boosting,1,1,0.9857907752389775
2025-08-01,premarket_large_move,all_days,same_day_large_move_direction,premarket_controls_plus_text,gradient_boosting,0,0,0.010347280294310283
2025-08-04,premarket_large_move,all_days,same_day_large_move_direction,premarket_controls_plus_text,gradient_boosting,1,1,0.9924202644493657
2025-08-12,premarket_large_move,all_days,same_day_large_move_direction,premarket_controls_plus_text,gradient_boosting,1,1,0.9893680285380186
2025-08-22,premarket_large_move,all_days,same_day_large_move_direction,premarket_controls_plus_text,gradient_boosting,1,1,0.9947008342202305
2025-09-04,premarket_large_move,all_days,same_day_large_move_direction,premarket_controls_plus_text,gradient_boosting,1,1,0.9614140532013573
2025-09-11,premarket_large_move,all_days,same_day_large_move_direction,premarket_controls_plus_text,gradient_boosting,1,1,0.9906140032550201
2025-10-10,premarket_large_move,all_days,same_day_large_move_direction,premarket_controls_plus_text,gradient_boosting,0,0,0.0049546464667660035
2025-10-13,premarket_large_move,all_days,same_day_large_move_direction,premarket_controls_plus_text,gradient_boosting,1,1,0.9933518443467774
2025-10-20,premarket_large_move,all_days,same_day_large_move_direction,premarket_controls_plus_text,gradient_boosting,1,1,0.9920843933326171
2025-10-27,premarket_large_move,all_days,same_day_large_move_direction,premarket_controls_plus_text,gradient_boosting,1,1,0.9908955127038008
2025-10-30,premarket_large_move,all_days,same_day_large_move_direction,premarket_controls_plus_text,gradient_boosting,0,0,0.019476443170165548
2025-11-04,premarket_large_move,all_days,same_day_large_move_direction,premarket_controls_plus_text,gradient_boosting,0,0,0.0032274777828498616
2025-11-06,premarket_large_move,all_days,same_day_large_move_direction,premarket_controls_plus_text,gradient_boosting,0,0,0.08754427825532361
2025-11-10,premarket_large_move,all_days,same_day_large_move_direction,premarket_controls_plus_text,gradient_boosting,1,1,0.9988429730017971
2025-11-13,premarket_large_move,all_days,same_day_large_move_direction,premarket_controls_plus_text,gradient_boosting,0,0,0.0031510714837861774
2025-11-17,premarket_large_move,all_days,same_day_large_move_direction,premarket_controls_plus_text,gradient_boosting,0,0,0.03722267514480515
2025-11-18,premarket_large_move,all_days,same_day_large_move_direction,premarket_controls_plus_text,gradient_boosting,0,0,0.013877056024650548
2025-11-20,premarket_large_move,all_days,same_day_large_move_direction,premarket_controls_plus_text,gradient_boosting,0,0,0.004646892764627509
2025-11-21,premarket_large_move,all_days,same_day_large_move_direction,premarket_controls_plus_text,gradient_boosting,1,1,0.9718530870279567
2025-11-24,premarket_large_move,all_days,same_day_large_move_direction,premarket_controls_plus_text,gradient_boosting,1,1,0.9912094351381995
2025-11-25,premarket_large_move,all_days,same_day_large_move_direction,premarket_controls_plus_text,gradient_boosting,1,1,0.8698485224178414
2025-12-12,premarket_large_move,all_days,same_day_large_move_direction,premarket_controls_plus_text,gradient_boosting,0,0,0.0177395040934621
2025-12-17,premarket_large_move,all_days,same_day_large_move_direction,premarket_controls_plus_text,gradient_boosting,0,0,0.008579346658380005
2025-12-19,premarket_large_move,all_days,same_day_large_move_direction,premarket_controls_plus_text,gradient_boosting,1,1,0.9949960532126274
2022-04-28,premarket_large_move,all_days,same_day_large_move_direction,premarket_controls_regimes,logreg,1,1,0.999999995184627
2022-04-29,premarket_large_move,all_days,same_day_large_move_direction,premarket_controls_regimes,logreg,0,0,0.008141370629786659
2022-05-04,premarket_large_move,all_days,same_day_large_move_direction,premarket_controls_regimes,logreg,1,1,0.9994877661446301
2022-05-05,premarket_large_move,all_days,same_day_large_move_direction,premarket_controls_regimes,logreg,0,0,0.0010509693237030248
2022-05-09,premarket_large_move,all_days,same_day_large_move_direction,premarket_controls_regimes,logreg,0,0,0.00020719868308955022
2022-05-11,premarket_large_move,all_days,same_day_large_move_direction,premarket_controls_regimes,logreg,0,0,0.002595736017215755
2022-05-13,premarket_large_move,all_days,same_day_large_move_direction,premarket_controls_regimes,logreg,1,1,0.9866244737589847
2022-05-17,premarket_large_move,all_days,same_day_large_move_direction,premarket_controls_regimes,logreg,1,1,0.973749518520991
2022-05-18,premarket_large_move,all_days,same_day_large_move_direction,premarket_controls_regimes,logreg,0,0,5.5820591113461054e-05
2022-05-23,premarket_large_move,all_days,same_day_large_move_direction,premarket_controls_regimes,logreg,1,1,0.8879276810354559
2022-05-24,premarket_large_move,all_days,same_day_large_move_direction,premarket_controls_regimes,logreg,0,0,0.024557393268023624
2022-05-25,premarket_large_move,all_days,same_day_large_move_direction,premarket_controls_regimes,logreg,1,1,0.9578833673330982
2022-05-26,premarket_large_move,all_days,same_day_large_move_direction,premarket_controls_regimes,logreg,1,1,0.9982066027152814
2022-05-27,premarket_large_move,all_days,same_day_large_move_direction,premarket_controls_regimes,logreg,1,1,0.9986702932371627
2022-06-02,premarket_large_move,all_days,same_day_large_move_direction,premarket_controls_regimes,logreg,1,1,0.9950015704086417
2022-06-07,premarket_large_move,all_days,same_day_large_move_direction,premarket_controls_regimes,logreg,1,1,0.9974613957973285
2022-06-08,premarket_large_move,all_days,same_day_large_move_direction,premarket_controls_regimes,logreg,0,0,0.07745688882621209
2022-06-09,premarket_large_move,all_days,same_day_large_move_direction,premarket_controls_regimes,logreg,0,0,0.006194193154038746
2022-06-10,premarket_large_move,all_days,same_day_large_move_direction,premarket_controls_regimes,logreg,0,0,0.0005564317063927317
2022-06-13,premarket_large_move,all_days,same_day_large_move_direction,premarket_controls_regimes,logreg,0,0,1.1450380620856172e-05
2022-06-15,premarket_large_move,all_days,same_day_large_move_direction,premarket_controls_regimes,logreg,1,1,0.757854140655384
2022-06-16,premarket_large_move,all_days,same_day_large_move_direction,premarket_controls_regimes,logreg,0,0,0.00011896180226133689
2022-06-21,premarket_large_move,all_days,same_day_large_move_direction,premarket_controls_regimes,logreg,1,1,0.9950576545965265
2022-06-23,premarket_large_move,all_days,same_day_large_move_direction,premarket_controls_regimes,logreg,1,1,0.9575212077387016
2022-06-24,premarket_large_move,all_days,same_day_large_move_direction,premarket_controls_regimes,logreg,1,1,0.9995316186387175
2022-06-28,premarket_large_move,all_days,same_day_large_move_direction,premarket_controls_regimes,logreg,0,0,0.012351226174163878
2022-06-30,premarket_large_move,all_days,same_day_large_move_direction,premarket_controls_regimes,logreg,0,0,0.03330598507963942
2022-07-01,premarket_large_move,all_days,same_day_large_move_direction,premarket_controls_regimes,logreg,1,1,0.6522007096949556
2022-07-07,premarket_large_move,all_days,same_day_large_move_direction,premarket_controls_regimes,logreg,1,1,0.9942310982232457
2022-07-11,premarket_large_move,all_days,same_day_large_move_direction,premarket_controls_regimes,logreg,0,0,0.0691605076305083
2022-07-12,premarket_large_move,all_days,same_day_large_move_direction,premarket_controls_regimes,logreg,0,0,0.07191766123792305
2022-07-15,premarket_large_move,all_days,same_day_large_move_direction,premarket_controls_regimes,logreg,1,1,0.9626160559397341
2022-07-18,premarket_large_move,all_days,same_day_large_move_direction,premarket_controls_regimes,logreg,0,0,0.08758551133218825
2022-07-19,premarket_large_move,all_days,same_day_large_move_direction,premarket_controls_regimes,logreg,1,1,0.9983389165869615
2022-07-21,premarket_large_move,all_days,same_day_large_move_direction,premarket_controls_regimes,logreg,1,1,0.981609100210625
2022-07-22,premarket_large_move,all_days,same_day_large_move_direction,premarket_controls_regimes,logreg,0,0,0.2837062350864915
2022-07-26,premarket_large_move,all_days,same_day_large_move_direction,premarket_controls_regimes,logreg,0,0,0.046282937412063144
2022-07-27,premarket_large_move,all_days,same_day_large_move_direction,premarket_controls_regimes,logreg,1,1,0.9985459280799996
2022-07-29,premarket_large_move,all_days,same_day_large_move_direction,premarket_controls_regimes,logreg,1,1,0.9280403705693503
2022-08-03,premarket_large_move,all_days,same_day_large_move_direction,premarket_controls_regimes,logreg,1,1,0.9864212907712132
2022-08-10,premarket_large_move,all_days,same_day_large_move_direction,premarket_controls_regimes,logreg,1,1,0.9829914799789192
2022-08-12,premarket_large_move,all_days,same_day_large_move_direction,premarket_controls_regimes,logreg,1,1,0.9929942234831889
2022-08-19,premarket_large_move,all_days,same_day_large_move_direction,premarket_controls_regimes,logreg,0,0,0.030445267160314496
2022-08-22,premarket_large_move,all_days,same_day_large_move_direction,premarket_controls_regimes,logreg,0,0,0.0022528853799380234
2022-08-25,premarket_large_move,all_days,same_day_large_move_direction,premarket_controls_regimes,logreg,1,1,0.9668362020523225
2022-08-26,premarket_large_move,all_days,same_day_large_move_direction,premarket_controls_regimes,logreg,0,0,0.0005528330402271638
2022-08-30,premarket_large_move,all_days,same_day_large_move_direction,premarket_controls_regimes,logreg,0,0,0.027623930975253022
2022-09-02,premarket_large_move,all_days,same_day_large_move_direction,premarket_controls_regimes,logreg,0,0,0.009722424857173175
2022-09-07,premarket_large_move,all_days,same_day_large_move_direction,premarket_controls_regimes,logreg,1,1,0.9707494235844679
2022-09-09,premarket_large_move,all_days,same_day_large_move_direction,premarket_controls_regimes,logreg,1,1,0.978609958955497
2022-09-12,premarket_large_move,all_days,same_day_large_move_direction,premarket_controls_regimes,logreg,1,1,0.9706209135764803
2022-09-13,premarket_large_move,all_days,same_day_large_move_direction,premarket_controls_regimes,logreg,0,0,8.521116815680948e-05
2022-09-15,premarket_large_move,all_days,same_day_large_move_direction,premarket_controls_regimes,logreg,0,0,0.0525445484306105
2022-09-20,premarket_large_move,all_days,same_day_large_move_direction,premarket_controls_regimes,logreg,0,0,0.01884094270436685
2022-09-21,premarket_large_move,all_days,same_day_large_move_direction,premarket_controls_regimes,logreg,0,0,0.002988497172603297
2022-09-22,premarket_large_move,all_days,same_day_large_move_direction,premarket_controls_regimes,logreg,0,0,0.024637350326753547
2022-09-23,premarket_large_move,all_days,same_day_large_move_direction,premarket_controls_regimes,logreg,0,0,0.001089113595435748
2022-09-26,premarket_large_move,all_days,same_day_large_move_direction,premarket_controls_regimes,logreg,0,0,0.0028810863508124027
2022-09-28,premarket_large_move,all_days,same_day_large_move_direction,premarket_controls_regimes,logreg,1,1,0.9444872445681763
2022-09-29,premarket_large_move,all_days,same_day_large_move_direction,premarket_controls_regimes,logreg,0,0,0.002961908750881777
2022-09-30,premarket_large_move,all_days,same_day_large_move_direction,premarket_controls_regimes,logreg,0,0,0.00992438378608756
2022-10-03,premarket_large_move,all_days,same_day_large_move_direction,premarket_controls_regimes,logreg,1,1,0.995973379317273
2022-10-04,premarket_large_move,all_days,same_day_large_move_direction,premarket_controls_regimes,logreg,1,1,0.9984113063598035
2022-10-06,premarket_large_move,all_days,same_day_large_move_direction,premarket_controls_regimes,logreg,0,0,0.263893082394996
2022-10-07,premarket_large_move,all_days,same_day_large_move_direction,premarket_controls_regimes,logreg,0,0,0.0015647692799245177
2022-10-13,premarket_large_move,all_days,same_day_large_move_direction,premarket_controls_regimes,logreg,1,1,0.9963466255648281
2022-10-14,premarket_large_move,all_days,same_day_large_move_direction,premarket_controls_regimes,logreg,0,0,0.0024697691022397225
2022-10-17,premarket_large_move,all_days,same_day_large_move_direction,premarket_controls_regimes,logreg,1,1,0.9982209144631318
2022-10-18,premarket_large_move,all_days,same_day_large_move_direction,premarket_controls_regimes,logreg,1,1,0.9650202168260767
2022-10-21,premarket_large_move,all_days,same_day_large_move_direction,premarket_controls_regimes,logreg,1,1,0.9942891760141933
2022-10-24,premarket_large_move,all_days,same_day_large_move_direction,premarket_controls_regimes,logreg,1,1,0.9243253174329819
2022-10-25,premarket_large_move,all_days,same_day_large_move_direction,premarket_controls_regimes,logreg,1,1,0.9805895462898527
2022-10-28,premarket_large_move,all_days,same_day_large_move_direction,premarket_controls_regimes,logreg,1,1,0.9976325887041055
2022-11-02,premarket_large_move,all_days,same_day_large_move_direction,premarket_controls_regimes,logreg,0,0,0.0035480296599785426
2022-11-03,premarket_large_move,all_days,same_day_large_move_direction,premarket_controls_regimes,logreg,0,0,0.02354549342489835
2022-11-04,premarket_large_move,all_days,same_day_large_move_direction,premarket_controls_regimes,logreg,1,1,0.8270643362308526
2022-11-07,premarket_large_move,all_days,same_day_large_move_direction,premarket_controls_regimes,logreg,1,1,0.7747545933740956
2022-11-09,premarket_large_move,all_days,same_day_large_move_direction,premarket_controls_regimes,logreg,0,0,0.010157065032159232
2022-11-10,premarket_large_move,all_days,same_day_large_move_direction,premarket_controls_regimes,logreg,1,1,0.99999922144388
2022-11-11,premarket_large_move,all_days,same_day_large_move_direction,premarket_controls_regimes,logreg,1,1,0.9635303610939631
2022-11-14,premarket_large_move,all_days,same_day_large_move_direction,premarket_controls_regimes,logreg,0,0,0.29635895839639004
2022-11-15,premarket_large_move,all_days,same_day_large_move_direction,premarket_controls_regimes,logreg,1,1,0.9823712903242083
2022-11-16,premarket_large_move,all_days,same_day_large_move_direction,premarket_controls_regimes,logreg,0,0,0.18396143941372103
2022-11-22,premarket_large_move,all_days,same_day_large_move_direction,premarket_controls_regimes,logreg,1,1,0.9093481123736616
2022-11-28,premarket_large_move,all_days,same_day_large_move_direction,premarket_controls_regimes,logreg,0,0,0.022520565659735432
2022-11-30,premarket_large_move,all_days,same_day_large_move_direction,premarket_controls_regimes,logreg,1,1,0.9982792662427463
2022-12-05,premarket_large_move,all_days,same_day_large_move_direction,premarket_controls_regimes,logreg,0,0,0.01594121686304393
2022-12-06,premarket_large_move,all_days,same_day_large_move_direction,premarket_controls_regimes,logreg,0,0,0.009082977560947576
2022-12-12,premarket_large_move,all_days,same_day_large_move_direction,premarket_controls_regimes,logreg,1,1,0.953969080701066
2022-12-15,premarket_large_move,all_days,same_day_large_move_direction,premarket_controls_regimes,logreg,0,0,0.0052867959547421885
2022-12-16,premarket_large_move,all_days,same_day_large_move_direction,premarket_controls_regimes,logreg,0,0,0.02048754619696165
2022-12-19,premarket_large_move,all_days,same_day_large_move_direction,premarket_controls_regimes,logreg,0,0,0.015734752121964013
2022-12-21,premarket_large_move,all_days,same_day_large_move_direction,premarket_controls_regimes,logreg,1,1,0.9383768887667974
2022-12-22,premarket_large_move,all_days,same_day_large_move_direction,premarket_controls_regimes,logreg,0,0,0.022012542233598113
2022-12-28,premarket_large_move,all_days,same_day_large_move_direction,premarket_controls_regimes,logreg,0,0,0.01797248740816076
2022-12-29,premarket_large_move,all_days,same_day_large_move_direction,premarket_controls_regimes,logreg,1,1,0.9922362884161043
2023-01-05,premarket_large_move,all_days,same_day_large_move_direction,premarket_controls_regimes,logreg,0,0,0.03128189696016809
2023-01-06,premarket_large_move,all_days,same_day_large_move_direction,premarket_controls_regimes,logreg,1,1,0.9948203629702498
2023-01-11,premarket_large_move,all_days,same_day_large_move_direction,premarket_controls_regimes,logreg,1,1,0.991547932910454
2023-01-18,premarket_large_move,all_days,same_day_large_move_direction,premarket_controls_regimes,logreg,0,0,0.051931239172899005
2023-01-20,premarket_large_move,all_days,same_day_large_move_direction,premarket_controls_regimes,logreg,1,1,0.9833378000185666
2023-01-23,premarket_large_move,all_days,same_day_large_move_direction,premarket_controls_regimes,logreg,1,1,0.9538509951652316
2023-01-26,premarket_large_move,all_days,same_day_large_move_direction,premarket_controls_regimes,logreg,1,1,0.973318525604709
2023-01-30,premarket_large_move,all_days,same_day_large_move_direction,premarket_controls_regimes,logreg,0,0,0.06499622204582371
2023-01-31,premarket_large_move,all_days,same_day_large_move_direction,premarket_controls_regimes,logreg,1,1,0.9831052543544425
2023-02-01,premarket_large_move,all_days,same_day_large_move_direction,premarket_controls_regimes,logreg,1,1,0.9541333524941525
2023-02-02,premarket_large_move,all_days,same_day_large_move_direction,premarket_controls_regimes,logreg,1,1,0.9906607250156871
2023-02-03,premarket_large_move,all_days,same_day_large_move_direction,premarket_controls_regimes,logreg,0,0,0.18905155341351657
2023-02-07,premarket_large_move,all_days,same_day_large_move_direction,premarket_controls_regimes,logreg,1,1,0.9776584990802527
2023-02-08,premarket_large_move,all_days,same_day_large_move_direction,premarket_controls_regimes,logreg,0,0,0.06597648089897773
2023-02-09,premarket_large_move,all_days,same_day_large_move_direction,premarket_controls_regimes,logreg,0,0,0.05796653198263032
2023-02-13,premarket_large_move,all_days,same_day_large_move_direction,premarket_controls_regimes,logreg,1,1,0.9176402326566953
2023-02-16,premarket_large_move,all_days,same_day_large_move_direction,premarket_controls_regimes,logreg,0,0,0.10923529288888781
2023-02-21,premarket_large_move,all_days,same_day_large_move_direction,premarket_controls_regimes,logreg,0,0,0.002524654423924781
2023-02-24,premarket_large_move,all_days,same_day_large_move_direction,premarket_controls_regimes,logreg,0,0,0.020610139877106203
2023-03-03,premarket_large_move,all_days,same_day_large_move_direction,premarket_controls_regimes,logreg,1,1,0.9708957916231991
2023-03-07,premarket_large_move,all_days,same_day_large_move_direction,premarket_controls_regimes,logreg,0,0,0.04562106142144379
2023-03-09,premarket_large_move,all_days,same_day_large_move_direction,premarket_controls_regimes,logreg,0,0,0.00947860522734041
2023-03-10,premarket_large_move,all_days,same_day_large_move_direction,premarket_controls_regimes,logreg,0,0,0.0044145220668588385
2023-03-14,premarket_large_move,all_days,same_day_large_move_direction,premarket_controls_regimes,logreg,1,1,0.9090233161571708
2023-03-16,premarket_large_move,all_days,same_day_large_move_direction,premarket_controls_regimes,logreg,1,1,0.9886957933300028
2023-03-17,premarket_large_move,all_days,same_day_large_move_direction,premarket_controls_regimes,logreg,0,0,0.07076299992894441
2023-03-20,premarket_large_move,all_days,same_day_large_move_direction,premarket_controls_regimes,logreg,1,1,0.9120207329641321
2023-03-21,premarket_large_move,all_days,same_day_large_move_direction,premarket_controls_regimes,logreg,1,1,0.9872792940477073
2023-03-22,premarket_large_move,all_days,same_day_large_move_direction,premarket_controls_regimes,logreg,0,0,0.02562304892283091
2023-03-29,premarket_large_move,all_days,same_day_large_move_direction,premarket_controls_regimes,logreg,1,1,0.9854906321377187
2023-03-31,premarket_large_move,all_days,same_day_large_move_direction,premarket_controls_regimes,logreg,1,1,0.9849383349696942
2023-04-13,premarket_large_move,all_days,same_day_large_move_direction,premarket_controls_regimes,logreg,1,1,0.9840381275139062
2023-04-25,premarket_large_move,all_days,same_day_large_move_direction,premarket_controls_regimes,logreg,0,0,0.00662567535882234
2023-04-27,premarket_large_move,all_days,same_day_large_move_direction,premarket_controls_regimes,logreg,1,1,0.9964004668269798
2023-04-28,premarket_large_move,all_days,same_day_large_move_direction,premarket_controls_regimes,logreg,1,1,0.910389363201368
2023-05-02,premarket_large_move,all_days,same_day_large_move_direction,premarket_controls_regimes,logreg,0,0,0.0459414646863419
2023-05-05,premarket_large_move,all_days,same_day_large_move_direction,premarket_controls_regimes,logreg,1,1,0.9820037638437945
2023-05-17,premarket_large_move,all_days,same_day_large_move_direction,premarket_controls_regimes,logreg,1,1,0.9431431775074117
2023-05-18,premarket_large_move,all_days,same_day_large_move_direction,premarket_controls_regimes,logreg,1,1,0.9230012305034729
2023-05-23,premarket_large_move,all_days,same_day_large_move_direction,premarket_controls_regimes,logreg,0,0,0.07988910315460672
2023-05-25,premarket_large_move,all_days,same_day_large_move_direction,premarket_controls_regimes,logreg,1,1,0.8053966969831287
2023-05-26,premarket_large_move,all_days,same_day_large_move_direction,premarket_controls_regimes,logreg,1,1,0.9494134144360526
2023-06-01,premarket_large_move,all_days,same_day_large_move_direction,premarket_controls_regimes,logreg,1,1,0.9697724649014294
2023-06-02,premarket_large_move,all_days,same_day_large_move_direction,premarket_controls_regimes,logreg,1,1,0.9779251708821853
2023-06-12,premarket_large_move,all_days,same_day_large_move_direction,premarket_controls_regimes,logreg,1,1,0.9277815425806278
2023-06-15,premarket_large_move,all_days,same_day_large_move_direction,premarket_controls_regimes,logreg,1,1,0.9863510260432065
2023-06-27,premarket_large_move,all_days,same_day_large_move_direction,premarket_controls_regimes,logreg,1,1,0.9255698284186584
2023-06-30,premarket_large_move,all_days,same_day_large_move_direction,premarket_controls_regimes,logreg,1,1,0.9665255627919657
2023-07-13,premarket_large_move,all_days,same_day_large_move_direction,premarket_controls_regimes,logreg,1,1,0.9508944083618698
2023-07-28,premarket_large_move,all_days,same_day_large_move_direction,premarket_controls_regimes,logreg,1,1,0.8996520900616491
2023-08-02,premarket_large_move,all_days,same_day_large_move_direction,premarket_controls_regimes,logreg,0,0,0.046903894505709344
2023-08-07,premarket_large_move,all_days,same_day_large_move_direction,premarket_controls_regimes,logreg,1,1,0.8720042658724939
2023-08-15,premarket_large_move,all_days,same_day_large_move_direction,premarket_controls_regimes,logreg,0,0,0.06835287392070008
2023-08-23,premarket_large_move,all_days,same_day_large_move_direction,premarket_controls_regimes,logreg,1,1,0.9596727062739167
2023-08-24,premarket_large_move,all_days,same_day_large_move_direction,premarket_controls_regimes,logreg,0,0,0.060327163143109964
2023-08-29,premarket_large_move,all_days,same_day_large_move_direction,premarket_controls_regimes,logreg,1,1,0.9829209443339344
2023-09-14,premarket_large_move,all_days,same_day_large_move_direction,premarket_controls_regimes,logreg,1,1,0.951722666448884
2023-09-15,premarket_large_move,all_days,same_day_large_move_direction,premarket_controls_regimes,logreg,0,0,0.054064415602122
2023-09-20,premarket_large_move,all_days,same_day_large_move_direction,premarket_controls_regimes,logreg,0,0,0.048878645338108026
2023-09-21,premarket_large_move,all_days,same_day_large_move_direction,premarket_controls_regimes,logreg,0,0,0.01125915902791648
2023-09-26,premarket_large_move,all_days,same_day_large_move_direction,premarket_controls_regimes,logreg,0,0,0.008112823157221458
2023-10-03,premarket_large_move,all_days,same_day_large_move_direction,premarket_controls_regimes,logreg,0,0,0.061884066354543465
2023-10-04,premarket_large_move,all_days,same_day_large_move_direction,premarket_controls_regimes,logreg,1,1,0.9289634832829118
2023-10-06,premarket_large_move,all_days,same_day_large_move_direction,premarket_controls_regimes,logreg,1,1,0.9356374760137679
2023-10-16,premarket_large_move,all_days,same_day_large_move_direction,premarket_controls_regimes,logreg,1,1,0.9679967479970365
2023-10-18,premarket_large_move,all_days,same_day_large_move_direction,premarket_controls_regimes,logreg,0,0,0.05028038697593705
2023-10-19,premarket_large_move,all_days,same_day_large_move_direction,premarket_controls_regimes,logreg,0,0,0.09086724486543699
2023-10-20,premarket_large_move,all_days,same_day_large_move_direction,premarket_controls_regimes,logreg,0,0,0.028793306434163817
2023-10-25,premarket_large_move,all_days,same_day_large_move_direction,premarket_controls_regimes,logreg,0,0,0.027969691545407283
2023-10-26,premarket_large_move,all_days,same_day_large_move_direction,premarket_controls_regimes,logreg,0,0,0.016639363632650138
2023-10-30,premarket_large_move,all_days,same_day_large_move_direction,premarket_controls_regimes,logreg,1,1,0.852892682781821
2023-11-01,premarket_large_move,all_days,same_day_large_move_direction,premarket_controls_regimes,logreg,1,1,0.982064283181403
2023-11-02,premarket_large_move,all_days,same_day_large_move_direction,premarket_controls_regimes,logreg,1,1,0.9984869143389251
2023-11-03,premarket_large_move,all_days,same_day_large_move_direction,premarket_controls_regimes,logreg,1,1,0.9354487369168523
2023-11-10,premarket_large_move,all_days,same_day_large_move_direction,premarket_controls_regimes,logreg,1,1,0.9950416887523578
2023-11-14,premarket_large_move,all_days,same_day_large_move_direction,premarket_controls_regimes,logreg,1,1,0.9945989025835063
2023-12-13,premarket_large_move,all_days,same_day_large_move_direction,premarket_controls_regimes,logreg,1,1,0.9923046488282712
2023-12-20,premarket_large_move,all_days,same_day_large_move_direction,premarket_controls_regimes,logreg,0,0,0.06489283848232182
2023-12-21,premarket_large_move,all_days,same_day_large_move_direction,premarket_controls_regimes,logreg,1,1,0.9660188653287234
2024-01-08,premarket_large_move,all_days,same_day_large_move_direction,premarket_controls_regimes,logreg,1,1,0.9632039560175448
2024-01-18,premarket_large_move,all_days,same_day_large_move_direction,premarket_controls_regimes,logreg,1,1,0.8508768869129535
2024-01-19,premarket_large_move,all_days,same_day_large_move_direction,premarket_controls_regimes,logreg,1,1,0.9602739011049536
2024-01-31,premarket_large_move,all_days,same_day_large_move_direction,premarket_controls_regimes,logreg,0,0,0.017358569304055577
2024-02-01,premarket_large_move,all_days,same_day_large_move_direction,premarket_controls_regimes,logreg,1,1,0.9624001574410249
2024-02-02,premarket_large_move,all_days,same_day_large_move_direction,premarket_controls_regimes,logreg,1,1,0.9528057529688817
2024-02-07,premarket_large_move,all_days,same_day_large_move_direction,premarket_controls_regimes,logreg,1,1,0.9419420487569249
2024-02-13,premarket_large_move,all_days,same_day_large_move_direction,premarket_controls_regimes,logreg,0,0,0.020658026936098757
2024-02-14,premarket_large_move,all_days,same_day_large_move_direction,premarket_controls_regimes,logreg,1,1,0.9486935826613992
2024-02-22,premarket_large_move,all_days,same_day_large_move_direction,premarket_controls_regimes,logreg,1,1,0.996679686420425
2024-03-05,premarket_large_move,all_days,same_day_large_move_direction,premarket_controls_regimes,logreg,0,0,0.03757122329321689
2024-03-07,premarket_large_move,all_days,same_day_large_move_direction,premarket_controls_regimes,logreg,1,1,0.9631938517869237
2024-03-12,premarket_large_move,all_days,same_day_large_move_direction,premarket_controls_regimes,logreg,1,1,0.9529234136533186
2024-03-20,premarket_large_move,all_days,same_day_large_move_direction,premarket_controls_regimes,logreg,1,1,0.903946328200192
2024-03-27,premarket_large_move,all_days,same_day_large_move_direction,premarket_controls_regimes,logreg,1,1,0.8069498085658042
2024-04-04,premarket_large_move,all_days,same_day_large_move_direction,premarket_controls_regimes,logreg,0,0,0.041086571382226905
2024-04-05,premarket_large_move,all_days,same_day_large_move_direction,premarket_controls_regimes,logreg,1,1,0.9176121390423172
2024-04-10,premarket_large_move,all_days,same_day_large_move_direction,premarket_controls_regimes,logreg,0,0,0.2219167661638346
2024-04-12,premarket_large_move,all_days,same_day_large_move_direction,premarket_controls_regimes,logreg,0,0,0.021504352158849434
2024-04-15,premarket_large_move,all_days,same_day_large_move_direction,premarket_controls_regimes,logreg,0,0,0.02834836345026891
2024-04-19,premarket_large_move,all_days,same_day_large_move_direction,premarket_controls_regimes,logreg,0,0,0.02590788918048317
2024-04-22,premarket_large_move,all_days,same_day_large_move_direction,premarket_controls_regimes,logreg,1,1,0.7629568468577826
2024-04-23,premarket_large_move,all_days,same_day_large_move_direction,premarket_controls_regimes,logreg,1,1,0.9320985000983254
2024-04-26,premarket_large_move,all_days,same_day_large_move_direction,premarket_controls_regimes,logreg,1,1,0.9635808336100897
2024-04-30,premarket_large_move,all_days,same_day_large_move_direction,premarket_controls_regimes,logreg,0,0,0.01414672873363137
2024-05-02,premarket_large_move,all_days,same_day_large_move_direction,premarket_controls_regimes,logreg,1,1,0.9207319166823082
2024-05-03,premarket_large_move,all_days,same_day_large_move_direction,premarket_controls_regimes,logreg,1,1,0.9637778507600483
2024-05-06,premarket_large_move,all_days,same_day_large_move_direction,premarket_controls_regimes,logreg,1,1,0.9816072085271118
2024-05-15,premarket_large_move,all_days,same_day_large_move_direction,premarket_controls_regimes,logreg,1,1,0.9792246869547656
2024-06-05,premarket_large_move,all_days,same_day_large_move_direction,premarket_controls_regimes,logreg,1,1,0.9836750520201187
2024-06-12,premarket_large_move,all_days,same_day_large_move_direction,premarket_controls_regimes,logreg,1,1,0.8695192505056556
2024-07-10,premarket_large_move,all_days,same_day_large_move_direction,premarket_controls_regimes,logreg,1,1,0.9773379582210083
2024-07-11,premarket_large_move,all_days,same_day_large_move_direction,premarket_controls_regimes,logreg,0,0,0.32413516865642494
2024-07-17,premarket_large_move,all_days,same_day_large_move_direction,premarket_controls_regimes,logreg,0,0,0.09148101760535471
2024-07-22,premarket_large_move,all_days,same_day_large_move_direction,premarket_controls_regimes,logreg,1,1,0.9374410360882977
2024-07-24,premarket_large_move,all_days,same_day_large_move_direction,premarket_controls_regimes,logreg,0,0,0.001556711239559692
2024-07-26,premarket_large_move,all_days,same_day_large_move_direction,premarket_controls_regimes,logreg,1,1,0.8775722831767169
2024-07-31,premarket_large_move,all_days,same_day_large_move_direction,premarket_controls_regimes,logreg,1,1,0.9830767150171077
2024-08-01,premarket_large_move,all_days,same_day_large_move_direction,premarket_controls_regimes,logreg,0,0,0.0412431052096773
2024-08-02,premarket_large_move,all_days,same_day_large_move_direction,premarket_controls_regimes,logreg,0,0,0.0039522781721756635
2024-08-05,premarket_large_move,all_days,same_day_large_move_direction,premarket_controls_regimes,logreg,0,0,0.0002615048032561958
2024-08-06,premarket_large_move,all_days,same_day_large_move_direction,premarket_controls_regimes,logreg,1,1,0.6911049216943459
2024-08-08,premarket_large_move,all_days,same_day_large_move_direction,premarket_controls_regimes,logreg,1,1,0.9977563591089262
2024-08-13,premarket_large_move,all_days,same_day_large_move_direction,premarket_controls_regimes,logreg,1,1,0.9954390603419474
2024-08-15,premarket_large_move,all_days,same_day_large_move_direction,premarket_controls_regimes,logreg,1,1,0.9964540748165103
2024-08-19,premarket_large_move,all_days,same_day_large_move_direction,premarket_controls_regimes,logreg,1,1,0.9787485014297073
2024-08-22,premarket_large_move,all_days,same_day_large_move_direction,premarket_controls_regimes,logreg,0,0,0.20582193815971628
2024-08-23,premarket_large_move,all_days,same_day_large_move_direction,premarket_controls_regimes,logreg,1,1,0.9556392333378039
2024-08-30,premarket_large_move,all_days,same_day_large_move_direction,premarket_controls_regimes,logreg,1,1,0.8820399958180318
2024-09-03,premarket_large_move,all_days,same_day_large_move_direction,premarket_controls_regimes,logreg,0,0,0.0019337231268384202
2024-09-06,premarket_large_move,all_days,same_day_large_move_direction,premarket_controls_regimes,logreg,0,0,0.0033299654986690087
2024-09-09,premarket_large_move,all_days,same_day_large_move_direction,premarket_controls_regimes,logreg,1,1,0.9003319863256877
2024-09-11,premarket_large_move,all_days,same_day_large_move_direction,premarket_controls_regimes,logreg,1,1,0.9174719044267452
2024-09-19,premarket_large_move,all_days,same_day_large_move_direction,premarket_controls_regimes,logreg,1,1,0.9907838494303587
2024-10-01,premarket_large_move,all_days,same_day_large_move_direction,premarket_controls_regimes,logreg,0,0,0.03995558273729928
2024-10-04,premarket_large_move,all_days,same_day_large_move_direction,premarket_controls_regimes,logreg,1,1,0.9464948106747598
2024-10-07,premarket_large_move,all_days,same_day_large_move_direction,premarket_controls_regimes,logreg,0,0,0.08139225636410073
2024-10-08,premarket_large_move,all_days,same_day_large_move_direction,premarket_controls_regimes,logreg,1,1,0.9242020268947346
2024-10-23,premarket_large_move,all_days,same_day_large_move_direction,premarket_controls_regimes,logreg,0,0,0.045294403573805306
2024-10-31,premarket_large_move,all_days,same_day_large_move_direction,premarket_controls_regimes,logreg,0,0,0.008197934181083158
2024-11-05,premarket_large_move,all_days,same_day_large_move_direction,premarket_controls_regimes,logreg,1,1,0.9313287752276894
2024-11-15,premarket_large_move,all_days,same_day_large_move_direction,premarket_controls_regimes,logreg,0,0,0.009594495667168232
2024-12-11,premarket_large_move,all_days,same_day_large_move_direction,premarket_controls_regimes,logreg,1,1,0.821790025595969
2024-12-18,premarket_large_move,all_days,same_day_large_move_direction,premarket_controls_regimes,logreg,0,0,0.00030267228096946734
2024-12-20,premarket_large_move,all_days,same_day_large_move_direction,premarket_controls_regimes,logreg,1,1,0.868496340634891
2024-12-24,premarket_large_move,all_days,same_day_large_move_direction,premarket_controls_regimes,logreg,1,1,0.9945154581172182
2024-12-27,premarket_large_move,all_days,same_day_large_move_direction,premarket_controls_regimes,logreg,0,0,0.13712730853064375
2024-12-30,premarket_large_move,all_days,same_day_large_move_direction,premarket_controls_regimes,logreg,0,0,0.04860187347434812
2025-01-03,premarket_large_move,all_days,same_day_large_move_direction,premarket_controls_regimes,logreg,1,1,0.8074935046197862
2025-01-07,premarket_large_move,all_days,same_day_large_move_direction,premarket_controls_regimes,logreg,0,0,0.12783406162563915
2025-01-10,premarket_large_move,all_days,same_day_large_move_direction,premarket_controls_regimes,logreg,0,0,0.07775900171862535
2025-01-15,premarket_large_move,all_days,same_day_large_move_direction,premarket_controls_regimes,logreg,1,1,0.97859251024781
2025-01-17,premarket_large_move,all_days,same_day_large_move_direction,premarket_controls_regimes,logreg,1,1,0.9442847106343676
2025-01-21,premarket_large_move,all_days,same_day_large_move_direction,premarket_controls_regimes,logreg,1,1,0.9187519123885386
2025-01-27,premarket_large_move,all_days,same_day_large_move_direction,premarket_controls_regimes,logreg,0,0,0.10542389597384698
2025-01-28,premarket_large_move,all_days,same_day_large_move_direction,premarket_controls_regimes,logreg,1,1,0.8157782641915456
2025-02-07,premarket_large_move,all_days,same_day_large_move_direction,premarket_controls_regimes,logreg,0,0,0.3103033305896259
2025-02-13,premarket_large_move,all_days,same_day_large_move_direction,premarket_controls_regimes,logreg,1,1,0.9510477054978054
2025-02-21,premarket_large_move,all_days,same_day_large_move_direction,premarket_controls_regimes,logreg,0,0,0.04263345153146639
2025-02-27,premarket_large_move,all_days,same_day_large_move_direction,premarket_controls_regimes,logreg,0,0,0.06296065180050878
2025-02-28,premarket_large_move,all_days,same_day_large_move_direction,premarket_controls_regimes,logreg,1,1,0.9171158764612619
2025-03-03,premarket_large_move,all_days,same_day_large_move_direction,premarket_controls_regimes,logreg,0,0,0.0832708742495271
2025-03-04,premarket_large_move,all_days,same_day_large_move_direction,premarket_controls_regimes,logreg,0,0,0.09275079698745926
2025-03-05,premarket_large_move,all_days,same_day_large_move_direction,premarket_controls_regimes,logreg,1,1,0.9174370979954166
2025-03-06,premarket_large_move,all_days,same_day_large_move_direction,premarket_controls_regimes,logreg,0,0,0.054680508001087445
2025-03-10,premarket_large_move,all_days,same_day_large_move_direction,premarket_controls_regimes,logreg,0,0,0.008405736995972727
2025-03-13,premarket_large_move,all_days,same_day_large_move_direction,premarket_controls_regimes,logreg,0,0,0.04636022298961989
2025-03-14,premarket_large_move,all_days,same_day_large_move_direction,premarket_controls_regimes,logreg,1,1,0.9788204039741184
2025-03-18,premarket_large_move,all_days,same_day_large_move_direction,premarket_controls_regimes,logreg,0,0,0.26413092950096156
2025-03-19,premarket_large_move,all_days,same_day_large_move_direction,premarket_controls_regimes,logreg,1,1,0.9314761958910055
2025-03-24,premarket_large_move,all_days,same_day_large_move_direction,premarket_controls_regimes,logreg,1,1,0.9795174893675089
2025-03-26,premarket_large_move,all_days,same_day_large_move_direction,premarket_controls_regimes,logreg,0,0,0.19362912809628036
2025-03-28,premarket_large_move,all_days,same_day_large_move_direction,premarket_controls_regimes,logreg,0,0,0.03465177434071219
2025-04-03,premarket_large_move,all_days,same_day_large_move_direction,premarket_controls_regimes,logreg,0,0,0.0007615343208984711
2025-04-04,premarket_large_move,all_days,same_day_large_move_direction,premarket_controls_regimes,logreg,0,0,2.6770078699030748e-05
2025-04-08,premarket_large_move,all_days,same_day_large_move_direction,premarket_controls_regimes,logreg,0,0,0.0036699566516787572
2025-04-09,premarket_large_move,all_days,same_day_large_move_direction,premarket_controls_regimes,logreg,1,1,0.9999997997552689
2025-04-10,premarket_large_move,all_days,same_day_large_move_direction,premarket_controls_regimes,logreg,0,0,0.020373057354512062
2025-04-11,premarket_large_move,all_days,same_day_large_move_direction,premarket_controls_regimes,logreg,1,1,0.9906506788246194
2025-04-16,premarket_large_move,all_days,same_day_large_move_direction,premarket_controls_regimes,logreg,0,0,0.02611750297704563
2025-04-21,premarket_large_move,all_days,same_day_large_move_direction,premarket_controls_regimes,logreg,0,0,0.005053966006672259
2025-04-22,premarket_large_move,all_days,same_day_large_move_direction,premarket_controls_regimes,logreg,1,1,0.9196484071327428
2025-04-23,premarket_large_move,all_days,same_day_large_move_direction,premarket_controls_regimes,logreg,1,1,0.9589489869034259
2025-04-24,premarket_large_move,all_days,same_day_large_move_direction,premarket_controls_regimes,logreg,1,1,0.9876281002938493
2025-05-02,premarket_large_move,all_days,same_day_large_move_direction,premarket_controls_regimes,logreg,1,1,0.9660143432053698
2025-05-12,premarket_large_move,all_days,same_day_large_move_direction,premarket_controls_regimes,logreg,1,1,0.9986911825007628
2025-05-21,premarket_large_move,all_days,same_day_large_move_direction,premarket_controls_regimes,logreg,0,0,0.1064395950279273
2025-05-27,premarket_large_move,all_days,same_day_large_move_direction,premarket_controls_regimes,logreg,1,1,0.9124017969006277
2025-06-06,premarket_large_move,all_days,same_day_large_move_direction,premarket_controls_regimes,logreg,1,1,0.9397894932788368
2025-06-13,premarket_large_move,all_days,same_day_large_move_direction,premarket_controls_regimes,logreg,0,0,0.26478210114991746
2025-06-16,premarket_large_move,all_days,same_day_large_move_direction,premarket_controls_regimes,logreg,1,1,0.8515753198795599
2025-06-17,premarket_large_move,all_days,same_day_large_move_direction,premarket_controls_regimes,logreg,0,0,0.21672988012181243
2025-06-23,premarket_large_move,all_days,same_day_large_move_direction,premarket_controls_regimes,logreg,1,1,0.8386230617345027
2025-06-24,premarket_large_move,all_days,same_day_large_move_direction,premarket_controls_regimes,logreg,1,1,0.9000011857501673
2025-07-03,premarket_large_move,all_days,same_day_large_move_direction,premarket_controls_regimes,logreg,1,1,0.9324750282249109
2025-08-01,premarket_large_move,all_days,same_day_large_move_direction,premarket_controls_regimes,logreg,0,0,0.05296086142240468
2025-08-04,premarket_large_move,all_days,same_day_large_move_direction,premarket_controls_regimes,logreg,1,1,0.9524519203402652
2025-08-12,premarket_large_move,all_days,same_day_large_move_direction,premarket_controls_regimes,logreg,1,1,0.928516713629136
2025-08-22,premarket_large_move,all_days,same_day_large_move_direction,premarket_controls_regimes,logreg,1,1,0.9318513672732561
2025-09-04,premarket_large_move,all_days,same_day_large_move_direction,premarket_controls_regimes,logreg,1,1,0.8790430614755759
2025-09-11,premarket_large_move,all_days,same_day_large_move_direction,premarket_controls_regimes,logreg,1,1,0.91303248626864
2025-10-10,premarket_large_move,all_days,same_day_large_move_direction,premarket_controls_regimes,logreg,0,0,0.017097032060100204
2025-10-13,premarket_large_move,all_days,same_day_large_move_direction,premarket_controls_regimes,logreg,1,1,0.9634232832778827
2025-10-20,premarket_large_move,all_days,same_day_large_move_direction,premarket_controls_regimes,logreg,1,1,0.9273168023977533
2025-10-27,premarket_large_move,all_days,same_day_large_move_direction,premarket_controls_regimes,logreg,1,1,0.9742335040744685
2025-10-30,premarket_large_move,all_days,same_day_large_move_direction,premarket_controls_regimes,logreg,0,0,0.3844164871284873
2025-11-04,premarket_large_move,all_days,same_day_large_move_direction,premarket_controls_regimes,logreg,0,0,0.11037170597147174
2025-11-06,premarket_large_move,all_days,same_day_large_move_direction,premarket_controls_regimes,logreg,0,0,0.2094893014063767
2025-11-10,premarket_large_move,all_days,same_day_large_move_direction,premarket_controls_regimes,logreg,1,1,0.97650031199643
2025-11-13,premarket_large_move,all_days,same_day_large_move_direction,premarket_controls_regimes,logreg,0,0,0.2066541838490358
2025-11-17,premarket_large_move,all_days,same_day_large_move_direction,premarket_controls_regimes,logreg,0,0,0.23448232975578392
2025-11-18,premarket_large_move,all_days,same_day_large_move_direction,premarket_controls_regimes,logreg,0,0,0.09271728177285106
2025-11-20,premarket_large_move,all_days,same_day_large_move_direction,premarket_controls_regimes,logreg,0,0,0.045496923091865
2025-11-21,premarket_large_move,all_days,same_day_large_move_direction,premarket_controls_regimes,logreg,1,1,0.7674236683586202
2025-11-24,premarket_large_move,all_days,same_day_large_move_direction,premarket_controls_regimes,logreg,1,1,0.9740560780714361
2025-11-25,premarket_large_move,all_days,same_day_large_move_direction,premarket_controls_regimes,logreg,1,1,0.9273910656104265
2025-12-12,premarket_large_move,all_days,same_day_large_move_direction,premarket_controls_regimes,logreg,0,0,0.13944439208362844
2025-12-17,premarket_large_move,all_days,same_day_large_move_direction,premarket_controls_regimes,logreg,0,0,0.04718769074985375
2025-12-19,premarket_large_move,all_days,same_day_large_move_direction,premarket_controls_regimes,logreg,1,1,0.7348448061229166
2022-04-28,premarket_large_move,all_days,same_day_large_move_direction,premarket_controls_regimes,random_forest,1,1,0.8725
2022-04-29,premarket_large_move,all_days,same_day_large_move_direction,premarket_controls_regimes,random_forest,0,0,0.3525
2022-05-04,premarket_large_move,all_days,same_day_large_move_direction,premarket_controls_regimes,random_forest,1,1,0.915
2022-05-05,premarket_large_move,all_days,same_day_large_move_direction,premarket_controls_regimes,random_forest,0,0,0.165
2022-05-09,premarket_large_move,all_days,same_day_large_move_direction,premarket_controls_regimes,random_forest,0,0,0.175
2022-05-11,premarket_large_move,all_days,same_day_large_move_direction,premarket_controls_regimes,random_forest,0,0,0.0575
2022-05-13,premarket_large_move,all_days,same_day_large_move_direction,premarket_controls_regimes,random_forest,1,1,0.98
2022-05-17,premarket_large_move,all_days,same_day_large_move_direction,premarket_controls_regimes,random_forest,1,1,0.95
2022-05-18,premarket_large_move,all_days,same_day_large_move_direction,premarket_controls_regimes,random_forest,0,0,0.0525
2022-05-23,premarket_large_move,all_days,same_day_large_move_direction,premarket_controls_regimes,random_forest,1,1,0.8775
2022-05-24,premarket_large_move,all_days,same_day_large_move_direction,premarket_controls_regimes,random_forest,0,0,0.3975
2022-05-25,premarket_large_move,all_days,same_day_large_move_direction,premarket_controls_regimes,random_forest,1,1,0.865
2022-05-26,premarket_large_move,all_days,same_day_large_move_direction,premarket_controls_regimes,random_forest,1,1,0.9525
2022-05-27,premarket_large_move,all_days,same_day_large_move_direction,premarket_controls_regimes,random_forest,1,1,0.74
2022-06-02,premarket_large_move,all_days,same_day_large_move_direction,premarket_controls_regimes,random_forest,1,1,0.9825
2022-06-07,premarket_large_move,all_days,same_day_large_move_direction,premarket_controls_regimes,random_forest,1,1,0.9125
2022-06-08,premarket_large_move,all_days,same_day_large_move_direction,premarket_controls_regimes,random_forest,0,0,0.1075
2022-06-09,premarket_large_move,all_days,same_day_large_move_direction,premarket_controls_regimes,random_forest,0,0,0.115
2022-06-10,premarket_large_move,all_days,same_day_large_move_direction,premarket_controls_regimes,random_forest,0,0,0.13
2022-06-13,premarket_large_move,all_days,same_day_large_move_direction,premarket_controls_regimes,random_forest,0,0,0.095
2022-06-15,premarket_large_move,all_days,same_day_large_move_direction,premarket_controls_regimes,random_forest,1,0,0.21
2022-06-16,premarket_large_move,all_days,same_day_large_move_direction,premarket_controls_regimes,random_forest,0,0,0.045
2022-06-21,premarket_large_move,all_days,same_day_large_move_direction,premarket_controls_regimes,random_forest,1,1,0.855
2022-06-23,premarket_large_move,all_days,same_day_large_move_direction,premarket_controls_regimes,random_forest,1,1,0.87
2022-06-24,premarket_large_move,all_days,same_day_large_move_direction,premarket_controls_regimes,random_forest,1,1,0.98
2022-06-28,premarket_large_move,all_days,same_day_large_move_direction,premarket_controls_regimes,random_forest,0,0,0.165
2022-06-30,premarket_large_move,all_days,same_day_large_move_direction,premarket_controls_regimes,random_forest,0,0,0.14
2022-07-01,premarket_large_move,all_days,same_day_large_move_direction,premarket_controls_regimes,random_forest,1,1,0.5025
2022-07-07,premarket_large_move,all_days,same_day_large_move_direction,premarket_controls_regimes,random_forest,1,1,0.9725
2022-07-11,premarket_large_move,all_days,same_day_large_move_direction,premarket_controls_regimes,random_forest,0,0,0.09
2022-07-12,premarket_large_move,all_days,same_day_large_move_direction,premarket_controls_regimes,random_forest,0,0,0.2575
2022-07-15,premarket_large_move,all_days,same_day_large_move_direction,premarket_controls_regimes,random_forest,1,1,0.9925
2022-07-18,premarket_large_move,all_days,same_day_large_move_direction,premarket_controls_regimes,random_forest,0,0,0.44
2022-07-19,premarket_large_move,all_days,same_day_large_move_direction,premarket_controls_regimes,random_forest,1,1,0.975
2022-07-21,premarket_large_move,all_days,same_day_large_move_direction,premarket_controls_regimes,random_forest,1,1,0.9625
2022-07-22,premarket_large_move,all_days,same_day_large_move_direction,premarket_controls_regimes,random_forest,0,1,0.8875
2022-07-26,premarket_large_move,all_days,same_day_large_move_direction,premarket_controls_regimes,random_forest,0,0,0.0225
2022-07-27,premarket_large_move,all_days,same_day_large_move_direction,premarket_controls_regimes,random_forest,1,1,0.985
2022-07-29,premarket_large_move,all_days,same_day_large_move_direction,premarket_controls_regimes,random_forest,1,1,0.9
2022-08-03,premarket_large_move,all_days,same_day_large_move_direction,premarket_controls_regimes,random_forest,1,1,0.995
2022-08-10,premarket_large_move,all_days,same_day_large_move_direction,premarket_controls_regimes,random_forest,1,1,0.9975
2022-08-12,premarket_large_move,all_days,same_day_large_move_direction,premarket_controls_regimes,random_forest,1,1,0.9575
2022-08-19,premarket_large_move,all_days,same_day_large_move_direction,premarket_controls_regimes,random_forest,0,0,0.0175
2022-08-22,premarket_large_move,all_days,same_day_large_move_direction,premarket_controls_regimes,random_forest,0,0,0.05
2022-08-25,premarket_large_move,all_days,same_day_large_move_direction,premarket_controls_regimes,random_forest,1,1,0.985
2022-08-26,premarket_large_move,all_days,same_day_large_move_direction,premarket_controls_regimes,random_forest,0,0,0.035
2022-08-30,premarket_large_move,all_days,same_day_large_move_direction,premarket_controls_regimes,random_forest,0,0,0.0675
2022-09-02,premarket_large_move,all_days,same_day_large_move_direction,premarket_controls_regimes,random_forest,0,0,0.02
2022-09-07,premarket_large_move,all_days,same_day_large_move_direction,premarket_controls_regimes,random_forest,1,1,0.955
2022-09-09,premarket_large_move,all_days,same_day_large_move_direction,premarket_controls_regimes,random_forest,1,1,0.98
2022-09-12,premarket_large_move,all_days,same_day_large_move_direction,premarket_controls_regimes,random_forest,1,1,0.96
2022-09-13,premarket_large_move,all_days,same_day_large_move_direction,premarket_controls_regimes,random_forest,0,0,0.045
2022-09-15,premarket_large_move,all_days,same_day_large_move_direction,premarket_controls_regimes,random_forest,0,0,0.1325
2022-09-20,premarket_large_move,all_days,same_day_large_move_direction,premarket_controls_regimes,random_forest,0,0,0.0575
2022-09-21,premarket_large_move,all_days,same_day_large_move_direction,premarket_controls_regimes,random_forest,0,0,0.02
2022-09-22,premarket_large_move,all_days,same_day_large_move_direction,premarket_controls_regimes,random_forest,0,0,0.155
2022-09-23,premarket_large_move,all_days,same_day_large_move_direction,premarket_controls_regimes,random_forest,0,0,0.01
2022-09-26,premarket_large_move,all_days,same_day_large_move_direction,premarket_controls_regimes,random_forest,0,0,0.0325
2022-09-28,premarket_large_move,all_days,same_day_large_move_direction,premarket_controls_regimes,random_forest,1,1,0.965
2022-09-29,premarket_large_move,all_days,same_day_large_move_direction,premarket_controls_regimes,random_forest,0,0,0.0275
2022-09-30,premarket_large_move,all_days,same_day_large_move_direction,premarket_controls_regimes,random_forest,0,0,0.145
2022-10-03,premarket_large_move,all_days,same_day_large_move_direction,premarket_controls_regimes,random_forest,1,1,0.8825
2022-10-04,premarket_large_move,all_days,same_day_large_move_direction,premarket_controls_regimes,random_forest,1,1,0.8825
2022-10-06,premarket_large_move,all_days,same_day_large_move_direction,premarket_controls_regimes,random_forest,0,1,0.805
2022-10-07,premarket_large_move,all_days,same_day_large_move_direction,premarket_controls_regimes,random_forest,0,0,0.0875
2022-10-13,premarket_large_move,all_days,same_day_large_move_direction,premarket_controls_regimes,random_forest,1,1,0.9875
2022-10-14,premarket_large_move,all_days,same_day_large_move_direction,premarket_controls_regimes,random_forest,0,0,0.0425
2022-10-17,premarket_large_move,all_days,same_day_large_move_direction,premarket_controls_regimes,random_forest,1,1,0.9225
2022-10-18,premarket_large_move,all_days,same_day_large_move_direction,premarket_controls_regimes,random_forest,1,1,0.76
2022-10-21,premarket_large_move,all_days,same_day_large_move_direction,premarket_controls_regimes,random_forest,1,1,0.9875
2022-10-24,premarket_large_move,all_days,same_day_large_move_direction,premarket_controls_regimes,random_forest,1,1,0.91
2022-10-25,premarket_large_move,all_days,same_day_large_move_direction,premarket_controls_regimes,random_forest,1,1,0.94
2022-10-28,premarket_large_move,all_days,same_day_large_move_direction,premarket_controls_regimes,random_forest,1,1,0.9625
2022-11-02,premarket_large_move,all_days,same_day_large_move_direction,premarket_controls_regimes,random_forest,0,0,0.0925
2022-11-03,premarket_large_move,all_days,same_day_large_move_direction,premarket_controls_regimes,random_forest,0,0,0.21
2022-11-04,premarket_large_move,all_days,same_day_large_move_direction,premarket_controls_regimes,random_forest,1,0,0.39
2022-11-07,premarket_large_move,all_days,same_day_large_move_direction,premarket_controls_regimes,random_forest,1,1,0.6575
2022-11-09,premarket_large_move,all_days,same_day_large_move_direction,premarket_controls_regimes,random_forest,0,0,0.025
2022-11-10,premarket_large_move,all_days,same_day_large_move_direction,premarket_controls_regimes,random_forest,1,1,0.98
2022-11-11,premarket_large_move,all_days,same_day_large_move_direction,premarket_controls_regimes,random_forest,1,1,0.7225
2022-11-14,premarket_large_move,all_days,same_day_large_move_direction,premarket_controls_regimes,random_forest,0,1,0.8075
2022-11-15,premarket_large_move,all_days,same_day_large_move_direction,premarket_controls_regimes,random_forest,1,1,0.8875
2022-11-16,premarket_large_move,all_days,same_day_large_move_direction,premarket_controls_regimes,random_forest,0,0,0.41
2022-11-22,premarket_large_move,all_days,same_day_large_move_direction,premarket_controls_regimes,random_forest,1,1,0.9
2022-11-28,premarket_large_move,all_days,same_day_large_move_direction,premarket_controls_regimes,random_forest,0,0,0.0075
2022-11-30,premarket_large_move,all_days,same_day_large_move_direction,premarket_controls_regimes,random_forest,1,1,0.9725
2022-12-05,premarket_large_move,all_days,same_day_large_move_direction,premarket_controls_regimes,random_forest,0,0,0.08
2022-12-06,premarket_large_move,all_days,same_day_large_move_direction,premarket_controls_regimes,random_forest,0,0,0.185
2022-12-12,premarket_large_move,all_days,same_day_large_move_direction,premarket_controls_regimes,random_forest,1,1,0.9875
2022-12-15,premarket_large_move,all_days,same_day_large_move_direction,premarket_controls_regimes,random_forest,0,0,0.0025
2022-12-16,premarket_large_move,all_days,same_day_large_move_direction,premarket_controls_regimes,random_forest,0,0,0.215
2022-12-19,premarket_large_move,all_days,same_day_large_move_direction,premarket_controls_regimes,random_forest,0,0,0.175
2022-12-21,premarket_large_move,all_days,same_day_large_move_direction,premarket_controls_regimes,random_forest,1,1,0.9925
2022-12-22,premarket_large_move,all_days,same_day_large_move_direction,premarket_controls_regimes,random_forest,0,0,0.06
2022-12-28,premarket_large_move,all_days,same_day_large_move_direction,premarket_controls_regimes,random_forest,0,0,0.015
2022-12-29,premarket_large_move,all_days,same_day_large_move_direction,premarket_controls_regimes,random_forest,1,1,0.9875
2023-01-05,premarket_large_move,all_days,same_day_large_move_direction,premarket_controls_regimes,random_forest,0,0,0.05
2023-01-06,premarket_large_move,all_days,same_day_large_move_direction,premarket_controls_regimes,random_forest,1,1,0.995
2023-01-11,premarket_large_move,all_days,same_day_large_move_direction,premarket_controls_regimes,random_forest,1,1,1.0
2023-01-18,premarket_large_move,all_days,same_day_large_move_direction,premarket_controls_regimes,random_forest,0,0,0.09
2023-01-20,premarket_large_move,all_days,same_day_large_move_direction,premarket_controls_regimes,random_forest,1,1,0.89
2023-01-23,premarket_large_move,all_days,same_day_large_move_direction,premarket_controls_regimes,random_forest,1,1,0.88
2023-01-26,premarket_large_move,all_days,same_day_large_move_direction,premarket_controls_regimes,random_forest,1,1,0.995
2023-01-30,premarket_large_move,all_days,same_day_large_move_direction,premarket_controls_regimes,random_forest,0,0,0.04
2023-01-31,premarket_large_move,all_days,same_day_large_move_direction,premarket_controls_regimes,random_forest,1,1,0.99
2023-02-01,premarket_large_move,all_days,same_day_large_move_direction,premarket_controls_regimes,random_forest,1,1,0.955
2023-02-02,premarket_large_move,all_days,same_day_large_move_direction,premarket_controls_regimes,random_forest,1,1,0.97
2023-02-03,premarket_large_move,all_days,same_day_large_move_direction,premarket_controls_regimes,random_forest,0,1,0.715
2023-02-07,premarket_large_move,all_days,same_day_large_move_direction,premarket_controls_regimes,random_forest,1,1,0.87
2023-02-08,premarket_large_move,all_days,same_day_large_move_direction,premarket_controls_regimes,random_forest,0,0,0.12
2023-02-09,premarket_large_move,all_days,same_day_large_move_direction,premarket_controls_regimes,random_forest,0,0,0.145
2023-02-13,premarket_large_move,all_days,same_day_large_move_direction,premarket_controls_regimes,random_forest,1,1,0.965
2023-02-16,premarket_large_move,all_days,same_day_large_move_direction,premarket_controls_regimes,random_forest,0,0,0.09
2023-02-21,premarket_large_move,all_days,same_day_large_move_direction,premarket_controls_regimes,random_forest,0,0,0.165
2023-02-24,premarket_large_move,all_days,same_day_large_move_direction,premarket_controls_regimes,random_forest,0,0,0.01
2023-03-03,premarket_large_move,all_days,same_day_large_move_direction,premarket_controls_regimes,random_forest,1,1,0.995
2023-03-07,premarket_large_move,all_days,same_day_large_move_direction,premarket_controls_regimes,random_forest,0,0,0.035
2023-03-09,premarket_large_move,all_days,same_day_large_move_direction,premarket_controls_regimes,random_forest,0,0,0.005
2023-03-10,premarket_large_move,all_days,same_day_large_move_direction,premarket_controls_regimes,random_forest,0,0,0.0
2023-03-14,premarket_large_move,all_days,same_day_large_move_direction,premarket_controls_regimes,random_forest,1,1,0.975
2023-03-16,premarket_large_move,all_days,same_day_large_move_direction,premarket_controls_regimes,random_forest,1,1,0.99
2023-03-17,premarket_large_move,all_days,same_day_large_move_direction,premarket_controls_regimes,random_forest,0,1,0.555
2023-03-20,premarket_large_move,all_days,same_day_large_move_direction,premarket_controls_regimes,random_forest,1,1,0.895
2023-03-21,premarket_large_move,all_days,same_day_large_move_direction,premarket_controls_regimes,random_forest,1,1,0.995
2023-03-22,premarket_large_move,all_days,same_day_large_move_direction,premarket_controls_regimes,random_forest,0,0,0.045
2023-03-29,premarket_large_move,all_days,same_day_large_move_direction,premarket_controls_regimes,random_forest,1,1,0.995
2023-03-31,premarket_large_move,all_days,same_day_large_move_direction,premarket_controls_regimes,random_forest,1,1,0.995
2023-04-13,premarket_large_move,all_days,same_day_large_move_direction,premarket_controls_regimes,random_forest,1,1,0.995
2023-04-25,premarket_large_move,all_days,same_day_large_move_direction,premarket_controls_regimes,random_forest,0,0,0.0
2023-04-27,premarket_large_move,all_days,same_day_large_move_direction,premarket_controls_regimes,random_forest,1,1,0.975
2023-04-28,premarket_large_move,all_days,same_day_large_move_direction,premarket_controls_regimes,random_forest,1,1,0.755
2023-05-02,premarket_large_move,all_days,same_day_large_move_direction,premarket_controls_regimes,random_forest,0,0,0.14
2023-05-05,premarket_large_move,all_days,same_day_large_move_direction,premarket_controls_regimes,random_forest,1,1,0.97
2023-05-17,premarket_large_move,all_days,same_day_large_move_direction,premarket_controls_regimes,random_forest,1,1,0.99
2023-05-18,premarket_large_move,all_days,same_day_large_move_direction,premarket_controls_regimes,random_forest,1,1,0.985
2023-05-23,premarket_large_move,all_days,same_day_large_move_direction,premarket_controls_regimes,random_forest,0,0,0.045
2023-05-25,premarket_large_move,all_days,same_day_large_move_direction,premarket_controls_regimes,random_forest,1,0,0.47
2023-05-26,premarket_large_move,all_days,same_day_large_move_direction,premarket_controls_regimes,random_forest,1,1,0.99
2023-06-01,premarket_large_move,all_days,same_day_large_move_direction,premarket_controls_regimes,random_forest,1,1,0.98
2023-06-02,premarket_large_move,all_days,same_day_large_move_direction,premarket_controls_regimes,random_forest,1,1,0.975
2023-06-12,premarket_large_move,all_days,same_day_large_move_direction,premarket_controls_regimes,random_forest,1,1,0.965
2023-06-15,premarket_large_move,all_days,same_day_large_move_direction,premarket_controls_regimes,random_forest,1,1,0.995
2023-06-27,premarket_large_move,all_days,same_day_large_move_direction,premarket_controls_regimes,random_forest,1,1,0.955
2023-06-30,premarket_large_move,all_days,same_day_large_move_direction,premarket_controls_regimes,random_forest,1,1,0.995
2023-07-13,premarket_large_move,all_days,same_day_large_move_direction,premarket_controls_regimes,random_forest,1,1,0.965
2023-07-28,premarket_large_move,all_days,same_day_large_move_direction,premarket_controls_regimes,random_forest,1,1,0.96
2023-08-02,premarket_large_move,all_days,same_day_large_move_direction,premarket_controls_regimes,random_forest,0,0,0.12
2023-08-07,premarket_large_move,all_days,same_day_large_move_direction,premarket_controls_regimes,random_forest,1,1,0.625
2023-08-15,premarket_large_move,all_days,same_day_large_move_direction,premarket_controls_regimes,random_forest,0,0,0.015
2023-08-23,premarket_large_move,all_days,same_day_large_move_direction,premarket_controls_regimes,random_forest,1,1,0.985
2023-08-24,premarket_large_move,all_days,same_day_large_move_direction,premarket_controls_regimes,random_forest,0,0,0.095
2023-08-29,premarket_large_move,all_days,same_day_large_move_direction,premarket_controls_regimes,random_forest,1,1,0.995
2023-09-14,premarket_large_move,all_days,same_day_large_move_direction,premarket_controls_regimes,random_forest,1,1,0.935
2023-09-15,premarket_large_move,all_days,same_day_large_move_direction,premarket_controls_regimes,random_forest,0,0,0.145
2023-09-20,premarket_large_move,all_days,same_day_large_move_direction,premarket_controls_regimes,random_forest,0,0,0.0
2023-09-21,premarket_large_move,all_days,same_day_large_move_direction,premarket_controls_regimes,random_forest,0,0,0.01
2023-09-26,premarket_large_move,all_days,same_day_large_move_direction,premarket_controls_regimes,random_forest,0,0,0.0
2023-10-03,premarket_large_move,all_days,same_day_large_move_direction,premarket_controls_regimes,random_forest,0,0,0.155
2023-10-04,premarket_large_move,all_days,same_day_large_move_direction,premarket_controls_regimes,random_forest,1,1,0.665
2023-10-06,premarket_large_move,all_days,same_day_large_move_direction,premarket_controls_regimes,random_forest,1,1,0.98
2023-10-16,premarket_large_move,all_days,same_day_large_move_direction,premarket_controls_regimes,random_forest,1,1,0.96
2023-10-18,premarket_large_move,all_days,same_day_large_move_direction,premarket_controls_regimes,random_forest,0,0,0.115
2023-10-19,premarket_large_move,all_days,same_day_large_move_direction,premarket_controls_regimes,random_forest,0,0,0.15
2023-10-20,premarket_large_move,all_days,same_day_large_move_direction,premarket_controls_regimes,random_forest,0,0,0.2
2023-10-25,premarket_large_move,all_days,same_day_large_move_direction,premarket_controls_regimes,random_forest,0,0,0.15
2023-10-26,premarket_large_move,all_days,same_day_large_move_direction,premarket_controls_regimes,random_forest,0,0,0.075
2023-10-30,premarket_large_move,all_days,same_day_large_move_direction,premarket_controls_regimes,random_forest,1,1,0.645
2023-11-01,premarket_large_move,all_days,same_day_large_move_direction,premarket_controls_regimes,random_forest,1,1,0.985
2023-11-02,premarket_large_move,all_days,same_day_large_move_direction,premarket_controls_regimes,random_forest,1,1,0.995
2023-11-03,premarket_large_move,all_days,same_day_large_move_direction,premarket_controls_regimes,random_forest,1,1,0.88
2023-11-10,premarket_large_move,all_days,same_day_large_move_direction,premarket_controls_regimes,random_forest,1,1,0.995
2023-11-14,premarket_large_move,all_days,same_day_large_move_direction,premarket_controls_regimes,random_forest,1,1,1.0
2023-12-13,premarket_large_move,all_days,same_day_large_move_direction,premarket_controls_regimes,random_forest,1,1,1.0
2023-12-20,premarket_large_move,all_days,same_day_large_move_direction,premarket_controls_regimes,random_forest,0,0,0.02
2023-12-21,premarket_large_move,all_days,same_day_large_move_direction,premarket_controls_regimes,random_forest,1,1,0.95
2024-01-08,premarket_large_move,all_days,same_day_large_move_direction,premarket_controls_regimes,random_forest,1,1,0.99
2024-01-18,premarket_large_move,all_days,same_day_large_move_direction,premarket_controls_regimes,random_forest,1,1,0.97
2024-01-19,premarket_large_move,all_days,same_day_large_move_direction,premarket_controls_regimes,random_forest,1,1,0.9975
2024-01-31,premarket_large_move,all_days,same_day_large_move_direction,premarket_controls_regimes,random_forest,0,0,0.0025
2024-02-01,premarket_large_move,all_days,same_day_large_move_direction,premarket_controls_regimes,random_forest,1,1,0.88
2024-02-02,premarket_large_move,all_days,same_day_large_move_direction,premarket_controls_regimes,random_forest,1,1,0.8375
2024-02-07,premarket_large_move,all_days,same_day_large_move_direction,premarket_controls_regimes,random_forest,1,1,0.995
2024-02-13,premarket_large_move,all_days,same_day_large_move_direction,premarket_controls_regimes,random_forest,0,0,0.0
2024-02-14,premarket_large_move,all_days,same_day_large_move_direction,premarket_controls_regimes,random_forest,1,1,0.765
2024-02-22,premarket_large_move,all_days,same_day_large_move_direction,premarket_controls_regimes,random_forest,1,1,1.0
2024-03-05,premarket_large_move,all_days,same_day_large_move_direction,premarket_controls_regimes,random_forest,0,0,0.005
2024-03-07,premarket_large_move,all_days,same_day_large_move_direction,premarket_controls_regimes,random_forest,1,1,0.9975
2024-03-12,premarket_large_move,all_days,same_day_large_move_direction,premarket_controls_regimes,random_forest,1,1,1.0
2024-03-20,premarket_large_move,all_days,same_day_large_move_direction,premarket_controls_regimes,random_forest,1,1,0.9975
2024-03-27,premarket_large_move,all_days,same_day_large_move_direction,premarket_controls_regimes,random_forest,1,1,0.9975
2024-04-04,premarket_large_move,all_days,same_day_large_move_direction,premarket_controls_regimes,random_forest,0,0,0.01
2024-04-05,premarket_large_move,all_days,same_day_large_move_direction,premarket_controls_regimes,random_forest,1,1,0.87
2024-04-10,premarket_large_move,all_days,same_day_large_move_direction,premarket_controls_regimes,random_forest,0,0,0.0625
2024-04-12,premarket_large_move,all_days,same_day_large_move_direction,premarket_controls_regimes,random_forest,0,0,0.0125
2024-04-15,premarket_large_move,all_days,same_day_large_move_direction,premarket_controls_regimes,random_forest,0,0,0.035
2024-04-19,premarket_large_move,all_days,same_day_large_move_direction,premarket_controls_regimes,random_forest,0,0,0.02
2024-04-22,premarket_large_move,all_days,same_day_large_move_direction,premarket_controls_regimes,random_forest,1,1,0.8225
2024-04-23,premarket_large_move,all_days,same_day_large_move_direction,premarket_controls_regimes,random_forest,1,1,0.99
2024-04-26,premarket_large_move,all_days,same_day_large_move_direction,premarket_controls_regimes,random_forest,1,1,0.99
2024-04-30,premarket_large_move,all_days,same_day_large_move_direction,premarket_controls_regimes,random_forest,0,0,0.005
2024-05-02,premarket_large_move,all_days,same_day_large_move_direction,premarket_controls_regimes,random_forest,1,1,0.6925
2024-05-03,premarket_large_move,all_days,same_day_large_move_direction,premarket_controls_regimes,random_forest,1,1,0.9625
2024-05-06,premarket_large_move,all_days,same_day_large_move_direction,premarket_controls_regimes,random_forest,1,1,0.9325
2024-05-15,premarket_large_move,all_days,same_day_large_move_direction,premarket_controls_regimes,random_forest,1,1,1.0
2024-06-05,premarket_large_move,all_days,same_day_large_move_direction,premarket_controls_regimes,random_forest,1,1,0.9975
2024-06-12,premarket_large_move,all_days,same_day_large_move_direction,premarket_controls_regimes,random_forest,1,1,0.9975
2024-07-10,premarket_large_move,all_days,same_day_large_move_direction,premarket_controls_regimes,random_forest,1,1,0.9975
2024-07-11,premarket_large_move,all_days,same_day_large_move_direction,premarket_controls_regimes,random_forest,0,0,0.2825
2024-07-17,premarket_large_move,all_days,same_day_large_move_direction,premarket_controls_regimes,random_forest,0,0,0.0075
2024-07-22,premarket_large_move,all_days,same_day_large_move_direction,premarket_controls_regimes,random_forest,1,1,0.6325
2024-07-24,premarket_large_move,all_days,same_day_large_move_direction,premarket_controls_regimes,random_forest,0,0,0.0
2024-07-26,premarket_large_move,all_days,same_day_large_move_direction,premarket_controls_regimes,random_forest,1,0,0.4725
2024-07-31,premarket_large_move,all_days,same_day_large_move_direction,premarket_controls_regimes,random_forest,1,1,0.995
2024-08-01,premarket_large_move,all_days,same_day_large_move_direction,premarket_controls_regimes,random_forest,0,0,0.075
2024-08-02,premarket_large_move,all_days,same_day_large_move_direction,premarket_controls_regimes,random_forest,0,0,0.0575
2024-08-05,premarket_large_move,all_days,same_day_large_move_direction,premarket_controls_regimes,random_forest,0,0,0.025
2024-08-06,premarket_large_move,all_days,same_day_large_move_direction,premarket_controls_regimes,random_forest,1,0,0.44
2024-08-08,premarket_large_move,all_days,same_day_large_move_direction,premarket_controls_regimes,random_forest,1,1,0.995
2024-08-13,premarket_large_move,all_days,same_day_large_move_direction,premarket_controls_regimes,random_forest,1,1,0.9975
2024-08-15,premarket_large_move,all_days,same_day_large_move_direction,premarket_controls_regimes,random_forest,1,1,0.99
2024-08-19,premarket_large_move,all_days,same_day_large_move_direction,premarket_controls_regimes,random_forest,1,1,0.9975
2024-08-22,premarket_large_move,all_days,same_day_large_move_direction,premarket_controls_regimes,random_forest,0,0,0.04
2024-08-23,premarket_large_move,all_days,same_day_large_move_direction,premarket_controls_regimes,random_forest,1,1,0.9925
2024-08-30,premarket_large_move,all_days,same_day_large_move_direction,premarket_controls_regimes,random_forest,1,1,0.995
2024-09-03,premarket_large_move,all_days,same_day_large_move_direction,premarket_controls_regimes,random_forest,0,0,0.0
2024-09-06,premarket_large_move,all_days,same_day_large_move_direction,premarket_controls_regimes,random_forest,0,0,0.0025
2024-09-09,premarket_large_move,all_days,same_day_large_move_direction,premarket_controls_regimes,random_forest,1,1,0.7425
2024-09-11,premarket_large_move,all_days,same_day_large_move_direction,premarket_controls_regimes,random_forest,1,1,0.985
2024-09-19,premarket_large_move,all_days,same_day_large_move_direction,premarket_controls_regimes,random_forest,1,1,1.0
2024-10-01,premarket_large_move,all_days,same_day_large_move_direction,premarket_controls_regimes,random_forest,0,0,0.02
2024-10-04,premarket_large_move,all_days,same_day_large_move_direction,premarket_controls_regimes,random_forest,1,1,0.9975
2024-10-07,premarket_large_move,all_days,same_day_large_move_direction,premarket_controls_regimes,random_forest,0,0,0.1025
2024-10-08,premarket_large_move,all_days,same_day_large_move_direction,premarket_controls_regimes,random_forest,1,1,0.99
2024-10-23,premarket_large_move,all_days,same_day_large_move_direction,premarket_controls_regimes,random_forest,0,0,0.0075
2024-10-31,premarket_large_move,all_days,same_day_large_move_direction,premarket_controls_regimes,random_forest,0,0,0.0075
2024-11-05,premarket_large_move,all_days,same_day_large_move_direction,premarket_controls_regimes,random_forest,1,1,0.9925
2024-11-15,premarket_large_move,all_days,same_day_large_move_direction,premarket_controls_regimes,random_forest,0,0,0.005
2024-12-11,premarket_large_move,all_days,same_day_large_move_direction,premarket_controls_regimes,random_forest,1,1,0.9375
2024-12-18,premarket_large_move,all_days,same_day_large_move_direction,premarket_controls_regimes,random_forest,0,0,0.0025
2024-12-20,premarket_large_move,all_days,same_day_large_move_direction,premarket_controls_regimes,random_forest,1,0,0.35
2024-12-24,premarket_large_move,all_days,same_day_large_move_direction,premarket_controls_regimes,random_forest,1,1,0.8725
2024-12-27,premarket_large_move,all_days,same_day_large_move_direction,premarket_controls_regimes,random_forest,0,0,0.045
2024-12-30,premarket_large_move,all_days,same_day_large_move_direction,premarket_controls_regimes,random_forest,0,0,0.01
2025-01-03,premarket_large_move,all_days,same_day_large_move_direction,premarket_controls_regimes,random_forest,1,1,0.9925
2025-01-07,premarket_large_move,all_days,same_day_large_move_direction,premarket_controls_regimes,random_forest,0,0,0.2675
2025-01-10,premarket_large_move,all_days,same_day_large_move_direction,premarket_controls_regimes,random_forest,0,0,0.07
2025-01-15,premarket_large_move,all_days,same_day_large_move_direction,premarket_controls_regimes,random_forest,1,1,0.9975
2025-01-17,premarket_large_move,all_days,same_day_large_move_direction,premarket_controls_regimes,random_forest,1,1,0.9925
2025-01-21,premarket_large_move,all_days,same_day_large_move_direction,premarket_controls_regimes,random_forest,1,1,0.97
2025-01-27,premarket_large_move,all_days,same_day_large_move_direction,premarket_controls_regimes,random_forest,0,0,0.015
2025-01-28,premarket_large_move,all_days,same_day_large_move_direction,premarket_controls_regimes,random_forest,1,1,0.795
2025-02-07,premarket_large_move,all_days,same_day_large_move_direction,premarket_controls_regimes,random_forest,0,0,0.1025
2025-02-13,premarket_large_move,all_days,same_day_large_move_direction,premarket_controls_regimes,random_forest,1,1,1.0
2025-02-21,premarket_large_move,all_days,same_day_large_move_direction,premarket_controls_regimes,random_forest,0,0,0.01
2025-02-27,premarket_large_move,all_days,same_day_large_move_direction,premarket_controls_regimes,random_forest,0,0,0.22
2025-02-28,premarket_large_move,all_days,same_day_large_move_direction,premarket_controls_regimes,random_forest,1,1,0.955
2025-03-03,premarket_large_move,all_days,same_day_large_move_direction,premarket_controls_regimes,random_forest,0,0,0.12
2025-03-04,premarket_large_move,all_days,same_day_large_move_direction,premarket_controls_regimes,random_forest,0,0,0.1025
2025-03-05,premarket_large_move,all_days,same_day_large_move_direction,premarket_controls_regimes,random_forest,1,1,0.8525
2025-03-06,premarket_large_move,all_days,same_day_large_move_direction,premarket_controls_regimes,random_forest,0,0,0.0725
2025-03-10,premarket_large_move,all_days,same_day_large_move_direction,premarket_controls_regimes,random_forest,0,0,0.0675
2025-03-13,premarket_large_move,all_days,same_day_large_move_direction,premarket_controls_regimes,random_forest,0,0,0.0325
2025-03-14,premarket_large_move,all_days,same_day_large_move_direction,premarket_controls_regimes,random_forest,1,1,0.9575
2025-03-18,premarket_large_move,all_days,same_day_large_move_direction,premarket_controls_regimes,random_forest,0,1,0.5975
2025-03-19,premarket_large_move,all_days,same_day_large_move_direction,premarket_controls_regimes,random_forest,1,1,0.905
2025-03-24,premarket_large_move,all_days,same_day_large_move_direction,premarket_controls_regimes,random_forest,1,1,0.9825
2025-03-26,premarket_large_move,all_days,same_day_large_move_direction,premarket_controls_regimes,random_forest,0,0,0.1925
2025-03-28,premarket_large_move,all_days,same_day_large_move_direction,premarket_controls_regimes,random_forest,0,0,0.0775
2025-04-03,premarket_large_move,all_days,same_day_large_move_direction,premarket_controls_regimes,random_forest,0,0,0.04
2025-04-04,premarket_large_move,all_days,same_day_large_move_direction,premarket_controls_regimes,random_forest,0,0,0.1575
2025-04-08,premarket_large_move,all_days,same_day_large_move_direction,premarket_controls_regimes,random_forest,0,0,0.175
2025-04-09,premarket_large_move,all_days,same_day_large_move_direction,premarket_controls_regimes,random_forest,1,1,0.9525
2025-04-10,premarket_large_move,all_days,same_day_large_move_direction,premarket_controls_regimes,random_forest,0,1,0.875
2025-04-11,premarket_large_move,all_days,same_day_large_move_direction,premarket_controls_regimes,random_forest,1,1,0.865
2025-04-16,premarket_large_move,all_days,same_day_large_move_direction,premarket_controls_regimes,random_forest,0,0,0.1225
2025-04-21,premarket_large_move,all_days,same_day_large_move_direction,premarket_controls_regimes,random_forest,0,0,0.1075
2025-04-22,premarket_large_move,all_days,same_day_large_move_direction,premarket_controls_regimes,random_forest,1,1,0.9075
2025-04-23,premarket_large_move,all_days,same_day_large_move_direction,premarket_controls_regimes,random_forest,1,1,0.8625
2025-04-24,premarket_large_move,all_days,same_day_large_move_direction,premarket_controls_regimes,random_forest,1,1,0.91
2025-05-02,premarket_large_move,all_days,same_day_large_move_direction,premarket_controls_regimes,random_forest,1,1,0.955
2025-05-12,premarket_large_move,all_days,same_day_large_move_direction,premarket_controls_regimes,random_forest,1,1,0.945
2025-05-21,premarket_large_move,all_days,same_day_large_move_direction,premarket_controls_regimes,random_forest,0,0,0.1875
2025-05-27,premarket_large_move,all_days,same_day_large_move_direction,premarket_controls_regimes,random_forest,1,1,0.9625
2025-06-06,premarket_large_move,all_days,same_day_large_move_direction,premarket_controls_regimes,random_forest,1,1,0.9975
2025-06-13,premarket_large_move,all_days,same_day_large_move_direction,premarket_controls_regimes,random_forest,0,0,0.0225
2025-06-16,premarket_large_move,all_days,same_day_large_move_direction,premarket_controls_regimes,random_forest,1,1,0.99
2025-06-17,premarket_large_move,all_days,same_day_large_move_direction,premarket_controls_regimes,random_forest,0,0,0.3125
2025-06-23,premarket_large_move,all_days,same_day_large_move_direction,premarket_controls_regimes,random_forest,1,1,0.9975
2025-06-24,premarket_large_move,all_days,same_day_large_move_direction,premarket_controls_regimes,random_forest,1,1,0.9875
2025-07-03,premarket_large_move,all_days,same_day_large_move_direction,premarket_controls_regimes,random_forest,1,1,0.9575
2025-08-01,premarket_large_move,all_days,same_day_large_move_direction,premarket_controls_regimes,random_forest,0,0,0.005
2025-08-04,premarket_large_move,all_days,same_day_large_move_direction,premarket_controls_regimes,random_forest,1,1,0.955
2025-08-12,premarket_large_move,all_days,same_day_large_move_direction,premarket_controls_regimes,random_forest,1,1,1.0
2025-08-22,premarket_large_move,all_days,same_day_large_move_direction,premarket_controls_regimes,random_forest,1,1,1.0
2025-09-04,premarket_large_move,all_days,same_day_large_move_direction,premarket_controls_regimes,random_forest,1,1,0.995
2025-09-11,premarket_large_move,all_days,same_day_large_move_direction,premarket_controls_regimes,random_forest,1,1,1.0
2025-10-10,premarket_large_move,all_days,same_day_large_move_direction,premarket_controls_regimes,random_forest,0,0,0.0475
2025-10-13,premarket_large_move,all_days,same_day_large_move_direction,premarket_controls_regimes,random_forest,1,1,0.89
2025-10-20,premarket_large_move,all_days,same_day_large_move_direction,premarket_controls_regimes,random_forest,1,1,0.9775
2025-10-27,premarket_large_move,all_days,same_day_large_move_direction,premarket_controls_regimes,random_forest,1,1,1.0
2025-10-30,premarket_large_move,all_days,same_day_large_move_direction,premarket_controls_regimes,random_forest,0,0,0.05
2025-11-04,premarket_large_move,all_days,same_day_large_move_direction,premarket_controls_regimes,random_forest,0,0,0.005
2025-11-06,premarket_large_move,all_days,same_day_large_move_direction,premarket_controls_regimes,random_forest,0,0,0.21
2025-11-10,premarket_large_move,all_days,same_day_large_move_direction,premarket_controls_regimes,random_forest,1,1,0.995
2025-11-13,premarket_large_move,all_days,same_day_large_move_direction,premarket_controls_regimes,random_forest,0,0,0.01
2025-11-17,premarket_large_move,all_days,same_day_large_move_direction,premarket_controls_regimes,random_forest,0,0,0.135
2025-11-18,premarket_large_move,all_days,same_day_large_move_direction,premarket_controls_regimes,random_forest,0,0,0.035
2025-11-20,premarket_large_move,all_days,same_day_large_move_direction,premarket_controls_regimes,random_forest,0,0,0.0175
2025-11-21,premarket_large_move,all_days,same_day_large_move_direction,premarket_controls_regimes,random_forest,1,1,0.825
2025-11-24,premarket_large_move,all_days,same_day_large_move_direction,premarket_controls_regimes,random_forest,1,1,0.97
2025-11-25,premarket_large_move,all_days,same_day_large_move_direction,premarket_controls_regimes,random_forest,1,1,0.7925
2025-12-12,premarket_large_move,all_days,same_day_large_move_direction,premarket_controls_regimes,random_forest,0,0,0.0325
2025-12-17,premarket_large_move,all_days,same_day_large_move_direction,premarket_controls_regimes,random_forest,0,0,0.0
2025-12-19,premarket_large_move,all_days,same_day_large_move_direction,premarket_controls_regimes,random_forest,1,1,0.9775
2022-04-28,premarket_large_move,all_days,same_day_large_move_direction,premarket_controls_regimes,gradient_boosting,1,1,0.9989501409846634
2022-04-29,premarket_large_move,all_days,same_day_large_move_direction,premarket_controls_regimes,gradient_boosting,0,0,0.07943202321702418
2022-05-04,premarket_large_move,all_days,same_day_large_move_direction,premarket_controls_regimes,gradient_boosting,1,1,0.9974716145393527
2022-05-05,premarket_large_move,all_days,same_day_large_move_direction,premarket_controls_regimes,gradient_boosting,0,0,0.0011035204841216978
2022-05-09,premarket_large_move,all_days,same_day_large_move_direction,premarket_controls_regimes,gradient_boosting,0,0,0.03397310244066048
2022-05-11,premarket_large_move,all_days,same_day_large_move_direction,premarket_controls_regimes,gradient_boosting,0,0,0.016383206712952753
2022-05-13,premarket_large_move,all_days,same_day_large_move_direction,premarket_controls_regimes,gradient_boosting,1,1,0.9987104407619872
2022-05-17,premarket_large_move,all_days,same_day_large_move_direction,premarket_controls_regimes,gradient_boosting,1,1,0.9942386885424612
2022-05-18,premarket_large_move,all_days,same_day_large_move_direction,premarket_controls_regimes,gradient_boosting,0,0,0.0011938867308237597
2022-05-23,premarket_large_move,all_days,same_day_large_move_direction,premarket_controls_regimes,gradient_boosting,1,1,0.9722882287990557
2022-05-24,premarket_large_move,all_days,same_day_large_move_direction,premarket_controls_regimes,gradient_boosting,0,0,0.050327281665591674
2022-05-25,premarket_large_move,all_days,same_day_large_move_direction,premarket_controls_regimes,gradient_boosting,1,1,0.9879962631012633
2022-05-26,premarket_large_move,all_days,same_day_large_move_direction,premarket_controls_regimes,gradient_boosting,1,1,0.994095988545161
2022-05-27,premarket_large_move,all_days,same_day_large_move_direction,premarket_controls_regimes,gradient_boosting,1,1,0.7830045126634539
2022-06-02,premarket_large_move,all_days,same_day_large_move_direction,premarket_controls_regimes,gradient_boosting,1,1,0.9980963364171936
2022-06-07,premarket_large_move,all_days,same_day_large_move_direction,premarket_controls_regimes,gradient_boosting,1,1,0.9986898852577503
2022-06-08,premarket_large_move,all_days,same_day_large_move_direction,premarket_controls_regimes,gradient_boosting,0,0,0.027129384681913102
2022-06-09,premarket_large_move,all_days,same_day_large_move_direction,premarket_controls_regimes,gradient_boosting,0,0,0.009013459633254265
2022-06-10,premarket_large_move,all_days,same_day_large_move_direction,premarket_controls_regimes,gradient_boosting,0,0,0.11391786881711655
2022-06-13,premarket_large_move,all_days,same_day_large_move_direction,premarket_controls_regimes,gradient_boosting,0,0,0.09430169261378217
2022-06-15,premarket_large_move,all_days,same_day_large_move_direction,premarket_controls_regimes,gradient_boosting,1,0,0.2534298690481372
2022-06-16,premarket_large_move,all_days,same_day_large_move_direction,premarket_controls_regimes,gradient_boosting,0,0,0.0008995789599960879
2022-06-21,premarket_large_move,all_days,same_day_large_move_direction,premarket_controls_regimes,gradient_boosting,1,1,0.9854528212578026
2022-06-23,premarket_large_move,all_days,same_day_large_move_direction,premarket_controls_regimes,gradient_boosting,1,1,0.9947419814349312
2022-06-24,premarket_large_move,all_days,same_day_large_move_direction,premarket_controls_regimes,gradient_boosting,1,1,0.997212647022924
2022-06-28,premarket_large_move,all_days,same_day_large_move_direction,premarket_controls_regimes,gradient_boosting,0,0,0.04824784994009554
2022-06-30,premarket_large_move,all_days,same_day_large_move_direction,premarket_controls_regimes,gradient_boosting,0,0,0.018914422257195307
2022-07-01,premarket_large_move,all_days,same_day_large_move_direction,premarket_controls_regimes,gradient_boosting,1,1,0.8168476914912133
2022-07-07,premarket_large_move,all_days,same_day_large_move_direction,premarket_controls_regimes,gradient_boosting,1,1,0.9910236458505078
2022-07-11,premarket_large_move,all_days,same_day_large_move_direction,premarket_controls_regimes,gradient_boosting,0,0,0.02182339376492632
2022-07-12,premarket_large_move,all_days,same_day_large_move_direction,premarket_controls_regimes,gradient_boosting,0,0,0.1273328336963383
2022-07-15,premarket_large_move,all_days,same_day_large_move_direction,premarket_controls_regimes,gradient_boosting,1,1,0.9962638336193155
2022-07-18,premarket_large_move,all_days,same_day_large_move_direction,premarket_controls_regimes,gradient_boosting,0,1,0.5004345736887631
2022-07-19,premarket_large_move,all_days,same_day_large_move_direction,premarket_controls_regimes,gradient_boosting,1,1,0.9974754811056856
2022-07-21,premarket_large_move,all_days,same_day_large_move_direction,premarket_controls_regimes,gradient_boosting,1,1,0.9925382225196598
2022-07-22,premarket_large_move,all_days,same_day_large_move_direction,premarket_controls_regimes,gradient_boosting,0,1,0.7920239931031492
2022-07-26,premarket_large_move,all_days,same_day_large_move_direction,premarket_controls_regimes,gradient_boosting,0,0,0.01112028689351007
2022-07-27,premarket_large_move,all_days,same_day_large_move_direction,premarket_controls_regimes,gradient_boosting,1,1,0.9989024569572408
2022-07-29,premarket_large_move,all_days,same_day_large_move_direction,premarket_controls_regimes,gradient_boosting,1,1,0.9007882584574725
2022-08-03,premarket_large_move,all_days,same_day_large_move_direction,premarket_controls_regimes,gradient_boosting,1,1,0.9963642100740169
2022-08-10,premarket_large_move,all_days,same_day_large_move_direction,premarket_controls_regimes,gradient_boosting,1,1,0.9969503572020461
2022-08-12,premarket_large_move,all_days,same_day_large_move_direction,premarket_controls_regimes,gradient_boosting,1,1,0.990742777329525
2022-08-19,premarket_large_move,all_days,same_day_large_move_direction,premarket_controls_regimes,gradient_boosting,0,0,0.010192421281406362
2022-08-22,premarket_large_move,all_days,same_day_large_move_direction,premarket_controls_regimes,gradient_boosting,0,0,0.009443615225930522
2022-08-25,premarket_large_move,all_days,same_day_large_move_direction,premarket_controls_regimes,gradient_boosting,1,1,0.9918697969040128
2022-08-26,premarket_large_move,all_days,same_day_large_move_direction,premarket_controls_regimes,gradient_boosting,0,0,0.001327535606582752
2022-08-30,premarket_large_move,all_days,same_day_large_move_direction,premarket_controls_regimes,gradient_boosting,0,0,0.0640408193065757
2022-09-02,premarket_large_move,all_days,same_day_large_move_direction,premarket_controls_regimes,gradient_boosting,0,0,0.007540093685837715
2022-09-07,premarket_large_move,all_days,same_day_large_move_direction,premarket_controls_regimes,gradient_boosting,1,1,0.9984448285470008
2022-09-09,premarket_large_move,all_days,same_day_large_move_direction,premarket_controls_regimes,gradient_boosting,1,1,0.993326892099166
2022-09-12,premarket_large_move,all_days,same_day_large_move_direction,premarket_controls_regimes,gradient_boosting,1,1,0.9331649311034821
2022-09-13,premarket_large_move,all_days,same_day_large_move_direction,premarket_controls_regimes,gradient_boosting,0,0,0.0002587064086353842
2022-09-15,premarket_large_move,all_days,same_day_large_move_direction,premarket_controls_regimes,gradient_boosting,0,0,0.009355877806626224
2022-09-20,premarket_large_move,all_days,same_day_large_move_direction,premarket_controls_regimes,gradient_boosting,0,0,0.0029838855124551165
2022-09-21,premarket_large_move,all_days,same_day_large_move_direction,premarket_controls_regimes,gradient_boosting,0,0,0.013077676324065843
2022-09-22,premarket_large_move,all_days,same_day_large_move_direction,premarket_controls_regimes,gradient_boosting,0,0,0.11582392042481103
2022-09-23,premarket_large_move,all_days,same_day_large_move_direction,premarket_controls_regimes,gradient_boosting,0,0,0.0049059764068451394
2022-09-26,premarket_large_move,all_days,same_day_large_move_direction,premarket_controls_regimes,gradient_boosting,0,0,0.008998894497281475
2022-09-28,premarket_large_move,all_days,same_day_large_move_direction,premarket_controls_regimes,gradient_boosting,1,1,0.9915464005335843
2022-09-29,premarket_large_move,all_days,same_day_large_move_direction,premarket_controls_regimes,gradient_boosting,0,0,0.0004607993133294337
2022-09-30,premarket_large_move,all_days,same_day_large_move_direction,premarket_controls_regimes,gradient_boosting,0,0,0.011858117191539676
2022-10-03,premarket_large_move,all_days,same_day_large_move_direction,premarket_controls_regimes,gradient_boosting,1,1,0.9957237050278338
2022-10-04,premarket_large_move,all_days,same_day_large_move_direction,premarket_controls_regimes,gradient_boosting,1,1,0.995216800834056
2022-10-06,premarket_large_move,all_days,same_day_large_move_direction,premarket_controls_regimes,gradient_boosting,0,1,0.9658451577055063
2022-10-07,premarket_large_move,all_days,same_day_large_move_direction,premarket_controls_regimes,gradient_boosting,0,0,0.005075702004623602
2022-10-13,premarket_large_move,all_days,same_day_large_move_direction,premarket_controls_regimes,gradient_boosting,1,1,0.9950012478788018
2022-10-14,premarket_large_move,all_days,same_day_large_move_direction,premarket_controls_regimes,gradient_boosting,0,0,0.003397704137202208
2022-10-17,premarket_large_move,all_days,same_day_large_move_direction,premarket_controls_regimes,gradient_boosting,1,1,0.9964975139781805
2022-10-18,premarket_large_move,all_days,same_day_large_move_direction,premarket_controls_regimes,gradient_boosting,1,1,0.978033994148219
2022-10-21,premarket_large_move,all_days,same_day_large_move_direction,premarket_controls_regimes,gradient_boosting,1,1,0.9946020410193729
2022-10-24,premarket_large_move,all_days,same_day_large_move_direction,premarket_controls_regimes,gradient_boosting,1,1,0.9769082512768273
2022-10-25,premarket_large_move,all_days,same_day_large_move_direction,premarket_controls_regimes,gradient_boosting,1,1,0.9308968510779276
2022-10-28,premarket_large_move,all_days,same_day_large_move_direction,premarket_controls_regimes,gradient_boosting,1,1,0.9973554629270002
2022-11-02,premarket_large_move,all_days,same_day_large_move_direction,premarket_controls_regimes,gradient_boosting,0,0,0.0069399680799235195
2022-11-03,premarket_large_move,all_days,same_day_large_move_direction,premarket_controls_regimes,gradient_boosting,0,0,0.08046341966400122
2022-11-04,premarket_large_move,all_days,same_day_large_move_direction,premarket_controls_regimes,gradient_boosting,1,1,0.5779000051293168
2022-11-07,premarket_large_move,all_days,same_day_large_move_direction,premarket_controls_regimes,gradient_boosting,1,1,0.9398741233237674
2022-11-09,premarket_large_move,all_days,same_day_large_move_direction,premarket_controls_regimes,gradient_boosting,0,0,0.005195608751360342
2022-11-10,premarket_large_move,all_days,same_day_large_move_direction,premarket_controls_regimes,gradient_boosting,1,1,0.9993145718776787
2022-11-11,premarket_large_move,all_days,same_day_large_move_direction,premarket_controls_regimes,gradient_boosting,1,1,0.9963151107883863
2022-11-14,premarket_large_move,all_days,same_day_large_move_direction,premarket_controls_regimes,gradient_boosting,0,1,0.9948120631001728
2022-11-15,premarket_large_move,all_days,same_day_large_move_direction,premarket_controls_regimes,gradient_boosting,1,1,0.9958437743224844
2022-11-16,premarket_large_move,all_days,same_day_large_move_direction,premarket_controls_regimes,gradient_boosting,0,0,0.0779122514884475
2022-11-22,premarket_large_move,all_days,same_day_large_move_direction,premarket_controls_regimes,gradient_boosting,1,1,0.9872066941539007
2022-11-28,premarket_large_move,all_days,same_day_large_move_direction,premarket_controls_regimes,gradient_boosting,0,0,0.00479509203699598
2022-11-30,premarket_large_move,all_days,same_day_large_move_direction,premarket_controls_regimes,gradient_boosting,1,1,0.9983575996675416
2022-12-05,premarket_large_move,all_days,same_day_large_move_direction,premarket_controls_regimes,gradient_boosting,0,0,0.0062663638394162115
2022-12-06,premarket_large_move,all_days,same_day_large_move_direction,premarket_controls_regimes,gradient_boosting,0,0,0.05264608609311767
2022-12-12,premarket_large_move,all_days,same_day_large_move_direction,premarket_controls_regimes,gradient_boosting,1,1,0.9923541222107316
2022-12-15,premarket_large_move,all_days,same_day_large_move_direction,premarket_controls_regimes,gradient_boosting,0,0,0.013498375655137606
2022-12-16,premarket_large_move,all_days,same_day_large_move_direction,premarket_controls_regimes,gradient_boosting,0,0,0.05411347082119001
2022-12-19,premarket_large_move,all_days,same_day_large_move_direction,premarket_controls_regimes,gradient_boosting,0,0,0.05541770962286498
2022-12-21,premarket_large_move,all_days,same_day_large_move_direction,premarket_controls_regimes,gradient_boosting,1,1,0.9889992740216859
2022-12-22,premarket_large_move,all_days,same_day_large_move_direction,premarket_controls_regimes,gradient_boosting,0,0,0.017017015604577416
2022-12-28,premarket_large_move,all_days,same_day_large_move_direction,premarket_controls_regimes,gradient_boosting,0,0,0.013187565374356057
2022-12-29,premarket_large_move,all_days,same_day_large_move_direction,premarket_controls_regimes,gradient_boosting,1,1,0.9990592612731901
2023-01-05,premarket_large_move,all_days,same_day_large_move_direction,premarket_controls_regimes,gradient_boosting,0,0,0.026497694937340062
2023-01-06,premarket_large_move,all_days,same_day_large_move_direction,premarket_controls_regimes,gradient_boosting,1,1,0.9979506625919545
2023-01-11,premarket_large_move,all_days,same_day_large_move_direction,premarket_controls_regimes,gradient_boosting,1,1,0.9967008525152081
2023-01-18,premarket_large_move,all_days,same_day_large_move_direction,premarket_controls_regimes,gradient_boosting,0,0,0.01058813427190135
2023-01-20,premarket_large_move,all_days,same_day_large_move_direction,premarket_controls_regimes,gradient_boosting,1,1,0.9925692975003126
2023-01-23,premarket_large_move,all_days,same_day_large_move_direction,premarket_controls_regimes,gradient_boosting,1,1,0.9492153504171255
2023-01-26,premarket_large_move,all_days,same_day_large_move_direction,premarket_controls_regimes,gradient_boosting,1,1,0.9934569052357921
2023-01-30,premarket_large_move,all_days,same_day_large_move_direction,premarket_controls_regimes,gradient_boosting,0,0,0.03259276797701391
2023-01-31,premarket_large_move,all_days,same_day_large_move_direction,premarket_controls_regimes,gradient_boosting,1,1,0.9970671987904643
2023-02-01,premarket_large_move,all_days,same_day_large_move_direction,premarket_controls_regimes,gradient_boosting,1,1,0.9906898535867286
2023-02-02,premarket_large_move,all_days,same_day_large_move_direction,premarket_controls_regimes,gradient_boosting,1,1,0.9808564633635574
2023-02-03,premarket_large_move,all_days,same_day_large_move_direction,premarket_controls_regimes,gradient_boosting,0,0,0.4670177074782371
2023-02-07,premarket_large_move,all_days,same_day_large_move_direction,premarket_controls_regimes,gradient_boosting,1,1,0.9940267809792652
2023-02-08,premarket_large_move,all_days,same_day_large_move_direction,premarket_controls_regimes,gradient_boosting,0,0,0.013502038634607695
2023-02-09,premarket_large_move,all_days,same_day_large_move_direction,premarket_controls_regimes,gradient_boosting,0,0,0.016199674122129224
2023-02-13,premarket_large_move,all_days,same_day_large_move_direction,premarket_controls_regimes,gradient_boosting,1,1,0.9833170177003425
2023-02-16,premarket_large_move,all_days,same_day_large_move_direction,premarket_controls_regimes,gradient_boosting,0,0,0.005816840518375733
2023-02-21,premarket_large_move,all_days,same_day_large_move_direction,premarket_controls_regimes,gradient_boosting,0,0,0.012470908012843951
2023-02-24,premarket_large_move,all_days,same_day_large_move_direction,premarket_controls_regimes,gradient_boosting,0,0,0.0038814882964763324
2023-03-03,premarket_large_move,all_days,same_day_large_move_direction,premarket_controls_regimes,gradient_boosting,1,1,0.996990818137587
2023-03-07,premarket_large_move,all_days,same_day_large_move_direction,premarket_controls_regimes,gradient_boosting,0,0,0.020645092675593734
2023-03-09,premarket_large_move,all_days,same_day_large_move_direction,premarket_controls_regimes,gradient_boosting,0,0,0.011555187300356113
2023-03-10,premarket_large_move,all_days,same_day_large_move_direction,premarket_controls_regimes,gradient_boosting,0,0,0.006453737735226981
2023-03-14,premarket_large_move,all_days,same_day_large_move_direction,premarket_controls_regimes,gradient_boosting,1,1,0.9960080841101289
2023-03-16,premarket_large_move,all_days,same_day_large_move_direction,premarket_controls_regimes,gradient_boosting,1,1,0.9896013954281914
2023-03-17,premarket_large_move,all_days,same_day_large_move_direction,premarket_controls_regimes,gradient_boosting,0,1,0.627622128879979
2023-03-20,premarket_large_move,all_days,same_day_large_move_direction,premarket_controls_regimes,gradient_boosting,1,1,0.931312804584081
2023-03-21,premarket_large_move,all_days,same_day_large_move_direction,premarket_controls_regimes,gradient_boosting,1,1,0.9976853176668644
2023-03-22,premarket_large_move,all_days,same_day_large_move_direction,premarket_controls_regimes,gradient_boosting,0,0,0.005722528249386207
2023-03-29,premarket_large_move,all_days,same_day_large_move_direction,premarket_controls_regimes,gradient_boosting,1,1,0.9972254001139257
2023-03-31,premarket_large_move,all_days,same_day_large_move_direction,premarket_controls_regimes,gradient_boosting,1,1,0.9912417264554096
2023-04-13,premarket_large_move,all_days,same_day_large_move_direction,premarket_controls_regimes,gradient_boosting,1,1,0.9967251667772331
2023-04-25,premarket_large_move,all_days,same_day_large_move_direction,premarket_controls_regimes,gradient_boosting,0,0,0.0043868358918044414
2023-04-27,premarket_large_move,all_days,same_day_large_move_direction,premarket_controls_regimes,gradient_boosting,1,1,0.9974816761173365
2023-04-28,premarket_large_move,all_days,same_day_large_move_direction,premarket_controls_regimes,gradient_boosting,1,1,0.902406099083277
2023-05-02,premarket_large_move,all_days,same_day_large_move_direction,premarket_controls_regimes,gradient_boosting,0,0,0.021650741453399916
2023-05-05,premarket_large_move,all_days,same_day_large_move_direction,premarket_controls_regimes,gradient_boosting,1,1,0.9965015669676092
2023-05-17,premarket_large_move,all_days,same_day_large_move_direction,premarket_controls_regimes,gradient_boosting,1,1,0.9927440072891438
2023-05-18,premarket_large_move,all_days,same_day_large_move_direction,premarket_controls_regimes,gradient_boosting,1,1,0.9807940549648549
2023-05-23,premarket_large_move,all_days,same_day_large_move_direction,premarket_controls_regimes,gradient_boosting,0,0,0.0061450479191927
2023-05-25,premarket_large_move,all_days,same_day_large_move_direction,premarket_controls_regimes,gradient_boosting,1,1,0.8276866578514841
2023-05-26,premarket_large_move,all_days,same_day_large_move_direction,premarket_controls_regimes,gradient_boosting,1,1,0.9914660191401855
2023-06-01,premarket_large_move,all_days,same_day_large_move_direction,premarket_controls_regimes,gradient_boosting,1,1,0.9905594633832285
2023-06-02,premarket_large_move,all_days,same_day_large_move_direction,premarket_controls_regimes,gradient_boosting,1,1,0.9794235334097291
2023-06-12,premarket_large_move,all_days,same_day_large_move_direction,premarket_controls_regimes,gradient_boosting,1,1,0.9781597905333519
2023-06-15,premarket_large_move,all_days,same_day_large_move_direction,premarket_controls_regimes,gradient_boosting,1,1,0.9891365473160841
2023-06-27,premarket_large_move,all_days,same_day_large_move_direction,premarket_controls_regimes,gradient_boosting,1,1,0.9939095250274663
2023-06-30,premarket_large_move,all_days,same_day_large_move_direction,premarket_controls_regimes,gradient_boosting,1,1,0.9951100440470859
2023-07-13,premarket_large_move,all_days,same_day_large_move_direction,premarket_controls_regimes,gradient_boosting,1,1,0.9832210878142484
2023-07-28,premarket_large_move,all_days,same_day_large_move_direction,premarket_controls_regimes,gradient_boosting,1,1,0.991379740788909
2023-08-02,premarket_large_move,all_days,same_day_large_move_direction,premarket_controls_regimes,gradient_boosting,0,0,0.012072720390779874
2023-08-07,premarket_large_move,all_days,same_day_large_move_direction,premarket_controls_regimes,gradient_boosting,1,1,0.8865373568005864
2023-08-15,premarket_large_move,all_days,same_day_large_move_direction,premarket_controls_regimes,gradient_boosting,0,0,0.01599736692233612
2023-08-23,premarket_large_move,all_days,same_day_large_move_direction,premarket_controls_regimes,gradient_boosting,1,1,0.992375198188452
2023-08-24,premarket_large_move,all_days,same_day_large_move_direction,premarket_controls_regimes,gradient_boosting,0,0,0.009001693888166854
2023-08-29,premarket_large_move,all_days,same_day_large_move_direction,premarket_controls_regimes,gradient_boosting,1,1,0.9864032181751632
2023-09-14,premarket_large_move,all_days,same_day_large_move_direction,premarket_controls_regimes,gradient_boosting,1,1,0.9739390608538592
2023-09-15,premarket_large_move,all_days,same_day_large_move_direction,premarket_controls_regimes,gradient_boosting,0,0,0.06400665740276044
2023-09-20,premarket_large_move,all_days,same_day_large_move_direction,premarket_controls_regimes,gradient_boosting,0,0,0.014588874170318985
2023-09-21,premarket_large_move,all_days,same_day_large_move_direction,premarket_controls_regimes,gradient_boosting,0,0,0.012092349328139932
2023-09-26,premarket_large_move,all_days,same_day_large_move_direction,premarket_controls_regimes,gradient_boosting,0,0,0.004254013859537024
2023-10-03,premarket_large_move,all_days,same_day_large_move_direction,premarket_controls_regimes,gradient_boosting,0,0,0.005171918063931621
2023-10-04,premarket_large_move,all_days,same_day_large_move_direction,premarket_controls_regimes,gradient_boosting,1,1,0.7279537368398875
2023-10-06,premarket_large_move,all_days,same_day_large_move_direction,premarket_controls_regimes,gradient_boosting,1,1,0.9858775407656131
2023-10-16,premarket_large_move,all_days,same_day_large_move_direction,premarket_controls_regimes,gradient_boosting,1,1,0.9947041945357106
2023-10-18,premarket_large_move,all_days,same_day_large_move_direction,premarket_controls_regimes,gradient_boosting,0,0,0.01068424174610905
2023-10-19,premarket_large_move,all_days,same_day_large_move_direction,premarket_controls_regimes,gradient_boosting,0,0,0.11528896562694342
2023-10-20,premarket_large_move,all_days,same_day_large_move_direction,premarket_controls_regimes,gradient_boosting,0,0,0.03902666947690145
2023-10-25,premarket_large_move,all_days,same_day_large_move_direction,premarket_controls_regimes,gradient_boosting,0,0,0.0038814882964763324
2023-10-26,premarket_large_move,all_days,same_day_large_move_direction,premarket_controls_regimes,gradient_boosting,0,0,0.05830115101619076
2023-10-30,premarket_large_move,all_days,same_day_large_move_direction,premarket_controls_regimes,gradient_boosting,1,1,0.8212689645292995
2023-11-01,premarket_large_move,all_days,same_day_large_move_direction,premarket_controls_regimes,gradient_boosting,1,1,0.988673618843042
2023-11-02,premarket_large_move,all_days,same_day_large_move_direction,premarket_controls_regimes,gradient_boosting,1,1,0.9851431761118117
2023-11-03,premarket_large_move,all_days,same_day_large_move_direction,premarket_controls_regimes,gradient_boosting,1,1,0.9636909176444344
2023-11-10,premarket_large_move,all_days,same_day_large_move_direction,premarket_controls_regimes,gradient_boosting,1,1,0.9970393704770008
2023-11-14,premarket_large_move,all_days,same_day_large_move_direction,premarket_controls_regimes,gradient_boosting,1,1,0.9934774576373455
2023-12-13,premarket_large_move,all_days,same_day_large_move_direction,premarket_controls_regimes,gradient_boosting,1,1,0.9911178977593607
2023-12-20,premarket_large_move,all_days,same_day_large_move_direction,premarket_controls_regimes,gradient_boosting,0,0,0.007373131120249361
2023-12-21,premarket_large_move,all_days,same_day_large_move_direction,premarket_controls_regimes,gradient_boosting,1,1,0.9946595262197643
2024-01-08,premarket_large_move,all_days,same_day_large_move_direction,premarket_controls_regimes,gradient_boosting,1,1,0.999454708515651
2024-01-18,premarket_large_move,all_days,same_day_large_move_direction,premarket_controls_regimes,gradient_boosting,1,1,0.9950398607222843
2024-01-19,premarket_large_move,all_days,same_day_large_move_direction,premarket_controls_regimes,gradient_boosting,1,1,0.998930159845787
2024-01-31,premarket_large_move,all_days,same_day_large_move_direction,premarket_controls_regimes,gradient_boosting,0,0,0.0008207482381628149
2024-02-01,premarket_large_move,all_days,same_day_large_move_direction,premarket_controls_regimes,gradient_boosting,1,1,0.9969073310523782
2024-02-02,premarket_large_move,all_days,same_day_large_move_direction,premarket_controls_regimes,gradient_boosting,1,1,0.9918912625143446
2024-02-07,premarket_large_move,all_days,same_day_large_move_direction,premarket_controls_regimes,gradient_boosting,1,1,0.9981183285263098
2024-02-13,premarket_large_move,all_days,same_day_large_move_direction,premarket_controls_regimes,gradient_boosting,0,0,5.550924684645691e-05
2024-02-14,premarket_large_move,all_days,same_day_large_move_direction,premarket_controls_regimes,gradient_boosting,1,1,0.9953597606813925
2024-02-22,premarket_large_move,all_days,same_day_large_move_direction,premarket_controls_regimes,gradient_boosting,1,1,0.9994179957549565
2024-03-05,premarket_large_move,all_days,same_day_large_move_direction,premarket_controls_regimes,gradient_boosting,0,0,0.002967930814469413
2024-03-07,premarket_large_move,all_days,same_day_large_move_direction,premarket_controls_regimes,gradient_boosting,1,1,0.9989094102435346
2024-03-12,premarket_large_move,all_days,same_day_large_move_direction,premarket_controls_regimes,gradient_boosting,1,1,0.9972408157544798
2024-03-20,premarket_large_move,all_days,same_day_large_move_direction,premarket_controls_regimes,gradient_boosting,1,1,0.9971441400995698
2024-03-27,premarket_large_move,all_days,same_day_large_move_direction,premarket_controls_regimes,gradient_boosting,1,1,0.9989509404648711
2024-04-04,premarket_large_move,all_days,same_day_large_move_direction,premarket_controls_regimes,gradient_boosting,0,0,0.001098173956858274
2024-04-05,premarket_large_move,all_days,same_day_large_move_direction,premarket_controls_regimes,gradient_boosting,1,1,0.9955086388911346
2024-04-10,premarket_large_move,all_days,same_day_large_move_direction,premarket_controls_regimes,gradient_boosting,0,0,0.0025694006985052644
2024-04-12,premarket_large_move,all_days,same_day_large_move_direction,premarket_controls_regimes,gradient_boosting,0,0,0.0019247370143494918
2024-04-15,premarket_large_move,all_days,same_day_large_move_direction,premarket_controls_regimes,gradient_boosting,0,0,0.006544689863824138
2024-04-19,premarket_large_move,all_days,same_day_large_move_direction,premarket_controls_regimes,gradient_boosting,0,0,0.005041774807840685
2024-04-22,premarket_large_move,all_days,same_day_large_move_direction,premarket_controls_regimes,gradient_boosting,1,1,0.9777975385807173
2024-04-23,premarket_large_move,all_days,same_day_large_move_direction,premarket_controls_regimes,gradient_boosting,1,1,0.9987373621587727
2024-04-26,premarket_large_move,all_days,same_day_large_move_direction,premarket_controls_regimes,gradient_boosting,1,1,0.9989602671628774
2024-04-30,premarket_large_move,all_days,same_day_large_move_direction,premarket_controls_regimes,gradient_boosting,0,0,0.002392124352339614
2024-05-02,premarket_large_move,all_days,same_day_large_move_direction,premarket_controls_regimes,gradient_boosting,1,1,0.9793337858256189
2024-05-03,premarket_large_move,all_days,same_day_large_move_direction,premarket_controls_regimes,gradient_boosting,1,1,0.9984347641487811
2024-05-06,premarket_large_move,all_days,same_day_large_move_direction,premarket_controls_regimes,gradient_boosting,1,1,0.9956525649504416
2024-05-15,premarket_large_move,all_days,same_day_large_move_direction,premarket_controls_regimes,gradient_boosting,1,1,0.9993748256321155
2024-06-05,premarket_large_move,all_days,same_day_large_move_direction,premarket_controls_regimes,gradient_boosting,1,1,0.9992257416025885
2024-06-12,premarket_large_move,all_days,same_day_large_move_direction,premarket_controls_regimes,gradient_boosting,1,1,0.9980675227025188
2024-07-10,premarket_large_move,all_days,same_day_large_move_direction,premarket_controls_regimes,gradient_boosting,1,1,0.9991332018827628
2024-07-11,premarket_large_move,all_days,same_day_large_move_direction,premarket_controls_regimes,gradient_boosting,0,0,0.012033834299793269
2024-07-17,premarket_large_move,all_days,same_day_large_move_direction,premarket_controls_regimes,gradient_boosting,0,0,0.001493141924304863
2024-07-22,premarket_large_move,all_days,same_day_large_move_direction,premarket_controls_regimes,gradient_boosting,1,1,0.6161933861304342
2024-07-24,premarket_large_move,all_days,same_day_large_move_direction,premarket_controls_regimes,gradient_boosting,0,0,0.0016500952032414925
2024-07-26,premarket_large_move,all_days,same_day_large_move_direction,premarket_controls_regimes,gradient_boosting,1,1,0.636078074126611
2024-07-31,premarket_large_move,all_days,same_day_large_move_direction,premarket_controls_regimes,gradient_boosting,1,1,0.9993861506624299
2024-08-01,premarket_large_move,all_days,same_day_large_move_direction,premarket_controls_regimes,gradient_boosting,0,0,0.0025592647398871584
2024-08-02,premarket_large_move,all_days,same_day_large_move_direction,premarket_controls_regimes,gradient_boosting,0,0,0.0036156944083773237
2024-08-05,premarket_large_move,all_days,same_day_large_move_direction,premarket_controls_regimes,gradient_boosting,0,0,0.000874043754150111
2024-08-06,premarket_large_move,all_days,same_day_large_move_direction,premarket_controls_regimes,gradient_boosting,1,0,0.20584284939926548
2024-08-08,premarket_large_move,all_days,same_day_large_move_direction,premarket_controls_regimes,gradient_boosting,1,1,0.9993061525016206
2024-08-13,premarket_large_move,all_days,same_day_large_move_direction,premarket_controls_regimes,gradient_boosting,1,1,0.998997412769774
2024-08-15,premarket_large_move,all_days,same_day_large_move_direction,premarket_controls_regimes,gradient_boosting,1,1,0.9992338957270549
2024-08-19,premarket_large_move,all_days,same_day_large_move_direction,premarket_controls_regimes,gradient_boosting,1,1,0.9959734294348677
2024-08-22,premarket_large_move,all_days,same_day_large_move_direction,premarket_controls_regimes,gradient_boosting,0,0,0.005372022580712793
2024-08-23,premarket_large_move,all_days,same_day_large_move_direction,premarket_controls_regimes,gradient_boosting,1,1,0.9986729726813156
2024-08-30,premarket_large_move,all_days,same_day_large_move_direction,premarket_controls_regimes,gradient_boosting,1,1,0.9975178752200852
2024-09-03,premarket_large_move,all_days,same_day_large_move_direction,premarket_controls_regimes,gradient_boosting,0,0,0.00039163239927379664
2024-09-06,premarket_large_move,all_days,same_day_large_move_direction,premarket_controls_regimes,gradient_boosting,0,0,0.0010379030360323752
2024-09-09,premarket_large_move,all_days,same_day_large_move_direction,premarket_controls_regimes,gradient_boosting,1,1,0.9900232423305603
2024-09-11,premarket_large_move,all_days,same_day_large_move_direction,premarket_controls_regimes,gradient_boosting,1,1,0.9956742140932056
2024-09-19,premarket_large_move,all_days,same_day_large_move_direction,premarket_controls_regimes,gradient_boosting,1,1,0.9994288808300738
2024-10-01,premarket_large_move,all_days,same_day_large_move_direction,premarket_controls_regimes,gradient_boosting,0,0,0.0016336405706261694
2024-10-04,premarket_large_move,all_days,same_day_large_move_direction,premarket_controls_regimes,gradient_boosting,1,1,0.9994063199444987
2024-10-07,premarket_large_move,all_days,same_day_large_move_direction,premarket_controls_regimes,gradient_boosting,0,0,0.0044466454367373225
2024-10-08,premarket_large_move,all_days,same_day_large_move_direction,premarket_controls_regimes,gradient_boosting,1,1,0.9985620200436993
2024-10-23,premarket_large_move,all_days,same_day_large_move_direction,premarket_controls_regimes,gradient_boosting,0,0,0.0006170345947345666
2024-10-31,premarket_large_move,all_days,same_day_large_move_direction,premarket_controls_regimes,gradient_boosting,0,0,0.001369689241562336
2024-11-05,premarket_large_move,all_days,same_day_large_move_direction,premarket_controls_regimes,gradient_boosting,1,1,0.997362559212727
2024-11-15,premarket_large_move,all_days,same_day_large_move_direction,premarket_controls_regimes,gradient_boosting,0,0,0.001511408805934267
2024-12-11,premarket_large_move,all_days,same_day_large_move_direction,premarket_controls_regimes,gradient_boosting,1,1,0.9955410022927963
2024-12-18,premarket_large_move,all_days,same_day_large_move_direction,premarket_controls_regimes,gradient_boosting,0,0,0.0009312658127180173
2024-12-20,premarket_large_move,all_days,same_day_large_move_direction,premarket_controls_regimes,gradient_boosting,1,0,0.2591155876831248
2024-12-24,premarket_large_move,all_days,same_day_large_move_direction,premarket_controls_regimes,gradient_boosting,1,1,0.98165968321219
2024-12-27,premarket_large_move,all_days,same_day_large_move_direction,premarket_controls_regimes,gradient_boosting,0,0,0.0025939106618434915
2024-12-30,premarket_large_move,all_days,same_day_large_move_direction,premarket_controls_regimes,gradient_boosting,0,0,0.002834979106007706
2025-01-03,premarket_large_move,all_days,same_day_large_move_direction,premarket_controls_regimes,gradient_boosting,1,1,0.9945223623281717
2025-01-07,premarket_large_move,all_days,same_day_large_move_direction,premarket_controls_regimes,gradient_boosting,0,0,0.0982860984470483
2025-01-10,premarket_large_move,all_days,same_day_large_move_direction,premarket_controls_regimes,gradient_boosting,0,0,0.023374453223865072
2025-01-15,premarket_large_move,all_days,same_day_large_move_direction,premarket_controls_regimes,gradient_boosting,1,1,0.9966663741009107
2025-01-17,premarket_large_move,all_days,same_day_large_move_direction,premarket_controls_regimes,gradient_boosting,1,1,0.9695272961654408
2025-01-21,premarket_large_move,all_days,same_day_large_move_direction,premarket_controls_regimes,gradient_boosting,1,1,0.9684461121088382
2025-01-27,premarket_large_move,all_days,same_day_large_move_direction,premarket_controls_regimes,gradient_boosting,0,0,0.008354683666431518
2025-01-28,premarket_large_move,all_days,same_day_large_move_direction,premarket_controls_regimes,gradient_boosting,1,1,0.9475074662296467
2025-02-07,premarket_large_move,all_days,same_day_large_move_direction,premarket_controls_regimes,gradient_boosting,0,0,0.11451064907603571
2025-02-13,premarket_large_move,all_days,same_day_large_move_direction,premarket_controls_regimes,gradient_boosting,1,1,0.9945090096040908
2025-02-21,premarket_large_move,all_days,same_day_large_move_direction,premarket_controls_regimes,gradient_boosting,0,0,0.010511951185818684
2025-02-27,premarket_large_move,all_days,same_day_large_move_direction,premarket_controls_regimes,gradient_boosting,0,0,0.010652918324916829
2025-02-28,premarket_large_move,all_days,same_day_large_move_direction,premarket_controls_regimes,gradient_boosting,1,1,0.9976038453830484
2025-03-03,premarket_large_move,all_days,same_day_large_move_direction,premarket_controls_regimes,gradient_boosting,0,0,0.013851671057826531
2025-03-04,premarket_large_move,all_days,same_day_large_move_direction,premarket_controls_regimes,gradient_boosting,0,0,0.02619667325519312
2025-03-05,premarket_large_move,all_days,same_day_large_move_direction,premarket_controls_regimes,gradient_boosting,1,1,0.9874426529654552
2025-03-06,premarket_large_move,all_days,same_day_large_move_direction,premarket_controls_regimes,gradient_boosting,0,0,0.006337364395430497
2025-03-10,premarket_large_move,all_days,same_day_large_move_direction,premarket_controls_regimes,gradient_boosting,0,0,0.0021320436863775235
2025-03-13,premarket_large_move,all_days,same_day_large_move_direction,premarket_controls_regimes,gradient_boosting,0,0,0.0023478253075709123
2025-03-14,premarket_large_move,all_days,same_day_large_move_direction,premarket_controls_regimes,gradient_boosting,1,1,0.9959308049580028
2025-03-18,premarket_large_move,all_days,same_day_large_move_direction,premarket_controls_regimes,gradient_boosting,0,0,0.17383269335049767
2025-03-19,premarket_large_move,all_days,same_day_large_move_direction,premarket_controls_regimes,gradient_boosting,1,1,0.9793148506649028
2025-03-24,premarket_large_move,all_days,same_day_large_move_direction,premarket_controls_regimes,gradient_boosting,1,1,0.9922781769831425
2025-03-26,premarket_large_move,all_days,same_day_large_move_direction,premarket_controls_regimes,gradient_boosting,0,0,0.04635879917440399
2025-03-28,premarket_large_move,all_days,same_day_large_move_direction,premarket_controls_regimes,gradient_boosting,0,0,0.014854878271878483
2025-04-03,premarket_large_move,all_days,same_day_large_move_direction,premarket_controls_regimes,gradient_boosting,0,0,0.002227380095599026
2025-04-04,premarket_large_move,all_days,same_day_large_move_direction,premarket_controls_regimes,gradient_boosting,0,0,0.08676451448320462
2025-04-08,premarket_large_move,all_days,same_day_large_move_direction,premarket_controls_regimes,gradient_boosting,0,0,0.06390068455226328
2025-04-09,premarket_large_move,all_days,same_day_large_move_direction,premarket_controls_regimes,gradient_boosting,1,1,0.9996718921460127
2025-04-10,premarket_large_move,all_days,same_day_large_move_direction,premarket_controls_regimes,gradient_boosting,0,1,0.9953929515888683
2025-04-11,premarket_large_move,all_days,same_day_large_move_direction,premarket_controls_regimes,gradient_boosting,1,1,0.9983096580008333
2025-04-16,premarket_large_move,all_days,same_day_large_move_direction,premarket_controls_regimes,gradient_boosting,0,0,0.006497469275684309
2025-04-21,premarket_large_move,all_days,same_day_large_move_direction,premarket_controls_regimes,gradient_boosting,0,0,0.003301966450086356
2025-04-22,premarket_large_move,all_days,same_day_large_move_direction,premarket_controls_regimes,gradient_boosting,1,1,0.9945416686091302
2025-04-23,premarket_large_move,all_days,same_day_large_move_direction,premarket_controls_regimes,gradient_boosting,1,1,0.9952363078497634
2025-04-24,premarket_large_move,all_days,same_day_large_move_direction,premarket_controls_regimes,gradient_boosting,1,1,0.9437896651352925
2025-05-02,premarket_large_move,all_days,same_day_large_move_direction,premarket_controls_regimes,gradient_boosting,1,1,0.9927422949240682
2025-05-12,premarket_large_move,all_days,same_day_large_move_direction,premarket_controls_regimes,gradient_boosting,1,1,0.9952707480599023
2025-05-21,premarket_large_move,all_days,same_day_large_move_direction,premarket_controls_regimes,gradient_boosting,0,0,0.010498699334563055
2025-05-27,premarket_large_move,all_days,same_day_large_move_direction,premarket_controls_regimes,gradient_boosting,1,1,0.997617762799227
2025-06-06,premarket_large_move,all_days,same_day_large_move_direction,premarket_controls_regimes,gradient_boosting,1,1,0.9963172429895191
2025-06-13,premarket_large_move,all_days,same_day_large_move_direction,premarket_controls_regimes,gradient_boosting,0,0,0.02361971109556896
2025-06-16,premarket_large_move,all_days,same_day_large_move_direction,premarket_controls_regimes,gradient_boosting,1,1,0.9759034351477638
2025-06-17,premarket_large_move,all_days,same_day_large_move_direction,premarket_controls_regimes,gradient_boosting,0,0,0.08345297125973934
2025-06-23,premarket_large_move,all_days,same_day_large_move_direction,premarket_controls_regimes,gradient_boosting,1,1,0.9902252825241659
2025-06-24,premarket_large_move,all_days,same_day_large_move_direction,premarket_controls_regimes,gradient_boosting,1,1,0.9768523318339525
2025-07-03,premarket_large_move,all_days,same_day_large_move_direction,premarket_controls_regimes,gradient_boosting,1,1,0.984981633388594
2025-08-01,premarket_large_move,all_days,same_day_large_move_direction,premarket_controls_regimes,gradient_boosting,0,0,0.011942189340567773
2025-08-04,premarket_large_move,all_days,same_day_large_move_direction,premarket_controls_regimes,gradient_boosting,1,1,0.9912696174911078
2025-08-12,premarket_large_move,all_days,same_day_large_move_direction,premarket_controls_regimes,gradient_boosting,1,1,0.9893093442535217
2025-08-22,premarket_large_move,all_days,same_day_large_move_direction,premarket_controls_regimes,gradient_boosting,1,1,0.9952767820243912
2025-09-04,premarket_large_move,all_days,same_day_large_move_direction,premarket_controls_regimes,gradient_boosting,1,1,0.9600686493625884
2025-09-11,premarket_large_move,all_days,same_day_large_move_direction,premarket_controls_regimes,gradient_boosting,1,1,0.9896621526754079
2025-10-10,premarket_large_move,all_days,same_day_large_move_direction,premarket_controls_regimes,gradient_boosting,0,0,0.005542111054269474
2025-10-13,premarket_large_move,all_days,same_day_large_move_direction,premarket_controls_regimes,gradient_boosting,1,1,0.9917956439480551
2025-10-20,premarket_large_move,all_days,same_day_large_move_direction,premarket_controls_regimes,gradient_boosting,1,1,0.9937971497585242
2025-10-27,premarket_large_move,all_days,same_day_large_move_direction,premarket_controls_regimes,gradient_boosting,1,1,0.9902473463951933
2025-10-30,premarket_large_move,all_days,same_day_large_move_direction,premarket_controls_regimes,gradient_boosting,0,0,0.01859345557340785
2025-11-04,premarket_large_move,all_days,same_day_large_move_direction,premarket_controls_regimes,gradient_boosting,0,0,0.003047948814608929
2025-11-06,premarket_large_move,all_days,same_day_large_move_direction,premarket_controls_regimes,gradient_boosting,0,0,0.07442660210377007
2025-11-10,premarket_large_move,all_days,same_day_large_move_direction,premarket_controls_regimes,gradient_boosting,1,1,0.9986195219901107
2025-11-13,premarket_large_move,all_days,same_day_large_move_direction,premarket_controls_regimes,gradient_boosting,0,0,0.0029822541663159685
2025-11-17,premarket_large_move,all_days,same_day_large_move_direction,premarket_controls_regimes,gradient_boosting,0,0,0.034365515914125615
2025-11-18,premarket_large_move,all_days,same_day_large_move_direction,premarket_controls_regimes,gradient_boosting,0,0,0.013904111890214737
2025-11-20,premarket_large_move,all_days,same_day_large_move_direction,premarket_controls_regimes,gradient_boosting,0,0,0.004993698527121239
2025-11-21,premarket_large_move,all_days,same_day_large_move_direction,premarket_controls_regimes,gradient_boosting,1,1,0.971748239949988
2025-11-24,premarket_large_move,all_days,same_day_large_move_direction,premarket_controls_regimes,gradient_boosting,1,1,0.9916373229425569
2025-11-25,premarket_large_move,all_days,same_day_large_move_direction,premarket_controls_regimes,gradient_boosting,1,1,0.8650254577324851
2025-12-12,premarket_large_move,all_days,same_day_large_move_direction,premarket_controls_regimes,gradient_boosting,0,0,0.01749897854487638
2025-12-17,premarket_large_move,all_days,same_day_large_move_direction,premarket_controls_regimes,gradient_boosting,0,0,0.009284176338528042
2025-12-19,premarket_large_move,all_days,same_day_large_move_direction,premarket_controls_regimes,gradient_boosting,1,1,0.9938601253565862
