date,total_posts,total_engagement,avg_engagement,avg_word_count,twitter_posts,truth_social_posts,quote_posts,repost_posts,deleted_posts,reply_posts
2009-05-04,2.0,1741.0,870.5,22.5,2.0,0.0,0.0,0.0,0.0,0.0
2009-05-05,0.0,0.0,,,0.0,0.0,0.0,0.0,0.0,0.0
2009-05-06,0.0,0.0,,,0.0,0.0,0.0,0.0,0.0,0.0
2009-05-07,0.0,0.0,,,0.0,0.0,0.0,0.0,0.0,0.0
2009-05-08,2.0,83.0,41.5,15.0,2.0,0.0,0.0,0.0,0.0,0.0
2009-05-09,0.0,0.0,,,0.0,0.0,0.0,0.0,0.0,0.0
2009-05-10,0.0,0.0,,,0.0,0.0,0.0,0.0,0.0,0.0
2009-05-11,0.0,0.0,,,0.0,0.0,0.0,0.0,0.0,0.0
2009-05-12,2.0,3304.0,1652.0,20.5,2.0,0.0,0.0,0.0,0.0,0.0
2009-05-13,1.0,31.0,31.0,16.0,1.0,0.0,0.0,0.0,0.0,0.0
2009-05-14,1.0,41.0,41.0,14.0,1.0,0.0,0.0,0.0,0.0,0.0
2009-05-15,1.0,51.0,51.0,12.0,1.0,0.0,0.0,0.0,0.0,0.0
2009-05-16,1.0,65.0,65.0,15.0,1.0,0.0,0.0,0.0,0.0,0.0
2009-05-17,1.0,108.0,108.0,19.0,1.0,0.0,0.0,0.0,0.0,0.0
2009-05-18,1.0,193.0,193.0,17.0,1.0,0.0,0.0,0.0,0.0,0.0
2009-05-19,1.0,44.0,44.0,15.0,1.0,0.0,0.0,0.0,0.0,0.0
2009-05-20,2.0,111.0,55.5,15.5,2.0,0.0,0.0,0.0,0.0,0.0
2009-05-21,1.0,149.0,149.0,14.0,1.0,0.0,0.0,0.0,0.0,0.0
2009-05-22,1.0,48.0,48.0,15.0,1.0,0.0,0.0,0.0,0.0,0.0
2009-05-23,1.0,153.0,153.0,14.0,1.0,0.0,0.0,0.0,0.0,0.0
2009-05-24,0.0,0.0,,,0.0,0.0,0.0,0.0,0.0,0.0
2009-05-25,0.0,0.0,,,0.0,0.0,0.0,0.0,0.0,0.0
2009-05-26,1.0,124.0,124.0,15.0,1.0,0.0,0.0,0.0,0.0,0.0
2009-05-27,1.0,19.0,19.0,13.0,1.0,0.0,0.0,0.0,0.0,0.0
2009-05-28,1.0,121.0,121.0,19.0,1.0,0.0,0.0,0.0,0.0,0.0
2009-05-29,0.0,0.0,,,0.0,0.0,0.0,0.0,0.0,0.0
2009-05-30,0.0,0.0,,,0.0,0.0,0.0,0.0,0.0,0.0
2009-05-31,0.0,0.0,,,0.0,0.0,0.0,0.0,0.0,0.0
2009-06-01,0.0,0.0,,,0.0,0.0,0.0,0.0,0.0,0.0
2009-06-02,0.0,0.0,,,0.0,0.0,0.0,0.0,0.0,0.0
2009-06-03,1.0,35.0,35.0,9.0,1.0,0.0,0.0,0.0,0.0,0.0
2009-06-04,0.0,0.0,,,0.0,0.0,0.0,0.0,0.0,0.0
2009-06-05,1.0,47.0,47.0,18.0,1.0,0.0,0.0,0.0,0.0,0.0
2009-06-06,0.0,0.0,,,0.0,0.0,0.0,0.0,0.0,0.0
2009-06-07,0.0,0.0,,,0.0,0.0,0.0,0.0,0.0,0.0
2009-06-08,1.0,13.0,13.0,15.0,1.0,0.0,0.0,0.0,0.0,0.0
2009-06-09,0.0,0.0,,,0.0,0.0,0.0,0.0,0.0,0.0
2009-06-10,0.0,0.0,,,0.0,0.0,0.0,0.0,0.0,0.0
2009-06-11,0.0,0.0,,,0.0,0.0,0.0,0.0,0.0,0.0
2009-06-12,0.0,0.0,,,0.0,0.0,0.0,0.0,0.0,0.0
2009-06-13,0.0,0.0,,,0.0,0.0,0.0,0.0,0.0,0.0
2009-06-14,1.0,57.0,57.0,12.0,1.0,0.0,0.0,0.0,0.0,0.0
2009-06-15,1.0,74.0,74.0,11.0,1.0,0.0,0.0,0.0,0.0,0.0
2009-06-16,0.0,0.0,,,0.0,0.0,0.0,0.0,0.0,0.0
2009-06-17,0.0,0.0,,,0.0,0.0,0.0,0.0,0.0,0.0
2009-06-18,1.0,35.0,35.0,22.0,1.0,0.0,0.0,0.0,0.0,0.0
2009-06-19,0.0,0.0,,,0.0,0.0,0.0,0.0,0.0,0.0
2009-06-20,0.0,0.0,,,0.0,0.0,0.0,0.0,0.0,0.0
2009-06-21,1.0,285.0,285.0,21.0,1.0,0.0,0.0,0.0,0.0,0.0
2009-06-22,0.0,0.0,,,0.0,0.0,0.0,0.0,0.0,0.0
2009-06-23,1.0,60.0,60.0,9.0,1.0,0.0,0.0,0.0,0.0,0.0
2009-06-24,1.0,48.0,48.0,9.0,1.0,0.0,0.0,0.0,0.0,0.0
2009-06-25,0.0,0.0,,,0.0,0.0,0.0,0.0,0.0,0.0
2009-06-26,1.0,409.0,409.0,19.0,1.0,0.0,0.0,0.0,0.0,0.0
2009-06-27,0.0,0.0,,,0.0,0.0,0.0,0.0,0.0,0.0
2009-06-28,0.0,0.0,,,0.0,0.0,0.0,0.0,0.0,0.0
2009-06-29,0.0,0.0,,,0.0,0.0,0.0,0.0,0.0,0.0
2009-06-30,1.0,13.0,13.0,20.0,1.0,0.0,0.0,0.0,0.0,0.0
2009-07-01,0.0,0.0,,,0.0,0.0,0.0,0.0,0.0,0.0
2009-07-02,0.0,0.0,,,0.0,0.0,0.0,0.0,0.0,0.0
2009-07-03,0.0,0.0,,,0.0,0.0,0.0,0.0,0.0,0.0
2009-07-04,1.0,120.0,120.0,18.0,1.0,0.0,0.0,0.0,0.0,0.0
2009-07-05,0.0,0.0,,,0.0,0.0,0.0,0.0,0.0,0.0
2009-07-06,0.0,0.0,,,0.0,0.0,0.0,0.0,0.0,0.0
2009-07-07,0.0,0.0,,,0.0,0.0,0.0,0.0,0.0,0.0
2009-07-08,0.0,0.0,,,0.0,0.0,0.0,0.0,0.0,0.0
2009-07-09,0.0,0.0,,,0.0,0.0,0.0,0.0,0.0,0.0
2009-07-10,0.0,0.0,,,0.0,0.0,0.0,0.0,0.0,0.0
2009-07-11,0.0,0.0,,,0.0,0.0,0.0,0.0,0.0,0.0
2009-07-12,0.0,0.0,,,0.0,0.0,0.0,0.0,0.0,0.0
2009-07-13,1.0,48.0,48.0,20.0,1.0,0.0,0.0,0.0,0.0,0.0
2009-07-14,0.0,0.0,,,0.0,0.0,0.0,0.0,0.0,0.0
2009-07-15,1.0,13.0,13.0,11.0,1.0,0.0,0.0,0.0,0.0,0.0
2009-07-16,0.0,0.0,,,0.0,0.0,0.0,0.0,0.0,0.0
2009-07-17,0.0,0.0,,,0.0,0.0,0.0,0.0,0.0,0.0
2009-07-18,0.0,0.0,,,0.0,0.0,0.0,0.0,0.0,0.0
2009-07-19,0.0,0.0,,,0.0,0.0,0.0,0.0,0.0,0.0
2009-07-20,0.0,0.0,,,0.0,0.0,0.0,0.0,0.0,0.0
2009-07-21,0.0,0.0,,,0.0,0.0,0.0,0.0,0.0,0.0
2009-07-22,1.0,28.0,28.0,18.0,1.0,0.0,0.0,0.0,0.0,0.0
2009-07-23,0.0,0.0,,,0.0,0.0,0.0,0.0,0.0,0.0
2009-07-24,0.0,0.0,,,0.0,0.0,0.0,0.0,0.0,0.0
2009-07-25,0.0,0.0,,,0.0,0.0,0.0,0.0,0.0,0.0
2009-07-26,0.0,0.0,,,0.0,0.0,0.0,0.0,0.0,0.0
2009-07-27,0.0,0.0,,,0.0,0.0,0.0,0.0,0.0,0.0
2009-07-28,1.0,59.0,59.0,17.0,1.0,0.0,0.0,0.0,0.0,0.0
2009-07-29,0.0,0.0,,,0.0,0.0,0.0,0.0,0.0,0.0
2009-07-30,0.0,0.0,,,0.0,0.0,0.0,0.0,0.0,0.0
2009-07-31,0.0,0.0,,,0.0,0.0,0.0,0.0,0.0,0.0
2009-08-01,0.0,0.0,,,0.0,0.0,0.0,0.0,0.0,0.0
2009-08-02,0.0,0.0,,,0.0,0.0,0.0,0.0,0.0,0.0
2009-08-03,0.0,0.0,,,0.0,0.0,0.0,0.0,0.0,0.0
2009-08-04,1.0,52.0,52.0,15.0,1.0,0.0,0.0,0.0,0.0,0.0
2009-08-05,0.0,0.0,,,0.0,0.0,0.0,0.0,0.0,0.0
2009-08-06,0.0,0.0,,,0.0,0.0,0.0,0.0,0.0,0.0
2009-08-07,0.0,0.0,,,0.0,0.0,0.0,0.0,0.0,0.0
2009-08-08,0.0,0.0,,,0.0,0.0,0.0,0.0,0.0,0.0
2009-08-09,0.0,0.0,,,0.0,0.0,0.0,0.0,0.0,0.0
2009-08-10,0.0,0.0,,,0.0,0.0,0.0,0.0,0.0,0.0
2009-08-11,1.0,51.0,51.0,19.0,1.0,0.0,0.0,0.0,0.0,0.0
2009-08-12,0.0,0.0,,,0.0,0.0,0.0,0.0,0.0,0.0
2009-08-13,0.0,0.0,,,0.0,0.0,0.0,0.0,0.0,0.0
2009-08-14,1.0,90.0,90.0,16.0,1.0,0.0,0.0,0.0,0.0,0.0
2009-08-15,0.0,0.0,,,0.0,0.0,0.0,0.0,0.0,0.0
2009-08-16,0.0,0.0,,,0.0,0.0,0.0,0.0,0.0,0.0
2009-08-17,0.0,0.0,,,0.0,0.0,0.0,0.0,0.0,0.0
2009-08-18,0.0,0.0,,,0.0,0.0,0.0,0.0,0.0,0.0
2009-08-19,0.0,0.0,,,0.0,0.0,0.0,0.0,0.0,0.0
2009-08-20,1.0,36.0,36.0,14.0,1.0,0.0,0.0,0.0,0.0,0.0
2009-08-21,1.0,19.0,19.0,18.0,1.0,0.0,0.0,0.0,0.0,0.0
2009-08-22,0.0,0.0,,,0.0,0.0,0.0,0.0,0.0,0.0
2009-08-23,1.0,21.0,21.0,19.0,1.0,0.0,0.0,0.0,0.0,0.0
2009-08-24,0.0,0.0,,,0.0,0.0,0.0,0.0,0.0,0.0
2009-08-25,0.0,0.0,,,0.0,0.0,0.0,0.0,0.0,0.0
2009-08-26,0.0,0.0,,,0.0,0.0,0.0,0.0,0.0,0.0
2009-08-27,0.0,0.0,,,0.0,0.0,0.0,0.0,0.0,0.0
2009-08-28,0.0,0.0,,,0.0,0.0,0.0,0.0,0.0,0.0
2009-08-29,1.0,606.0,606.0,16.0,1.0,0.0,0.0,0.0,0.0,0.0
2009-08-30,0.0,0.0,,,0.0,0.0,0.0,0.0,0.0,0.0
2009-08-31,0.0,0.0,,,0.0,0.0,0.0,0.0,0.0,0.0
2009-09-01,1.0,114.0,114.0,18.0,1.0,0.0,0.0,0.0,0.0,0.0
2009-09-02,0.0,0.0,,,0.0,0.0,0.0,0.0,0.0,0.0
2009-09-03,0.0,0.0,,,0.0,0.0,0.0,0.0,0.0,0.0
2009-09-04,0.0,0.0,,,0.0,0.0,0.0,0.0,0.0,0.0
2009-09-05,0.0,0.0,,,0.0,0.0,0.0,0.0,0.0,0.0
2009-09-06,0.0,0.0,,,0.0,0.0,0.0,0.0,0.0,0.0
2009-09-07,0.0,0.0,,,0.0,0.0,0.0,0.0,0.0,0.0
2009-09-08,0.0,0.0,,,0.0,0.0,0.0,0.0,0.0,0.0
2009-09-09,0.0,0.0,,,0.0,0.0,0.0,0.0,0.0,0.0
2009-09-10,0.0,0.0,,,0.0,0.0,0.0,0.0,0.0,0.0
2009-09-11,0.0,0.0,,,0.0,0.0,0.0,0.0,0.0,0.0
2009-09-12,0.0,0.0,,,0.0,0.0,0.0,0.0,0.0,0.0
2009-09-13,0.0,0.0,,,0.0,0.0,0.0,0.0,0.0,0.0
2009-09-14,1.0,64.0,64.0,9.0,1.0,0.0,0.0,0.0,0.0,0.0
2009-09-15,0.0,0.0,,,0.0,0.0,0.0,0.0,0.0,0.0
2009-09-16,0.0,0.0,,,0.0,0.0,0.0,0.0,0.0,0.0
2009-09-17,0.0,0.0,,,0.0,0.0,0.0,0.0,0.0,0.0
2009-09-18,0.0,0.0,,,0.0,0.0,0.0,0.0,0.0,0.0
2009-09-19,0.0,0.0,,,0.0,0.0,0.0,0.0,0.0,0.0
2009-09-20,0.0,0.0,,,0.0,0.0,0.0,0.0,0.0,0.0
2009-09-21,0.0,0.0,,,0.0,0.0,0.0,0.0,0.0,0.0
2009-09-22,0.0,0.0,,,0.0,0.0,0.0,0.0,0.0,0.0
2009-09-23,0.0,0.0,,,0.0,0.0,0.0,0.0,0.0,0.0
2009-09-24,0.0,0.0,,,0.0,0.0,0.0,0.0,0.0,0.0
2009-09-25,0.0,0.0,,,0.0,0.0,0.0,0.0,0.0,0.0
2009-09-26,0.0,0.0,,,0.0,0.0,0.0,0.0,0.0,0.0
2009-09-27,0.0,0.0,,,0.0,0.0,0.0,0.0,0.0,0.0
2009-09-28,0.0,0.0,,,0.0,0.0,0.0,0.0,0.0,0.0
2009-09-29,1.0,136.0,136.0,19.0,1.0,0.0,0.0,0.0,0.0,0.0
2009-09-30,0.0,0.0,,,0.0,0.0,0.0,0.0,0.0,0.0
2009-10-01,0.0,0.0,,,0.0,0.0,0.0,0.0,0.0,0.0
2009-10-02,0.0,0.0,,,0.0,0.0,0.0,0.0,0.0,0.0
2009-10-03,0.0,0.0,,,0.0,0.0,0.0,0.0,0.0,0.0
2009-10-04,0.0,0.0,,,0.0,0.0,0.0,0.0,0.0,0.0
2009-10-05,1.0,24.0,24.0,18.0,1.0,0.0,0.0,0.0,0.0,0.0
2009-10-06,0.0,0.0,,,0.0,0.0,0.0,0.0,0.0,0.0
2009-10-07,0.0,0.0,,,0.0,0.0,0.0,0.0,0.0,0.0
2009-10-08,0.0,0.0,,,0.0,0.0,0.0,0.0,0.0,0.0
2009-10-09,0.0,0.0,,,0.0,0.0,0.0,0.0,0.0,0.0
2009-10-10,0.0,0.0,,,0.0,0.0,0.0,0.0,0.0,0.0
2009-10-11,0.0,0.0,,,0.0,0.0,0.0,0.0,0.0,0.0
2009-10-12,0.0,0.0,,,0.0,0.0,0.0,0.0,0.0,0.0
2009-10-13,0.0,0.0,,,0.0,0.0,0.0,0.0,0.0,0.0
2009-10-14,1.0,30.0,30.0,15.0,1.0,0.0,0.0,0.0,0.0,0.0
2009-10-15,0.0,0.0,,,0.0,0.0,0.0,0.0,0.0,0.0
2009-10-16,0.0,0.0,,,0.0,0.0,0.0,0.0,0.0,0.0
2009-10-17,0.0,0.0,,,0.0,0.0,0.0,0.0,0.0,0.0
2009-10-18,0.0,0.0,,,0.0,0.0,0.0,0.0,0.0,0.0
2009-10-19,0.0,0.0,,,0.0,0.0,0.0,0.0,0.0,0.0
2009-10-20,0.0,0.0,,,0.0,0.0,0.0,0.0,0.0,0.0
2009-10-21,0.0,0.0,,,0.0,0.0,0.0,0.0,0.0,0.0
2009-10-22,1.0,36.0,36.0,16.0,1.0,0.0,0.0,0.0,0.0,0.0
2009-10-23,0.0,0.0,,,0.0,0.0,0.0,0.0,0.0,0.0
2009-10-24,0.0,0.0,,,0.0,0.0,0.0,0.0,0.0,0.0
2009-10-25,0.0,0.0,,,0.0,0.0,0.0,0.0,0.0,0.0
2009-10-26,0.0,0.0,,,0.0,0.0,0.0,0.0,0.0,0.0
2009-10-27,1.0,18.0,18.0,20.0,1.0,0.0,0.0,0.0,0.0,0.0
2009-10-28,0.0,0.0,,,0.0,0.0,0.0,0.0,0.0,0.0
2009-10-29,0.0,0.0,,,0.0,0.0,0.0,0.0,0.0,0.0
2009-10-30,0.0,0.0,,,0.0,0.0,0.0,0.0,0.0,0.0
2009-10-31,0.0,0.0,,,0.0,0.0,0.0,0.0,0.0,0.0
2009-11-01,0.0,0.0,,,0.0,0.0,0.0,0.0,0.0,0.0
2009-11-02,1.0,24.0,24.0,18.0,1.0,0.0,0.0,0.0,0.0,0.0
2009-11-03,0.0,0.0,,,0.0,0.0,0.0,0.0,0.0,0.0
2009-11-04,0.0,0.0,,,0.0,0.0,0.0,0.0,0.0,0.0
2009-11-05,0.0,0.0,,,0.0,0.0,0.0,0.0,0.0,0.0
2009-11-06,0.0,0.0,,,0.0,0.0,0.0,0.0,0.0,0.0
2009-11-07,0.0,0.0,,,0.0,0.0,0.0,0.0,0.0,0.0
2009-11-08,0.0,0.0,,,0.0,0.0,0.0,0.0,0.0,0.0
2009-11-09,0.0,0.0,,,0.0,0.0,0.0,0.0,0.0,0.0
2009-11-10,0.0,0.0,,,0.0,0.0,0.0,0.0,0.0,0.0
2009-11-11,0.0,0.0,,,0.0,0.0,0.0,0.0,0.0,0.0
2009-11-12,0.0,0.0,,,0.0,0.0,0.0,0.0,0.0,0.0
2009-11-13,0.0,0.0,,,0.0,0.0,0.0,0.0,0.0,0.0
2009-11-14,0.0,0.0,,,0.0,0.0,0.0,0.0,0.0,0.0
2009-11-15,0.0,0.0,,,0.0,0.0,0.0,0.0,0.0,0.0
2009-11-16,1.0,29.0,29.0,14.0,1.0,0.0,0.0,0.0,0.0,0.0
2009-11-17,0.0,0.0,,,0.0,0.0,0.0,0.0,0.0,0.0
2009-11-18,0.0,0.0,,,0.0,0.0,0.0,0.0,0.0,0.0
2009-11-19,0.0,0.0,,,0.0,0.0,0.0,0.0,0.0,0.0
2009-11-20,0.0,0.0,,,0.0,0.0,0.0,0.0,0.0,0.0
2009-11-21,0.0,0.0,,,0.0,0.0,0.0,0.0,0.0,0.0
2009-11-22,0.0,0.0,,,0.0,0.0,0.0,0.0,0.0,0.0
2009-11-23,0.0,0.0,,,0.0,0.0,0.0,0.0,0.0,0.0
2009-11-24,0.0,0.0,,,0.0,0.0,0.0,0.0,0.0,0.0
2009-11-25,0.0,0.0,,,0.0,0.0,0.0,0.0,0.0,0.0
2009-11-26,1.0,762.0,762.0,10.0,1.0,0.0,0.0,0.0,0.0,0.0
2009-11-27,0.0,0.0,,,0.0,0.0,0.0,0.0,0.0,0.0
2009-11-28,0.0,0.0,,,0.0,0.0,0.0,0.0,0.0,0.0
2009-11-29,0.0,0.0,,,0.0,0.0,0.0,0.0,0.0,0.0
2009-11-30,0.0,0.0,,,0.0,0.0,0.0,0.0,0.0,0.0
2009-12-01,0.0,0.0,,,0.0,0.0,0.0,0.0,0.0,0.0
2009-12-02,0.0,0.0,,,0.0,0.0,0.0,0.0,0.0,0.0
2009-12-03,1.0,96.0,96.0,20.0,1.0,0.0,0.0,0.0,0.0,0.0
2009-12-04,0.0,0.0,,,0.0,0.0,0.0,0.0,0.0,0.0
2009-12-05,0.0,0.0,,,0.0,0.0,0.0,0.0,0.0,0.0
2009-12-06,0.0,0.0,,,0.0,0.0,0.0,0.0,0.0,0.0
2009-12-07,0.0,0.0,,,0.0,0.0,0.0,0.0,0.0,0.0
2009-12-08,0.0,0.0,,,0.0,0.0,0.0,0.0,0.0,0.0
2009-12-09,0.0,0.0,,,0.0,0.0,0.0,0.0,0.0,0.0
2009-12-10,0.0,0.0,,,0.0,0.0,0.0,0.0,0.0,0.0
2009-12-11,0.0,0.0,,,0.0,0.0,0.0,0.0,0.0,0.0
2009-12-12,0.0,0.0,,,0.0,0.0,0.0,0.0,0.0,0.0
2009-12-13,0.0,0.0,,,0.0,0.0,0.0,0.0,0.0,0.0
2009-12-14,0.0,0.0,,,0.0,0.0,0.0,0.0,0.0,0.0
2009-12-15,0.0,0.0,,,0.0,0.0,0.0,0.0,0.0,0.0
2009-12-16,0.0,0.0,,,0.0,0.0,0.0,0.0,0.0,0.0
2009-12-17,0.0,0.0,,,0.0,0.0,0.0,0.0,0.0,0.0
2009-12-18,0.0,0.0,,,0.0,0.0,0.0,0.0,0.0,0.0
2009-12-19,0.0,0.0,,,0.0,0.0,0.0,0.0,0.0,0.0
2009-12-20,0.0,0.0,,,0.0,0.0,0.0,0.0,0.0,0.0
2009-12-21,0.0,0.0,,,0.0,0.0,0.0,0.0,0.0,0.0
2009-12-22,0.0,0.0,,,0.0,0.0,0.0,0.0,0.0,0.0
2009-12-23,1.0,450.0,450.0,21.0,1.0,0.0,0.0,0.0,0.0,0.0
2009-12-24,0.0,0.0,,,0.0,0.0,0.0,0.0,0.0,0.0
2009-12-25,0.0,0.0,,,0.0,0.0,0.0,0.0,0.0,0.0
2009-12-26,0.0,0.0,,,0.0,0.0,0.0,0.0,0.0,0.0
2009-12-27,0.0,0.0,,,0.0,0.0,0.0,0.0,0.0,0.0
2009-12-28,0.0,0.0,,,0.0,0.0,0.0,0.0,0.0,0.0
2009-12-29,0.0,0.0,,,0.0,0.0,0.0,0.0,0.0,0.0
2009-12-30,0.0,0.0,,,0.0,0.0,0.0,0.0,0.0,0.0
2009-12-31,0.0,0.0,,,0.0,0.0,0.0,0.0,0.0,0.0
2010-01-01,0.0,0.0,,,0.0,0.0,0.0,0.0,0.0,0.0
2010-01-02,0.0,0.0,,,0.0,0.0,0.0,0.0,0.0,0.0
2010-01-03,0.0,0.0,,,0.0,0.0,0.0,0.0,0.0,0.0
2010-01-04,0.0,0.0,,,0.0,0.0,0.0,0.0,0.0,0.0
2010-01-05,0.0,0.0,,,0.0,0.0,0.0,0.0,0.0,0.0
2010-01-06,0.0,0.0,,,0.0,0.0,0.0,0.0,0.0,0.0
2010-01-07,0.0,0.0,,,0.0,0.0,0.0,0.0,0.0,0.0
2010-01-08,0.0,0.0,,,0.0,0.0,0.0,0.0,0.0,0.0
2010-01-09,0.0,0.0,,,0.0,0.0,0.0,0.0,0.0,0.0
2010-01-10,0.0,0.0,,,0.0,0.0,0.0,0.0,0.0,0.0
2010-01-11,0.0,0.0,,,0.0,0.0,0.0,0.0,0.0,0.0
2010-01-12,1.0,35.0,35.0,21.0,1.0,0.0,0.0,0.0,0.0,0.0
2010-01-13,0.0,0.0,,,0.0,0.0,0.0,0.0,0.0,0.0
2010-01-14,0.0,0.0,,,0.0,0.0,0.0,0.0,0.0,0.0
2010-01-15,1.0,584.0,584.0,17.0,1.0,0.0,0.0,0.0,0.0,0.0
2010-01-16,0.0,0.0,,,0.0,0.0,0.0,0.0,0.0,0.0
2010-01-17,0.0,0.0,,,0.0,0.0,0.0,0.0,0.0,0.0
2010-01-18,0.0,0.0,,,0.0,0.0,0.0,0.0,0.0,0.0
2010-01-19,0.0,0.0,,,0.0,0.0,0.0,0.0,0.0,0.0
2010-01-20,0.0,0.0,,,0.0,0.0,0.0,0.0,0.0,0.0
2010-01-21,1.0,16621.0,16621.0,13.0,1.0,0.0,0.0,0.0,0.0,0.0
2010-01-22,1.0,28.0,28.0,24.0,1.0,0.0,0.0,0.0,0.0,0.0
2010-01-23,0.0,0.0,,,0.0,0.0,0.0,0.0,0.0,0.0
2010-01-24,0.0,0.0,,,0.0,0.0,0.0,0.0,0.0,0.0
2010-01-25,0.0,0.0,,,0.0,0.0,0.0,0.0,0.0,0.0
2010-01-26,0.0,0.0,,,0.0,0.0,0.0,0.0,0.0,0.0
2010-01-27,0.0,0.0,,,0.0,0.0,0.0,0.0,0.0,0.0
2010-01-28,0.0,0.0,,,0.0,0.0,0.0,0.0,0.0,0.0
2010-01-29,0.0,0.0,,,0.0,0.0,0.0,0.0,0.0,0.0
2010-01-30,0.0,0.0,,,0.0,0.0,0.0,0.0,0.0,0.0
2010-01-31,0.0,0.0,,,0.0,0.0,0.0,0.0,0.0,0.0
2010-02-01,0.0,0.0,,,0.0,0.0,0.0,0.0,0.0,0.0
2010-02-02,0.0,0.0,,,0.0,0.0,0.0,0.0,0.0,0.0
2010-02-03,0.0,0.0,,,0.0,0.0,0.0,0.0,0.0,0.0
2010-02-04,0.0,0.0,,,0.0,0.0,0.0,0.0,0.0,0.0
2010-02-05,0.0,0.0,,,0.0,0.0,0.0,0.0,0.0,0.0
2010-02-06,0.0,0.0,,,0.0,0.0,0.0,0.0,0.0,0.0
2010-02-07,1.0,51.0,51.0,20.0,1.0,0.0,0.0,0.0,0.0,0.0
2010-02-08,0.0,0.0,,,0.0,0.0,0.0,0.0,0.0,0.0
2010-02-09,0.0,0.0,,,0.0,0.0,0.0,0.0,0.0,0.0
2010-02-10,1.0,22.0,22.0,18.0,1.0,0.0,0.0,0.0,0.0,0.0
2010-02-11,1.0,24.0,24.0,19.0,1.0,0.0,0.0,0.0,0.0,0.0
2010-02-12,0.0,0.0,,,0.0,0.0,0.0,0.0,0.0,0.0
2010-02-13,0.0,0.0,,,0.0,0.0,0.0,0.0,0.0,0.0
2010-02-14,0.0,0.0,,,0.0,0.0,0.0,0.0,0.0,0.0
2010-02-15,0.0,0.0,,,0.0,0.0,0.0,0.0,0.0,0.0
2010-02-16,0.0,0.0,,,0.0,0.0,0.0,0.0,0.0,0.0
2010-02-17,0.0,0.0,,,0.0,0.0,0.0,0.0,0.0,0.0
2010-02-18,0.0,0.0,,,0.0,0.0,0.0,0.0,0.0,0.0
2010-02-19,0.0,0.0,,,0.0,0.0,0.0,0.0,0.0,0.0
2010-02-20,0.0,0.0,,,0.0,0.0,0.0,0.0,0.0,0.0
2010-02-21,0.0,0.0,,,0.0,0.0,0.0,0.0,0.0,0.0
2010-02-22,0.0,0.0,,,0.0,0.0,0.0,0.0,0.0,0.0
2010-02-23,0.0,0.0,,,0.0,0.0,0.0,0.0,0.0,0.0
2010-02-24,0.0,0.0,,,0.0,0.0,0.0,0.0,0.0,0.0
2010-02-25,0.0,0.0,,,0.0,0.0,0.0,0.0,0.0,0.0
2010-02-26,1.0,54.0,54.0,28.0,1.0,0.0,0.0,0.0,0.0,0.0
2010-02-27,0.0,0.0,,,0.0,0.0,0.0,0.0,0.0,0.0
2010-02-28,0.0,0.0,,,0.0,0.0,0.0,0.0,0.0,0.0
2010-03-01,0.0,0.0,,,0.0,0.0,0.0,0.0,0.0,0.0
2010-03-02,0.0,0.0,,,0.0,0.0,0.0,0.0,0.0,0.0
2010-03-03,0.0,0.0,,,0.0,0.0,0.0,0.0,0.0,0.0
2010-03-04,0.0,0.0,,,0.0,0.0,0.0,0.0,0.0,0.0
2010-03-05,1.0,20.0,20.0,21.0,1.0,0.0,0.0,0.0,0.0,0.0
2010-03-06,0.0,0.0,,,0.0,0.0,0.0,0.0,0.0,0.0
2010-03-07,0.0,0.0,,,0.0,0.0,0.0,0.0,0.0,0.0
2010-03-08,0.0,0.0,,,0.0,0.0,0.0,0.0,0.0,0.0
2010-03-09,0.0,0.0,,,0.0,0.0,0.0,0.0,0.0,0.0
2010-03-10,0.0,0.0,,,0.0,0.0,0.0,0.0,0.0,0.0
2010-03-11,0.0,0.0,,,0.0,0.0,0.0,0.0,0.0,0.0
2010-03-12,1.0,35.0,35.0,26.0,1.0,0.0,0.0,0.0,0.0,0.0
2010-03-13,0.0,0.0,,,0.0,0.0,0.0,0.0,0.0,0.0
2010-03-14,0.0,0.0,,,0.0,0.0,0.0,0.0,0.0,0.0
2010-03-15,1.0,35.0,35.0,25.0,1.0,0.0,0.0,0.0,0.0,0.0
2010-03-16,0.0,0.0,,,0.0,0.0,0.0,0.0,0.0,0.0
2010-03-17,1.0,27.0,27.0,25.0,1.0,0.0,0.0,0.0,0.0,0.0
2010-03-18,1.0,83.0,83.0,19.0,1.0,0.0,0.0,0.0,0.0,0.0
2010-03-19,1.0,34.0,34.0,25.0,1.0,0.0,0.0,0.0,0.0,0.0
2010-03-20,0.0,0.0,,,0.0,0.0,0.0,0.0,0.0,0.0
2010-03-21,0.0,0.0,,,0.0,0.0,0.0,0.0,0.0,0.0
2010-03-22,0.0,0.0,,,0.0,0.0,0.0,0.0,0.0,0.0
2010-03-23,1.0,32.0,32.0,21.0,1.0,0.0,0.0,0.0,0.0,0.0
2010-03-24,1.0,67.0,67.0,20.0,1.0,0.0,0.0,0.0,0.0,0.0
2010-03-25,0.0,0.0,,,0.0,0.0,0.0,0.0,0.0,0.0
2010-03-26,0.0,0.0,,,0.0,0.0,0.0,0.0,0.0,0.0
2010-03-27,0.0,0.0,,,0.0,0.0,0.0,0.0,0.0,0.0
2010-03-28,0.0,0.0,,,0.0,0.0,0.0,0.0,0.0,0.0
2010-03-29,1.0,63.0,63.0,23.0,1.0,0.0,0.0,0.0,0.0,0.0
2010-03-30,0.0,0.0,,,0.0,0.0,0.0,0.0,0.0,0.0
2010-03-31,1.0,32.0,32.0,19.0,1.0,0.0,0.0,0.0,0.0,0.0
2010-04-01,1.0,17.0,17.0,22.0,1.0,0.0,0.0,0.0,0.0,0.0
2010-04-02,0.0,0.0,,,0.0,0.0,0.0,0.0,0.0,0.0
2010-04-03,0.0,0.0,,,0.0,0.0,0.0,0.0,0.0,0.0
2010-04-04,0.0,0.0,,,0.0,0.0,0.0,0.0,0.0,0.0
2010-04-05,0.0,0.0,,,0.0,0.0,0.0,0.0,0.0,0.0
2010-04-06,3.0,72.0,24.0,23.666666666666668,3.0,0.0,0.0,0.0,0.0,0.0
2010-04-07,1.0,26.0,26.0,16.0,1.0,0.0,0.0,0.0,0.0,0.0
2010-04-08,0.0,0.0,,,0.0,0.0,0.0,0.0,0.0,0.0
2010-04-09,1.0,24.0,24.0,23.0,1.0,0.0,0.0,0.0,0.0,0.0
2010-04-10,0.0,0.0,,,0.0,0.0,0.0,0.0,0.0,0.0
2010-04-11,0.0,0.0,,,0.0,0.0,0.0,0.0,0.0,0.0
2010-04-12,1.0,27.0,27.0,25.0,1.0,0.0,0.0,0.0,0.0,0.0
2010-04-13,1.0,136.0,136.0,12.0,1.0,0.0,0.0,0.0,0.0,0.0
2010-04-14,1.0,57.0,57.0,26.0,1.0,0.0,0.0,0.0,0.0,0.0
2010-04-15,0.0,0.0,,,0.0,0.0,0.0,0.0,0.0,0.0
2010-04-16,1.0,24.0,24.0,23.0,1.0,0.0,0.0,0.0,0.0,0.0
2010-04-17,0.0,0.0,,,0.0,0.0,0.0,0.0,0.0,0.0
2010-04-18,0.0,0.0,,,0.0,0.0,0.0,0.0,0.0,0.0
2010-04-19,0.0,0.0,,,0.0,0.0,0.0,0.0,0.0,0.0
2010-04-20,1.0,291.0,291.0,25.0,1.0,0.0,0.0,0.0,0.0,0.0
2010-04-21,1.0,8343.0,8343.0,18.0,1.0,0.0,0.0,0.0,0.0,0.0
2010-04-22,1.0,37.0,37.0,21.0,1.0,0.0,0.0,0.0,0.0,0.0
2010-04-23,1.0,33.0,33.0,30.0,1.0,0.0,0.0,0.0,0.0,0.0
2010-04-24,0.0,0.0,,,0.0,0.0,0.0,0.0,0.0,0.0
2010-04-25,0.0,0.0,,,0.0,0.0,0.0,0.0,0.0,0.0
2010-04-26,1.0,85.0,85.0,16.0,1.0,0.0,0.0,0.0,0.0,0.0
2010-04-27,0.0,0.0,,,0.0,0.0,0.0,0.0,0.0,0.0
2010-04-28,1.0,27.0,27.0,24.0,1.0,0.0,0.0,0.0,0.0,0.0
2010-04-29,1.0,52.0,52.0,23.0,1.0,0.0,0.0,0.0,0.0,0.0
2010-04-30,1.0,31.0,31.0,26.0,1.0,0.0,0.0,0.0,0.0,0.0
2010-05-01,0.0,0.0,,,0.0,0.0,0.0,0.0,0.0,0.0
2010-05-02,0.0,0.0,,,0.0,0.0,0.0,0.0,0.0,0.0
2010-05-03,3.0,69.0,23.0,21.0,3.0,0.0,0.0,0.0,0.0,0.0
2010-05-04,0.0,0.0,,,0.0,0.0,0.0,0.0,0.0,0.0
2010-05-05,1.0,53.0,53.0,19.0,1.0,0.0,0.0,0.0,0.0,0.0
2010-05-06,0.0,0.0,,,0.0,0.0,0.0,0.0,0.0,0.0
2010-05-07,0.0,0.0,,,0.0,0.0,0.0,0.0,0.0,0.0
2010-05-08,0.0,0.0,,,0.0,0.0,0.0,0.0,0.0,0.0
2010-05-09,0.0,0.0,,,0.0,0.0,0.0,0.0,0.0,0.0
2010-05-10,0.0,0.0,,,0.0,0.0,0.0,0.0,0.0,0.0
2010-05-11,0.0,0.0,,,0.0,0.0,0.0,0.0,0.0,0.0
2010-05-12,0.0,0.0,,,0.0,0.0,0.0,0.0,0.0,0.0
2010-05-13,1.0,30.0,30.0,27.0,1.0,0.0,0.0,0.0,0.0,0.0
2010-05-14,0.0,0.0,,,0.0,0.0,0.0,0.0,0.0,0.0
2010-05-15,0.0,0.0,,,0.0,0.0,0.0,0.0,0.0,0.0
2010-05-16,0.0,0.0,,,0.0,0.0,0.0,0.0,0.0,0.0
2010-05-17,1.0,270.0,270.0,25.0,1.0,0.0,0.0,0.0,0.0,0.0
2010-05-18,0.0,0.0,,,0.0,0.0,0.0,0.0,0.0,0.0
2010-05-19,1.0,29.0,29.0,25.0,1.0,0.0,0.0,0.0,0.0,0.0
2010-05-20,2.0,156.0,78.0,23.0,2.0,0.0,0.0,0.0,0.0,0.0
2010-05-21,3.0,72.0,24.0,20.0,3.0,0.0,0.0,2.0,0.0,0.0
2010-05-22,0.0,0.0,,,0.0,0.0,0.0,0.0,0.0,0.0
2010-05-23,0.0,0.0,,,0.0,0.0,0.0,0.0,0.0,0.0
2010-05-24,1.0,78.0,78.0,25.0,1.0,0.0,0.0,0.0,0.0,0.0
2010-05-25,5.0,123.0,24.6,22.4,5.0,0.0,0.0,3.0,0.0,0.0
2010-05-26,2.0,63.0,31.5,22.0,2.0,0.0,0.0,0.0,0.0,0.0
2010-05-27,1.0,2917.0,2917.0,24.0,1.0,0.0,0.0,0.0,0.0,0.0
2010-05-28,1.0,91.0,91.0,23.0,1.0,0.0,0.0,0.0,0.0,0.0
2010-05-29,0.0,0.0,,,0.0,0.0,0.0,0.0,0.0,0.0
2010-05-30,0.0,0.0,,,0.0,0.0,0.0,0.0,0.0,0.0
2010-05-31,0.0,0.0,,,0.0,0.0,0.0,0.0,0.0,0.0
2010-06-01,0.0,0.0,,,0.0,0.0,0.0,0.0,0.0,0.0
2010-06-02,1.0,40.0,40.0,24.0,1.0,0.0,0.0,0.0,0.0,0.0
2010-06-03,0.0,0.0,,,0.0,0.0,0.0,0.0,0.0,0.0
2010-06-04,2.0,49.0,24.5,19.5,2.0,0.0,0.0,0.0,0.0,0.0
2010-06-05,1.0,41.0,41.0,24.0,1.0,0.0,0.0,0.0,0.0,0.0
2010-06-06,0.0,0.0,,,0.0,0.0,0.0,0.0,0.0,0.0
2010-06-07,0.0,0.0,,,0.0,0.0,0.0,0.0,0.0,0.0
2010-06-08,1.0,25.0,25.0,28.0,1.0,0.0,0.0,0.0,0.0,0.0
2010-06-09,2.0,33.0,16.5,16.0,2.0,0.0,0.0,0.0,0.0,0.0
2010-06-10,1.0,17.0,17.0,6.0,1.0,0.0,0.0,0.0,0.0,0.0
2010-06-11,0.0,0.0,,,0.0,0.0,0.0,0.0,0.0,0.0
2010-06-12,0.0,0.0,,,0.0,0.0,0.0,0.0,0.0,0.0
2010-06-13,0.0,0.0,,,0.0,0.0,0.0,0.0,0.0,0.0
2010-06-14,0.0,0.0,,,0.0,0.0,0.0,0.0,0.0,0.0
2010-06-15,2.0,50.0,25.0,19.0,2.0,0.0,0.0,0.0,0.0,0.0
2010-06-16,0.0,0.0,,,0.0,0.0,0.0,0.0,0.0,0.0
2010-06-17,2.0,86.0,43.0,14.0,2.0,0.0,0.0,0.0,0.0,0.0
2010-06-18,0.0,0.0,,,0.0,0.0,0.0,0.0,0.0,0.0
2010-06-19,0.0,0.0,,,0.0,0.0,0.0,0.0,0.0,0.0
2010-06-20,0.0,0.0,,,0.0,0.0,0.0,0.0,0.0,0.0
2010-06-21,3.0,92.0,30.666666666666668,19.0,3.0,0.0,0.0,1.0,0.0,0.0
2010-06-22,1.0,33.0,33.0,17.0,1.0,0.0,0.0,0.0,0.0,0.0
2010-06-23,0.0,0.0,,,0.0,0.0,0.0,0.0,0.0,0.0
2010-06-24,1.0,86.0,86.0,15.0,1.0,0.0,0.0,0.0,0.0,0.0
2010-06-25,0.0,0.0,,,0.0,0.0,0.0,0.0,0.0,0.0
2010-06-26,0.0,0.0,,,0.0,0.0,0.0,0.0,0.0,0.0
2010-06-27,0.0,0.0,,,0.0,0.0,0.0,0.0,0.0,0.0
2010-06-28,2.0,51.0,25.5,14.0,2.0,0.0,0.0,1.0,0.0,0.0
2010-06-29,0.0,0.0,,,0.0,0.0,0.0,0.0,0.0,0.0
2010-06-30,0.0,0.0,,,0.0,0.0,0.0,0.0,0.0,0.0
2010-07-01,1.0,37.0,37.0,17.0,1.0,0.0,0.0,0.0,0.0,0.0
2010-07-02,2.0,114.0,57.0,21.0,2.0,0.0,0.0,0.0,0.0,0.0
2010-07-03,0.0,0.0,,,0.0,0.0,0.0,0.0,0.0,0.0
2010-07-04,0.0,0.0,,,0.0,0.0,0.0,0.0,0.0,0.0
2010-07-05,0.0,0.0,,,0.0,0.0,0.0,0.0,0.0,0.0
2010-07-06,1.0,53.0,53.0,21.0,1.0,0.0,0.0,0.0,0.0,0.0
2010-07-07,0.0,0.0,,,0.0,0.0,0.0,0.0,0.0,0.0
2010-07-08,3.0,75.0,25.0,21.0,3.0,0.0,0.0,3.0,0.0,0.0
2010-07-09,0.0,0.0,,,0.0,0.0,0.0,0.0,0.0,0.0
2010-07-10,0.0,0.0,,,0.0,0.0,0.0,0.0,0.0,0.0
2010-07-11,0.0,0.0,,,0.0,0.0,0.0,0.0,0.0,0.0
2010-07-12,0.0,0.0,,,0.0,0.0,0.0,0.0,0.0,0.0
2010-07-13,0.0,0.0,,,0.0,0.0,0.0,0.0,0.0,0.0
2010-07-14,1.0,139.0,139.0,26.0,1.0,0.0,0.0,0.0,0.0,0.0
2010-07-15,0.0,0.0,,,0.0,0.0,0.0,0.0,0.0,0.0
2010-07-16,0.0,0.0,,,0.0,0.0,0.0,0.0,0.0,0.0
2010-07-17,0.0,0.0,,,0.0,0.0,0.0,0.0,0.0,0.0
2010-07-18,0.0,0.0,,,0.0,0.0,0.0,0.0,0.0,0.0
2010-07-19,3.0,47.0,15.666666666666666,8.0,3.0,0.0,0.0,0.0,0.0,0.0
2010-07-20,1.0,94.0,94.0,20.0,1.0,0.0,0.0,0.0,0.0,0.0
2010-07-21,0.0,0.0,,,0.0,0.0,0.0,0.0,0.0,0.0
2010-07-22,0.0,0.0,,,0.0,0.0,0.0,0.0,0.0,0.0
2010-07-23,0.0,0.0,,,0.0,0.0,0.0,0.0,0.0,0.0
2010-07-24,0.0,0.0,,,0.0,0.0,0.0,0.0,0.0,0.0
2010-07-25,0.0,0.0,,,0.0,0.0,0.0,0.0,0.0,0.0
2010-07-26,0.0,0.0,,,0.0,0.0,0.0,0.0,0.0,0.0
2010-07-27,0.0,0.0,,,0.0,0.0,0.0,0.0,0.0,0.0
2010-07-28,0.0,0.0,,,0.0,0.0,0.0,0.0,0.0,0.0
2010-07-29,3.0,133.0,44.333333333333336,15.333333333333334,3.0,0.0,0.0,0.0,0.0,0.0
2010-07-30,1.0,35.0,35.0,11.0,1.0,0.0,0.0,0.0,0.0,0.0
2010-07-31,0.0,0.0,,,0.0,0.0,0.0,0.0,0.0,0.0
2010-08-01,0.0,0.0,,,0.0,0.0,0.0,0.0,0.0,0.0
2010-08-02,0.0,0.0,,,0.0,0.0,0.0,0.0,0.0,0.0
2010-08-03,0.0,0.0,,,0.0,0.0,0.0,0.0,0.0,0.0
2010-08-04,2.0,87.0,43.5,24.5,2.0,0.0,0.0,0.0,0.0,0.0
2010-08-05,0.0,0.0,,,0.0,0.0,0.0,0.0,0.0,0.0
2010-08-06,0.0,0.0,,,0.0,0.0,0.0,0.0,0.0,0.0
2010-08-07,0.0,0.0,,,0.0,0.0,0.0,0.0,0.0,0.0
2010-08-08,0.0,0.0,,,0.0,0.0,0.0,0.0,0.0,0.0
2010-08-09,1.0,51.0,51.0,7.0,1.0,0.0,0.0,0.0,0.0,0.0
2010-08-10,0.0,0.0,,,0.0,0.0,0.0,0.0,0.0,0.0
2010-08-11,0.0,0.0,,,0.0,0.0,0.0,0.0,0.0,0.0
2010-08-12,7.0,373.0,53.285714285714285,15.428571428571429,7.0,0.0,0.0,0.0,0.0,0.0
2010-08-13,0.0,0.0,,,0.0,0.0,0.0,0.0,0.0,0.0
2010-08-14,0.0,0.0,,,0.0,0.0,0.0,0.0,0.0,0.0
2010-08-15,0.0,0.0,,,0.0,0.0,0.0,0.0,0.0,0.0
2010-08-16,0.0,0.0,,,0.0,0.0,0.0,0.0,0.0,0.0
2010-08-17,0.0,0.0,,,0.0,0.0,0.0,0.0,0.0,0.0
2010-08-18,0.0,0.0,,,0.0,0.0,0.0,0.0,0.0,0.0
2010-08-19,2.0,135.0,67.5,22.5,2.0,0.0,0.0,0.0,0.0,0.0
2010-08-20,0.0,0.0,,,0.0,0.0,0.0,0.0,0.0,0.0
2010-08-21,0.0,0.0,,,0.0,0.0,0.0,0.0,0.0,0.0
2010-08-22,0.0,0.0,,,0.0,0.0,0.0,0.0,0.0,0.0
2010-08-23,1.0,59.0,59.0,26.0,1.0,0.0,0.0,0.0,0.0,0.0
2010-08-24,1.0,289.0,289.0,19.0,1.0,0.0,0.0,0.0,0.0,0.0
2010-08-25,0.0,0.0,,,0.0,0.0,0.0,0.0,0.0,0.0
2010-08-26,1.0,60.0,60.0,14.0,1.0,0.0,0.0,0.0,0.0,0.0
2010-08-27,0.0,0.0,,,0.0,0.0,0.0,0.0,0.0,0.0
2010-08-28,0.0,0.0,,,0.0,0.0,0.0,0.0,0.0,0.0
2010-08-29,0.0,0.0,,,0.0,0.0,0.0,0.0,0.0,0.0
2010-08-30,1.0,43.0,43.0,17.0,1.0,0.0,0.0,0.0,0.0,0.0
2010-08-31,1.0,223.0,223.0,18.0,1.0,0.0,0.0,0.0,0.0,0.0
2010-09-01,1.0,57.0,57.0,22.0,1.0,0.0,0.0,0.0,0.0,0.0
2010-09-02,2.0,80.0,40.0,13.0,2.0,0.0,0.0,0.0,0.0,0.0
2010-09-03,0.0,0.0,,,0.0,0.0,0.0,0.0,0.0,0.0
2010-09-04,0.0,0.0,,,0.0,0.0,0.0,0.0,0.0,0.0
2010-09-05,0.0,0.0,,,0.0,0.0,0.0,0.0,0.0,0.0
2010-09-06,0.0,0.0,,,0.0,0.0,0.0,0.0,0.0,0.0
2010-09-07,2.0,66.0,33.0,18.5,2.0,0.0,0.0,0.0,0.0,0.0
2010-09-08,0.0,0.0,,,0.0,0.0,0.0,0.0,0.0,0.0
2010-09-09,1.0,59.0,59.0,20.0,1.0,0.0,0.0,0.0,0.0,0.0
2010-09-10,0.0,0.0,,,0.0,0.0,0.0,0.0,0.0,0.0
2010-09-11,0.0,0.0,,,0.0,0.0,0.0,0.0,0.0,0.0
2010-09-12,0.0,0.0,,,0.0,0.0,0.0,0.0,0.0,0.0
2010-09-13,0.0,0.0,,,0.0,0.0,0.0,0.0,0.0,0.0
2010-09-14,1.0,71.0,71.0,26.0,1.0,0.0,0.0,0.0,0.0,0.0
2010-09-15,1.0,32.0,32.0,18.0,1.0,0.0,0.0,0.0,0.0,0.0
2010-09-16,1.0,78.0,78.0,27.0,1.0,0.0,0.0,0.0,0.0,0.0
2010-09-17,1.0,57.0,57.0,23.0,1.0,0.0,0.0,0.0,0.0,0.0
2010-09-18,0.0,0.0,,,0.0,0.0,0.0,0.0,0.0,0.0
2010-09-19,0.0,0.0,,,0.0,0.0,0.0,0.0,0.0,0.0
2010-09-20,0.0,0.0,,,0.0,0.0,0.0,0.0,0.0,0.0
2010-09-21,0.0,0.0,,,0.0,0.0,0.0,0.0,0.0,0.0
2010-09-22,0.0,0.0,,,0.0,0.0,0.0,0.0,0.0,0.0
2010-09-23,1.0,55.0,55.0,20.0,1.0,0.0,0.0,0.0,0.0,0.0
2010-09-24,1.0,60.0,60.0,9.0,1.0,0.0,0.0,0.0,0.0,0.0
2010-09-25,0.0,0.0,,,0.0,0.0,0.0,0.0,0.0,0.0
2010-09-26,0.0,0.0,,,0.0,0.0,0.0,0.0,0.0,0.0
2010-09-27,0.0,0.0,,,0.0,0.0,0.0,0.0,0.0,0.0
2010-09-28,0.0,0.0,,,0.0,0.0,0.0,0.0,0.0,0.0
2010-09-29,0.0,0.0,,,0.0,0.0,0.0,0.0,0.0,0.0
2010-09-30,1.0,274.0,274.0,24.0,1.0,0.0,0.0,0.0,0.0,0.0
2010-10-01,1.0,30.0,30.0,12.0,1.0,0.0,0.0,0.0,0.0,0.0
2010-10-02,0.0,0.0,,,0.0,0.0,0.0,0.0,0.0,0.0
2010-10-03,0.0,0.0,,,0.0,0.0,0.0,0.0,0.0,0.0
2010-10-04,0.0,0.0,,,0.0,0.0,0.0,0.0,0.0,0.0
2010-10-05,0.0,0.0,,,0.0,0.0,0.0,0.0,0.0,0.0
2010-10-06,1.0,52.0,52.0,21.0,1.0,0.0,0.0,0.0,0.0,0.0
2010-10-07,2.0,73.0,36.5,15.0,2.0,0.0,0.0,0.0,0.0,0.0
2010-10-08,0.0,0.0,,,0.0,0.0,0.0,0.0,0.0,0.0
2010-10-09,0.0,0.0,,,0.0,0.0,0.0,0.0,0.0,0.0
2010-10-10,0.0,0.0,,,0.0,0.0,0.0,0.0,0.0,0.0
2010-10-11,0.0,0.0,,,0.0,0.0,0.0,0.0,0.0,0.0
2010-10-12,0.0,0.0,,,0.0,0.0,0.0,0.0,0.0,0.0
2010-10-13,0.0,0.0,,,0.0,0.0,0.0,0.0,0.0,0.0
2010-10-14,2.0,614.0,307.0,16.5,2.0,0.0,0.0,0.0,0.0,0.0
2010-10-15,0.0,0.0,,,0.0,0.0,0.0,0.0,0.0,0.0
2010-10-16,0.0,0.0,,,0.0,0.0,0.0,0.0,0.0,0.0
2010-10-17,0.0,0.0,,,0.0,0.0,0.0,0.0,0.0,0.0
2010-10-18,0.0,0.0,,,0.0,0.0,0.0,0.0,0.0,0.0
2010-10-19,0.0,0.0,,,0.0,0.0,0.0,0.0,0.0,0.0
2010-10-20,0.0,0.0,,,0.0,0.0,0.0,0.0,0.0,0.0
2010-10-21,1.0,42.0,42.0,20.0,1.0,0.0,0.0,0.0,0.0,0.0
2010-10-22,0.0,0.0,,,0.0,0.0,0.0,0.0,0.0,0.0
2010-10-23,0.0,0.0,,,0.0,0.0,0.0,0.0,0.0,0.0
2010-10-24,0.0,0.0,,,0.0,0.0,0.0,0.0,0.0,0.0
2010-10-25,0.0,0.0,,,0.0,0.0,0.0,0.0,0.0,0.0
2010-10-26,0.0,0.0,,,0.0,0.0,0.0,0.0,0.0,0.0
2010-10-27,1.0,51.0,51.0,15.0,1.0,0.0,0.0,0.0,0.0,0.0
2010-10-28,1.0,45.0,45.0,23.0,1.0,0.0,0.0,0.0,0.0,0.0
2010-10-29,0.0,0.0,,,0.0,0.0,0.0,0.0,0.0,0.0
2010-10-30,0.0,0.0,,,0.0,0.0,0.0,0.0,0.0,0.0
2010-10-31,0.0,0.0,,,0.0,0.0,0.0,0.0,0.0,0.0
2010-11-01,0.0,0.0,,,0.0,0.0,0.0,0.0,0.0,0.0
2010-11-02,0.0,0.0,,,0.0,0.0,0.0,0.0,0.0,0.0
2010-11-03,1.0,43.0,43.0,27.0,1.0,0.0,0.0,0.0,0.0,0.0
2010-11-04,1.0,54.0,54.0,20.0,1.0,0.0,0.0,0.0,0.0,0.0
2010-11-05,0.0,0.0,,,0.0,0.0,0.0,0.0,0.0,0.0
2010-11-06,0.0,0.0,,,0.0,0.0,0.0,0.0,0.0,0.0
2010-11-07,0.0,0.0,,,0.0,0.0,0.0,0.0,0.0,0.0
2010-11-08,0.0,0.0,,,0.0,0.0,0.0,0.0,0.0,0.0
2010-11-09,0.0,0.0,,,0.0,0.0,0.0,0.0,0.0,0.0
2010-11-10,0.0,0.0,,,0.0,0.0,0.0,0.0,0.0,0.0
2010-11-11,1.0,34.0,34.0,23.0,1.0,0.0,0.0,0.0,0.0,0.0
2010-11-12,0.0,0.0,,,0.0,0.0,0.0,0.0,0.0,0.0
2010-11-13,0.0,0.0,,,0.0,0.0,0.0,0.0,0.0,0.0
2010-11-14,0.0,0.0,,,0.0,0.0,0.0,0.0,0.0,0.0
2010-11-15,1.0,58.0,58.0,21.0,1.0,0.0,0.0,0.0,0.0,0.0
2010-11-16,0.0,0.0,,,0.0,0.0,0.0,0.0,0.0,0.0
2010-11-17,0.0,0.0,,,0.0,0.0,0.0,0.0,0.0,0.0
2010-11-18,2.0,78.0,39.0,23.5,2.0,0.0,0.0,0.0,0.0,0.0
2010-11-19,0.0,0.0,,,0.0,0.0,0.0,0.0,0.0,0.0
2010-11-20,0.0,0.0,,,0.0,0.0,0.0,0.0,0.0,0.0
2010-11-21,0.0,0.0,,,0.0,0.0,0.0,0.0,0.0,0.0
2010-11-22,1.0,47.0,47.0,26.0,1.0,0.0,0.0,0.0,0.0,0.0
2010-11-23,0.0,0.0,,,0.0,0.0,0.0,0.0,0.0,0.0
2010-11-24,3.0,684.0,228.0,21.0,3.0,0.0,0.0,0.0,0.0,0.0
2010-11-25,0.0,0.0,,,0.0,0.0,0.0,0.0,0.0,0.0
2010-11-26,0.0,0.0,,,0.0,0.0,0.0,0.0,0.0,0.0
2010-11-27,0.0,0.0,,,0.0,0.0,0.0,0.0,0.0,0.0
2010-11-28,0.0,0.0,,,0.0,0.0,0.0,0.0,0.0,0.0
2010-11-29,1.0,44.0,44.0,22.0,1.0,0.0,0.0,0.0,0.0,0.0
2010-11-30,0.0,0.0,,,0.0,0.0,0.0,0.0,0.0,0.0
2010-12-01,0.0,0.0,,,0.0,0.0,0.0,0.0,0.0,0.0
2010-12-02,1.0,41.0,41.0,27.0,1.0,0.0,0.0,0.0,0.0,0.0
2010-12-03,0.0,0.0,,,0.0,0.0,0.0,0.0,0.0,0.0
2010-12-04,0.0,0.0,,,0.0,0.0,0.0,0.0,0.0,0.0
2010-12-05,0.0,0.0,,,0.0,0.0,0.0,0.0,0.0,0.0
2010-12-06,0.0,0.0,,,0.0,0.0,0.0,0.0,0.0,0.0
2010-12-07,0.0,0.0,,,0.0,0.0,0.0,0.0,0.0,0.0
2010-12-08,0.0,0.0,,,0.0,0.0,0.0,0.0,0.0,0.0
2010-12-09,1.0,71.0,71.0,22.0,1.0,0.0,0.0,0.0,0.0,0.0
2010-12-10,1.0,63.0,63.0,20.0,1.0,0.0,0.0,0.0,0.0,0.0
2010-12-11,0.0,0.0,,,0.0,0.0,0.0,0.0,0.0,0.0
2010-12-12,0.0,0.0,,,0.0,0.0,0.0,0.0,0.0,0.0
2010-12-13,3.0,104.0,34.666666666666664,19.0,3.0,0.0,0.0,0.0,0.0,0.0
2010-12-14,1.0,286.0,286.0,24.0,1.0,0.0,0.0,0.0,0.0,0.0
2010-12-15,0.0,0.0,,,0.0,0.0,0.0,0.0,0.0,0.0
2010-12-16,1.0,134.0,134.0,26.0,1.0,0.0,0.0,0.0,0.0,0.0
2010-12-17,0.0,0.0,,,0.0,0.0,0.0,0.0,0.0,0.0
2010-12-18,0.0,0.0,,,0.0,0.0,0.0,0.0,0.0,0.0
2010-12-19,0.0,0.0,,,0.0,0.0,0.0,0.0,0.0,0.0
2010-12-20,0.0,0.0,,,0.0,0.0,0.0,0.0,0.0,0.0
2010-12-21,0.0,0.0,,,0.0,0.0,0.0,0.0,0.0,0.0
2010-12-22,0.0,0.0,,,0.0,0.0,0.0,0.0,0.0,0.0
2010-12-23,1.0,15174.0,15174.0,7.0,1.0,0.0,0.0,0.0,0.0,0.0
2010-12-24,0.0,0.0,,,0.0,0.0,0.0,0.0,0.0,0.0
2010-12-25,0.0,0.0,,,0.0,0.0,0.0,0.0,0.0,0.0
2010-12-26,0.0,0.0,,,0.0,0.0,0.0,0.0,0.0,0.0
2010-12-27,0.0,0.0,,,0.0,0.0,0.0,0.0,0.0,0.0
2010-12-28,0.0,0.0,,,0.0,0.0,0.0,0.0,0.0,0.0
2010-12-29,0.0,0.0,,,0.0,0.0,0.0,0.0,0.0,0.0
2010-12-30,1.0,381.0,381.0,9.0,1.0,0.0,0.0,0.0,0.0,0.0
2010-12-31,0.0,0.0,,,0.0,0.0,0.0,0.0,0.0,0.0
2011-01-01,0.0,0.0,,,0.0,0.0,0.0,0.0,0.0,0.0
2011-01-02,0.0,0.0,,,0.0,0.0,0.0,0.0,0.0,0.0
2011-01-03,0.0,0.0,,,0.0,0.0,0.0,0.0,0.0,0.0
2011-01-04,0.0,0.0,,,0.0,0.0,0.0,0.0,0.0,0.0
2011-01-05,0.0,0.0,,,0.0,0.0,0.0,0.0,0.0,0.0
2011-01-06,0.0,0.0,,,0.0,0.0,0.0,0.0,0.0,0.0
2011-01-07,0.0,0.0,,,0.0,0.0,0.0,0.0,0.0,0.0
2011-01-08,0.0,0.0,,,0.0,0.0,0.0,0.0,0.0,0.0
2011-01-09,0.0,0.0,,,0.0,0.0,0.0,0.0,0.0,0.0
2011-01-10,0.0,0.0,,,0.0,0.0,0.0,0.0,0.0,0.0
2011-01-11,0.0,0.0,,,0.0,0.0,0.0,0.0,0.0,0.0
2011-01-12,2.0,176.0,88.0,19.5,2.0,0.0,0.0,0.0,0.0,0.0
2011-01-13,1.0,216.0,216.0,22.0,1.0,0.0,0.0,0.0,0.0,0.0
2011-01-14,0.0,0.0,,,0.0,0.0,0.0,0.0,0.0,0.0
2011-01-15,0.0,0.0,,,0.0,0.0,0.0,0.0,0.0,0.0
2011-01-16,0.0,0.0,,,0.0,0.0,0.0,0.0,0.0,0.0
2011-01-17,0.0,0.0,,,0.0,0.0,0.0,0.0,0.0,0.0
2011-01-18,0.0,0.0,,,0.0,0.0,0.0,0.0,0.0,0.0
2011-01-19,0.0,0.0,,,0.0,0.0,0.0,0.0,0.0,0.0
2011-01-20,0.0,0.0,,,0.0,0.0,0.0,0.0,0.0,0.0
2011-01-21,2.0,126.0,63.0,22.0,2.0,0.0,0.0,0.0,0.0,0.0
2011-01-22,0.0,0.0,,,0.0,0.0,0.0,0.0,0.0,0.0
2011-01-23,0.0,0.0,,,0.0,0.0,0.0,0.0,0.0,0.0
2011-01-24,0.0,0.0,,,0.0,0.0,0.0,0.0,0.0,0.0
2011-01-25,0.0,0.0,,,0.0,0.0,0.0,0.0,0.0,0.0
2011-01-26,0.0,0.0,,,0.0,0.0,0.0,0.0,0.0,0.0
2011-01-27,2.0,413.0,206.5,16.0,2.0,0.0,0.0,0.0,0.0,0.0
2011-01-28,0.0,0.0,,,0.0,0.0,0.0,0.0,0.0,0.0
2011-01-29,0.0,0.0,,,0.0,0.0,0.0,0.0,0.0,0.0
2011-01-30,0.0,0.0,,,0.0,0.0,0.0,0.0,0.0,0.0
2011-01-31,2.0,88.0,44.0,22.5,2.0,0.0,0.0,0.0,0.0,0.0
2011-02-01,0.0,0.0,,,0.0,0.0,0.0,0.0,0.0,0.0
2011-02-02,0.0,0.0,,,0.0,0.0,0.0,0.0,0.0,0.0
2011-02-03,0.0,0.0,,,0.0,0.0,0.0,0.0,0.0,0.0
2011-02-04,0.0,0.0,,,0.0,0.0,0.0,0.0,0.0,0.0
2011-02-05,0.0,0.0,,,0.0,0.0,0.0,0.0,0.0,0.0
2011-02-06,0.0,0.0,,,0.0,0.0,0.0,0.0,0.0,0.0
2011-02-07,1.0,101.0,101.0,26.0,1.0,0.0,0.0,0.0,0.0,0.0
2011-02-08,0.0,0.0,,,0.0,0.0,0.0,0.0,0.0,0.0
2011-02-09,0.0,0.0,,,0.0,0.0,0.0,0.0,0.0,0.0
2011-02-10,1.0,402.0,402.0,24.0,1.0,0.0,0.0,0.0,0.0,0.0
2011-02-11,1.0,153.0,153.0,11.0,1.0,0.0,0.0,0.0,0.0,0.0
2011-02-12,0.0,0.0,,,0.0,0.0,0.0,0.0,0.0,0.0
2011-02-13,0.0,0.0,,,0.0,0.0,0.0,0.0,0.0,0.0
2011-02-14,0.0,0.0,,,0.0,0.0,0.0,0.0,0.0,0.0
2011-02-15,4.0,911.0,227.75,7.5,4.0,0.0,0.0,0.0,1.0,0.0
2011-02-16,2.0,769.0,384.5,19.5,2.0,0.0,0.0,0.0,0.0,0.0
2011-02-17,2.0,129.0,64.5,12.5,2.0,0.0,0.0,0.0,0.0,0.0
2011-02-18,1.0,103.0,103.0,8.0,1.0,0.0,0.0,0.0,0.0,0.0
2011-02-19,0.0,0.0,,,0.0,0.0,0.0,0.0,0.0,0.0
2011-02-20,0.0,0.0,,,0.0,0.0,0.0,0.0,0.0,0.0
2011-02-21,0.0,0.0,,,0.0,0.0,0.0,0.0,0.0,0.0
2011-02-22,1.0,102.0,102.0,19.0,1.0,0.0,0.0,0.0,0.0,0.0
2011-02-23,1.0,114.0,114.0,10.0,1.0,0.0,0.0,0.0,0.0,0.0
2011-02-24,0.0,0.0,,,0.0,0.0,0.0,0.0,0.0,0.0
2011-02-25,0.0,0.0,,,0.0,0.0,0.0,0.0,0.0,0.0
2011-02-26,0.0,0.0,,,0.0,0.0,0.0,0.0,0.0,0.0
2011-02-27,0.0,0.0,,,0.0,0.0,0.0,0.0,0.0,0.0
2011-02-28,3.0,296.0,98.66666666666667,16.333333333333332,3.0,0.0,0.0,0.0,0.0,0.0
2011-03-01,1.0,71.0,71.0,10.0,1.0,0.0,0.0,0.0,0.0,0.0
2011-03-02,1.0,97.0,97.0,23.0,1.0,0.0,0.0,0.0,0.0,0.0
2011-03-03,1.0,91.0,91.0,24.0,1.0,0.0,0.0,0.0,0.0,0.0
2011-03-04,1.0,54.0,54.0,7.0,1.0,0.0,0.0,0.0,0.0,0.0
2011-03-05,0.0,0.0,,,0.0,0.0,0.0,0.0,0.0,0.0
2011-03-06,0.0,0.0,,,0.0,0.0,0.0,0.0,0.0,0.0
2011-03-07,2.0,196.0,98.0,17.0,2.0,0.0,0.0,0.0,0.0,0.0
2011-03-08,1.0,66.0,66.0,18.0,1.0,0.0,0.0,0.0,0.0,0.0
2011-03-09,0.0,0.0,,,0.0,0.0,0.0,0.0,0.0,0.0
2011-03-10,1.0,160.0,160.0,14.0,1.0,0.0,0.0,0.0,0.0,0.0
2011-03-11,1.0,49.0,49.0,20.0,1.0,0.0,0.0,0.0,0.0,0.0
2011-03-12,0.0,0.0,,,0.0,0.0,0.0,0.0,0.0,0.0
2011-03-13,0.0,0.0,,,0.0,0.0,0.0,0.0,0.0,0.0
2011-03-14,2.0,97.0,48.5,14.5,2.0,0.0,0.0,0.0,0.0,0.0
2011-03-15,5.0,531.0,106.2,17.0,5.0,0.0,0.0,0.0,0.0,0.0
2011-03-16,3.0,273.0,91.0,14.0,3.0,0.0,0.0,0.0,0.0,1.0
2011-03-17,2.0,118.0,59.0,16.0,2.0,0.0,0.0,0.0,0.0,0.0
2011-03-18,2.0,182.0,91.0,21.0,2.0,0.0,0.0,0.0,0.0,0.0
2011-03-19,0.0,0.0,,,0.0,0.0,0.0,0.0,0.0,0.0
2011-03-20,0.0,0.0,,,0.0,0.0,0.0,0.0,0.0,0.0
2011-03-21,4.0,608.0,152.0,14.75,4.0,0.0,0.0,0.0,0.0,0.0
2011-03-22,2.0,193.0,96.5,13.0,2.0,0.0,0.0,0.0,0.0,0.0
2011-03-23,1.0,87.0,87.0,8.0,1.0,0.0,0.0,0.0,0.0,0.0
2011-03-24,0.0,0.0,,,0.0,0.0,0.0,0.0,0.0,0.0
2011-03-25,0.0,0.0,,,0.0,0.0,0.0,0.0,0.0,0.0
2011-03-26,0.0,0.0,,,0.0,0.0,0.0,0.0,0.0,0.0
2011-03-27,0.0,0.0,,,0.0,0.0,0.0,0.0,0.0,0.0
2011-03-28,2.0,100.0,50.0,14.5,2.0,0.0,0.0,0.0,0.0,0.0
2011-03-29,0.0,0.0,,,0.0,0.0,0.0,0.0,0.0,0.0
2011-03-30,2.0,173.0,86.5,11.0,2.0,0.0,0.0,0.0,0.0,0.0
2011-03-31,2.0,145.0,72.5,13.0,2.0,0.0,0.0,0.0,0.0,0.0
2011-04-01,1.0,89.0,89.0,25.0,1.0,0.0,0.0,0.0,0.0,0.0
2011-04-02,0.0,0.0,,,0.0,0.0,0.0,0.0,0.0,0.0
2011-04-03,0.0,0.0,,,0.0,0.0,0.0,0.0,0.0,0.0
2011-04-04,0.0,0.0,,,0.0,0.0,0.0,0.0,0.0,0.0
2011-04-05,3.0,219.0,73.0,15.666666666666666,3.0,0.0,0.0,0.0,0.0,0.0
2011-04-06,0.0,0.0,,,0.0,0.0,0.0,0.0,0.0,0.0
2011-04-07,3.0,253.0,84.33333333333333,17.666666666666668,3.0,0.0,0.0,0.0,0.0,0.0
2011-04-08,1.0,48.0,48.0,22.0,1.0,0.0,0.0,0.0,0.0,0.0
2011-04-09,0.0,0.0,,,0.0,0.0,0.0,0.0,0.0,0.0
2011-04-10,0.0,0.0,,,0.0,0.0,0.0,0.0,0.0,0.0
2011-04-11,1.0,35.0,35.0,20.0,1.0,0.0,0.0,0.0,0.0,0.0
2011-04-12,2.0,65.0,32.5,10.0,2.0,0.0,0.0,0.0,0.0,1.0
2011-04-13,1.0,167.0,167.0,9.0,1.0,0.0,0.0,0.0,0.0,0.0
2011-04-14,1.0,109.0,109.0,11.0,1.0,0.0,0.0,0.0,0.0,0.0
2011-04-15,1.0,109.0,109.0,15.0,1.0,0.0,0.0,0.0,0.0,0.0
2011-04-16,0.0,0.0,,,0.0,0.0,0.0,0.0,0.0,0.0
2011-04-17,0.0,0.0,,,0.0,0.0,0.0,0.0,0.0,0.0
2011-04-18,3.0,126.0,42.0,12.0,3.0,0.0,0.0,0.0,0.0,0.0
2011-04-19,1.0,68.0,68.0,8.0,1.0,0.0,0.0,0.0,0.0,0.0
2011-04-20,1.0,1122.0,1122.0,8.0,1.0,0.0,0.0,0.0,0.0,0.0
2011-04-21,2.0,84.0,42.0,11.5,2.0,0.0,0.0,0.0,0.0,0.0
2011-04-22,1.0,74.0,74.0,22.0,1.0,0.0,0.0,0.0,0.0,0.0
2011-04-23,0.0,0.0,,,0.0,0.0,0.0,0.0,0.0,0.0
2011-04-24,0.0,0.0,,,0.0,0.0,0.0,0.0,0.0,0.0
2011-04-25,2.0,111.0,55.5,14.0,2.0,0.0,0.0,0.0,0.0,0.0
2011-04-26,0.0,0.0,,,0.0,0.0,0.0,0.0,0.0,0.0
2011-04-27,0.0,0.0,,,0.0,0.0,0.0,0.0,0.0,0.0
2011-04-28,1.0,116.0,116.0,9.0,1.0,0.0,0.0,0.0,0.0,0.0
2011-04-29,2.0,100.0,50.0,12.0,2.0,0.0,0.0,0.0,0.0,0.0
2011-04-30,0.0,0.0,,,0.0,0.0,0.0,0.0,0.0,0.0
2011-05-01,0.0,0.0,,,0.0,0.0,0.0,0.0,0.0,0.0
2011-05-02,2.0,1533.0,766.5,19.5,2.0,0.0,0.0,0.0,0.0,0.0
2011-05-03,1.0,41.0,41.0,12.0,1.0,0.0,0.0,0.0,0.0,1.0
2011-05-04,0.0,0.0,,,0.0,0.0,0.0,0.0,0.0,0.0
2011-05-05,0.0,0.0,,,0.0,0.0,0.0,0.0,0.0,0.0
2011-05-06,1.0,54.0,54.0,15.0,1.0,0.0,0.0,0.0,0.0,0.0
2011-05-07,0.0,0.0,,,0.0,0.0,0.0,0.0,0.0,0.0
2011-05-08,0.0,0.0,,,0.0,0.0,0.0,0.0,0.0,0.0
2011-05-09,2.0,93.0,46.5,11.5,2.0,0.0,0.0,0.0,0.0,0.0
2011-05-10,0.0,0.0,,,0.0,0.0,0.0,0.0,0.0,0.0
2011-05-11,0.0,0.0,,,0.0,0.0,0.0,0.0,0.0,0.0
2011-05-12,1.0,51.0,51.0,20.0,1.0,0.0,0.0,0.0,0.0,0.0
2011-05-13,2.0,363.0,181.5,14.5,2.0,0.0,0.0,0.0,0.0,0.0
2011-05-14,0.0,0.0,,,0.0,0.0,0.0,0.0,0.0,0.0
2011-05-15,0.0,0.0,,,0.0,0.0,0.0,0.0,0.0,0.0
2011-05-16,2.0,868.0,434.0,22.5,2.0,0.0,0.0,0.0,0.0,0.0
2011-05-17,1.0,89.0,89.0,9.0,1.0,0.0,0.0,0.0,0.0,0.0
2011-05-18,0.0,0.0,,,0.0,0.0,0.0,0.0,0.0,0.0
2011-05-19,1.0,41.0,41.0,12.0,1.0,0.0,0.0,0.0,0.0,0.0
2011-05-20,1.0,59.0,59.0,20.0,1.0,0.0,0.0,0.0,0.0,0.0
2011-05-21,0.0,0.0,,,0.0,0.0,0.0,0.0,0.0,0.0
2011-05-22,0.0,0.0,,,0.0,0.0,0.0,0.0,0.0,0.0
2011-05-23,2.0,93.0,46.5,13.5,2.0,0.0,0.0,0.0,0.0,0.0
2011-05-24,0.0,0.0,,,0.0,0.0,0.0,0.0,0.0,0.0
2011-05-25,1.0,49.0,49.0,14.0,1.0,0.0,0.0,0.0,0.0,0.0
2011-05-26,1.0,28.0,28.0,16.0,1.0,0.0,0.0,0.0,0.0,1.0
2011-05-27,1.0,348.0,348.0,19.0,1.0,0.0,0.0,0.0,0.0,0.0
2011-05-28,0.0,0.0,,,0.0,0.0,0.0,0.0,0.0,0.0
2011-05-29,0.0,0.0,,,0.0,0.0,0.0,0.0,0.0,0.0
2011-05-30,0.0,0.0,,,0.0,0.0,0.0,0.0,0.0,0.0
2011-05-31,0.0,0.0,,,0.0,0.0,0.0,0.0,0.0,0.0
2011-06-01,2.0,110.0,55.0,11.5,2.0,0.0,0.0,0.0,0.0,0.0
2011-06-02,1.0,86.0,86.0,8.0,1.0,0.0,0.0,0.0,0.0,0.0
2011-06-03,0.0,0.0,,,0.0,0.0,0.0,0.0,0.0,0.0
2011-06-04,0.0,0.0,,,0.0,0.0,0.0,0.0,0.0,0.0
2011-06-05,0.0,0.0,,,0.0,0.0,0.0,0.0,0.0,0.0
2011-06-06,1.0,64.0,64.0,18.0,1.0,0.0,0.0,0.0,0.0,0.0
2011-06-07,1.0,115.0,115.0,9.0,1.0,0.0,0.0,0.0,0.0,0.0
2011-06-08,0.0,0.0,,,0.0,0.0,0.0,0.0,0.0,0.0
2011-06-09,1.0,153.0,153.0,15.0,1.0,0.0,0.0,0.0,0.0,0.0
2011-06-10,0.0,0.0,,,0.0,0.0,0.0,0.0,0.0,0.0
2011-06-11,0.0,0.0,,,0.0,0.0,0.0,0.0,0.0,0.0
2011-06-12,0.0,0.0,,,0.0,0.0,0.0,0.0,0.0,0.0
2011-06-13,0.0,0.0,,,0.0,0.0,0.0,0.0,0.0,0.0
2011-06-14,2.0,83.0,41.5,19.5,2.0,0.0,0.0,0.0,0.0,0.0
2011-06-15,0.0,0.0,,,0.0,0.0,0.0,0.0,0.0,0.0
2011-06-16,1.0,94.0,94.0,25.0,1.0,0.0,0.0,0.0,0.0,0.0
2011-06-17,0.0,0.0,,,0.0,0.0,0.0,0.0,0.0,0.0
2011-06-18,0.0,0.0,,,0.0,0.0,0.0,0.0,0.0,0.0
2011-06-19,0.0,0.0,,,0.0,0.0,0.0,0.0,0.0,0.0
2011-06-20,1.0,98.0,98.0,10.0,1.0,0.0,0.0,0.0,0.0,0.0
2011-06-21,2.0,152.0,76.0,23.0,2.0,0.0,0.0,0.0,0.0,0.0
2011-06-22,0.0,0.0,,,0.0,0.0,0.0,0.0,0.0,0.0
2011-06-23,1.0,38.0,38.0,25.0,1.0,0.0,0.0,0.0,0.0,0.0
2011-06-24,1.0,15.0,15.0,9.0,1.0,0.0,0.0,0.0,0.0,1.0
2011-06-25,0.0,0.0,,,0.0,0.0,0.0,0.0,0.0,0.0
2011-06-26,0.0,0.0,,,0.0,0.0,0.0,0.0,0.0,0.0
2011-06-27,2.0,139.0,69.5,21.5,2.0,0.0,0.0,0.0,0.0,0.0
2011-06-28,0.0,0.0,,,0.0,0.0,0.0,0.0,0.0,0.0
2011-06-29,0.0,0.0,,,0.0,0.0,0.0,0.0,0.0,0.0
2011-06-30,0.0,0.0,,,0.0,0.0,0.0,0.0,0.0,0.0
2011-07-01,2.0,172.0,86.0,15.5,2.0,0.0,0.0,0.0,0.0,0.0
2011-07-02,0.0,0.0,,,0.0,0.0,0.0,0.0,0.0,0.0
2011-07-03,0.0,0.0,,,0.0,0.0,0.0,0.0,0.0,0.0
2011-07-04,0.0,0.0,,,0.0,0.0,0.0,0.0,0.0,0.0
2011-07-05,2.0,197.0,98.5,17.5,2.0,0.0,0.0,0.0,0.0,0.0
2011-07-06,1.0,308.0,308.0,22.0,1.0,0.0,0.0,0.0,0.0,0.0
2011-07-07,3.0,1215.0,405.0,23.333333333333332,3.0,0.0,0.0,0.0,0.0,0.0
2011-07-08,4.0,896.0,224.0,19.25,4.0,0.0,0.0,0.0,0.0,1.0
2011-07-09,0.0,0.0,,,0.0,0.0,0.0,0.0,0.0,0.0
2011-07-10,0.0,0.0,,,0.0,0.0,0.0,0.0,0.0,0.0
2011-07-11,2.0,105.0,52.5,12.0,2.0,0.0,0.0,0.0,0.0,0.0
2011-07-12,3.0,2796.0,932.0,18.666666666666668,3.0,0.0,0.0,0.0,0.0,1.0
2011-07-13,1.0,39.0,39.0,10.0,1.0,0.0,0.0,0.0,0.0,0.0
2011-07-14,8.0,6502.0,812.75,16.0,8.0,0.0,0.0,0.0,0.0,1.0
2011-07-15,3.0,245.0,81.66666666666667,17.0,3.0,0.0,0.0,0.0,0.0,2.0
2011-07-16,0.0,0.0,,,0.0,0.0,0.0,0.0,0.0,0.0
2011-07-17,0.0,0.0,,,0.0,0.0,0.0,0.0,0.0,0.0
2011-07-18,5.0,5845.0,1169.0,16.6,5.0,0.0,0.0,0.0,0.0,1.0
2011-07-19,5.0,1551.0,310.2,15.6,5.0,0.0,0.0,0.0,0.0,0.0
2011-07-20,4.0,2707.0,676.75,12.75,4.0,0.0,0.0,0.0,0.0,0.0
2011-07-21,1.0,116.0,116.0,16.0,1.0,0.0,0.0,0.0,0.0,0.0
2011-07-22,2.0,425.0,212.5,14.0,2.0,0.0,0.0,0.0,0.0,0.0
2011-07-23,0.0,0.0,,,0.0,0.0,0.0,0.0,0.0,0.0
2011-07-24,0.0,0.0,,,0.0,0.0,0.0,0.0,0.0,0.0
2011-07-25,5.0,2204.0,440.8,16.6,5.0,0.0,0.0,0.0,0.0,0.0
2011-07-26,5.0,1790.0,358.0,13.8,5.0,0.0,0.0,0.0,0.0,0.0
2011-07-27,5.0,16341.0,3268.2,17.0,5.0,0.0,0.0,0.0,0.0,0.0
2011-07-28,6.0,640.0,106.66666666666667,20.166666666666668,6.0,0.0,0.0,0.0,0.0,2.0
2011-07-29,7.0,2623.0,374.7142857142857,15.0,7.0,0.0,0.0,0.0,0.0,0.0
2011-07-30,2.0,406.0,203.0,14.0,2.0,0.0,0.0,0.0,0.0,0.0
2011-07-31,0.0,0.0,,,0.0,0.0,0.0,0.0,0.0,0.0
2011-08-01,4.0,1574.0,393.5,12.0,4.0,0.0,0.0,0.0,0.0,0.0
2011-08-02,6.0,786.0,131.0,11.166666666666666,6.0,0.0,0.0,0.0,0.0,0.0
2011-08-03,7.0,5221.0,745.8571428571429,14.714285714285714,7.0,0.0,0.0,0.0,0.0,0.0
2011-08-04,4.0,859.0,214.75,16.5,4.0,0.0,0.0,0.0,0.0,0.0
2011-08-05,3.0,392.0,130.66666666666666,15.666666666666666,3.0,0.0,0.0,0.0,0.0,0.0
2011-08-06,0.0,0.0,,,0.0,0.0,0.0,0.0,0.0,0.0
2011-08-07,0.0,0.0,,,0.0,0.0,0.0,0.0,0.0,0.0
2011-08-08,2.0,527.0,263.5,18.0,2.0,0.0,0.0,0.0,0.0,0.0
2011-08-09,6.0,496.0,82.66666666666667,18.5,6.0,0.0,0.0,0.0,0.0,1.0
2011-08-10,5.0,2894.0,578.8,16.4,5.0,0.0,0.0,0.0,0.0,1.0
2011-08-11,3.0,184.0,61.333333333333336,16.333333333333332,3.0,0.0,0.0,0.0,0.0,0.0
2011-08-12,3.0,1560.0,520.0,16.333333333333332,3.0,0.0,0.0,0.0,0.0,0.0
2011-08-13,3.0,4987.0,1662.3333333333333,14.666666666666666,3.0,0.0,0.0,0.0,0.0,0.0
2011-08-14,0.0,0.0,,,0.0,0.0,0.0,0.0,0.0,0.0
2011-08-15,7.0,20021.0,2860.1428571428573,14.285714285714286,7.0,0.0,0.0,0.0,0.0,1.0
2011-08-16,3.0,850.0,283.3333333333333,12.333333333333334,3.0,0.0,0.0,0.0,0.0,0.0
2011-08-17,4.0,6169.0,1542.25,14.75,4.0,0.0,0.0,0.0,0.0,1.0
2011-08-18,4.0,742.0,185.5,12.5,4.0,0.0,0.0,0.0,0.0,1.0
2011-08-19,3.0,1279.0,426.3333333333333,20.0,3.0,0.0,0.0,0.0,0.0,2.0
2011-08-20,0.0,0.0,,,0.0,0.0,0.0,0.0,0.0,0.0
2011-08-21,0.0,0.0,,,0.0,0.0,0.0,0.0,0.0,0.0
2011-08-22,4.0,998.0,249.5,18.5,4.0,0.0,0.0,0.0,0.0,0.0
2011-08-23,4.0,16137.0,4034.25,14.0,4.0,0.0,0.0,0.0,0.0,1.0
2011-08-24,3.0,1724.0,574.6666666666666,19.666666666666668,3.0,0.0,0.0,0.0,0.0,0.0
2011-08-25,4.0,4062.0,1015.5,17.5,4.0,0.0,0.0,0.0,0.0,1.0
2011-08-26,5.0,4768.0,953.6,13.2,5.0,0.0,0.0,0.0,0.0,0.0
2011-08-27,0.0,0.0,,,0.0,0.0,0.0,0.0,0.0,0.0
2011-08-28,0.0,0.0,,,0.0,0.0,0.0,0.0,0.0,0.0
2011-08-29,4.0,2122.0,530.5,16.5,4.0,0.0,0.0,0.0,0.0,1.0
2011-08-30,4.0,1863.0,465.75,14.75,4.0,0.0,0.0,0.0,0.0,0.0
2011-08-31,5.0,1610.0,322.0,15.4,5.0,0.0,0.0,0.0,0.0,0.0
2011-09-01,4.0,1103.0,275.75,18.5,4.0,0.0,0.0,0.0,0.0,1.0
2011-09-02,2.0,1566.0,783.0,22.5,2.0,0.0,0.0,0.0,0.0,0.0
2011-09-03,0.0,0.0,,,0.0,0.0,0.0,0.0,0.0,0.0
2011-09-04,0.0,0.0,,,0.0,0.0,0.0,0.0,0.0,0.0
2011-09-05,0.0,0.0,,,0.0,0.0,0.0,0.0,0.0,0.0
2011-09-06,5.0,1677.0,335.4,17.6,5.0,0.0,0.0,0.0,0.0,2.0
2011-09-07,5.0,5149.0,1029.8,12.2,5.0,0.0,0.0,0.0,0.0,0.0
2011-09-08,6.0,1681.0,280.1666666666667,13.166666666666666,6.0,0.0,0.0,0.0,0.0,1.0
2011-09-09,3.0,1488.0,496.0,13.0,3.0,0.0,0.0,0.0,0.0,1.0
2011-09-10,0.0,0.0,,,0.0,0.0,0.0,0.0,0.0,0.0
2011-09-11,0.0,0.0,,,0.0,0.0,0.0,0.0,0.0,0.0
2011-09-12,8.0,2188.0,273.5,16.25,8.0,0.0,0.0,0.0,0.0,0.0
2011-09-13,6.0,977.0,162.83333333333334,20.5,6.0,0.0,0.0,0.0,0.0,1.0
2011-09-14,6.0,443.0,73.83333333333333,16.0,6.0,0.0,0.0,0.0,0.0,2.0
2011-09-15,5.0,862.0,172.4,14.0,5.0,0.0,0.0,0.0,0.0,0.0
2011-09-16,6.0,1674.0,279.0,17.833333333333332,6.0,0.0,0.0,0.0,0.0,2.0
2011-09-17,0.0,0.0,,,0.0,0.0,0.0,0.0,0.0,0.0
2011-09-18,1.0,25.0,25.0,9.0,1.0,0.0,0.0,0.0,0.0,0.0
2011-09-19,5.0,1586.0,317.2,17.0,5.0,0.0,0.0,0.0,0.0,0.0
2011-09-20,4.0,929.0,232.25,12.75,4.0,0.0,0.0,0.0,0.0,1.0
2011-09-21,6.0,7045.0,1174.1666666666667,14.0,6.0,0.0,0.0,0.0,0.0,1.0
2011-09-22,4.0,535.0,133.75,18.25,4.0,0.0,0.0,0.0,0.0,1.0
2011-09-23,3.0,707.0,235.66666666666666,14.0,3.0,0.0,0.0,0.0,0.0,0.0
2011-09-24,0.0,0.0,,,0.0,0.0,0.0,0.0,0.0,0.0
2011-09-25,0.0,0.0,,,0.0,0.0,0.0,0.0,0.0,0.0
2011-09-26,2.0,458.0,229.0,16.0,2.0,0.0,0.0,0.0,0.0,0.0
2011-09-27,6.0,1347.0,224.5,17.333333333333332,6.0,0.0,0.0,0.0,0.0,0.0
2011-09-28,8.0,4119.0,514.875,13.75,8.0,0.0,0.0,0.0,0.0,0.0
2011-09-29,8.0,3828.0,478.5,19.75,8.0,0.0,0.0,0.0,0.0,1.0
2011-09-30,8.0,1476.0,184.5,14.625,8.0,0.0,0.0,0.0,0.0,3.0
2011-10-01,0.0,0.0,,,0.0,0.0,0.0,0.0,0.0,0.0
2011-10-02,0.0,0.0,,,0.0,0.0,0.0,0.0,0.0,0.0
2011-10-03,9.0,1564.0,173.77777777777777,13.88888888888889,9.0,0.0,0.0,0.0,0.0,2.0
2011-10-04,7.0,975.0,139.28571428571428,15.142857142857142,7.0,0.0,0.0,0.0,0.0,1.0
2011-10-05,2.0,1393.0,696.5,21.0,2.0,0.0,0.0,0.0,0.0,2.0
2011-10-06,4.0,988.0,247.0,14.75,4.0,0.0,0.0,0.0,0.0,0.0
2011-10-07,6.0,5001.0,833.5,16.666666666666668,6.0,0.0,0.0,0.0,0.0,1.0
2011-10-08,0.0,0.0,,,0.0,0.0,0.0,0.0,0.0,0.0
2011-10-09,0.0,0.0,,,0.0,0.0,0.0,0.0,0.0,0.0
2011-10-10,0.0,0.0,,,0.0,0.0,0.0,0.0,0.0,0.0
2011-10-11,7.0,3419.0,488.42857142857144,13.142857142857142,7.0,0.0,0.0,0.0,0.0,0.0
2011-10-12,2.0,160.0,80.0,13.5,2.0,0.0,0.0,0.0,0.0,0.0
2011-10-13,2.0,1227.0,613.5,13.0,2.0,0.0,0.0,0.0,0.0,0.0
2011-10-14,3.0,618.0,206.0,13.666666666666666,3.0,0.0,0.0,0.0,0.0,0.0
2011-10-15,2.0,93.0,46.5,8.5,2.0,0.0,0.0,0.0,0.0,0.0
2011-10-16,1.0,72.0,72.0,15.0,1.0,0.0,0.0,0.0,0.0,0.0
2011-10-17,6.0,2530.0,421.6666666666667,14.166666666666666,6.0,0.0,0.0,0.0,0.0,0.0
2011-10-18,7.0,1310.0,187.14285714285714,17.571428571428573,7.0,0.0,0.0,0.0,0.0,1.0
2011-10-19,5.0,2785.0,557.0,14.2,5.0,0.0,0.0,0.0,0.0,0.0
2011-10-20,8.0,1361.0,170.125,16.625,8.0,0.0,0.0,0.0,0.0,1.0
2011-10-21,6.0,3556.0,592.6666666666666,18.833333333333332,6.0,0.0,0.0,0.0,0.0,0.0
2011-10-22,0.0,0.0,,,0.0,0.0,0.0,0.0,0.0,0.0
2011-10-23,0.0,0.0,,,0.0,0.0,0.0,0.0,0.0,0.0
2011-10-24,6.0,3771.0,628.5,20.0,6.0,0.0,0.0,0.0,0.0,0.0
2011-10-25,13.0,5763.0,443.3076923076923,17.384615384615383,13.0,0.0,0.0,0.0,0.0,0.0
2011-10-26,7.0,1260.0,180.0,17.857142857142858,7.0,0.0,0.0,0.0,0.0,0.0
2011-10-27,5.0,2269.0,453.8,16.8,5.0,0.0,0.0,0.0,0.0,0.0
2011-10-28,4.0,508.0,127.0,14.0,4.0,0.0,0.0,0.0,0.0,0.0
2011-10-29,0.0,0.0,,,0.0,0.0,0.0,0.0,0.0,0.0
2011-10-30,0.0,0.0,,,0.0,0.0,0.0,0.0,0.0,0.0
2011-10-31,1.0,50.0,50.0,10.0,1.0,0.0,0.0,0.0,0.0,0.0
2011-11-01,6.0,2819.0,469.8333333333333,16.333333333333332,6.0,0.0,0.0,0.0,0.0,0.0
2011-11-02,8.0,3007.0,375.875,18.625,8.0,0.0,0.0,0.0,0.0,0.0
2011-11-03,0.0,0.0,,,0.0,0.0,0.0,0.0,0.0,0.0
2011-11-04,5.0,681.0,136.2,16.0,5.0,0.0,0.0,0.0,0.0,0.0
2011-11-05,0.0,0.0,,,0.0,0.0,0.0,0.0,0.0,0.0
2011-11-06,0.0,0.0,,,0.0,0.0,0.0,0.0,0.0,0.0
2011-11-07,0.0,0.0,,,0.0,0.0,0.0,0.0,0.0,0.0
2011-11-08,5.0,921.0,184.2,16.6,5.0,0.0,0.0,0.0,0.0,0.0
2011-11-09,5.0,955.0,191.0,15.6,5.0,0.0,0.0,0.0,0.0,0.0
2011-11-10,9.0,1901.0,211.22222222222223,15.444444444444445,9.0,0.0,0.0,0.0,0.0,0.0
2011-11-11,8.0,1568.0,196.0,16.0,8.0,0.0,0.0,0.0,0.0,1.0
2011-11-12,0.0,0.0,,,0.0,0.0,0.0,0.0,0.0,0.0
2011-11-13,0.0,0.0,,,0.0,0.0,0.0,0.0,0.0,0.0
2011-11-14,5.0,1591.0,318.2,18.0,5.0,0.0,0.0,0.0,0.0,3.0
2011-11-15,7.0,1084.0,154.85714285714286,16.857142857142858,7.0,0.0,0.0,0.0,0.0,2.0
2011-11-16,10.0,1116.0,111.6,18.9,10.0,0.0,0.0,0.0,0.0,0.0
2011-11-17,6.0,1146.0,191.0,19.666666666666668,6.0,0.0,0.0,0.0,0.0,1.0
2011-11-18,10.0,1684.0,168.4,18.1,10.0,0.0,0.0,0.0,0.0,0.0
2011-11-19,0.0,0.0,,,0.0,0.0,0.0,0.0,0.0,0.0
2011-11-20,0.0,0.0,,,0.0,0.0,0.0,0.0,0.0,0.0
2011-11-21,6.0,1301.0,216.83333333333334,20.833333333333332,6.0,0.0,0.0,0.0,0.0,0.0
2011-11-22,6.0,2209.0,368.1666666666667,19.0,6.0,0.0,0.0,0.0,0.0,0.0
2011-11-23,4.0,1186.0,296.5,17.5,4.0,0.0,0.0,0.0,0.0,0.0
2011-11-24,0.0,0.0,,,0.0,0.0,0.0,0.0,0.0,0.0
2011-11-25,0.0,0.0,,,0.0,0.0,0.0,0.0,0.0,0.0
2011-11-26,0.0,0.0,,,0.0,0.0,0.0,0.0,0.0,0.0
2011-11-27,0.0,0.0,,,0.0,0.0,0.0,0.0,0.0,0.0
2011-11-28,8.0,1423.0,177.875,18.875,8.0,0.0,0.0,0.0,0.0,0.0
2011-11-29,9.0,66996.0,7444.0,15.444444444444445,9.0,0.0,0.0,0.0,0.0,0.0
2011-11-30,7.0,1759.0,251.28571428571428,18.857142857142858,7.0,0.0,0.0,0.0,0.0,0.0
2011-12-01,6.0,813.0,135.5,17.333333333333332,6.0,0.0,0.0,0.0,0.0,0.0
2011-12-02,9.0,2941.0,326.77777777777777,18.333333333333332,9.0,0.0,0.0,0.0,0.0,0.0
2011-12-03,0.0,0.0,,,0.0,0.0,0.0,0.0,0.0,0.0
2011-12-04,0.0,0.0,,,0.0,0.0,0.0,0.0,0.0,0.0
2011-12-05,12.0,1615.0,134.58333333333334,17.5,12.0,0.0,0.0,2.0,0.0,0.0
2011-12-06,9.0,2783.0,309.22222222222223,21.88888888888889,9.0,0.0,0.0,0.0,0.0,0.0
2011-12-07,12.0,505.0,42.083333333333336,15.083333333333334,12.0,0.0,0.0,2.0,0.0,0.0
2011-12-08,14.0,1969.0,140.64285714285714,18.642857142857142,14.0,0.0,0.0,0.0,0.0,0.0
2011-12-09,16.0,3984.0,249.0,17.3125,16.0,0.0,0.0,0.0,0.0,0.0
2011-12-10,0.0,0.0,,,0.0,0.0,0.0,0.0,0.0,0.0
2011-12-11,0.0,0.0,,,0.0,0.0,0.0,0.0,0.0,0.0
2011-12-12,12.0,1377.0,114.75,20.583333333333332,12.0,0.0,0.0,0.0,0.0,1.0
2011-12-13,13.0,1456.0,112.0,19.46153846153846,13.0,0.0,0.0,0.0,0.0,1.0
2011-12-14,20.0,6165.0,308.25,18.1,20.0,0.0,0.0,0.0,0.0,0.0
2011-12-15,11.0,5252.0,477.45454545454544,18.636363636363637,11.0,0.0,0.0,0.0,0.0,0.0
2011-12-16,12.0,1773.0,147.75,18.25,12.0,0.0,0.0,0.0,0.0,0.0
2011-12-17,0.0,0.0,,,0.0,0.0,0.0,0.0,0.0,0.0
2011-12-18,0.0,0.0,,,0.0,0.0,0.0,0.0,0.0,0.0
2011-12-19,11.0,1618.0,147.0909090909091,18.09090909090909,11.0,0.0,0.0,1.0,0.0,0.0
2011-12-20,15.0,4956.0,330.4,17.0,15.0,0.0,0.0,0.0,0.0,0.0
2011-12-21,10.0,62556.0,6255.6,15.4,10.0,0.0,0.0,0.0,0.0,0.0
2011-12-22,10.0,1465.0,146.5,21.6,10.0,0.0,0.0,0.0,0.0,0.0
2011-12-23,0.0,0.0,,,0.0,0.0,0.0,0.0,0.0,0.0
2011-12-24,0.0,0.0,,,0.0,0.0,0.0,0.0,0.0,0.0
2011-12-25,0.0,0.0,,,0.0,0.0,0.0,0.0,0.0,0.0
2011-12-26,0.0,0.0,,,0.0,0.0,0.0,0.0,0.0,0.0
2011-12-27,11.0,2751.0,250.0909090909091,18.90909090909091,11.0,0.0,0.0,0.0,0.0,0.0
2011-12-28,7.0,3272.0,467.42857142857144,19.857142857142858,7.0,0.0,0.0,0.0,0.0,1.0
2011-12-29,6.0,6133.0,1022.1666666666666,17.833333333333332,6.0,0.0,0.0,0.0,0.0,0.0
2011-12-30,7.0,11963.0,1709.0,17.285714285714285,7.0,0.0,0.0,0.0,0.0,0.0
2011-12-31,0.0,0.0,,,0.0,0.0,0.0,0.0,0.0,0.0
2012-01-01,0.0,0.0,,,0.0,0.0,0.0,0.0,0.0,0.0
2012-01-02,0.0,0.0,,,0.0,0.0,0.0,0.0,0.0,0.0
2012-01-03,12.0,1639.0,136.58333333333334,19.0,12.0,0.0,0.0,0.0,0.0,0.0
2012-01-04,12.0,4694.0,391.1666666666667,19.25,12.0,0.0,0.0,0.0,0.0,0.0
2012-01-05,7.0,3032.0,433.14285714285717,17.428571428571427,7.0,0.0,0.0,0.0,0.0,0.0
2012-01-06,10.0,1765.0,176.5,19.5,10.0,0.0,0.0,0.0,0.0,0.0
2012-01-07,0.0,0.0,,,0.0,0.0,0.0,0.0,0.0,0.0
2012-01-08,0.0,0.0,,,0.0,0.0,0.0,0.0,0.0,0.0
2012-01-09,9.0,1795.0,199.44444444444446,16.444444444444443,9.0,0.0,0.0,0.0,0.0,0.0
2012-01-10,9.0,34648.0,3849.777777777778,22.555555555555557,9.0,0.0,0.0,0.0,0.0,0.0
2012-01-11,4.0,993.0,248.25,20.0,4.0,0.0,0.0,0.0,0.0,0.0
2012-01-12,5.0,7283.0,1456.6,19.4,5.0,0.0,0.0,0.0,0.0,0.0
2012-01-13,7.0,38441.0,5491.571428571428,17.428571428571427,7.0,0.0,0.0,0.0,0.0,0.0
2012-01-14,0.0,0.0,,,0.0,0.0,0.0,0.0,0.0,0.0
2012-01-15,0.0,0.0,,,0.0,0.0,0.0,0.0,0.0,0.0
2012-01-16,1.0,129.0,129.0,9.0,1.0,0.0,0.0,0.0,0.0,0.0
2012-01-17,12.0,19934.0,1661.1666666666667,16.833333333333332,12.0,0.0,0.0,0.0,0.0,1.0
2012-01-18,7.0,982.0,140.28571428571428,15.857142857142858,7.0,0.0,0.0,0.0,0.0,2.0
2012-01-19,9.0,2461.0,273.44444444444446,15.666666666666666,9.0,0.0,0.0,0.0,0.0,0.0
2012-01-20,7.0,1763.0,251.85714285714286,19.571428571428573,7.0,0.0,0.0,0.0,0.0,0.0
2012-01-21,0.0,0.0,,,0.0,0.0,0.0,0.0,0.0,0.0
2012-01-22,0.0,0.0,,,0.0,0.0,0.0,0.0,0.0,0.0
2012-01-23,8.0,887.0,110.875,18.125,8.0,0.0,0.0,0.0,0.0,0.0
2012-01-24,10.0,2129.0,212.9,19.7,10.0,0.0,0.0,0.0,0.0,0.0
2012-01-25,12.0,3153.0,262.75,17.75,12.0,0.0,0.0,0.0,0.0,0.0
2012-01-26,10.0,1316.0,131.6,17.2,10.0,0.0,0.0,0.0,0.0,4.0
2012-01-27,10.0,1148.0,114.8,15.9,10.0,0.0,0.0,0.0,0.0,0.0
2012-01-28,0.0,0.0,,,0.0,0.0,0.0,0.0,0.0,0.0
2012-01-29,0.0,0.0,,,0.0,0.0,0.0,0.0,0.0,0.0
2012-01-30,10.0,1191.0,119.1,18.1,10.0,0.0,0.0,0.0,0.0,0.0
2012-01-31,11.0,1081.0,98.27272727272727,17.545454545454547,11.0,0.0,0.0,0.0,0.0,0.0
2012-02-01,14.0,1850.0,132.14285714285714,16.857142857142858,14.0,0.0,0.0,0.0,0.0,0.0
2012-02-02,2.0,376.0,188.0,14.0,2.0,0.0,0.0,0.0,0.0,0.0
2012-02-03,9.0,786.0,87.33333333333333,17.666666666666668,9.0,0.0,0.0,0.0,0.0,0.0
2012-02-04,0.0,0.0,,,0.0,0.0,0.0,0.0,0.0,0.0
2012-02-05,3.0,119.0,39.666666666666664,16.666666666666668,3.0,0.0,0.0,0.0,0.0,0.0
2012-02-06,19.0,1399.0,73.63157894736842,17.68421052631579,19.0,0.0,0.0,0.0,0.0,0.0
2012-02-07,10.0,1046.0,104.6,17.4,10.0,0.0,0.0,0.0,0.0,0.0
2012-02-08,26.0,13480.0,518.4615384615385,16.26923076923077,26.0,0.0,0.0,0.0,0.0,8.0
2012-02-09,19.0,2009.0,105.73684210526316,16.68421052631579,19.0,0.0,0.0,0.0,0.0,4.0
2012-02-10,8.0,917.0,114.625,19.0,8.0,0.0,0.0,0.0,0.0,3.0
2012-02-11,0.0,0.0,,,0.0,0.0,0.0,0.0,0.0,0.0
2012-02-12,0.0,0.0,,,0.0,0.0,0.0,0.0,0.0,0.0
2012-02-13,10.0,1904.0,190.4,18.9,10.0,0.0,0.0,0.0,0.0,0.0
2012-02-14,12.0,2696.0,224.66666666666666,20.5,12.0,0.0,0.0,0.0,0.0,1.0
2012-02-15,22.0,1606.0,73.0,18.181818181818183,22.0,0.0,0.0,0.0,0.0,6.0
2012-02-16,13.0,1271.0,97.76923076923077,14.76923076923077,13.0,0.0,0.0,1.0,0.0,4.0
2012-02-17,10.0,1341.0,134.1,17.8,10.0,0.0,0.0,0.0,0.0,0.0
2012-02-18,0.0,0.0,,,0.0,0.0,0.0,0.0,0.0,0.0
2012-02-19,0.0,0.0,,,0.0,0.0,0.0,0.0,0.0,0.0
2012-02-20,0.0,0.0,,,0.0,0.0,0.0,0.0,0.0,0.0
2012-02-21,12.0,2069.0,172.41666666666666,20.0,12.0,0.0,0.0,0.0,0.0,0.0
2012-02-22,11.0,1681.0,152.8181818181818,20.181818181818183,11.0,0.0,0.0,0.0,0.0,2.0
2012-02-23,11.0,8948.0,813.4545454545455,17.90909090909091,11.0,0.0,0.0,1.0,0.0,1.0
2012-02-24,12.0,1539.0,128.25,16.5,12.0,0.0,0.0,0.0,0.0,0.0
2012-02-25,0.0,0.0,,,0.0,0.0,0.0,0.0,0.0,0.0
2012-02-26,0.0,0.0,,,0.0,0.0,0.0,0.0,0.0,0.0
2012-02-27,15.0,3774.0,251.6,18.333333333333332,15.0,0.0,0.0,0.0,0.0,1.0
2012-02-28,11.0,1317.0,119.72727272727273,17.727272727272727,11.0,0.0,0.0,0.0,0.0,1.0
2012-02-29,8.0,832.0,104.0,19.875,8.0,0.0,0.0,0.0,0.0,1.0
2012-03-01,6.0,1055.0,175.83333333333334,16.166666666666668,6.0,0.0,0.0,0.0,0.0,2.0
2012-03-02,0.0,0.0,,,0.0,0.0,0.0,0.0,0.0,0.0
2012-03-03,0.0,0.0,,,0.0,0.0,0.0,0.0,0.0,0.0
2012-03-04,0.0,0.0,,,0.0,0.0,0.0,0.0,0.0,0.0
2012-03-05,13.0,2018.0,155.23076923076923,17.76923076923077,13.0,0.0,0.0,0.0,0.0,0.0
2012-03-06,10.0,2229.0,222.9,20.8,10.0,0.0,0.0,0.0,0.0,0.0
2012-03-07,8.0,548.0,68.5,17.75,8.0,0.0,0.0,0.0,0.0,0.0
2012-03-08,7.0,628.0,89.71428571428571,18.571428571428573,7.0,0.0,0.0,0.0,0.0,0.0
2012-03-09,5.0,841.0,168.2,15.2,5.0,0.0,0.0,0.0,0.0,0.0
2012-03-10,0.0,0.0,,,0.0,0.0,0.0,0.0,0.0,0.0
2012-03-11,0.0,0.0,,,0.0,0.0,0.0,0.0,0.0,0.0
2012-03-12,17.0,56198.0,3305.764705882353,17.647058823529413,17.0,0.0,0.0,2.0,0.0,0.0
2012-03-13,11.0,2866.0,260.54545454545456,17.181818181818183,11.0,0.0,0.0,0.0,0.0,2.0
2012-03-14,8.0,703.0,87.875,19.125,8.0,0.0,0.0,0.0,0.0,1.0
2012-03-15,10.0,1372.0,137.2,18.4,10.0,0.0,0.0,0.0,0.0,0.0
2012-03-16,12.0,2710.0,225.83333333333334,19.333333333333332,12.0,0.0,0.0,0.0,0.0,2.0
2012-03-17,1.0,62.0,62.0,18.0,1.0,0.0,0.0,0.0,0.0,0.0
2012-03-18,0.0,0.0,,,0.0,0.0,0.0,0.0,0.0,0.0
2012-03-19,10.0,7995.0,799.5,18.4,10.0,0.0,0.0,0.0,0.0,0.0
2012-03-20,9.0,5197.0,577.4444444444445,19.77777777777778,9.0,0.0,0.0,0.0,0.0,1.0
2012-03-21,8.0,2127.0,265.875,19.875,8.0,0.0,0.0,0.0,0.0,0.0
2012-03-22,10.0,1414.0,141.4,17.2,10.0,0.0,0.0,0.0,0.0,0.0
2012-03-23,9.0,1032.0,114.66666666666667,18.88888888888889,9.0,0.0,0.0,0.0,0.0,2.0
2012-03-24,0.0,0.0,,,0.0,0.0,0.0,0.0,0.0,0.0
2012-03-25,0.0,0.0,,,0.0,0.0,0.0,0.0,0.0,0.0
2012-03-26,8.0,664.0,83.0,17.5,8.0,0.0,0.0,0.0,0.0,0.0
2012-03-27,0.0,0.0,,,0.0,0.0,0.0,0.0,0.0,0.0
2012-03-28,15.0,1417.0,94.46666666666667,18.866666666666667,15.0,0.0,0.0,0.0,0.0,2.0
2012-03-29,13.0,1082.0,83.23076923076923,16.923076923076923,13.0,0.0,0.0,0.0,0.0,2.0
2012-03-30,16.0,2828.0,176.75,18.4375,16.0,0.0,0.0,0.0,0.0,2.0
2012-03-31,0.0,0.0,,,0.0,0.0,0.0,0.0,0.0,0.0
2012-04-01,0.0,0.0,,,0.0,0.0,0.0,0.0,0.0,0.0
2012-04-02,12.0,1496.0,124.66666666666667,17.75,12.0,0.0,0.0,0.0,0.0,0.0
2012-04-03,9.0,1453.0,161.44444444444446,19.22222222222222,9.0,0.0,0.0,0.0,0.0,0.0
2012-04-04,8.0,950.0,118.75,19.875,8.0,0.0,0.0,0.0,0.0,2.0
2012-04-05,12.0,2664.0,222.0,16.0,12.0,0.0,0.0,0.0,0.0,0.0
2012-04-06,14.0,3160.0,225.71428571428572,16.214285714285715,14.0,0.0,0.0,0.0,0.0,1.0
2012-04-07,0.0,0.0,,,0.0,0.0,0.0,0.0,0.0,0.0
2012-04-08,0.0,0.0,,,0.0,0.0,0.0,0.0,0.0,0.0
2012-04-09,7.0,1142.0,163.14285714285714,20.428571428571427,7.0,0.0,0.0,0.0,0.0,0.0
2012-04-10,12.0,1665.0,138.75,17.583333333333332,12.0,0.0,0.0,0.0,0.0,0.0
2012-04-11,8.0,2922.0,365.25,16.875,8.0,0.0,0.0,0.0,0.0,0.0
2012-04-12,12.0,2127.0,177.25,19.416666666666668,12.0,0.0,0.0,0.0,0.0,0.0
2012-04-13,11.0,5121.0,465.54545454545456,17.727272727272727,11.0,0.0,0.0,0.0,0.0,1.0
2012-04-14,3.0,1056.0,352.0,22.0,3.0,0.0,0.0,0.0,0.0,0.0
2012-04-15,2.0,225.0,112.5,22.5,2.0,0.0,0.0,0.0,0.0,0.0
2012-04-16,6.0,4005.0,667.5,14.333333333333334,6.0,0.0,0.0,0.0,0.0,0.0
2012-04-17,6.0,540.0,90.0,18.5,6.0,0.0,0.0,0.0,0.0,0.0
2012-04-18,12.0,2428.0,202.33333333333334,18.416666666666668,12.0,0.0,0.0,0.0,0.0,0.0
2012-04-19,14.0,4037.0,288.35714285714283,19.785714285714285,14.0,0.0,0.0,0.0,0.0,3.0
2012-04-20,3.0,1823.0,607.6666666666666,14.333333333333334,3.0,0.0,0.0,0.0,0.0,0.0
2012-04-21,0.0,0.0,,,0.0,0.0,0.0,0.0,0.0,0.0
2012-04-22,3.0,271.0,90.33333333333333,13.666666666666666,3.0,0.0,0.0,0.0,0.0,1.0
2012-04-23,12.0,2194.0,182.83333333333334,16.833333333333332,12.0,0.0,0.0,0.0,0.0,1.0
2012-04-24,8.0,2378.0,297.25,18.25,8.0,0.0,0.0,0.0,0.0,0.0
2012-04-25,2.0,222.0,111.0,22.0,2.0,0.0,0.0,0.0,0.0,0.0
2012-04-26,8.0,1133.0,141.625,18.625,8.0,0.0,0.0,0.0,0.0,0.0
2012-04-27,8.0,2174.0,271.75,17.0,8.0,0.0,0.0,0.0,0.0,0.0
2012-04-28,0.0,0.0,,,0.0,0.0,0.0,0.0,0.0,0.0
2012-04-29,1.0,71.0,71.0,18.0,1.0,0.0,0.0,0.0,0.0,0.0
2012-04-30,10.0,1705.0,170.5,18.1,10.0,0.0,0.0,0.0,0.0,0.0
2012-05-01,8.0,1793.0,224.125,17.875,8.0,0.0,0.0,0.0,0.0,1.0
2012-05-02,10.0,1052.0,105.2,15.5,10.0,0.0,0.0,0.0,0.0,0.0
2012-05-03,6.0,740.0,123.33333333333333,21.0,6.0,0.0,0.0,0.0,0.0,0.0
2012-05-04,11.0,2054.0,186.72727272727272,16.727272727272727,11.0,0.0,0.0,0.0,0.0,0.0
2012-05-05,0.0,0.0,,,0.0,0.0,0.0,0.0,0.0,0.0
2012-05-06,33.0,1064.0,32.24242424242424,14.969696969696969,33.0,0.0,0.0,0.0,0.0,0.0
2012-05-07,13.0,1307.0,100.53846153846153,20.076923076923077,13.0,0.0,0.0,0.0,0.0,0.0
2012-05-08,7.0,2089.0,298.42857142857144,16.142857142857142,7.0,0.0,0.0,0.0,0.0,0.0
2012-05-09,8.0,2209.0,276.125,17.875,8.0,0.0,0.0,0.0,0.0,0.0
2012-05-10,7.0,2057.0,293.85714285714283,19.142857142857142,7.0,0.0,0.0,0.0,0.0,0.0
2012-05-11,11.0,2521.0,229.1818181818182,18.272727272727273,11.0,0.0,0.0,0.0,0.0,2.0
2012-05-12,0.0,0.0,,,0.0,0.0,0.0,0.0,0.0,0.0
2012-05-13,0.0,0.0,,,0.0,0.0,0.0,0.0,0.0,0.0
2012-05-14,21.0,6839.0,325.6666666666667,18.476190476190474,21.0,0.0,0.0,0.0,0.0,0.0
2012-05-15,12.0,3815.0,317.9166666666667,18.25,12.0,0.0,0.0,0.0,0.0,0.0
2012-05-16,6.0,1581.0,263.5,13.666666666666666,6.0,0.0,0.0,0.0,0.0,0.0
2012-05-17,6.0,1258.0,209.66666666666666,16.666666666666668,6.0,0.0,0.0,0.0,0.0,1.0
2012-05-18,13.0,8572.0,659.3846153846154,16.923076923076923,13.0,0.0,0.0,0.0,0.0,0.0
2012-05-19,0.0,0.0,,,0.0,0.0,0.0,0.0,0.0,0.0
2012-05-20,1.0,72.0,72.0,16.0,1.0,0.0,0.0,0.0,0.0,0.0
2012-05-21,15.0,2176.0,145.06666666666666,17.4,15.0,0.0,0.0,0.0,0.0,0.0
2012-05-22,16.0,4202.0,262.625,18.8125,16.0,0.0,0.0,0.0,0.0,0.0
2012-05-23,10.0,1782.0,178.2,17.0,10.0,0.0,0.0,0.0,0.0,0.0
2012-05-24,11.0,5602.0,509.27272727272725,16.727272727272727,11.0,0.0,0.0,0.0,0.0,0.0
2012-05-25,0.0,0.0,,,0.0,0.0,0.0,0.0,0.0,0.0
2012-05-26,0.0,0.0,,,0.0,0.0,0.0,0.0,0.0,0.0
2012-05-27,1.0,413.0,413.0,22.0,1.0,0.0,0.0,0.0,0.0,0.0
2012-05-28,0.0,0.0,,,0.0,0.0,0.0,0.0,0.0,0.0
2012-05-29,16.0,3033.0,189.5625,18.0625,16.0,0.0,0.0,0.0,0.0,0.0
2012-05-30,22.0,13439.0,610.8636363636364,17.863636363636363,22.0,0.0,0.0,0.0,0.0,0.0
2012-05-31,11.0,4596.0,417.8181818181818,16.90909090909091,11.0,0.0,0.0,0.0,0.0,0.0
2012-06-01,17.0,3358.0,197.52941176470588,16.647058823529413,17.0,0.0,0.0,0.0,0.0,1.0
2012-06-02,1.0,47.0,47.0,21.0,1.0,0.0,0.0,0.0,0.0,0.0
2012-06-03,4.0,1173.0,293.25,15.5,4.0,0.0,0.0,0.0,0.0,0.0
2012-06-04,10.0,1669.0,166.9,17.4,10.0,0.0,0.0,0.0,0.0,0.0
2012-06-05,9.0,1381.0,153.44444444444446,18.11111111111111,9.0,0.0,0.0,0.0,0.0,0.0
2012-06-06,9.0,4552.0,505.77777777777777,17.11111111111111,9.0,0.0,0.0,0.0,0.0,0.0
2012-06-07,8.0,953.0,119.125,16.5,8.0,0.0,0.0,0.0,0.0,0.0
2012-06-08,12.0,3732.0,311.0,18.166666666666668,12.0,0.0,0.0,0.0,0.0,0.0
2012-06-09,6.0,396.0,66.0,16.333333333333332,6.0,0.0,0.0,0.0,0.0,0.0
2012-06-10,0.0,0.0,,,0.0,0.0,0.0,0.0,0.0,0.0
2012-06-11,16.0,2564.0,160.25,16.5625,16.0,0.0,0.0,0.0,0.0,0.0
2012-06-12,14.0,6394.0,456.7142857142857,18.142857142857142,14.0,0.0,0.0,0.0,0.0,0.0
2012-06-13,11.0,2604.0,236.72727272727272,18.454545454545453,11.0,0.0,0.0,0.0,0.0,0.0
2012-06-14,8.0,4378.0,547.25,17.5,8.0,0.0,0.0,0.0,0.0,0.0
2012-06-15,9.0,3059.0,339.8888888888889,18.444444444444443,9.0,0.0,0.0,0.0,0.0,0.0
2012-06-16,0.0,0.0,,,0.0,0.0,0.0,0.0,0.0,0.0
2012-06-17,0.0,0.0,,,0.0,0.0,0.0,0.0,0.0,0.0
2012-06-18,13.0,2860.0,220.0,18.307692307692307,13.0,0.0,0.0,0.0,0.0,0.0
2012-06-19,6.0,1819.0,303.1666666666667,18.5,6.0,0.0,0.0,0.0,0.0,0.0
2012-06-20,8.0,4762.0,595.25,16.25,8.0,0.0,0.0,0.0,0.0,0.0
2012-06-21,11.0,3185.0,289.54545454545456,17.09090909090909,11.0,0.0,0.0,0.0,0.0,0.0
2012-06-22,9.0,1293.0,143.66666666666666,16.555555555555557,9.0,0.0,0.0,0.0,0.0,0.0
2012-06-23,0.0,0.0,,,0.0,0.0,0.0,0.0,0.0,0.0
2012-06-24,0.0,0.0,,,0.0,0.0,0.0,0.0,0.0,0.0
2012-06-25,9.0,2728.0,303.1111111111111,16.333333333333332,9.0,0.0,0.0,0.0,0.0,0.0
2012-06-26,10.0,2518.0,251.8,17.2,10.0,0.0,0.0,0.0,0.0,0.0
2012-06-27,6.0,5192.0,865.3333333333334,18.833333333333332,6.0,0.0,0.0,0.0,0.0,0.0
2012-06-28,10.0,4998.0,499.8,19.0,10.0,0.0,0.0,0.0,0.0,0.0
2012-06-29,11.0,2278.0,207.0909090909091,19.272727272727273,11.0,0.0,0.0,0.0,0.0,0.0
2012-06-30,0.0,0.0,,,0.0,0.0,0.0,0.0,0.0,0.0
2012-07-01,0.0,0.0,,,0.0,0.0,0.0,0.0,0.0,0.0
2012-07-02,9.0,1882.0,209.11111111111111,15.0,9.0,0.0,0.0,0.0,0.0,0.0
2012-07-03,21.0,5269.0,250.9047619047619,17.19047619047619,21.0,0.0,0.0,0.0,0.0,0.0
2012-07-04,0.0,0.0,,,0.0,0.0,0.0,0.0,0.0,0.0
2012-07-05,15.0,14036.0,935.7333333333333,17.933333333333334,15.0,0.0,0.0,0.0,0.0,0.0
2012-07-06,6.0,5966.0,994.3333333333334,15.0,6.0,0.0,0.0,0.0,0.0,0.0
2012-07-07,1.0,80.0,80.0,23.0,1.0,0.0,0.0,0.0,0.0,0.0
2012-07-08,0.0,0.0,,,0.0,0.0,0.0,0.0,0.0,0.0
2012-07-09,2.0,198.0,99.0,20.5,2.0,0.0,0.0,0.0,0.0,0.0
2012-07-10,12.0,17919.0,1493.25,15.916666666666666,12.0,0.0,0.0,0.0,0.0,0.0
2012-07-11,13.0,6025.0,463.46153846153845,17.076923076923077,13.0,0.0,0.0,0.0,0.0,0.0
2012-07-12,6.0,2620.0,436.6666666666667,21.166666666666668,6.0,0.0,0.0,0.0,0.0,0.0
2012-07-13,25.0,11017.0,440.68,16.92,25.0,0.0,0.0,0.0,0.0,0.0
2012-07-14,0.0,0.0,,,0.0,0.0,0.0,0.0,0.0,0.0
2012-07-15,0.0,0.0,,,0.0,0.0,0.0,0.0,0.0,0.0
2012-07-16,12.0,1691.0,140.91666666666666,15.916666666666666,12.0,0.0,0.0,0.0,0.0,0.0
2012-07-17,20.0,31608.0,1580.4,16.3,20.0,0.0,0.0,0.0,0.0,0.0
2012-07-18,21.0,19757.0,940.8095238095239,17.19047619047619,21.0,0.0,0.0,0.0,0.0,1.0
2012-07-19,15.0,6074.0,404.93333333333334,17.333333333333332,15.0,0.0,0.0,0.0,0.0,0.0
2012-07-20,11.0,5496.0,499.6363636363636,18.09090909090909,11.0,0.0,0.0,0.0,0.0,0.0
2012-07-21,0.0,0.0,,,0.0,0.0,0.0,0.0,0.0,0.0
2012-07-22,0.0,0.0,,,0.0,0.0,0.0,0.0,0.0,0.0
2012-07-23,16.0,6649.0,415.5625,15.5,16.0,0.0,0.0,0.0,0.0,0.0
2012-07-24,9.0,1547.0,171.88888888888889,15.666666666666666,9.0,0.0,0.0,0.0,0.0,0.0
2012-07-25,17.0,4483.0,263.70588235294116,17.764705882352942,17.0,0.0,0.0,0.0,0.0,0.0
2012-07-26,2.0,1411.0,705.5,21.0,2.0,0.0,0.0,0.0,0.0,0.0
2012-07-27,13.0,12932.0,994.7692307692307,18.307692307692307,13.0,0.0,0.0,0.0,0.0,0.0
2012-07-28,0.0,0.0,,,0.0,0.0,0.0,0.0,0.0,0.0
2012-07-29,0.0,0.0,,,0.0,0.0,0.0,0.0,0.0,0.0
2012-07-30,12.0,7639.0,636.5833333333334,16.083333333333332,12.0,0.0,0.0,0.0,0.0,0.0
2012-07-31,14.0,5067.0,361.92857142857144,17.642857142857142,14.0,0.0,0.0,0.0,0.0,0.0
2012-08-01,13.0,8085.0,621.9230769230769,13.384615384615385,13.0,0.0,0.0,0.0,0.0,1.0
2012-08-02,11.0,2124.0,193.0909090909091,17.272727272727273,11.0,0.0,0.0,0.0,0.0,0.0
2012-08-03,0.0,0.0,,,0.0,0.0,0.0,0.0,0.0,0.0
2012-08-04,0.0,0.0,,,0.0,0.0,0.0,0.0,0.0,0.0
2012-08-05,0.0,0.0,,,0.0,0.0,0.0,0.0,0.0,0.0
2012-08-06,17.0,51768.0,3045.176470588235,18.11764705882353,17.0,0.0,0.0,0.0,0.0,1.0
2012-08-07,20.0,7036.0,351.8,18.5,20.0,0.0,0.0,0.0,0.0,0.0
2012-08-08,15.0,2712.0,180.8,18.866666666666667,15.0,0.0,0.0,0.0,0.0,0.0
2012-08-09,20.0,6837.0,341.85,17.85,20.0,0.0,0.0,0.0,0.0,0.0
2012-08-10,17.0,3682.0,216.58823529411765,16.11764705882353,17.0,0.0,0.0,1.0,0.0,0.0
2012-08-11,0.0,0.0,,,0.0,0.0,0.0,0.0,0.0,0.0
2012-08-12,0.0,0.0,,,0.0,0.0,0.0,0.0,0.0,0.0
2012-08-13,18.0,3341.0,185.61111111111111,17.5,18.0,0.0,0.0,0.0,0.0,0.0
2012-08-14,12.0,2519.0,209.91666666666666,19.25,12.0,0.0,0.0,0.0,0.0,0.0
2012-08-15,16.0,3431.0,214.4375,15.9375,16.0,0.0,0.0,0.0,0.0,1.0
2012-08-16,22.0,25690.0,1167.7272727272727,16.59090909090909,22.0,0.0,0.0,0.0,0.0,0.0
2012-08-17,19.0,11404.0,600.2105263157895,16.36842105263158,19.0,0.0,0.0,0.0,0.0,0.0
2012-08-18,0.0,0.0,,,0.0,0.0,0.0,0.0,0.0,0.0
2012-08-19,0.0,0.0,,,0.0,0.0,0.0,0.0,0.0,0.0
2012-08-20,16.0,1267.0,79.1875,14.125,16.0,0.0,0.0,0.0,0.0,0.0
2012-08-21,21.0,13361.0,636.2380952380952,15.619047619047619,21.0,0.0,0.0,0.0,0.0,0.0
2012-08-22,15.0,7797.0,519.8,17.866666666666667,15.0,0.0,0.0,0.0,0.0,0.0
2012-08-23,19.0,6222.0,327.4736842105263,16.263157894736842,19.0,0.0,0.0,0.0,0.0,1.0
2012-08-24,19.0,13006.0,684.5263157894736,17.263157894736842,19.0,0.0,0.0,0.0,0.0,0.0
2012-08-25,0.0,0.0,,,0.0,0.0,0.0,0.0,0.0,0.0
2012-08-26,0.0,0.0,,,0.0,0.0,0.0,0.0,0.0,0.0
2012-08-27,22.0,7048.0,320.3636363636364,17.318181818181817,22.0,0.0,0.0,0.0,0.0,0.0
2012-08-28,23.0,22101.0,960.9130434782609,18.434782608695652,23.0,0.0,0.0,0.0,0.0,0.0
2012-08-29,13.0,4339.0,333.7692307692308,17.23076923076923,13.0,0.0,0.0,0.0,0.0,0.0
2012-08-30,16.0,6148.0,384.25,18.375,16.0,0.0,0.0,0.0,0.0,0.0
2012-08-31,13.0,4444.0,341.84615384615387,15.461538461538462,13.0,0.0,0.0,0.0,0.0,0.0
2012-09-01,2.0,556.0,278.0,17.0,2.0,0.0,0.0,0.0,0.0,1.0
2012-09-02,4.0,901.0,225.25,18.5,4.0,0.0,0.0,0.0,0.0,0.0
2012-09-03,0.0,0.0,,,0.0,0.0,0.0,0.0,0.0,0.0
2012-09-04,26.0,9304.0,357.84615384615387,16.576923076923077,26.0,0.0,0.0,0.0,0.0,0.0
2012-09-05,21.0,67135.0,3196.904761904762,17.047619047619047,21.0,0.0,0.0,0.0,0.0,0.0
2012-09-06,14.0,6484.0,463.14285714285717,18.714285714285715,14.0,0.0,0.0,0.0,0.0,0.0
2012-09-07,14.0,8452.0,603.7142857142857,18.071428571428573,14.0,0.0,0.0,0.0,0.0,0.0
2012-09-08,0.0,0.0,,,0.0,0.0,0.0,0.0,0.0,0.0
2012-09-09,0.0,0.0,,,0.0,0.0,0.0,0.0,0.0,0.0
2012-09-10,13.0,5927.0,455.9230769230769,18.307692307692307,13.0,0.0,0.0,0.0,0.0,0.0
2012-09-11,20.0,12593.0,629.65,18.55,20.0,0.0,0.0,0.0,0.0,0.0
2012-09-12,22.0,13386.0,608.4545454545455,19.363636363636363,22.0,0.0,0.0,0.0,0.0,0.0
2012-09-13,26.0,16507.0,634.8846153846154,17.153846153846153,26.0,0.0,0.0,0.0,0.0,0.0
2012-09-14,19.0,5642.0,296.94736842105266,14.894736842105264,19.0,0.0,0.0,1.0,0.0,6.0
2012-09-15,0.0,0.0,,,0.0,0.0,0.0,0.0,0.0,0.0
2012-09-16,0.0,0.0,,,0.0,0.0,0.0,0.0,0.0,0.0
2012-09-17,37.0,23294.0,629.5675675675676,13.324324324324325,37.0,0.0,0.0,0.0,0.0,0.0
2012-09-18,21.0,6506.0,309.8095238095238,15.380952380952381,21.0,0.0,0.0,0.0,0.0,2.0
2012-09-19,20.0,6584.0,329.2,15.25,20.0,0.0,0.0,0.0,0.0,3.0
2012-09-20,15.0,2090.0,139.33333333333334,12.933333333333334,15.0,0.0,0.0,0.0,0.0,5.0
2012-09-21,12.0,15155.0,1262.9166666666667,13.333333333333334,12.0,0.0,0.0,0.0,0.0,2.0
2012-09-22,0.0,0.0,,,0.0,0.0,0.0,0.0,0.0,0.0
2012-09-23,0.0,0.0,,,0.0,0.0,0.0,0.0,0.0,0.0
2012-09-24,23.0,9856.0,428.5217391304348,16.73913043478261,23.0,0.0,0.0,1.0,0.0,0.0
2012-09-25,29.0,6145.0,211.89655172413794,15.413793103448276,29.0,0.0,0.0,0.0,0.0,4.0
2012-09-26,29.0,17315.0,597.0689655172414,13.379310344827585,29.0,0.0,0.0,0.0,0.0,3.0
2012-09-27,26.0,8419.0,323.8076923076923,16.0,26.0,0.0,0.0,0.0,0.0,4.0
2012-09-28,20.0,4983.0,249.15,16.1,20.0,0.0,0.0,0.0,0.0,2.0
2012-09-29,0.0,0.0,,,0.0,0.0,0.0,0.0,0.0,0.0
2012-09-30,0.0,0.0,,,0.0,0.0,0.0,0.0,0.0,0.0
2012-10-01,27.0,6926.0,256.51851851851853,13.592592592592593,27.0,0.0,0.0,0.0,0.0,0.0
2012-10-02,23.0,13221.0,574.8260869565217,17.391304347826086,23.0,0.0,0.0,0.0,0.0,0.0
2012-10-03,31.0,22223.0,716.8709677419355,14.161290322580646,31.0,0.0,0.0,0.0,0.0,5.0
2012-10-04,18.0,5734.0,318.55555555555554,15.166666666666666,18.0,0.0,0.0,0.0,0.0,4.0
2012-10-05,8.0,1211.0,151.375,14.5,8.0,0.0,0.0,0.0,0.0,0.0
2012-10-06,0.0,0.0,,,0.0,0.0,0.0,0.0,0.0,0.0
2012-10-07,0.0,0.0,,,0.0,0.0,0.0,0.0,0.0,0.0
2012-10-08,21.0,159391.0,7590.047619047619,16.095238095238095,21.0,0.0,0.0,1.0,0.0,0.0
2012-10-09,22.0,58088.0,2640.3636363636365,16.636363636363637,22.0,0.0,0.0,0.0,0.0,0.0
2012-10-10,24.0,17777.0,740.7083333333334,17.583333333333332,24.0,0.0,0.0,0.0,0.0,1.0
2012-10-11,34.0,52091.0,1532.0882352941176,16.970588235294116,34.0,0.0,0.0,0.0,0.0,0.0
2012-10-12,21.0,6347.0,302.23809523809524,16.333333333333332,21.0,0.0,0.0,0.0,0.0,1.0
2012-10-13,9.0,8442.0,938.0,14.88888888888889,9.0,0.0,0.0,0.0,0.0,0.0
2012-10-14,11.0,235677.0,21425.18181818182,14.454545454545455,11.0,0.0,0.0,0.0,0.0,0.0
2012-10-15,35.0,27447.0,784.2,14.885714285714286,35.0,0.0,0.0,0.0,0.0,0.0
2012-10-16,53.0,157765.0,2976.698113207547,14.90566037735849,53.0,0.0,0.0,0.0,0.0,3.0
2012-10-17,52.0,179123.0,3444.673076923077,17.346153846153847,52.0,0.0,0.0,0.0,0.0,1.0
2012-10-18,40.0,48421.0,1210.525,14.45,40.0,0.0,0.0,0.0,0.0,14.0
2012-10-19,48.0,32454.0,676.125,14.520833333333334,48.0,0.0,0.0,0.0,0.0,7.0
2012-10-20,3.0,2524.0,841.3333333333334,17.666666666666668,3.0,0.0,0.0,0.0,0.0,0.0
2012-10-21,3.0,1175.0,391.6666666666667,15.666666666666666,3.0,0.0,0.0,0.0,0.0,0.0
2012-10-22,60.0,214014.0,3566.9,15.366666666666667,60.0,0.0,0.0,0.0,0.0,0.0
2012-10-23,29.0,18757.0,646.7931034482758,18.551724137931036,29.0,0.0,0.0,0.0,0.0,0.0
2012-10-24,18.0,21831.0,1212.8333333333333,18.833333333333332,18.0,0.0,0.0,2.0,0.0,0.0
2012-10-25,29.0,12695.0,437.7586206896552,17.620689655172413,29.0,0.0,0.0,1.0,0.0,2.0
2012-10-26,51.0,18828.0,369.1764705882353,16.137254901960784,51.0,0.0,0.0,0.0,0.0,10.0
2012-10-27,6.0,3979.0,663.1666666666666,19.333333333333332,6.0,0.0,0.0,0.0,0.0,4.0
2012-10-28,14.0,20835.0,1488.2142857142858,19.785714285714285,14.0,0.0,0.0,0.0,0.0,0.0
2012-10-29,10.0,11606.0,1160.6,20.2,10.0,0.0,0.0,0.0,0.0,0.0
2012-10-30,33.0,70365.0,2132.2727272727275,18.636363636363637,33.0,0.0,0.0,0.0,0.0,1.0
2012-10-31,33.0,19384.0,587.3939393939394,19.181818181818183,33.0,0.0,0.0,0.0,0.0,1.0
2012-11-01,13.0,8405.0,646.5384615384615,14.846153846153847,13.0,0.0,0.0,0.0,0.0,0.0
2012-11-02,41.0,22532.0,549.560975609756,16.75609756097561,41.0,0.0,0.0,0.0,0.0,0.0
2012-11-03,6.0,4895.0,815.8333333333334,20.5,6.0,0.0,0.0,0.0,0.0,0.0
2012-11-04,11.0,8763.0,796.6363636363636,11.090909090909092,11.0,0.0,0.0,0.0,0.0,1.0
2012-11-05,41.0,20056.0,489.1707317073171,15.512195121951219,41.0,0.0,0.0,0.0,0.0,6.0
2012-11-06,51.0,683653.0,13404.960784313726,16.529411764705884,51.0,0.0,0.0,0.0,0.0,4.0
2012-11-07,27.0,94558.0,3502.1481481481483,17.37037037037037,27.0,0.0,0.0,0.0,0.0,0.0
2012-11-08,20.0,23366.0,1168.3,20.65,20.0,0.0,0.0,0.0,0.0,1.0
2012-11-09,20.0,11745.0,587.25,19.05,20.0,0.0,0.0,0.0,0.0,1.0
2012-11-10,10.0,29740.0,2974.0,16.3,10.0,0.0,0.0,0.0,0.0,0.0
2012-11-11,2.0,5300.0,2650.0,24.0,2.0,0.0,0.0,0.0,0.0,0.0
2012-11-12,24.0,7465.0,311.0416666666667,15.625,24.0,0.0,0.0,0.0,0.0,0.0
2012-11-13,18.0,26170.0,1453.888888888889,13.38888888888889,18.0,0.0,0.0,0.0,0.0,3.0
2012-11-14,18.0,11154.0,619.6666666666666,15.61111111111111,18.0,0.0,0.0,0.0,0.0,3.0
2012-11-15,35.0,13539.0,386.8285714285714,8.82857142857143,35.0,0.0,0.0,0.0,0.0,18.0
2012-11-16,9.0,2390.0,265.55555555555554,18.555555555555557,9.0,0.0,0.0,0.0,0.0,1.0
2012-11-17,0.0,0.0,,,0.0,0.0,0.0,0.0,0.0,0.0
2012-11-18,0.0,0.0,,,0.0,0.0,0.0,0.0,0.0,0.0
2012-11-19,40.0,52515.0,1312.875,13.6,40.0,0.0,0.0,0.0,0.0,2.0
2012-11-20,34.0,13595.0,399.8529411764706,13.0,34.0,0.0,0.0,0.0,0.0,11.0
2012-11-21,16.0,22191.0,1386.9375,18.4375,16.0,0.0,0.0,0.0,0.0,0.0
2012-11-22,0.0,0.0,,,0.0,0.0,0.0,0.0,0.0,0.0
2012-11-23,0.0,0.0,,,0.0,0.0,0.0,0.0,0.0,0.0
2012-11-24,4.0,33144.0,8286.0,19.75,4.0,0.0,0.0,0.0,0.0,0.0
2012-11-25,0.0,0.0,,,0.0,0.0,0.0,0.0,0.0,0.0
2012-11-26,19.0,6981.0,367.42105263157896,17.894736842105264,19.0,0.0,0.0,0.0,0.0,0.0
2012-11-27,21.0,11425.0,544.047619047619,15.047619047619047,21.0,0.0,0.0,1.0,0.0,3.0
2012-11-28,32.0,10062.0,314.4375,12.96875,32.0,0.0,0.0,0.0,0.0,7.0
2012-11-29,26.0,17156.0,659.8461538461538,15.076923076923077,26.0,0.0,0.0,0.0,0.0,4.0
2012-11-30,22.0,2295.0,104.31818181818181,12.454545454545455,22.0,0.0,0.0,0.0,0.0,7.0
2012-12-01,0.0,0.0,,,0.0,0.0,0.0,0.0,0.0,0.0
2012-12-02,0.0,0.0,,,0.0,0.0,0.0,0.0,0.0,0.0
2012-12-03,34.0,5501.0,161.7941176470588,12.5,34.0,0.0,0.0,0.0,0.0,0.0
2012-12-04,29.0,3759.0,129.6206896551724,15.344827586206897,29.0,0.0,0.0,0.0,0.0,10.0
2012-12-05,37.0,9240.0,249.72972972972974,10.054054054054054,37.0,0.0,0.0,0.0,0.0,21.0
2012-12-06,55.0,13563.0,246.6,13.545454545454545,55.0,0.0,0.0,0.0,0.0,17.0
2012-12-07,27.0,7748.0,286.962962962963,15.62962962962963,27.0,0.0,0.0,0.0,0.0,2.0
2012-12-08,0.0,0.0,,,0.0,0.0,0.0,0.0,0.0,0.0
2012-12-09,0.0,0.0,,,0.0,0.0,0.0,0.0,0.0,0.0
2012-12-10,38.0,41248.0,1085.4736842105262,18.31578947368421,38.0,0.0,0.0,0.0,0.0,0.0
2012-12-11,26.0,8658.0,333.0,15.423076923076923,26.0,0.0,0.0,0.0,0.0,4.0
2012-12-12,22.0,13813.0,627.8636363636364,14.772727272727273,22.0,0.0,0.0,0.0,0.0,2.0
2012-12-13,6.0,194.0,32.333333333333336,6.166666666666667,6.0,0.0,0.0,0.0,0.0,4.0
2012-12-14,1.0,237.0,237.0,15.0,1.0,0.0,0.0,0.0,0.0,0.0
2012-12-15,2.0,1848.0,924.0,21.5,2.0,0.0,0.0,0.0,0.0,0.0
2012-12-16,0.0,0.0,,,0.0,0.0,0.0,0.0,0.0,0.0
2012-12-17,11.0,25765.0,2342.2727272727275,5.636363636363637,11.0,0.0,0.0,0.0,0.0,0.0
2012-12-18,11.0,13442.0,1222.0,13.454545454545455,11.0,0.0,0.0,0.0,0.0,2.0
2012-12-19,21.0,5570.0,265.23809523809524,12.19047619047619,21.0,0.0,0.0,0.0,0.0,2.0
2012-12-20,37.0,5872.0,158.7027027027027,10.216216216216216,37.0,0.0,0.0,0.0,0.0,21.0
2012-12-21,23.0,4464.0,194.08695652173913,8.956521739130435,23.0,0.0,0.0,0.0,0.0,12.0
2012-12-22,0.0,0.0,,,0.0,0.0,0.0,0.0,0.0,0.0
2012-12-23,18.0,153.0,8.5,3.611111111111111,18.0,0.0,0.0,0.0,0.0,4.0
2012-12-24,1.0,1097.0,1097.0,14.0,1.0,0.0,0.0,0.0,0.0,0.0
2012-12-25,0.0,0.0,,,0.0,0.0,0.0,0.0,0.0,0.0
2012-12-26,7.0,1262.0,180.28571428571428,19.428571428571427,7.0,0.0,0.0,0.0,0.0,0.0
2012-12-27,10.0,2109.0,210.9,13.5,10.0,0.0,0.0,0.0,0.0,0.0
2012-12-28,36.0,9049.0,251.36111111111111,12.583333333333334,36.0,0.0,0.0,0.0,0.0,14.0
2012-12-29,0.0,0.0,,,0.0,0.0,0.0,0.0,0.0,0.0
2012-12-30,0.0,0.0,,,0.0,0.0,0.0,0.0,0.0,0.0
2012-12-31,3.0,1350.0,450.0,12.666666666666666,3.0,0.0,0.0,0.0,0.0,0.0
2013-01-01,4.0,2194.0,548.5,12.25,4.0,0.0,0.0,0.0,0.0,0.0
2013-01-02,21.0,7786.0,370.76190476190476,17.666666666666668,21.0,0.0,0.0,0.0,0.0,0.0
2013-01-03,55.0,57729.0,1049.6181818181817,8.618181818181819,55.0,0.0,0.0,0.0,0.0,33.0
2013-01-04,24.0,7491.0,312.125,7.833333333333333,24.0,0.0,0.0,0.0,0.0,12.0
2013-01-05,0.0,0.0,,,0.0,0.0,0.0,0.0,0.0,0.0
2013-01-06,0.0,0.0,,,0.0,0.0,0.0,0.0,0.0,0.0
2013-01-07,40.0,4984.0,124.6,8.4,40.0,0.0,0.0,0.0,0.0,5.0
2013-01-08,47.0,11187.0,238.0212765957447,6.914893617021277,47.0,0.0,0.0,0.0,0.0,31.0
2013-01-09,47.0,19485.0,414.5744680851064,8.97872340425532,47.0,0.0,0.0,0.0,0.0,20.0
2013-01-10,60.0,9319.0,155.31666666666666,6.883333333333334,60.0,0.0,0.0,0.0,0.0,38.0
2013-01-11,36.0,13347.0,370.75,8.0,36.0,0.0,0.0,0.0,0.0,21.0
2013-01-12,0.0,0.0,,,0.0,0.0,0.0,0.0,0.0,0.0
2013-01-13,0.0,0.0,,,0.0,0.0,0.0,0.0,0.0,0.0
2013-01-14,65.0,22778.0,350.4307692307692,11.184615384615384,65.0,0.0,0.0,0.0,0.0,2.0
2013-01-15,39.0,15480.0,396.9230769230769,11.820512820512821,39.0,0.0,0.0,0.0,0.0,13.0
2013-01-16,15.0,1525.0,101.66666666666667,9.266666666666667,15.0,0.0,0.0,0.0,0.0,7.0
2013-01-17,17.0,11827.0,695.7058823529412,17.294117647058822,17.0,0.0,0.0,0.0,0.0,0.0
2013-01-18,37.0,7310.0,197.56756756756758,9.405405405405405,37.0,0.0,0.0,0.0,0.0,14.0
2013-01-19,0.0,0.0,,,0.0,0.0,0.0,0.0,0.0,0.0
2013-01-20,0.0,0.0,,,0.0,0.0,0.0,0.0,0.0,0.0
2013-01-21,17.0,5673.0,333.70588235294116,13.941176470588236,17.0,0.0,0.0,0.0,0.0,0.0
2013-01-22,59.0,9734.0,164.98305084745763,8.372881355932204,59.0,0.0,0.0,0.0,0.0,34.0
2013-01-23,40.0,27705.0,692.625,12.25,40.0,0.0,0.0,0.0,0.0,12.0
2013-01-24,48.0,3730.0,77.70833333333333,8.0625,48.0,0.0,0.0,0.0,0.0,29.0
2013-01-25,29.0,13998.0,482.6896551724138,10.96551724137931,29.0,0.0,0.0,0.0,0.0,8.0
2013-01-26,0.0,0.0,,,0.0,0.0,0.0,0.0,0.0,0.0
2013-01-27,0.0,0.0,,,0.0,0.0,0.0,0.0,0.0,0.0
2013-01-28,10.0,3832.0,383.2,16.8,10.0,0.0,0.0,0.0,0.0,0.0
2013-01-29,29.0,3920.0,135.17241379310346,8.931034482758621,29.0,0.0,0.0,0.0,0.0,17.0
2013-01-30,35.0,12739.0,363.9714285714286,11.82857142857143,35.0,0.0,0.0,1.0,0.0,13.0
2013-01-31,40.0,65932.0,1648.3,9.4,40.0,0.0,0.0,0.0,0.0,19.0
2013-02-01,23.0,7676.0,333.7391304347826,10.347826086956522,23.0,0.0,0.0,0.0,0.0,9.0
2013-02-02,0.0,0.0,,,0.0,0.0,0.0,0.0,0.0,0.0
2013-02-03,2.0,3391.0,1695.5,13.5,2.0,0.0,0.0,0.0,0.0,0.0
2013-02-04,29.0,6948.0,239.58620689655172,10.344827586206897,29.0,0.0,0.0,0.0,0.0,14.0
2013-02-05,55.0,15456.0,281.0181818181818,8.181818181818182,55.0,0.0,0.0,0.0,0.0,32.0
2013-02-06,61.0,24542.0,402.327868852459,9.885245901639344,61.0,0.0,0.0,0.0,1.0,37.0
2013-02-07,61.0,25087.0,411.26229508196724,8.885245901639344,61.0,0.0,0.0,0.0,0.0,41.0
2013-02-08,25.0,2445.0,97.8,7.4,25.0,0.0,0.0,0.0,0.0,18.0
2013-02-09,4.0,1276.0,319.0,16.5,4.0,0.0,0.0,0.0,0.0,0.0
2013-02-10,1.0,59.0,59.0,12.0,1.0,0.0,0.0,0.0,0.0,0.0
2013-02-11,11.0,3731.0,339.1818181818182,15.363636363636363,11.0,0.0,0.0,1.0,0.0,0.0
2013-02-12,50.0,20537.0,410.74,14.46,50.0,0.0,0.0,0.0,0.0,11.0
2013-02-13,65.0,25892.0,398.33846153846156,8.461538461538462,65.0,0.0,0.0,0.0,0.0,43.0
2013-02-14,61.0,17984.0,294.8196721311475,9.065573770491802,61.0,0.0,0.0,0.0,0.0,35.0
2013-02-15,39.0,33177.0,850.6923076923077,10.384615384615385,39.0,0.0,0.0,0.0,0.0,17.0
2013-02-16,3.0,197.0,65.66666666666667,2.0,3.0,0.0,0.0,0.0,0.0,2.0
2013-02-17,0.0,0.0,,,0.0,0.0,0.0,0.0,0.0,0.0
2013-02-18,12.0,3256.0,271.3333333333333,3.8333333333333335,12.0,0.0,0.0,0.0,0.0,2.0
2013-02-19,37.0,12025.0,325.0,13.216216216216216,37.0,0.0,0.0,0.0,0.0,3.0
2013-02-20,81.0,7971.0,98.4074074074074,7.851851851851852,81.0,0.0,0.0,0.0,0.0,55.0
2013-02-21,13.0,40988.0,3152.923076923077,16.384615384615383,13.0,0.0,0.0,0.0,0.0,1.0
2013-02-22,31.0,5105.0,164.67741935483872,10.096774193548388,31.0,0.0,0.0,0.0,1.0,13.0
2013-02-23,4.0,765.0,191.25,4.0,4.0,0.0,0.0,0.0,1.0,2.0
2013-02-24,24.0,50226.0,2092.75,11.25,24.0,0.0,0.0,0.0,1.0,4.0
2013-02-25,59.0,43431.0,736.1186440677966,11.338983050847459,59.0,0.0,0.0,1.0,0.0,20.0
2013-02-26,43.0,5267.0,122.48837209302326,14.418604651162791,43.0,0.0,0.0,1.0,0.0,7.0
2013-02-27,94.0,14334.0,152.48936170212767,11.02127659574468,94.0,0.0,0.0,0.0,0.0,33.0
2013-02-28,42.0,6545.0,155.83333333333334,10.19047619047619,42.0,0.0,0.0,0.0,0.0,21.0
2013-03-01,33.0,19327.0,585.6666666666666,16.09090909090909,33.0,0.0,0.0,1.0,0.0,5.0
2013-03-02,39.0,6527.0,167.35897435897436,12.64102564102564,39.0,0.0,0.0,0.0,0.0,12.0
2013-03-03,31.0,7602.0,245.2258064516129,13.225806451612904,31.0,0.0,0.0,0.0,0.0,4.0
2013-03-04,19.0,2225.0,117.10526315789474,14.842105263157896,19.0,0.0,0.0,0.0,0.0,4.0
2013-03-05,19.0,3904.0,205.47368421052633,14.421052631578947,19.0,0.0,0.0,0.0,0.0,6.0
2013-03-06,22.0,129649.0,5893.136363636364,13.318181818181818,22.0,0.0,0.0,2.0,0.0,4.0
2013-03-07,25.0,1265.0,50.6,12.6,25.0,0.0,0.0,0.0,0.0,7.0
2013-03-08,19.0,3900.0,205.26315789473685,14.31578947368421,19.0,0.0,0.0,1.0,0.0,4.0
2013-03-09,1.0,434.0,434.0,14.0,1.0,0.0,0.0,0.0,0.0,0.0
2013-03-10,27.0,14124.0,523.1111111111111,11.925925925925926,27.0,0.0,0.0,0.0,0.0,0.0
2013-03-11,12.0,2514.0,209.5,20.25,12.0,0.0,0.0,0.0,0.0,1.0
2013-03-12,24.0,5365.0,223.54166666666666,14.0,24.0,0.0,0.0,0.0,0.0,6.0
2013-03-13,25.0,4433.0,177.32,14.68,25.0,0.0,0.0,0.0,0.0,9.0
2013-03-14,26.0,5232.0,201.23076923076923,16.346153846153847,26.0,0.0,0.0,0.0,0.0,3.0
2013-03-15,29.0,2982.0,102.82758620689656,15.137931034482758,29.0,0.0,0.0,1.0,0.0,1.0
2013-03-16,1.0,64.0,64.0,19.0,1.0,0.0,0.0,0.0,0.0,0.0
2013-03-17,42.0,1725.0,41.07142857142857,14.976190476190476,42.0,0.0,0.0,0.0,0.0,2.0
2013-03-18,57.0,6517.0,114.33333333333333,14.473684210526315,57.0,0.0,0.0,0.0,0.0,13.0
2013-03-19,66.0,40310.0,610.7575757575758,13.893939393939394,66.0,0.0,0.0,0.0,0.0,21.0
2013-03-20,46.0,5884.0,127.91304347826087,11.130434782608695,46.0,0.0,0.0,0.0,0.0,18.0
2013-03-21,15.0,21761.0,1450.7333333333333,17.2,15.0,0.0,0.0,0.0,0.0,0.0
2013-03-22,24.0,7361.0,306.7083333333333,12.458333333333334,24.0,0.0,0.0,1.0,0.0,7.0
2013-03-23,11.0,659.0,59.90909090909091,11.363636363636363,11.0,0.0,0.0,0.0,0.0,4.0
2013-03-24,30.0,1380.0,46.0,14.366666666666667,30.0,0.0,0.0,0.0,0.0,0.0
2013-03-25,27.0,4664.0,172.74074074074073,13.185185185185185,27.0,0.0,0.0,0.0,0.0,9.0
2013-03-26,26.0,8482.0,326.2307692307692,13.653846153846153,26.0,0.0,0.0,0.0,0.0,5.0
2013-03-27,39.0,3156.0,80.92307692307692,12.76923076923077,39.0,0.0,0.0,0.0,0.0,14.0
2013-03-28,78.0,4756.0,60.97435897435897,14.833333333333334,78.0,0.0,0.0,0.0,0.0,5.0
2013-03-29,11.0,3984.0,362.1818181818182,17.727272727272727,11.0,0.0,0.0,0.0,0.0,1.0
2013-03-30,17.0,3748.0,220.47058823529412,18.0,17.0,0.0,0.0,0.0,0.0,1.0
2013-03-31,31.0,3776.0,121.80645161290323,15.838709677419354,31.0,0.0,0.0,0.0,0.0,0.0
2013-04-01,39.0,11012.0,282.35897435897436,16.076923076923077,39.0,0.0,0.0,0.0,0.0,3.0
2013-04-02,15.0,6554.0,436.93333333333334,16.533333333333335,15.0,0.0,0.0,0.0,0.0,0.0
2013-04-03,20.0,13716.0,685.8,18.95,20.0,0.0,0.0,1.0,0.0,1.0
2013-04-04,9.0,6684.0,742.6666666666666,16.77777777777778,9.0,0.0,0.0,1.0,0.0,0.0
2013-04-05,36.0,6045.0,167.91666666666666,13.833333333333334,36.0,0.0,0.0,1.0,0.0,10.0
2013-04-06,5.0,2274.0,454.8,18.6,5.0,0.0,0.0,0.0,0.0,1.0
2013-04-07,35.0,3354.0,95.82857142857142,17.942857142857143,35.0,0.0,0.0,0.0,0.0,1.0
2013-04-08,12.0,3718.0,309.8333333333333,15.333333333333334,12.0,0.0,0.0,0.0,0.0,0.0
2013-04-09,37.0,3373.0,91.16216216216216,9.891891891891891,37.0,0.0,0.0,0.0,0.0,8.0
2013-04-10,27.0,25921.0,960.0370370370371,14.851851851851851,27.0,0.0,0.0,0.0,0.0,4.0
2013-04-11,36.0,5478.0,152.16666666666666,12.36111111111111,36.0,0.0,0.0,0.0,0.0,13.0
2013-04-12,39.0,10809.0,277.15384615384613,15.205128205128204,39.0,0.0,0.0,0.0,0.0,8.0
2013-04-13,19.0,3512.0,184.8421052631579,18.94736842105263,19.0,0.0,0.0,0.0,0.0,1.0
2013-04-14,53.0,2872.0,54.18867924528302,15.169811320754716,53.0,0.0,0.0,0.0,0.0,1.0
2013-04-15,14.0,2697.0,192.64285714285714,15.142857142857142,14.0,0.0,0.0,1.0,0.0,0.0
2013-04-16,30.0,5413.0,180.43333333333334,13.3,30.0,0.0,0.0,0.0,0.0,11.0
2013-04-17,51.0,10328.0,202.50980392156862,14.647058823529411,51.0,0.0,0.0,0.0,0.0,10.0
2013-04-18,17.0,9345.0,549.7058823529412,12.941176470588236,17.0,0.0,0.0,0.0,0.0,5.0
2013-04-19,24.0,40426.0,1684.4166666666667,16.958333333333332,24.0,0.0,0.0,0.0,0.0,0.0
2013-04-20,22.0,1440.0,65.45454545454545,16.636363636363637,22.0,0.0,0.0,0.0,0.0,3.0
2013-04-21,41.0,167996.0,4097.463414634146,17.073170731707318,41.0,0.0,0.0,0.0,0.0,1.0
2013-04-22,38.0,10951.0,288.1842105263158,14.473684210526315,38.0,0.0,0.0,1.0,0.0,9.0
2013-04-23,22.0,14514.0,659.7272727272727,17.136363636363637,22.0,0.0,0.0,0.0,0.0,5.0
2013-04-24,61.0,33587.0,550.6065573770492,16.737704918032787,61.0,0.0,0.0,0.0,0.0,7.0
2013-04-25,46.0,11389.0,247.58695652173913,13.26086956521739,46.0,0.0,0.0,0.0,0.0,14.0
2013-04-26,48.0,25262.0,526.2916666666666,15.166666666666666,48.0,0.0,0.0,0.0,0.0,13.0
2013-04-27,10.0,458.0,45.8,20.8,10.0,0.0,0.0,0.0,0.0,1.0
2013-04-28,31.0,4017.0,129.58064516129033,12.870967741935484,31.0,0.0,0.0,0.0,0.0,3.0
2013-04-29,47.0,3411.0,72.57446808510639,15.106382978723405,47.0,0.0,0.0,0.0,0.0,14.0
2013-04-30,28.0,1608.0,57.42857142857143,15.142857142857142,28.0,0.0,0.0,0.0,0.0,3.0
2013-05-01,37.0,13047.0,352.6216216216216,17.405405405405407,37.0,0.0,0.0,0.0,0.0,8.0
2013-05-02,22.0,6050.0,275.0,16.045454545454547,22.0,0.0,0.0,0.0,0.0,4.0
2013-05-03,16.0,97604.0,6100.25,20.375,16.0,0.0,0.0,0.0,0.0,1.0
2013-05-04,0.0,0.0,,,0.0,0.0,0.0,0.0,0.0,0.0
2013-05-05,2.0,126.0,63.0,14.5,2.0,0.0,0.0,0.0,0.0,0.0
2013-05-06,11.0,3440.0,312.72727272727275,15.0,11.0,0.0,0.0,0.0,0.0,0.0
2013-05-07,36.0,45695.0,1269.3055555555557,17.833333333333332,36.0,0.0,0.0,0.0,0.0,4.0
2013-05-08,39.0,292333.0,7495.717948717948,18.82051282051282,39.0,0.0,0.0,0.0,0.0,4.0
2013-05-09,6.0,2341.0,390.1666666666667,18.0,6.0,0.0,0.0,0.0,0.0,0.0
2013-05-10,17.0,2430.0,142.94117647058823,17.294117647058822,17.0,0.0,0.0,0.0,0.0,3.0
2013-05-11,27.0,9869.0,365.51851851851853,18.11111111111111,27.0,0.0,0.0,0.0,0.0,14.0
2013-05-12,19.0,1326.0,69.78947368421052,17.842105263157894,19.0,0.0,0.0,0.0,0.0,3.0
2013-05-13,10.0,5189.0,518.9,15.1,10.0,0.0,0.0,0.0,0.0,2.0
2013-05-14,8.0,7633.0,954.125,17.125,8.0,0.0,0.0,0.0,0.0,0.0
2013-05-15,16.0,3561.0,222.5625,17.75,16.0,0.0,0.0,0.0,0.0,2.0
2013-05-16,35.0,4731.0,135.17142857142858,13.142857142857142,35.0,0.0,0.0,0.0,0.0,18.0
2013-05-17,23.0,7488.0,325.5652173913044,19.391304347826086,23.0,0.0,0.0,0.0,0.0,1.0
2013-05-18,6.0,2146.0,357.6666666666667,13.333333333333334,6.0,0.0,0.0,0.0,0.0,1.0
2013-05-19,26.0,3756.0,144.46153846153845,13.653846153846153,26.0,0.0,0.0,0.0,0.0,9.0
2013-05-20,38.0,2544.0,66.94736842105263,14.18421052631579,38.0,0.0,0.0,0.0,0.0,10.0
2013-05-21,13.0,1553.0,119.46153846153847,14.0,13.0,0.0,0.0,0.0,0.0,4.0
2013-05-22,44.0,9727.0,221.0681818181818,15.136363636363637,44.0,0.0,0.0,0.0,0.0,9.0
2013-05-23,22.0,1711.0,77.77272727272727,18.818181818181817,22.0,0.0,0.0,0.0,0.0,3.0
2013-05-24,75.0,10918.0,145.57333333333332,16.093333333333334,75.0,0.0,0.0,0.0,0.0,32.0
2013-05-25,66.0,54085.0,819.469696969697,17.71212121212121,66.0,0.0,0.0,0.0,0.0,5.0
2013-05-26,5.0,284.0,56.8,21.2,5.0,0.0,0.0,0.0,0.0,0.0
2013-05-27,32.0,12385.0,387.03125,18.0625,32.0,0.0,0.0,0.0,0.0,0.0
2013-05-28,35.0,5259.0,150.25714285714287,12.942857142857143,35.0,0.0,0.0,1.0,0.0,11.0
2013-05-29,25.0,4047.0,161.88,10.8,25.0,0.0,0.0,0.0,0.0,13.0
2013-05-30,47.0,10608.0,225.70212765957447,13.23404255319149,47.0,0.0,0.0,0.0,0.0,11.0
2013-05-31,12.0,1091.0,90.91666666666667,16.416666666666668,12.0,0.0,0.0,0.0,0.0,3.0
2013-06-01,0.0,0.0,,,0.0,0.0,0.0,0.0,0.0,0.0
2013-06-02,8.0,352.0,44.0,18.75,8.0,0.0,0.0,0.0,0.0,0.0
2013-06-03,32.0,5113.0,159.78125,13.34375,32.0,0.0,0.0,0.0,0.0,13.0
2013-06-04,16.0,2238.0,139.875,15.25,16.0,0.0,0.0,0.0,0.0,4.0
2013-06-05,44.0,30842.0,700.9545454545455,15.931818181818182,44.0,0.0,0.0,0.0,0.0,12.0
2013-06-06,2.0,1432.0,716.0,12.5,2.0,0.0,0.0,0.0,0.0,0.0
2013-06-07,7.0,635.0,90.71428571428571,21.428571428571427,7.0,0.0,0.0,0.0,0.0,0.0
2013-06-08,3.0,165.0,55.0,14.0,3.0,0.0,0.0,0.0,0.0,0.0
2013-06-09,0.0,0.0,,,0.0,0.0,0.0,0.0,0.0,0.0
2013-06-10,15.0,3944.0,262.93333333333334,11.066666666666666,15.0,0.0,0.0,0.0,0.0,3.0
2013-06-11,26.0,4496.0,172.92307692307693,15.076923076923077,26.0,0.0,0.0,0.0,0.0,4.0
2013-06-12,46.0,8259.0,179.54347826086956,15.782608695652174,46.0,0.0,0.0,0.0,0.0,7.0
2013-06-13,12.0,1800.0,150.0,17.166666666666668,12.0,0.0,0.0,0.0,0.0,0.0
2013-06-14,13.0,1829.0,140.69230769230768,13.0,13.0,0.0,0.0,0.0,0.0,4.0
2013-06-15,17.0,76653.0,4509.0,18.58823529411765,17.0,0.0,0.0,0.0,0.0,1.0
2013-06-16,2.0,302.0,151.0,20.0,2.0,0.0,0.0,0.0,0.0,0.0
2013-06-17,12.0,2296.0,191.33333333333334,19.416666666666668,12.0,0.0,0.0,0.0,0.0,0.0
2013-06-18,17.0,140308.0,8253.411764705883,19.647058823529413,17.0,0.0,0.0,0.0,0.0,0.0
2013-06-19,18.0,1799.0,99.94444444444444,12.333333333333334,18.0,0.0,0.0,0.0,0.0,4.0
2013-06-20,20.0,6160.0,308.0,18.6,20.0,0.0,0.0,0.0,0.0,2.0
2013-06-21,12.0,3595.0,299.5833333333333,10.916666666666666,12.0,0.0,0.0,0.0,0.0,5.0
2013-06-22,5.0,735.0,147.0,15.8,5.0,0.0,0.0,0.0,0.0,1.0
2013-06-23,1.0,107.0,107.0,20.0,1.0,0.0,0.0,0.0,0.0,0.0
2013-06-24,15.0,2305.0,153.66666666666666,11.6,15.0,0.0,0.0,0.0,0.0,5.0
2013-06-25,37.0,5055.0,136.6216216216216,13.54054054054054,37.0,0.0,0.0,0.0,0.0,11.0
2013-06-26,19.0,4333.0,228.05263157894737,15.0,19.0,0.0,0.0,0.0,0.0,7.0
2013-06-27,22.0,7819.0,355.40909090909093,13.954545454545455,22.0,0.0,0.0,0.0,0.0,6.0
2013-06-28,12.0,3084.0,257.0,15.833333333333334,12.0,0.0,0.0,0.0,0.0,0.0
2013-06-29,33.0,95871.0,2905.181818181818,18.696969696969695,33.0,0.0,0.0,0.0,0.0,5.0
2013-06-30,22.0,34508.0,1568.5454545454545,18.90909090909091,22.0,0.0,0.0,0.0,0.0,1.0
2013-07-01,20.0,8593.0,429.65,15.4,20.0,0.0,0.0,0.0,0.0,0.0
2013-07-02,16.0,4617.0,288.5625,17.4375,16.0,0.0,0.0,0.0,0.0,2.0
2013-07-03,43.0,4066.0,94.55813953488372,15.44186046511628,43.0,0.0,0.0,0.0,0.0,8.0
2013-07-04,10.0,31166.0,3116.6,18.0,10.0,0.0,0.0,0.0,0.0,1.0
2013-07-05,35.0,7406.0,211.6,15.114285714285714,35.0,0.0,0.0,0.0,0.0,4.0
2013-07-06,28.0,1039.0,37.107142857142854,16.928571428571427,28.0,0.0,0.0,0.0,0.0,4.0
2013-07-07,11.0,774.0,70.36363636363636,12.636363636363637,11.0,0.0,0.0,0.0,0.0,4.0
2013-07-08,37.0,4590.0,124.05405405405405,11.702702702702704,37.0,0.0,0.0,0.0,0.0,13.0
2013-07-09,29.0,8167.0,281.62068965517244,16.103448275862068,29.0,0.0,0.0,0.0,0.0,3.0
2013-07-10,43.0,8431.0,196.06976744186048,15.372093023255815,43.0,0.0,0.0,0.0,0.0,8.0
2013-07-11,9.0,1555.0,172.77777777777777,14.666666666666666,9.0,0.0,0.0,0.0,0.0,2.0
2013-07-12,12.0,654.0,54.5,13.583333333333334,12.0,0.0,0.0,0.0,0.0,3.0
2013-07-13,59.0,9330.0,158.135593220339,15.830508474576272,59.0,0.0,0.0,0.0,0.0,8.0
2013-07-14,25.0,1974.0,78.96,15.48,25.0,0.0,0.0,0.0,0.0,0.0
2013-07-15,16.0,2734.0,170.875,16.4375,16.0,0.0,0.0,0.0,0.0,1.0
2013-07-16,51.0,7830.0,153.52941176470588,11.450980392156863,51.0,0.0,0.0,0.0,0.0,16.0
2013-07-17,43.0,9106.0,211.7674418604651,14.0,43.0,0.0,0.0,0.0,0.0,15.0
2013-07-18,32.0,23424.0,732.0,15.0,32.0,0.0,0.0,0.0,0.0,6.0
2013-07-19,21.0,5329.0,253.76190476190476,14.142857142857142,21.0,0.0,0.0,0.0,0.0,8.0
2013-07-20,6.0,194.0,32.333333333333336,14.0,6.0,0.0,0.0,0.0,0.0,0.0
2013-07-21,13.0,692.0,53.23076923076923,15.23076923076923,13.0,0.0,0.0,0.0,0.0,1.0
2013-07-22,8.0,569.0,71.125,14.625,8.0,0.0,0.0,0.0,0.0,1.0
2013-07-23,51.0,36493.0,715.5490196078431,15.098039215686274,51.0,0.0,0.0,0.0,0.0,7.0
2013-07-24,87.0,12275.0,141.09195402298852,16.022988505747126,87.0,0.0,0.0,0.0,0.0,7.0
2013-07-25,25.0,5535.0,221.4,15.44,25.0,0.0,0.0,0.0,0.0,4.0
2013-07-26,21.0,3306.0,157.42857142857142,17.333333333333332,21.0,0.0,0.0,0.0,0.0,0.0
2013-07-27,11.0,868.0,78.9090909090909,17.272727272727273,11.0,0.0,0.0,0.0,0.0,2.0
2013-07-28,23.0,1011.0,43.95652173913044,18.434782608695652,23.0,0.0,0.0,0.0,0.0,1.0
2013-07-29,22.0,4240.0,192.72727272727272,12.090909090909092,22.0,0.0,0.0,0.0,0.0,11.0
2013-07-30,14.0,9091.0,649.3571428571429,14.214285714285714,14.0,0.0,0.0,0.0,0.0,6.0
2013-07-31,29.0,4963.0,171.13793103448276,13.827586206896552,29.0,0.0,0.0,0.0,0.0,7.0
2013-08-01,52.0,11264.0,216.6153846153846,13.307692307692308,52.0,0.0,0.0,0.0,0.0,13.0
2013-08-02,19.0,5100.0,268.42105263157896,13.157894736842104,19.0,0.0,0.0,0.0,0.0,7.0
2013-08-03,0.0,0.0,,,0.0,0.0,0.0,0.0,0.0,0.0
2013-08-04,10.0,295.0,29.5,12.3,10.0,0.0,0.0,0.0,0.0,2.0
2013-08-05,34.0,8755.0,257.5,14.117647058823529,34.0,0.0,0.0,0.0,0.0,10.0
2013-08-06,22.0,5461.0,248.22727272727272,12.090909090909092,22.0,0.0,0.0,0.0,0.0,10.0
2013-08-07,23.0,4197.0,182.47826086956522,9.956521739130435,23.0,0.0,0.0,0.0,0.0,11.0
2013-08-08,26.0,1365.0,52.5,13.26923076923077,26.0,0.0,0.0,0.0,0.0,11.0
2013-08-09,32.0,16126.0,503.9375,16.1875,32.0,0.0,0.0,0.0,0.0,6.0
2013-08-10,4.0,96.0,24.0,11.0,4.0,0.0,0.0,0.0,0.0,2.0
2013-08-11,19.0,587.0,30.894736842105264,14.157894736842104,19.0,0.0,0.0,0.0,0.0,9.0
2013-08-12,42.0,3456.0,82.28571428571429,14.880952380952381,42.0,0.0,0.0,0.0,0.0,9.0
2013-08-13,36.0,11093.0,308.1388888888889,15.583333333333334,36.0,0.0,0.0,0.0,0.0,6.0
2013-08-14,16.0,2239.0,139.9375,17.625,16.0,0.0,0.0,0.0,0.0,1.0
2013-08-15,42.0,3563.0,84.83333333333333,11.357142857142858,42.0,0.0,0.0,0.0,0.0,15.0
2013-08-16,20.0,9908.0,495.4,19.15,20.0,0.0,0.0,0.0,0.0,1.0
2013-08-17,11.0,2398.0,218.0,17.363636363636363,11.0,0.0,0.0,0.0,0.0,0.0
2013-08-18,15.0,3391.0,226.06666666666666,17.133333333333333,15.0,0.0,0.0,0.0,0.0,1.0
2013-08-19,16.0,7909.0,494.3125,8.0625,16.0,0.0,0.0,0.0,0.0,7.0
2013-08-20,34.0,6380.0,187.64705882352942,17.38235294117647,34.0,0.0,0.0,0.0,0.0,4.0
2013-08-21,37.0,4302.0,116.27027027027027,17.243243243243242,37.0,0.0,0.0,0.0,0.0,2.0
2013-08-22,26.0,6802.0,261.61538461538464,13.807692307692308,26.0,0.0,0.0,0.0,0.0,11.0
2013-08-23,3.0,171.0,57.0,19.333333333333332,3.0,0.0,0.0,0.0,0.0,0.0
2013-08-24,8.0,289.0,36.125,16.25,8.0,0.0,0.0,0.0,0.0,3.0
2013-08-25,24.0,8975.0,373.9583333333333,18.916666666666668,24.0,0.0,0.0,0.0,0.0,1.0
2013-08-26,18.0,2066.0,114.77777777777777,12.11111111111111,18.0,0.0,0.0,0.0,0.0,6.0
2013-08-27,10.0,905.0,90.5,17.1,10.0,0.0,0.0,0.0,0.0,0.0
2013-08-28,36.0,9058.0,251.61111111111111,13.36111111111111,36.0,0.0,0.0,0.0,0.0,13.0
2013-08-29,44.0,101663.0,2310.5227272727275,17.204545454545453,44.0,0.0,0.0,0.0,0.0,6.0
2013-08-30,36.0,127653.0,3545.9166666666665,18.11111111111111,36.0,0.0,0.0,0.0,0.0,3.0
2013-08-31,17.0,393996.0,23176.235294117647,18.058823529411764,17.0,0.0,0.0,0.0,0.0,2.0
2013-09-01,21.0,11029.0,525.1904761904761,15.380952380952381,21.0,0.0,0.0,0.0,0.0,4.0
2013-09-02,26.0,24087.0,926.4230769230769,19.0,26.0,0.0,0.0,0.0,0.0,1.0
2013-09-03,25.0,41968.0,1678.72,15.28,25.0,0.0,0.0,0.0,0.0,2.0
2013-09-04,24.0,9428.0,392.8333333333333,15.416666666666666,24.0,0.0,0.0,0.0,0.0,4.0
2013-09-05,44.0,201279.0,4574.522727272727,18.681818181818183,44.0,0.0,0.0,0.0,0.0,2.0
2013-09-06,19.0,12767.0,671.9473684210526,19.157894736842106,19.0,0.0,0.0,0.0,0.0,0.0
2013-09-07,42.0,22295.0,530.8333333333334,16.476190476190474,42.0,0.0,0.0,0.0,0.0,5.0
2013-09-08,21.0,12101.0,576.2380952380952,17.0,21.0,0.0,0.0,0.0,0.0,0.0
2013-09-09,26.0,21817.0,839.1153846153846,18.346153846153847,26.0,0.0,0.0,0.0,0.0,5.0
2013-09-10,65.0,20114.0,309.44615384615383,15.338461538461539,65.0,0.0,0.0,0.0,0.0,11.0
2013-09-11,45.0,66458.0,1476.8444444444444,17.77777777777778,45.0,0.0,0.0,0.0,0.0,5.0
2013-09-12,21.0,7411.0,352.9047619047619,18.047619047619047,21.0,0.0,0.0,0.0,0.0,1.0
2013-09-13,20.0,7805.0,390.25,17.4,20.0,0.0,0.0,0.0,0.0,3.0
2013-09-14,10.0,1589.0,158.9,19.2,10.0,0.0,0.0,0.0,0.0,1.0
2013-09-15,14.0,6020.0,430.0,19.428571428571427,14.0,0.0,0.0,0.0,0.0,3.0
2013-09-16,12.0,11801.0,983.4166666666666,18.583333333333332,12.0,0.0,0.0,0.0,0.0,1.0
2013-09-17,14.0,3852.0,275.14285714285717,18.857142857142858,14.0,0.0,0.0,0.0,0.0,1.0
2013-09-18,28.0,45762.0,1634.357142857143,15.678571428571429,28.0,0.0,0.0,0.0,0.0,5.0
2013-09-19,14.0,77062.0,5504.428571428572,17.642857142857142,14.0,0.0,0.0,0.0,0.0,4.0
2013-09-20,30.0,49365.0,1645.5,16.9,30.0,0.0,0.0,0.0,0.0,2.0
2013-09-21,22.0,4042.0,183.72727272727272,16.0,22.0,0.0,0.0,0.0,0.0,3.0
2013-09-22,19.0,1944.0,102.3157894736842,14.210526315789474,19.0,0.0,0.0,0.0,0.0,1.0
2013-09-23,12.0,6216.0,518.0,17.833333333333332,12.0,0.0,0.0,0.0,0.0,0.0
2013-09-24,18.0,10758.0,597.6666666666666,17.11111111111111,18.0,0.0,0.0,0.0,0.0,4.0
2013-09-25,10.0,9640.0,964.0,17.4,10.0,0.0,0.0,0.0,0.0,0.0
2013-09-26,18.0,5383.0,299.05555555555554,16.61111111111111,18.0,0.0,0.0,0.0,0.0,2.0
2013-09-27,28.0,4667.0,166.67857142857142,18.071428571428573,28.0,0.0,0.0,0.0,0.0,1.0
2013-09-28,5.0,431.0,86.2,20.4,5.0,0.0,0.0,0.0,0.0,0.0
2013-09-29,5.0,986.0,197.2,20.0,5.0,0.0,0.0,0.0,0.0,0.0
2013-09-30,17.0,4084.0,240.23529411764707,12.941176470588236,17.0,0.0,0.0,0.0,0.0,8.0
2013-10-01,20.0,6491.0,324.55,16.45,20.0,0.0,0.0,0.0,0.0,1.0
2013-10-02,22.0,6988.0,317.6363636363636,18.318181818181817,22.0,0.0,0.0,0.0,0.0,3.0
2013-10-03,23.0,5047.0,219.43478260869566,15.173913043478262,23.0,0.0,0.0,0.0,0.0,7.0
2013-10-04,20.0,4786.0,239.3,13.85,20.0,0.0,0.0,0.0,0.0,2.0
2013-10-05,1.0,62.0,62.0,14.0,1.0,0.0,0.0,0.0,0.0,0.0
2013-10-06,1.0,35.0,35.0,20.0,1.0,0.0,0.0,0.0,0.0,0.0
2013-10-07,18.0,163412.0,9078.444444444445,18.61111111111111,18.0,0.0,0.0,0.0,0.0,1.0
2013-10-08,18.0,35937.0,1996.5,15.11111111111111,18.0,0.0,0.0,0.0,0.0,4.0
2013-10-09,16.0,12159.0,759.9375,19.3125,16.0,0.0,0.0,0.0,0.0,0.0
2013-10-10,22.0,5953.0,270.59090909090907,15.681818181818182,22.0,0.0,0.0,0.0,0.0,5.0
2013-10-11,48.0,4917.0,102.4375,14.0625,48.0,0.0,0.0,0.0,0.0,13.0
2013-10-12,1.0,84.0,84.0,21.0,1.0,0.0,0.0,0.0,0.0,0.0
2013-10-13,5.0,277.0,55.4,14.0,5.0,0.0,0.0,0.0,0.0,1.0
2013-10-14,24.0,1803.0,75.125,12.708333333333334,24.0,0.0,0.0,0.0,0.0,12.0
2013-10-15,5.0,1849.0,369.8,16.4,5.0,0.0,0.0,0.0,0.0,1.0
2013-10-16,15.0,376.0,25.066666666666666,13.733333333333333,15.0,0.0,0.0,0.0,0.0,5.0
2013-10-17,20.0,4674.0,233.7,18.1,20.0,0.0,0.0,0.0,0.0,1.0
2013-10-18,68.0,9320.0,137.05882352941177,17.41176470588235,68.0,0.0,0.0,0.0,0.0,7.0
2013-10-19,17.0,1503.0,88.41176470588235,19.294117647058822,17.0,0.0,0.0,0.0,0.0,4.0
2013-10-20,12.0,1035.0,86.25,17.583333333333332,12.0,0.0,0.0,0.0,0.0,2.0
2013-10-21,19.0,2821.0,148.47368421052633,13.210526315789474,19.0,0.0,0.0,0.0,0.0,4.0
2013-10-22,8.0,5065.0,633.125,14.375,8.0,0.0,0.0,0.0,0.0,1.0
2013-10-23,18.0,5795.0,321.94444444444446,14.444444444444445,18.0,0.0,0.0,0.0,0.0,4.0
2013-10-24,12.0,5217.0,434.75,16.583333333333332,12.0,0.0,0.0,0.0,0.0,0.0
2013-10-25,10.0,959.0,95.9,16.5,10.0,0.0,0.0,0.0,0.0,0.0
2013-10-26,16.0,4737.0,296.0625,16.8125,16.0,0.0,0.0,0.0,0.0,2.0
2013-10-27,38.0,5082.0,133.73684210526315,17.263157894736842,38.0,0.0,0.0,0.0,0.0,1.0
2013-10-28,15.0,1907.0,127.13333333333334,15.333333333333334,15.0,0.0,0.0,0.0,0.0,2.0
2013-10-29,20.0,8020.0,401.0,18.4,20.0,0.0,0.0,0.0,0.0,0.0
2013-10-30,14.0,13601.0,971.5,16.928571428571427,14.0,0.0,0.0,0.0,0.0,0.0
2013-10-31,19.0,12009.0,632.0526315789474,15.631578947368421,19.0,0.0,0.0,0.0,0.0,2.0
2013-11-01,7.0,4137.0,591.0,14.0,7.0,0.0,0.0,0.0,0.0,2.0
2013-11-02,2.0,1143.0,571.5,18.0,2.0,0.0,0.0,0.0,0.0,0.0
2013-11-03,10.0,483.0,48.3,16.7,10.0,0.0,0.0,0.0,0.0,0.0
2013-11-04,20.0,1974.0,98.7,14.2,20.0,0.0,0.0,0.0,0.0,4.0
2013-11-05,17.0,4186.0,246.23529411764707,17.823529411764707,17.0,0.0,0.0,0.0,0.0,1.0
2013-11-06,20.0,6660.0,333.0,15.8,20.0,0.0,0.0,0.0,0.0,4.0
2013-11-07,15.0,6897.0,459.8,18.266666666666666,15.0,0.0,0.0,0.0,0.0,0.0
2013-11-08,4.0,51589.0,12897.25,15.0,4.0,0.0,0.0,0.0,0.0,0.0
2013-11-09,8.0,2567.0,320.875,18.5,8.0,0.0,0.0,0.0,0.0,0.0
2013-11-10,13.0,19271.0,1482.3846153846155,21.076923076923077,13.0,0.0,0.0,0.0,0.0,0.0
2013-11-11,6.0,20841.0,3473.5,16.0,6.0,0.0,0.0,0.0,0.0,1.0
2013-11-12,17.0,6528.0,384.0,17.41176470588235,17.0,0.0,0.0,0.0,0.0,5.0
2013-11-13,10.0,3418.0,341.8,20.2,10.0,0.0,0.0,0.0,0.0,1.0
2013-11-14,15.0,11829.0,788.6,14.2,15.0,0.0,0.0,0.0,0.0,1.0
2013-11-15,18.0,7946.0,441.44444444444446,17.61111111111111,18.0,0.0,0.0,0.0,0.0,2.0
2013-11-16,8.0,1213.0,151.625,16.25,8.0,0.0,0.0,0.0,0.0,3.0
2013-11-17,5.0,2980.0,596.0,22.8,5.0,0.0,0.0,0.0,0.0,0.0
2013-11-18,9.0,12191.0,1354.5555555555557,18.444444444444443,9.0,0.0,0.0,0.0,0.0,0.0
2013-11-19,20.0,6561.0,328.05,15.55,20.0,0.0,0.0,0.0,0.0,1.0
2013-11-20,20.0,5336.0,266.8,11.7,20.0,0.0,0.0,0.0,0.0,5.0
2013-11-21,14.0,26069.0,1862.0714285714287,20.071428571428573,14.0,0.0,0.0,0.0,0.0,1.0
2013-11-22,11.0,6225.0,565.9090909090909,16.454545454545453,11.0,0.0,0.0,0.0,0.0,1.0
2013-11-23,7.0,6462.0,923.1428571428571,20.857142857142858,7.0,0.0,0.0,0.0,0.0,0.0
2013-11-24,8.0,4531.0,566.375,23.5,8.0,0.0,0.0,0.0,0.0,0.0
2013-11-25,14.0,30720.0,2194.285714285714,21.071428571428573,14.0,0.0,0.0,0.0,0.0,0.0
2013-11-26,15.0,5795.0,386.3333333333333,18.333333333333332,15.0,0.0,0.0,0.0,0.0,0.0
2013-11-27,23.0,150615.0,6548.478260869565,15.08695652173913,23.0,0.0,0.0,0.0,0.0,5.0
2013-11-28,9.0,2793.0,310.3333333333333,19.444444444444443,9.0,0.0,0.0,0.0,0.0,2.0
2013-11-29,9.0,758.0,84.22222222222223,19.555555555555557,9.0,0.0,0.0,0.0,0.0,1.0
2013-11-30,26.0,3962.0,152.3846153846154,16.653846153846153,26.0,0.0,0.0,0.0,0.0,1.0
2013-12-01,0.0,0.0,,,0.0,0.0,0.0,0.0,0.0,0.0
2013-12-02,22.0,3645.0,165.6818181818182,14.863636363636363,22.0,0.0,0.0,0.0,0.0,5.0
2013-12-03,23.0,6338.0,275.5652173913044,13.608695652173912,23.0,0.0,0.0,0.0,0.0,10.0
2013-12-04,8.0,6089.0,761.125,14.625,8.0,0.0,0.0,0.0,0.0,0.0
2013-12-05,11.0,6069.0,551.7272727272727,17.636363636363637,11.0,0.0,0.0,0.0,0.0,0.0
2013-12-06,20.0,12944.0,647.2,14.45,20.0,0.0,0.0,0.0,0.0,3.0
2013-12-07,7.0,2768.0,395.42857142857144,16.285714285714285,7.0,0.0,0.0,0.0,0.0,0.0
2013-12-08,9.0,7012.0,779.1111111111111,24.555555555555557,9.0,0.0,0.0,0.0,0.0,2.0
2013-12-09,18.0,3441.0,191.16666666666666,18.166666666666668,18.0,0.0,0.0,0.0,0.0,0.0
2013-12-10,32.0,5786.0,180.8125,17.1875,32.0,0.0,0.0,0.0,0.0,0.0
2013-12-11,10.0,2870.0,287.0,16.4,10.0,0.0,0.0,0.0,0.0,3.0
2013-12-12,12.0,46256.0,3854.6666666666665,17.583333333333332,12.0,0.0,0.0,0.0,0.0,0.0
2013-12-13,18.0,23336.0,1296.4444444444443,21.5,18.0,0.0,0.0,0.0,0.0,3.0
2013-12-14,4.0,1917.0,479.25,22.75,4.0,0.0,0.0,0.0,0.0,0.0
2013-12-15,3.0,3129.0,1043.0,23.666666666666668,3.0,0.0,0.0,0.0,0.0,0.0
2013-12-16,8.0,1079.0,134.875,17.375,8.0,0.0,0.0,0.0,0.0,0.0
2013-12-17,21.0,6353.0,302.5238095238095,15.476190476190476,21.0,0.0,0.0,0.0,0.0,4.0
2013-12-18,8.0,7838.0,979.75,20.0,8.0,0.0,0.0,0.0,0.0,0.0
2013-12-19,27.0,10224.0,378.6666666666667,19.074074074074073,27.0,0.0,0.0,0.0,0.0,0.0
2013-12-20,20.0,18590.0,929.5,17.35,20.0,0.0,0.0,0.0,0.0,0.0
2013-12-21,15.0,3087.0,205.8,18.066666666666666,15.0,0.0,0.0,0.0,0.0,0.0
2013-12-22,7.0,2215.0,316.42857142857144,18.428571428571427,7.0,0.0,0.0,0.0,0.0,1.0
2013-12-23,12.0,4740.0,395.0,15.916666666666666,12.0,0.0,0.0,0.0,0.0,1.0
2013-12-24,21.0,19881.0,946.7142857142857,17.61904761904762,21.0,0.0,0.0,0.0,0.0,0.0
2013-12-25,2.0,18156.0,9078.0,23.5,2.0,0.0,0.0,0.0,0.0,0.0
2013-12-26,5.0,4051.0,810.2,18.6,5.0,0.0,0.0,0.0,0.0,0.0
2013-12-27,3.0,3942.0,1314.0,21.333333333333332,3.0,0.0,0.0,0.0,0.0,0.0
2013-12-28,9.0,4495.0,499.44444444444446,22.555555555555557,9.0,0.0,0.0,0.0,0.0,1.0
2013-12-29,2.0,973.0,486.5,17.0,2.0,0.0,0.0,0.0,0.0,0.0
2013-12-30,12.0,46839.0,3903.25,19.833333333333332,12.0,0.0,0.0,0.0,0.0,0.0
2013-12-31,6.0,4541.0,756.8333333333334,16.5,6.0,0.0,0.0,0.0,0.0,0.0
2014-01-01,2.0,14020.0,7010.0,20.5,2.0,0.0,0.0,0.0,0.0,0.0
2014-01-02,16.0,5076.0,317.25,15.25,16.0,0.0,0.0,0.0,0.0,0.0
2014-01-03,9.0,4149.0,461.0,16.666666666666668,9.0,0.0,0.0,0.0,0.0,2.0
2014-01-04,1.0,273.0,273.0,17.0,1.0,0.0,0.0,0.0,0.0,0.0
2014-01-05,1.0,144.0,144.0,24.0,1.0,0.0,0.0,0.0,0.0,0.0
2014-01-06,11.0,4176.0,379.6363636363636,18.454545454545453,11.0,0.0,0.0,0.0,0.0,0.0
2014-01-07,7.0,2631.0,375.85714285714283,18.285714285714285,7.0,0.0,0.0,0.0,0.0,0.0
2014-01-08,28.0,3607.0,128.82142857142858,18.25,28.0,0.0,0.0,0.0,0.0,1.0
2014-01-09,22.0,66817.0,3037.1363636363635,17.772727272727273,22.0,0.0,0.0,0.0,0.0,0.0
2014-01-10,12.0,4048.0,337.3333333333333,16.083333333333332,12.0,0.0,0.0,0.0,0.0,0.0
2014-01-11,12.0,4261.0,355.0833333333333,15.5,12.0,0.0,0.0,0.0,0.0,0.0
2014-01-12,13.0,3049.0,234.53846153846155,17.615384615384617,13.0,0.0,0.0,0.0,0.0,1.0
2014-01-13,17.0,7508.0,441.6470588235294,15.823529411764707,17.0,0.0,0.0,0.0,0.0,2.0
2014-01-14,35.0,6147.0,175.62857142857143,17.62857142857143,35.0,0.0,0.0,0.0,0.0,1.0
2014-01-15,21.0,1826.0,86.95238095238095,18.142857142857142,21.0,0.0,0.0,0.0,0.0,1.0
2014-01-16,13.0,14104.0,1084.923076923077,14.846153846153847,13.0,0.0,0.0,0.0,0.0,3.0
2014-01-17,7.0,4616.0,659.4285714285714,19.571428571428573,7.0,0.0,0.0,0.0,0.0,0.0
2014-01-18,13.0,810.0,62.30769230769231,13.23076923076923,13.0,0.0,0.0,0.0,0.0,0.0
2014-01-19,11.0,744.0,67.63636363636364,15.909090909090908,11.0,0.0,0.0,0.0,0.0,0.0
2014-01-20,11.0,5823.0,529.3636363636364,17.09090909090909,11.0,0.0,0.0,0.0,0.0,0.0
2014-01-21,1.0,313.0,313.0,21.0,1.0,0.0,0.0,0.0,0.0,0.0
2014-01-22,5.0,3573.0,714.6,20.0,5.0,0.0,0.0,0.0,0.0,0.0
2014-01-23,4.0,3968.0,992.0,22.25,4.0,0.0,0.0,0.0,0.0,0.0
2014-01-24,7.0,2218.0,316.85714285714283,17.285714285714285,7.0,0.0,0.0,0.0,0.0,0.0
2014-01-25,3.0,3168.0,1056.0,20.666666666666668,3.0,0.0,0.0,0.0,0.0,0.0
2014-01-26,3.0,3636.0,1212.0,23.333333333333332,3.0,0.0,0.0,0.0,0.0,0.0
2014-01-27,8.0,3426.0,428.25,15.0,8.0,0.0,0.0,0.0,0.0,0.0
2014-01-28,9.0,5890.0,654.4444444444445,22.0,9.0,0.0,0.0,0.0,0.0,0.0
2014-01-29,32.0,17160.0,536.25,18.1875,32.0,0.0,0.0,0.0,0.0,0.0
2014-01-30,9.0,11000.0,1222.2222222222222,17.0,9.0,0.0,0.0,0.0,0.0,0.0
2014-01-31,22.0,4775.0,217.04545454545453,16.0,22.0,0.0,0.0,0.0,0.0,0.0
2014-02-01,2.0,115.0,57.5,10.0,2.0,0.0,0.0,0.0,0.0,0.0
2014-02-02,5.0,2414.0,482.8,15.2,5.0,0.0,0.0,0.0,0.0,0.0
2014-02-03,10.0,4704.0,470.4,17.8,10.0,0.0,0.0,0.0,0.0,0.0
2014-02-04,9.0,3478.0,386.44444444444446,18.0,9.0,0.0,0.0,0.0,0.0,1.0
2014-02-05,9.0,9001.0,1000.1111111111111,17.88888888888889,9.0,0.0,0.0,0.0,0.0,0.0
2014-02-06,4.0,1100.0,275.0,16.25,4.0,0.0,0.0,0.0,0.0,0.0
2014-02-07,0.0,0.0,,,0.0,0.0,0.0,0.0,0.0,0.0
2014-02-08,2.0,252.0,126.0,15.5,2.0,0.0,0.0,0.0,0.0,1.0
2014-02-09,0.0,0.0,,,0.0,0.0,0.0,0.0,0.0,0.0
2014-02-10,14.0,4104.0,293.14285714285717,16.214285714285715,14.0,0.0,0.0,0.0,0.0,1.0
2014-02-11,1.0,494.0,494.0,10.0,1.0,0.0,0.0,0.0,0.0,0.0
2014-02-12,10.0,2986.0,298.6,17.8,10.0,0.0,0.0,0.0,0.0,0.0
2014-02-13,13.0,2305.0,177.30769230769232,17.076923076923077,13.0,0.0,0.0,0.0,0.0,1.0
2014-02-14,36.0,4130.0,114.72222222222223,15.916666666666666,36.0,0.0,0.0,0.0,0.0,1.0
2014-02-15,8.0,901.0,112.625,20.625,8.0,0.0,0.0,0.0,0.0,2.0
2014-02-16,7.0,387.0,55.285714285714285,18.571428571428573,7.0,0.0,0.0,0.0,0.0,0.0
2014-02-17,9.0,6464.0,718.2222222222222,21.11111111111111,9.0,0.0,0.0,0.0,0.0,0.0
2014-02-18,12.0,7012.0,584.3333333333334,18.916666666666668,12.0,0.0,0.0,0.0,0.0,0.0
2014-02-19,33.0,11715.0,355.0,17.181818181818183,33.0,0.0,0.0,0.0,0.0,2.0
2014-02-20,13.0,1251.0,96.23076923076923,18.384615384615383,13.0,0.0,0.0,0.0,0.0,0.0
2014-02-21,24.0,2806.0,116.91666666666667,15.916666666666666,24.0,0.0,0.0,0.0,0.0,0.0
2014-02-22,6.0,770.0,128.33333333333334,18.833333333333332,6.0,0.0,0.0,0.0,0.0,0.0
2014-02-23,15.0,5961.0,397.4,17.8,15.0,0.0,0.0,0.0,0.0,0.0
2014-02-24,11.0,5145.0,467.72727272727275,20.545454545454547,11.0,0.0,0.0,0.0,0.0,0.0
2014-02-25,23.0,5312.0,230.95652173913044,17.608695652173914,23.0,0.0,0.0,0.0,0.0,0.0
2014-02-26,13.0,3330.0,256.15384615384613,17.23076923076923,13.0,0.0,0.0,0.0,0.0,0.0
2014-02-27,9.0,1052.0,116.88888888888889,17.88888888888889,9.0,0.0,0.0,0.0,0.0,0.0
2014-02-28,9.0,6963.0,773.6666666666666,20.666666666666668,9.0,0.0,0.0,0.0,0.0,0.0
2014-03-01,5.0,902.0,180.4,20.4,5.0,0.0,0.0,0.0,0.0,0.0
2014-03-02,47.0,126132.0,2683.659574468085,14.0,47.0,0.0,0.0,0.0,0.0,0.0
2014-03-03,30.0,18387.0,612.9,14.766666666666667,30.0,0.0,0.0,0.0,0.0,2.0
2014-03-04,12.0,11384.0,948.6666666666666,16.416666666666668,12.0,0.0,0.0,0.0,0.0,1.0
2014-03-05,7.0,2519.0,359.85714285714283,13.142857142857142,7.0,0.0,0.0,0.0,0.0,1.0
2014-03-06,11.0,2562.0,232.9090909090909,17.363636363636363,11.0,0.0,0.0,0.0,0.0,0.0
2014-03-07,8.0,1448.0,181.0,13.75,8.0,0.0,0.0,0.0,0.0,1.0
2014-03-08,10.0,602.0,60.2,17.4,10.0,0.0,0.0,0.0,0.0,0.0
2014-03-09,0.0,0.0,,,0.0,0.0,0.0,0.0,0.0,0.0
2014-03-10,7.0,791.0,113.0,17.714285714285715,7.0,0.0,0.0,0.0,0.0,0.0
2014-03-11,18.0,4265.0,236.94444444444446,19.61111111111111,18.0,0.0,0.0,0.0,0.0,0.0
2014-03-12,10.0,4087.0,408.7,16.5,10.0,0.0,0.0,0.0,0.0,0.0
2014-03-13,12.0,2746.0,228.83333333333334,17.0,12.0,0.0,0.0,0.0,0.0,0.0
2014-03-14,12.0,4577.0,381.4166666666667,19.083333333333332,12.0,0.0,0.0,0.0,0.0,1.0
2014-03-15,4.0,361.0,90.25,21.75,4.0,0.0,0.0,0.0,0.0,0.0
2014-03-16,3.0,1391.0,463.6666666666667,26.0,3.0,0.0,0.0,0.0,0.0,0.0
2014-03-17,17.0,9693.0,570.1764705882352,16.352941176470587,17.0,0.0,0.0,0.0,0.0,0.0
2014-03-18,8.0,4779.0,597.375,18.875,8.0,0.0,0.0,0.0,0.0,0.0
2014-03-19,24.0,259131.0,10797.125,17.458333333333332,24.0,0.0,0.0,0.0,0.0,1.0
2014-03-20,11.0,12190.0,1108.1818181818182,19.454545454545453,11.0,0.0,0.0,0.0,0.0,0.0
2014-03-21,7.0,16034.0,2290.5714285714284,21.428571428571427,7.0,0.0,0.0,0.0,0.0,0.0
2014-03-22,2.0,3148.0,1574.0,25.0,2.0,0.0,0.0,0.0,0.0,0.0
2014-03-23,0.0,0.0,,,0.0,0.0,0.0,0.0,0.0,0.0
2014-03-24,9.0,4213.0,468.1111111111111,20.88888888888889,9.0,0.0,0.0,0.0,0.0,0.0
2014-03-25,5.0,2601.0,520.2,20.2,5.0,0.0,0.0,0.0,0.0,0.0
2014-03-26,11.0,10595.0,963.1818181818181,20.181818181818183,11.0,0.0,0.0,0.0,0.0,0.0
2014-03-27,42.0,10881.0,259.07142857142856,17.976190476190474,42.0,0.0,0.0,0.0,0.0,0.0
2014-03-28,23.0,57317.0,2492.0434782608695,19.217391304347824,23.0,0.0,0.0,0.0,0.0,0.0
2014-03-29,19.0,4232.0,222.73684210526315,18.57894736842105,19.0,0.0,0.0,0.0,0.0,1.0
2014-03-30,12.0,1301.0,108.41666666666667,18.166666666666668,12.0,0.0,0.0,0.0,0.0,1.0
2014-03-31,14.0,3379.0,241.35714285714286,16.785714285714285,14.0,0.0,0.0,0.0,0.0,0.0
2014-04-01,20.0,3998.0,199.9,18.2,20.0,0.0,0.0,0.0,0.0,0.0
2014-04-02,7.0,2714.0,387.7142857142857,18.0,7.0,0.0,0.0,0.0,0.0,0.0
2014-04-03,11.0,3696.0,336.0,17.363636363636363,11.0,0.0,0.0,0.0,0.0,0.0
2014-04-04,24.0,4371.0,182.125,17.833333333333332,24.0,0.0,0.0,0.0,0.0,0.0
2014-04-05,29.0,8925.0,307.7586206896552,18.896551724137932,29.0,0.0,0.0,0.0,0.0,1.0
2014-04-06,12.0,1798.0,149.83333333333334,18.416666666666668,12.0,0.0,0.0,0.0,0.0,1.0
2014-04-07,13.0,1293.0,99.46153846153847,18.615384615384617,13.0,0.0,0.0,0.0,0.0,0.0
2014-04-08,9.0,1700.0,188.88888888888889,20.555555555555557,9.0,0.0,0.0,0.0,0.0,1.0
2014-04-09,31.0,3969.0,128.03225806451613,18.258064516129032,31.0,0.0,0.0,0.0,0.0,0.0
2014-04-10,17.0,4962.0,291.88235294117646,17.470588235294116,17.0,0.0,0.0,0.0,0.0,0.0
2014-04-11,19.0,3540.0,186.31578947368422,15.526315789473685,19.0,0.0,0.0,0.0,0.0,0.0
2014-04-12,8.0,712.0,89.0,15.0,8.0,0.0,0.0,0.0,0.0,0.0
2014-04-13,3.0,917.0,305.6666666666667,19.666666666666668,3.0,0.0,0.0,0.0,0.0,0.0
2014-04-14,17.0,7056.0,415.05882352941177,17.705882352941178,17.0,0.0,0.0,0.0,0.0,0.0
2014-04-15,21.0,4931.0,234.8095238095238,17.476190476190474,21.0,0.0,0.0,0.0,0.0,1.0
2014-04-16,16.0,4773.0,298.3125,17.1875,16.0,0.0,0.0,0.0,0.0,1.0
2014-04-17,19.0,2982.0,156.94736842105263,15.473684210526315,19.0,0.0,0.0,0.0,0.0,0.0
2014-04-18,44.0,9004.0,204.63636363636363,17.636363636363637,44.0,0.0,0.0,0.0,0.0,0.0
2014-04-19,14.0,2701.0,192.92857142857142,17.071428571428573,14.0,0.0,0.0,0.0,0.0,0.0
2014-04-20,23.0,2958.0,128.6086956521739,18.608695652173914,23.0,0.0,0.0,0.0,0.0,0.0
2014-04-21,17.0,9122.0,536.5882352941177,18.11764705882353,17.0,0.0,0.0,0.0,0.0,0.0
2014-04-22,36.0,17604.0,489.0,19.444444444444443,36.0,0.0,0.0,0.0,0.0,0.0
2014-04-23,33.0,8590.0,260.3030303030303,18.515151515151516,33.0,0.0,0.0,0.0,0.0,1.0
2014-04-24,26.0,4652.0,178.92307692307693,16.884615384615383,26.0,0.0,0.0,0.0,0.0,0.0
2014-04-25,16.0,4072.0,254.5,18.125,16.0,0.0,0.0,0.0,1.0,0.0
2014-04-26,0.0,0.0,,,0.0,0.0,0.0,0.0,0.0,0.0
2014-04-27,3.0,740.0,246.66666666666666,18.666666666666668,3.0,0.0,0.0,0.0,0.0,0.0
2014-04-28,12.0,3093.0,257.75,15.416666666666666,12.0,0.0,0.0,0.0,0.0,0.0
2014-04-29,26.0,4172.0,160.46153846153845,17.076923076923077,26.0,0.0,0.0,0.0,0.0,0.0
2014-04-30,0.0,0.0,,,0.0,0.0,0.0,0.0,0.0,0.0
2014-05-01,8.0,912.0,114.0,16.375,8.0,0.0,0.0,0.0,0.0,0.0
2014-05-02,57.0,19205.0,336.9298245614035,18.105263157894736,57.0,0.0,0.0,0.0,0.0,1.0
2014-05-03,12.0,9104.0,758.6666666666666,21.083333333333332,12.0,0.0,0.0,0.0,0.0,0.0
2014-05-04,10.0,57366.0,5736.6,14.5,10.0,0.0,0.0,0.0,0.0,1.0
2014-05-05,34.0,3615.0,106.32352941176471,15.147058823529411,34.0,0.0,0.0,0.0,0.0,0.0
2014-05-06,9.0,2439.0,271.0,15.333333333333334,9.0,0.0,0.0,0.0,0.0,0.0
2014-05-07,13.0,91941.0,7072.384615384615,22.153846153846153,13.0,0.0,0.0,0.0,0.0,0.0
2014-05-08,32.0,43595.0,1362.34375,16.8125,32.0,0.0,0.0,0.0,0.0,1.0
2014-05-09,13.0,3448.0,265.2307692307692,17.46153846153846,13.0,0.0,0.0,0.0,0.0,0.0
2014-05-10,2.0,296.0,148.0,19.0,2.0,0.0,0.0,0.0,0.0,1.0
2014-05-11,3.0,960.0,320.0,19.333333333333332,3.0,0.0,0.0,0.0,0.0,1.0
2014-05-12,8.0,2561.0,320.125,18.375,8.0,0.0,0.0,0.0,0.0,0.0
2014-05-13,12.0,3408.0,284.0,18.0,12.0,0.0,0.0,0.0,0.0,0.0
2014-05-14,5.0,2147.0,429.4,14.4,5.0,0.0,0.0,0.0,0.0,0.0
2014-05-15,7.0,6203.0,886.1428571428571,17.857142857142858,7.0,0.0,0.0,0.0,0.0,0.0
2014-05-16,7.0,3128.0,446.85714285714283,19.428571428571427,7.0,0.0,0.0,0.0,0.0,0.0
2014-05-17,19.0,1968.0,103.57894736842105,19.105263157894736,19.0,0.0,0.0,0.0,0.0,1.0
2014-05-18,4.0,19022.0,4755.5,23.0,4.0,0.0,0.0,0.0,0.0,0.0
2014-05-19,18.0,6256.0,347.55555555555554,18.5,18.0,0.0,0.0,0.0,0.0,0.0
2014-05-20,12.0,6184.0,515.3333333333334,18.75,12.0,0.0,0.0,0.0,0.0,0.0
2014-05-21,6.0,3181.0,530.1666666666666,18.666666666666668,6.0,0.0,0.0,0.0,0.0,0.0
2014-05-22,10.0,1606.0,160.6,18.5,10.0,0.0,0.0,0.0,0.0,0.0
2014-05-23,18.0,21144.0,1174.6666666666667,17.72222222222222,18.0,0.0,0.0,0.0,0.0,0.0
2014-05-24,1.0,216.0,216.0,26.0,1.0,0.0,0.0,0.0,0.0,0.0
2014-05-25,3.0,792.0,264.0,16.333333333333332,3.0,0.0,0.0,0.0,0.0,0.0
2014-05-26,8.0,1489.0,186.125,18.75,8.0,0.0,0.0,0.0,0.0,0.0
2014-05-27,23.0,7802.0,339.2173913043478,19.52173913043478,23.0,0.0,0.0,0.0,0.0,0.0
2014-05-28,8.0,5143.0,642.875,19.375,8.0,0.0,0.0,0.0,0.0,0.0
2014-05-29,4.0,1409.0,352.25,15.0,4.0,0.0,0.0,0.0,0.0,0.0
2014-05-30,14.0,3359.0,239.92857142857142,18.285714285714285,14.0,0.0,0.0,0.0,0.0,0.0
2014-05-31,24.0,3581.0,149.20833333333334,18.083333333333332,24.0,0.0,0.0,0.0,0.0,0.0
2014-06-01,27.0,1930.0,71.48148148148148,16.333333333333332,27.0,0.0,0.0,0.0,0.0,0.0
2014-06-02,8.0,2456.0,307.0,17.875,8.0,0.0,0.0,0.0,0.0,0.0
2014-06-03,29.0,13268.0,457.51724137931035,19.79310344827586,29.0,0.0,0.0,0.0,0.0,0.0
2014-06-04,28.0,498069.0,17788.178571428572,19.0,28.0,0.0,0.0,0.0,0.0,0.0
2014-06-05,8.0,10031.0,1253.875,21.5,8.0,0.0,0.0,0.0,0.0,0.0
2014-06-06,3.0,1786.0,595.3333333333334,15.666666666666666,3.0,0.0,0.0,0.0,0.0,0.0
2014-06-07,5.0,2964.0,592.8,16.8,5.0,0.0,0.0,0.0,0.0,0.0
2014-06-08,27.0,14087.0,521.7407407407408,20.62962962962963,27.0,0.0,0.0,0.0,0.0,0.0
2014-06-09,23.0,4103.0,178.3913043478261,17.26086956521739,23.0,0.0,0.0,0.0,0.0,0.0
2014-06-10,32.0,8140.0,254.375,18.75,32.0,0.0,0.0,0.0,0.0,0.0
2014-06-11,15.0,2789.0,185.93333333333334,17.466666666666665,15.0,0.0,0.0,0.0,0.0,0.0
2014-06-12,14.0,4851.0,346.5,20.071428571428573,14.0,0.0,0.0,0.0,0.0,0.0
2014-06-13,45.0,4850.0,107.77777777777777,17.6,45.0,0.0,0.0,0.0,0.0,0.0
2014-06-14,57.0,19348.0,339.43859649122805,17.31578947368421,57.0,0.0,0.0,0.0,0.0,0.0
2014-06-15,41.0,1971.0,48.073170731707314,18.658536585365855,41.0,0.0,0.0,0.0,0.0,5.0
2014-06-16,46.0,7756.0,168.6086956521739,18.195652173913043,46.0,0.0,0.0,0.0,0.0,0.0
2014-06-17,81.0,43210.0,533.4567901234568,16.358024691358025,81.0,0.0,0.0,0.0,0.0,0.0
2014-06-18,23.0,61971.0,2694.391304347826,18.0,23.0,0.0,0.0,0.0,0.0,0.0
2014-06-19,29.0,3403.0,117.34482758620689,17.862068965517242,29.0,0.0,0.0,0.0,0.0,0.0
2014-06-20,20.0,2485.0,124.25,16.85,20.0,0.0,0.0,0.0,1.0,0.0
2014-06-21,28.0,1181.0,42.17857142857143,15.642857142857142,28.0,0.0,0.0,0.0,0.0,0.0
2014-06-22,24.0,1847.0,76.95833333333333,17.416666666666668,24.0,0.0,0.0,0.0,0.0,0.0
2014-06-23,26.0,2857.0,109.88461538461539,19.307692307692307,26.0,0.0,0.0,0.0,0.0,0.0
2014-06-24,18.0,5841.0,324.5,20.055555555555557,18.0,0.0,0.0,0.0,0.0,0.0
2014-06-25,15.0,2542.0,169.46666666666667,15.6,15.0,0.0,0.0,0.0,0.0,0.0
2014-06-26,31.0,8266.0,266.64516129032256,18.774193548387096,31.0,0.0,0.0,0.0,0.0,0.0
2014-06-27,11.0,13799.0,1254.4545454545455,15.454545454545455,11.0,0.0,0.0,0.0,0.0,0.0
2014-06-28,0.0,0.0,,,0.0,0.0,0.0,0.0,0.0,0.0
2014-06-29,25.0,4476.0,179.04,15.16,25.0,0.0,0.0,0.0,0.0,0.0
2014-06-30,9.0,2263.0,251.44444444444446,18.333333333333332,9.0,0.0,0.0,0.0,0.0,0.0
2014-07-01,26.0,4989.0,191.8846153846154,17.692307692307693,26.0,0.0,0.0,0.0,0.0,0.0
2014-07-02,8.0,1668.0,208.5,15.625,8.0,0.0,0.0,0.0,0.0,0.0
2014-07-03,10.0,2693.0,269.3,18.5,10.0,0.0,0.0,0.0,0.0,0.0
2014-07-04,5.0,64170.0,12834.0,17.8,5.0,0.0,0.0,0.0,0.0,0.0
2014-07-05,10.0,2781.0,278.1,21.2,10.0,0.0,0.0,0.0,0.0,1.0
2014-07-06,1.0,299.0,299.0,22.0,1.0,0.0,0.0,0.0,0.0,0.0
2014-07-07,17.0,2847.0,167.47058823529412,16.941176470588236,17.0,0.0,0.0,0.0,0.0,0.0
2014-07-08,22.0,5896.0,268.0,17.954545454545453,22.0,0.0,0.0,0.0,0.0,0.0
2014-07-09,28.0,9270.0,331.07142857142856,17.285714285714285,28.0,0.0,0.0,0.0,0.0,0.0
2014-07-10,44.0,14714.0,334.40909090909093,18.613636363636363,44.0,0.0,0.0,0.0,0.0,0.0
2014-07-11,20.0,5804.0,290.2,17.7,20.0,0.0,0.0,0.0,0.0,0.0
2014-07-12,3.0,265.0,88.33333333333333,18.0,3.0,0.0,0.0,0.0,0.0,0.0
2014-07-13,11.0,3253.0,295.72727272727275,17.818181818181817,11.0,0.0,0.0,0.0,0.0,0.0
2014-07-14,18.0,5859.0,325.5,18.77777777777778,18.0,0.0,0.0,0.0,0.0,0.0
2014-07-15,20.0,4945.0,247.25,18.15,20.0,0.0,0.0,0.0,0.0,0.0
2014-07-16,10.0,2220.0,222.0,18.8,10.0,0.0,0.0,0.0,0.0,0.0
2014-07-17,35.0,10308.0,294.51428571428573,16.82857142857143,35.0,0.0,0.0,0.0,0.0,0.0
2014-07-18,8.0,2815.0,351.875,16.75,8.0,0.0,0.0,0.0,1.0,0.0
2014-07-19,4.0,441.0,110.25,18.25,4.0,0.0,0.0,0.0,0.0,0.0
2014-07-20,3.0,303.0,101.0,18.666666666666668,3.0,0.0,0.0,0.0,0.0,0.0
2014-07-21,22.0,17428.0,792.1818181818181,15.272727272727273,22.0,0.0,0.0,0.0,0.0,0.0
2014-07-22,10.0,8691.0,869.1,17.4,10.0,0.0,0.0,0.0,0.0,0.0
2014-07-23,24.0,4167.0,173.625,17.458333333333332,24.0,0.0,0.0,0.0,0.0,0.0
2014-07-24,15.0,20994.0,1399.6,17.333333333333332,15.0,0.0,0.0,0.0,0.0,0.0
2014-07-25,7.0,1774.0,253.42857142857142,19.142857142857142,7.0,0.0,0.0,0.0,0.0,0.0
2014-07-26,4.0,302.0,75.5,12.75,4.0,0.0,0.0,0.0,0.0,0.0
2014-07-27,0.0,0.0,,,0.0,0.0,0.0,0.0,0.0,0.0
2014-07-28,17.0,4125.0,242.64705882352942,17.58823529411765,17.0,0.0,0.0,0.0,0.0,1.0
2014-07-29,36.0,4745.0,131.80555555555554,16.444444444444443,36.0,0.0,0.0,0.0,0.0,0.0
2014-07-30,18.0,3993.0,221.83333333333334,18.27777777777778,18.0,0.0,0.0,0.0,1.0,0.0
2014-07-31,37.0,6396.0,172.86486486486487,16.324324324324323,37.0,0.0,0.0,0.0,1.0,0.0
2014-08-01,19.0,47170.0,2482.6315789473683,18.68421052631579,19.0,0.0,0.0,0.0,0.0,0.0
2014-08-02,8.0,2937.0,367.125,16.125,8.0,0.0,0.0,0.0,0.0,0.0
2014-08-03,3.0,338.0,112.66666666666667,17.666666666666668,3.0,0.0,0.0,0.0,0.0,0.0
2014-08-04,16.0,5446.0,340.375,19.25,16.0,0.0,0.0,0.0,0.0,0.0
2014-08-05,24.0,10196.0,424.8333333333333,17.666666666666668,24.0,0.0,0.0,0.0,0.0,0.0
2014-08-06,8.0,3906.0,488.25,14.375,8.0,0.0,0.0,0.0,0.0,0.0
2014-08-07,11.0,1193.0,108.45454545454545,16.727272727272727,11.0,0.0,0.0,0.0,1.0,0.0
2014-08-08,22.0,15740.0,715.4545454545455,16.40909090909091,22.0,0.0,0.0,0.0,0.0,0.0
2014-08-09,6.0,59778.0,9963.0,20.833333333333332,6.0,0.0,0.0,0.0,0.0,0.0
2014-08-10,0.0,0.0,,,0.0,0.0,0.0,0.0,0.0,0.0
2014-08-11,28.0,4942.0,176.5,15.714285714285714,28.0,0.0,0.0,0.0,1.0,0.0
2014-08-12,26.0,9075.0,349.03846153846155,17.615384615384617,26.0,0.0,0.0,0.0,0.0,0.0
2014-08-13,8.0,3508.0,438.5,16.25,8.0,0.0,0.0,0.0,0.0,0.0
2014-08-14,1.0,112.0,112.0,2.0,1.0,0.0,0.0,0.0,0.0,0.0
2014-08-15,1.0,78.0,78.0,18.0,1.0,0.0,0.0,0.0,0.0,0.0
2014-08-16,0.0,0.0,,,0.0,0.0,0.0,0.0,0.0,0.0
2014-08-17,0.0,0.0,,,0.0,0.0,0.0,0.0,0.0,0.0
2014-08-18,6.0,2531.0,421.8333333333333,21.0,6.0,0.0,0.0,0.0,0.0,0.0
2014-08-19,13.0,2879.0,221.46153846153845,15.615384615384615,13.0,0.0,0.0,0.0,0.0,1.0
2014-08-20,9.0,2011.0,223.44444444444446,18.11111111111111,9.0,0.0,0.0,0.0,0.0,0.0
2014-08-21,17.0,2150.0,126.47058823529412,20.41176470588235,17.0,0.0,0.0,0.0,0.0,0.0
2014-08-22,15.0,2113.0,140.86666666666667,17.666666666666668,15.0,0.0,0.0,0.0,0.0,0.0
2014-08-23,12.0,81921.0,6826.75,21.166666666666668,12.0,0.0,0.0,0.0,0.0,0.0
2014-08-24,1.0,134.0,134.0,8.0,1.0,0.0,0.0,0.0,0.0,0.0
2014-08-25,27.0,6740.0,249.62962962962962,15.037037037037036,27.0,0.0,0.0,0.0,0.0,1.0
2014-08-26,9.0,2449.0,272.1111111111111,16.88888888888889,9.0,0.0,0.0,0.0,0.0,0.0
2014-08-27,22.0,6980.0,317.27272727272725,17.363636363636363,22.0,0.0,0.0,0.0,0.0,0.0
2014-08-28,8.0,4165.0,520.625,17.125,8.0,0.0,0.0,0.0,0.0,0.0
2014-08-29,8.0,2793.0,349.125,18.0,8.0,0.0,0.0,0.0,0.0,0.0
2014-08-30,1.0,131.0,131.0,16.0,1.0,0.0,0.0,0.0,0.0,0.0
2014-08-31,12.0,16290.0,1357.5,19.75,12.0,0.0,0.0,0.0,0.0,0.0
2014-09-01,20.0,1663.0,83.15,15.6,20.0,0.0,0.0,0.0,0.0,0.0
2014-09-02,22.0,4444.0,202.0,17.363636363636363,22.0,0.0,0.0,0.0,0.0,0.0
2014-09-03,21.0,15585.0,742.1428571428571,17.285714285714285,21.0,0.0,0.0,0.0,0.0,0.0
2014-09-04,13.0,11644.0,895.6923076923077,19.0,13.0,0.0,0.0,0.0,0.0,0.0
2014-09-05,12.0,4732.0,394.3333333333333,18.75,12.0,0.0,0.0,0.0,0.0,0.0
2014-09-06,33.0,25448.0,771.1515151515151,18.78787878787879,33.0,0.0,0.0,0.0,0.0,0.0
2014-09-07,6.0,3182.0,530.3333333333334,23.5,6.0,0.0,0.0,0.0,0.0,0.0
2014-09-08,20.0,3369.0,168.45,18.25,20.0,0.0,0.0,0.0,0.0,0.0
2014-09-09,23.0,15838.0,688.6086956521739,15.434782608695652,23.0,0.0,0.0,0.0,0.0,0.0
2014-09-10,10.0,74272.0,7427.2,19.0,10.0,0.0,0.0,0.0,0.0,0.0
2014-09-11,22.0,19029.0,864.9545454545455,17.272727272727273,22.0,0.0,0.0,0.0,0.0,0.0
2014-09-12,10.0,5545.0,554.5,16.1,10.0,0.0,0.0,0.0,0.0,0.0
2014-09-13,21.0,4751.0,226.23809523809524,18.80952380952381,21.0,0.0,0.0,0.0,0.0,0.0
2014-09-14,7.0,874.0,124.85714285714286,14.285714285714286,7.0,0.0,0.0,0.0,1.0,0.0
2014-09-15,10.0,7745.0,774.5,16.3,10.0,0.0,0.0,0.0,0.0,0.0
2014-09-16,17.0,8782.0,516.5882352941177,20.0,17.0,0.0,0.0,0.0,0.0,0.0
2014-09-17,57.0,6881.0,120.71929824561404,15.526315789473685,57.0,0.0,0.0,0.0,0.0,1.0
2014-09-18,13.0,1633.0,125.61538461538461,15.76923076923077,13.0,0.0,0.0,0.0,0.0,0.0
2014-09-19,14.0,6207.0,443.35714285714283,17.928571428571427,14.0,0.0,0.0,0.0,0.0,0.0
2014-09-20,8.0,19022.0,2377.75,23.125,8.0,0.0,0.0,0.0,0.0,0.0
2014-09-21,2.0,161.0,80.5,12.5,2.0,0.0,0.0,0.0,0.0,0.0
2014-09-22,20.0,2708.0,135.4,14.3,20.0,0.0,0.0,0.0,0.0,0.0
2014-09-23,28.0,3063.0,109.39285714285714,17.428571428571427,28.0,0.0,0.0,0.0,0.0,0.0
2014-09-24,15.0,1830.0,122.0,14.8,15.0,0.0,0.0,0.0,0.0,0.0
2014-09-25,9.0,4850.0,538.8888888888889,19.11111111111111,9.0,0.0,0.0,0.0,0.0,0.0
2014-09-26,16.0,20052.0,1253.25,20.375,16.0,0.0,0.0,0.0,0.0,0.0
2014-09-27,5.0,390.0,78.0,14.4,5.0,0.0,0.0,0.0,0.0,0.0
2014-09-28,7.0,141874.0,20267.714285714286,18.428571428571427,7.0,0.0,0.0,0.0,0.0,0.0
2014-09-29,28.0,6246.0,223.07142857142858,18.035714285714285,28.0,0.0,0.0,0.0,0.0,0.0
2014-09-30,19.0,20091.0,1057.421052631579,18.894736842105264,19.0,0.0,0.0,0.0,0.0,0.0
2014-10-01,31.0,28083.0,905.9032258064516,15.096774193548388,31.0,0.0,0.0,0.0,0.0,0.0
2014-10-02,15.0,8528.0,568.5333333333333,20.066666666666666,15.0,0.0,0.0,0.0,0.0,1.0
2014-10-03,13.0,1127.0,86.6923076923077,14.538461538461538,13.0,0.0,0.0,0.0,0.0,0.0
2014-10-04,11.0,14499.0,1318.090909090909,16.545454545454547,11.0,0.0,0.0,0.0,0.0,0.0
2014-10-05,4.0,8991.0,2247.75,22.0,4.0,0.0,0.0,0.0,0.0,0.0
2014-10-06,19.0,5861.0,308.4736842105263,15.263157894736842,19.0,0.0,0.0,0.0,0.0,0.0
2014-10-07,22.0,4694.0,213.36363636363637,17.90909090909091,22.0,0.0,0.0,0.0,0.0,0.0
2014-10-08,25.0,8163.0,326.52,17.24,25.0,0.0,0.0,0.0,0.0,0.0
2014-10-09,28.0,14262.0,509.35714285714283,16.928571428571427,28.0,0.0,0.0,0.0,0.0,0.0
2014-10-10,29.0,18367.0,633.3448275862069,16.17241379310345,29.0,0.0,0.0,0.0,0.0,0.0
2014-10-11,35.0,11891.0,339.74285714285713,17.97142857142857,35.0,0.0,0.0,0.0,0.0,0.0
2014-10-12,9.0,4759.0,528.7777777777778,20.333333333333332,9.0,0.0,0.0,0.0,0.0,0.0
2014-10-13,25.0,45316.0,1812.64,17.0,25.0,0.0,0.0,0.0,0.0,0.0
2014-10-14,15.0,13757.0,917.1333333333333,18.133333333333333,15.0,0.0,0.0,0.0,0.0,0.0
2014-10-15,29.0,26493.0,913.551724137931,18.275862068965516,29.0,0.0,0.0,0.0,0.0,0.0
2014-10-16,16.0,34471.0,2154.4375,19.375,16.0,0.0,0.0,0.0,1.0,0.0
2014-10-17,34.0,18553.0,545.6764705882352,16.352941176470587,34.0,0.0,0.0,0.0,0.0,1.0
2014-10-18,1.0,254.0,254.0,9.0,1.0,0.0,0.0,0.0,0.0,0.0
2014-10-19,18.0,3479.0,193.27777777777777,17.055555555555557,18.0,0.0,0.0,0.0,0.0,0.0
2014-10-20,33.0,13279.0,402.3939393939394,18.303030303030305,33.0,0.0,0.0,0.0,0.0,0.0
2014-10-21,17.0,10827.0,636.8823529411765,18.647058823529413,17.0,0.0,0.0,0.0,0.0,0.0
2014-10-22,15.0,87175.0,5811.666666666667,18.333333333333332,15.0,0.0,0.0,0.0,0.0,0.0
2014-10-23,26.0,32041.0,1232.3461538461538,17.26923076923077,26.0,0.0,0.0,0.0,1.0,0.0
2014-10-24,15.0,10069.0,671.2666666666667,15.066666666666666,15.0,0.0,0.0,0.0,0.0,0.0
2014-10-25,4.0,17243.0,4310.75,14.5,4.0,0.0,0.0,0.0,0.0,0.0
2014-10-26,12.0,3123.0,260.25,19.0,12.0,0.0,0.0,0.0,0.0,0.0
2014-10-27,26.0,2646.0,101.76923076923077,14.692307692307692,26.0,0.0,0.0,0.0,0.0,0.0
2014-10-28,34.0,18073.0,531.5588235294117,15.411764705882353,34.0,0.0,0.0,0.0,0.0,0.0
2014-10-29,23.0,29615.0,1287.608695652174,17.652173913043477,23.0,0.0,0.0,0.0,0.0,0.0
2014-10-30,18.0,2675.0,148.61111111111111,15.944444444444445,18.0,0.0,0.0,0.0,0.0,0.0
2014-10-31,23.0,4154.0,180.6086956521739,18.130434782608695,23.0,0.0,0.0,0.0,0.0,0.0
2014-11-01,27.0,3988.0,147.7037037037037,15.037037037037036,27.0,0.0,0.0,0.0,1.0,0.0
2014-11-02,35.0,3395.0,97.0,16.571428571428573,35.0,0.0,0.0,0.0,0.0,0.0
2014-11-03,18.0,1432.0,79.55555555555556,14.555555555555555,18.0,0.0,0.0,0.0,0.0,0.0
2014-11-04,43.0,7880.0,183.25581395348837,15.209302325581396,43.0,0.0,0.0,0.0,0.0,1.0
2014-11-05,18.0,8263.0,459.05555555555554,16.72222222222222,18.0,0.0,0.0,0.0,0.0,0.0
2014-11-06,45.0,10931.0,242.9111111111111,15.28888888888889,45.0,0.0,0.0,0.0,1.0,1.0
2014-11-07,35.0,6158.0,175.94285714285715,16.17142857142857,35.0,0.0,0.0,0.0,0.0,0.0
2014-11-08,0.0,0.0,,,0.0,0.0,0.0,0.0,0.0,0.0
2014-11-09,19.0,1623.0,85.42105263157895,15.842105263157896,19.0,0.0,0.0,0.0,0.0,0.0
2014-11-10,46.0,7250.0,157.6086956521739,13.5,46.0,0.0,0.0,0.0,0.0,1.0
2014-11-11,18.0,3339.0,185.5,16.72222222222222,18.0,0.0,0.0,0.0,0.0,0.0
2014-11-12,8.0,14532.0,1816.5,15.875,8.0,0.0,0.0,0.0,0.0,0.0
2014-11-13,9.0,1569.0,174.33333333333334,17.88888888888889,9.0,0.0,0.0,0.0,0.0,0.0
2014-11-14,6.0,2516.0,419.3333333333333,14.5,6.0,0.0,0.0,0.0,0.0,0.0
2014-11-15,0.0,0.0,,,0.0,0.0,0.0,0.0,0.0,0.0
2014-11-16,10.0,2630.0,263.0,16.2,10.0,0.0,0.0,0.0,0.0,0.0
2014-11-17,12.0,1686.0,140.5,19.25,12.0,0.0,0.0,0.0,0.0,0.0
2014-11-18,21.0,5205.0,247.85714285714286,17.142857142857142,21.0,0.0,0.0,0.0,0.0,0.0
2014-11-19,15.0,3550.0,236.66666666666666,16.666666666666668,15.0,0.0,0.0,0.0,0.0,0.0
2014-11-20,12.0,23556.0,1963.0,19.583333333333332,12.0,0.0,0.0,0.0,0.0,0.0
2014-11-21,23.0,14003.0,608.8260869565217,16.52173913043478,23.0,0.0,0.0,0.0,0.0,0.0
2014-11-22,12.0,2561.0,213.41666666666666,14.75,12.0,0.0,0.0,0.0,0.0,0.0
2014-11-23,32.0,10115.0,316.09375,16.90625,32.0,0.0,0.0,0.0,0.0,0.0
2014-11-24,28.0,18457.0,659.1785714285714,16.928571428571427,28.0,0.0,0.0,0.0,0.0,0.0
2014-11-25,12.0,88818.0,7401.5,20.75,12.0,0.0,0.0,0.0,0.0,0.0
2014-11-26,32.0,5797.0,181.15625,14.53125,32.0,0.0,0.0,0.0,0.0,1.0
2014-11-27,3.0,1099.0,366.3333333333333,16.333333333333332,3.0,0.0,0.0,0.0,0.0,0.0
2014-11-28,24.0,1212.0,50.5,16.25,24.0,0.0,0.0,0.0,0.0,0.0
2014-11-29,13.0,918.0,70.61538461538461,15.384615384615385,13.0,0.0,0.0,0.0,0.0,0.0
2014-11-30,2.0,2455.0,1227.5,22.5,2.0,0.0,0.0,0.0,0.0,0.0
2014-12-01,34.0,5122.0,150.64705882352942,15.058823529411764,34.0,0.0,0.0,0.0,0.0,0.0
2014-12-02,75.0,8884.0,118.45333333333333,15.373333333333333,75.0,0.0,0.0,0.0,0.0,0.0
2014-12-03,15.0,2287.0,152.46666666666667,19.133333333333333,15.0,0.0,0.0,0.0,1.0,0.0
2014-12-04,16.0,2854.0,178.375,15.3125,16.0,0.0,0.0,0.0,0.0,0.0
2014-12-05,7.0,2661.0,380.14285714285717,15.714285714285714,7.0,0.0,0.0,0.0,0.0,0.0
2014-12-06,4.0,294.0,73.5,12.25,4.0,0.0,0.0,0.0,0.0,0.0
2014-12-07,24.0,1544.0,64.33333333333333,13.291666666666666,24.0,0.0,0.0,0.0,0.0,0.0
2014-12-08,36.0,9125.0,253.47222222222223,15.666666666666666,36.0,0.0,0.0,0.0,0.0,0.0
2014-12-09,28.0,4993.0,178.32142857142858,14.285714285714286,28.0,0.0,0.0,0.0,0.0,0.0
2014-12-10,59.0,4611.0,78.15254237288136,15.847457627118644,59.0,0.0,0.0,0.0,0.0,0.0
2014-12-11,22.0,6440.0,292.72727272727275,17.59090909090909,22.0,0.0,0.0,0.0,0.0,0.0
2014-12-12,10.0,2992.0,299.2,17.0,10.0,0.0,0.0,0.0,0.0,0.0
2014-12-13,17.0,1590.0,93.52941176470588,16.352941176470587,17.0,0.0,0.0,0.0,0.0,0.0
2014-12-14,7.0,964.0,137.71428571428572,18.714285714285715,7.0,0.0,0.0,0.0,0.0,0.0
2014-12-15,47.0,17384.0,369.8723404255319,15.53191489361702,47.0,0.0,0.0,0.0,0.0,1.0
2014-12-16,17.0,6456.0,379.7647058823529,13.470588235294118,17.0,0.0,0.0,0.0,1.0,0.0
2014-12-17,11.0,4224.0,384.0,16.636363636363637,11.0,0.0,0.0,0.0,0.0,0.0
2014-12-18,19.0,1469.0,77.3157894736842,14.368421052631579,19.0,0.0,0.0,0.0,0.0,0.0
2014-12-19,28.0,8824.0,315.14285714285717,17.428571428571427,28.0,0.0,0.0,0.0,0.0,0.0
2014-12-20,20.0,1421.0,71.05,16.0,20.0,0.0,0.0,0.0,0.0,0.0
2014-12-21,2.0,243.0,121.5,16.0,2.0,0.0,0.0,0.0,0.0,0.0
2014-12-22,26.0,3364.0,129.3846153846154,13.615384615384615,26.0,0.0,0.0,0.0,0.0,0.0
2014-12-23,25.0,3644.0,145.76,16.36,25.0,0.0,0.0,0.0,0.0,0.0
2014-12-24,34.0,9001.0,264.7352941176471,15.264705882352942,34.0,0.0,0.0,0.0,0.0,0.0
2014-12-25,0.0,0.0,,,0.0,0.0,0.0,0.0,0.0,0.0
2014-12-26,37.0,1807.0,48.83783783783784,15.891891891891891,37.0,0.0,0.0,0.0,0.0,0.0
2014-12-27,10.0,968.0,96.8,15.2,10.0,0.0,0.0,0.0,0.0,0.0
2014-12-28,17.0,1155.0,67.94117647058823,16.11764705882353,17.0,0.0,0.0,0.0,0.0,0.0
2014-12-29,41.0,28275.0,689.6341463414634,15.682926829268293,41.0,0.0,0.0,0.0,0.0,1.0
2014-12-30,17.0,4439.0,261.11764705882354,17.294117647058822,17.0,0.0,0.0,0.0,1.0,0.0
2014-12-31,20.0,11216.0,560.8,18.55,20.0,0.0,0.0,0.0,1.0,0.0
2015-01-01,20.0,8379.0,418.95,13.9,20.0,0.0,0.0,0.0,1.0,0.0
2015-01-02,47.0,4386.0,93.31914893617021,15.76595744680851,47.0,0.0,0.0,0.0,0.0,0.0
2015-01-03,42.0,1862.0,44.333333333333336,13.238095238095237,42.0,0.0,0.0,0.0,0.0,0.0
2015-01-04,148.0,10101.0,68.25,14.02027027027027,148.0,0.0,0.0,0.0,0.0,0.0
2015-01-05,135.0,6729.0,49.84444444444444,13.585185185185185,135.0,0.0,0.0,0.0,1.0,0.0
2015-01-06,19.0,3551.0,186.89473684210526,14.736842105263158,19.0,0.0,0.0,0.0,0.0,1.0
2015-01-07,30.0,20133.0,671.1,16.066666666666666,30.0,0.0,0.0,0.0,0.0,0.0
2015-01-08,62.0,37254.0,600.8709677419355,14.274193548387096,62.0,0.0,0.0,0.0,0.0,0.0
2015-01-09,55.0,4538.0,82.50909090909092,14.254545454545454,55.0,0.0,0.0,0.0,0.0,0.0
2015-01-10,13.0,869.0,66.84615384615384,14.23076923076923,13.0,0.0,0.0,0.0,0.0,0.0
2015-01-11,11.0,805.0,73.18181818181819,12.090909090909092,11.0,0.0,0.0,0.0,0.0,0.0
2015-01-12,48.0,3254.0,67.79166666666667,13.75,48.0,0.0,0.0,0.0,0.0,1.0
2015-01-13,21.0,1407.0,67.0,16.0,21.0,0.0,0.0,0.0,0.0,0.0
2015-01-14,21.0,4547.0,216.52380952380952,15.714285714285714,21.0,0.0,0.0,0.0,0.0,0.0
2015-01-15,24.0,1476.0,61.5,15.541666666666666,24.0,0.0,0.0,0.0,0.0,0.0
2015-01-16,7.0,425.0,60.714285714285715,14.142857142857142,7.0,0.0,0.0,0.0,0.0,0.0
2015-01-17,32.0,4917.0,153.65625,13.96875,32.0,0.0,0.0,0.0,0.0,0.0
2015-01-18,16.0,1943.0,121.4375,14.3125,16.0,0.0,0.0,0.0,0.0,0.0
2015-01-19,73.0,4841.0,66.31506849315069,13.32876712328767,73.0,0.0,0.0,0.0,0.0,0.0
2015-01-20,32.0,8361.0,261.28125,15.25,32.0,0.0,0.0,0.0,0.0,0.0
2015-01-21,12.0,2824.0,235.33333333333334,14.916666666666666,12.0,0.0,0.0,0.0,0.0,0.0
2015-01-22,24.0,6515.0,271.4583333333333,13.666666666666666,24.0,0.0,0.0,0.0,0.0,0.0
2015-01-23,6.0,2510.0,418.3333333333333,17.166666666666668,6.0,0.0,0.0,0.0,0.0,0.0
2015-01-24,18.0,1585.0,88.05555555555556,14.944444444444445,18.0,0.0,0.0,0.0,0.0,0.0
2015-01-25,37.0,12015.0,324.72972972972974,16.56756756756757,37.0,0.0,0.0,0.0,0.0,0.0
2015-01-26,92.0,9898.0,107.58695652173913,14.543478260869565,92.0,0.0,0.0,0.0,0.0,1.0
2015-01-27,13.0,3540.0,272.3076923076923,19.923076923076923,13.0,0.0,0.0,0.0,0.0,0.0
2015-01-28,35.0,6567.0,187.62857142857143,16.057142857142857,35.0,0.0,0.0,0.0,0.0,0.0
2015-01-29,13.0,8853.0,681.0,14.615384615384615,13.0,0.0,0.0,0.0,0.0,1.0
2015-01-30,31.0,11679.0,376.741935483871,16.193548387096776,31.0,0.0,0.0,0.0,0.0,1.0
2015-01-31,11.0,790.0,71.81818181818181,13.909090909090908,11.0,0.0,0.0,0.0,0.0,0.0
2015-02-01,11.0,12913.0,1173.909090909091,17.818181818181817,11.0,0.0,0.0,0.0,0.0,0.0
2015-02-02,72.0,15891.0,220.70833333333334,14.222222222222221,72.0,0.0,0.0,0.0,0.0,0.0
2015-02-03,13.0,2657.0,204.3846153846154,16.923076923076923,13.0,0.0,0.0,0.0,0.0,0.0
2015-02-04,16.0,4209.0,263.0625,16.6875,16.0,0.0,0.0,0.0,0.0,0.0
2015-02-05,8.0,1979.0,247.375,15.25,8.0,0.0,0.0,0.0,0.0,0.0
2015-02-06,9.0,10942.0,1215.7777777777778,15.333333333333334,9.0,0.0,0.0,0.0,0.0,0.0
2015-02-07,6.0,1115.0,185.83333333333334,16.666666666666668,6.0,0.0,0.0,0.0,0.0,0.0
2015-02-08,3.0,244.0,81.33333333333333,9.333333333333334,3.0,0.0,0.0,0.0,0.0,0.0
2015-02-09,104.0,5178.0,49.78846153846154,14.865384615384615,104.0,0.0,0.0,0.0,0.0,0.0
2015-02-10,41.0,5435.0,132.5609756097561,17.097560975609756,41.0,0.0,0.0,0.0,0.0,0.0
2015-02-11,9.0,1582.0,175.77777777777777,15.88888888888889,9.0,0.0,0.0,0.0,0.0,0.0
2015-02-12,12.0,3682.0,306.8333333333333,14.5,12.0,0.0,0.0,0.0,0.0,0.0
2015-02-13,22.0,2260.0,102.72727272727273,17.0,22.0,0.0,0.0,0.0,0.0,1.0
2015-02-14,22.0,3175.0,144.3181818181818,13.909090909090908,22.0,0.0,0.0,0.0,0.0,0.0
2015-02-15,11.0,2283.0,207.54545454545453,12.454545454545455,11.0,0.0,0.0,0.0,0.0,0.0
2015-02-16,12.0,1655.0,137.91666666666666,14.75,12.0,0.0,0.0,0.0,0.0,0.0
2015-02-17,17.0,1183.0,69.58823529411765,13.764705882352942,17.0,0.0,0.0,0.0,1.0,0.0
2015-02-18,14.0,1501.0,107.21428571428571,15.642857142857142,14.0,0.0,0.0,0.0,0.0,0.0
2015-02-19,18.0,5149.0,286.05555555555554,14.666666666666666,18.0,0.0,0.0,0.0,0.0,0.0
2015-02-20,13.0,2682.0,206.30769230769232,14.076923076923077,13.0,0.0,0.0,0.0,0.0,0.0
2015-02-21,11.0,1683.0,153.0,16.272727272727273,11.0,0.0,0.0,0.0,0.0,0.0
2015-02-22,2.0,2647.0,1323.5,14.0,2.0,0.0,0.0,0.0,0.0,0.0
2015-02-23,26.0,151038.0,5809.153846153846,16.346153846153847,26.0,0.0,0.0,0.0,0.0,0.0
2015-02-24,16.0,12141.0,758.8125,18.6875,16.0,0.0,0.0,0.0,0.0,0.0
2015-02-25,9.0,1788.0,198.66666666666666,18.22222222222222,9.0,0.0,0.0,0.0,0.0,0.0
2015-02-26,2.0,217.0,108.5,10.5,2.0,0.0,0.0,0.0,0.0,0.0
2015-02-27,3.0,379.0,126.33333333333333,12.0,3.0,0.0,0.0,0.0,0.0,0.0
2015-02-28,5.0,665.0,133.0,16.4,5.0,0.0,0.0,0.0,0.0,0.0
2015-03-01,5.0,604.0,120.8,16.2,5.0,0.0,0.0,0.0,0.0,0.0
2015-03-02,5.0,1786.0,357.2,16.6,5.0,0.0,0.0,0.0,0.0,0.0
2015-03-03,6.0,2248.0,374.6666666666667,16.5,6.0,0.0,0.0,0.0,0.0,0.0
2015-03-04,14.0,2734.0,195.28571428571428,15.428571428571429,14.0,0.0,0.0,0.0,0.0,0.0
2015-03-05,22.0,8933.0,406.04545454545456,18.818181818181817,22.0,0.0,0.0,0.0,0.0,0.0
2015-03-06,14.0,2044.0,146.0,15.571428571428571,14.0,0.0,0.0,0.0,0.0,0.0
2015-03-07,0.0,0.0,,,0.0,0.0,0.0,0.0,0.0,0.0
2015-03-08,3.0,362.0,120.66666666666667,17.666666666666668,3.0,0.0,0.0,0.0,0.0,0.0
2015-03-09,17.0,3093.0,181.94117647058823,16.941176470588236,17.0,0.0,0.0,0.0,0.0,0.0
2015-03-10,8.0,1357.0,169.625,16.75,8.0,0.0,0.0,0.0,0.0,0.0
2015-03-11,37.0,3262.0,88.16216216216216,15.864864864864865,37.0,0.0,0.0,0.0,0.0,0.0
2015-03-12,9.0,3422.0,380.22222222222223,21.333333333333332,9.0,0.0,0.0,0.0,0.0,0.0
2015-03-13,8.0,2823.0,352.875,16.75,8.0,0.0,0.0,0.0,0.0,0.0
2015-03-14,0.0,0.0,,,0.0,0.0,0.0,0.0,0.0,0.0
2015-03-15,4.0,385.0,96.25,18.75,4.0,0.0,0.0,0.0,0.0,0.0
2015-03-16,16.0,1012.0,63.25,15.625,16.0,0.0,0.0,0.0,0.0,0.0
2015-03-17,13.0,1841.0,141.6153846153846,15.692307692307692,13.0,0.0,0.0,0.0,0.0,0.0
2015-03-18,17.0,2057.0,121.0,15.529411764705882,17.0,0.0,0.0,0.0,0.0,0.0
2015-03-19,12.0,896.0,74.66666666666667,18.333333333333332,12.0,0.0,0.0,0.0,0.0,0.0
2015-03-20,11.0,2924.0,265.8181818181818,16.90909090909091,11.0,0.0,0.0,0.0,0.0,0.0
2015-03-21,0.0,0.0,,,0.0,0.0,0.0,0.0,0.0,0.0
2015-03-22,6.0,358.0,59.666666666666664,17.166666666666668,6.0,0.0,0.0,0.0,0.0,0.0
2015-03-23,29.0,2387.0,82.3103448275862,15.551724137931034,29.0,0.0,0.0,0.0,0.0,0.0
2015-03-24,64.0,4571.0,71.421875,14.484375,64.0,0.0,0.0,0.0,0.0,0.0
2015-03-25,20.0,2125.0,106.25,15.2,20.0,0.0,0.0,0.0,0.0,0.0
2015-03-26,20.0,9852.0,492.6,18.45,20.0,0.0,0.0,0.0,0.0,0.0
2015-03-27,13.0,1144.0,88.0,16.846153846153847,13.0,0.0,0.0,0.0,0.0,0.0
2015-03-28,0.0,0.0,,,0.0,0.0,0.0,0.0,0.0,0.0
2015-03-29,1.0,401.0,401.0,25.0,1.0,0.0,0.0,0.0,0.0,0.0
2015-03-30,24.0,3601.0,150.04166666666666,16.583333333333332,24.0,0.0,0.0,0.0,0.0,0.0
2015-03-31,48.0,5152.0,107.33333333333333,14.395833333333334,48.0,0.0,0.0,0.0,0.0,0.0
2015-04-01,38.0,4684.0,123.26315789473684,16.736842105263158,38.0,0.0,0.0,0.0,0.0,0.0
2015-04-02,14.0,2923.0,208.78571428571428,17.214285714285715,14.0,0.0,0.0,0.0,1.0,0.0
2015-04-03,5.0,1086.0,217.2,16.6,5.0,0.0,0.0,0.0,1.0,0.0
2015-04-04,4.0,124.0,31.0,18.25,4.0,0.0,0.0,0.0,0.0,0.0
2015-04-05,8.0,75261.0,9407.625,16.375,8.0,0.0,0.0,0.0,0.0,0.0
2015-04-06,50.0,5644.0,112.88,14.78,50.0,0.0,0.0,0.0,0.0,0.0
2015-04-07,5.0,800.0,160.0,19.2,5.0,0.0,0.0,0.0,0.0,0.0
2015-04-08,18.0,2609.0,144.94444444444446,14.166666666666666,18.0,0.0,0.0,0.0,0.0,0.0
2015-04-09,15.0,1083.0,72.2,14.933333333333334,15.0,0.0,0.0,0.0,0.0,0.0
2015-04-10,35.0,3082.0,88.05714285714286,16.0,35.0,0.0,0.0,0.0,0.0,0.0
2015-04-11,50.0,8883.0,177.66,16.52,50.0,0.0,0.0,0.0,0.0,2.0
2015-04-12,82.0,7617.0,92.89024390243902,15.670731707317072,82.0,0.0,0.0,0.0,0.0,0.0
2015-04-13,24.0,2720.0,113.33333333333333,16.833333333333332,24.0,0.0,0.0,0.0,0.0,0.0
2015-04-14,5.0,251.0,50.2,14.0,5.0,0.0,0.0,0.0,0.0,0.0
2015-04-15,45.0,3177.0,70.6,15.733333333333333,45.0,0.0,0.0,0.0,0.0,0.0
2015-04-16,44.0,8897.0,202.20454545454547,15.409090909090908,44.0,0.0,0.0,0.0,0.0,0.0
2015-04-17,22.0,2681.0,121.86363636363636,16.545454545454547,22.0,0.0,0.0,0.0,2.0,0.0
2015-04-18,43.0,4013.0,93.32558139534883,15.162790697674419,43.0,0.0,0.0,0.0,0.0,0.0
2015-04-19,22.0,1252.0,56.90909090909091,17.136363636363637,22.0,0.0,0.0,0.0,0.0,0.0
2015-04-20,48.0,14426.0,300.5416666666667,17.6875,48.0,0.0,0.0,0.0,0.0,0.0
2015-04-21,31.0,19288.0,622.1935483870968,16.29032258064516,31.0,0.0,0.0,0.0,0.0,0.0
2015-04-22,26.0,4375.0,168.26923076923077,16.346153846153847,26.0,0.0,0.0,0.0,0.0,0.0
2015-04-23,46.0,4125.0,89.67391304347827,16.02173913043478,46.0,0.0,0.0,0.0,0.0,2.0
2015-04-24,6.0,424.0,70.66666666666667,14.166666666666666,6.0,0.0,0.0,0.0,0.0,0.0
2015-04-25,31.0,18429.0,594.483870967742,16.838709677419356,31.0,0.0,0.0,0.0,2.0,0.0
2015-04-26,0.0,0.0,,,0.0,0.0,0.0,0.0,0.0,0.0
2015-04-27,27.0,5202.0,192.66666666666666,15.666666666666666,27.0,0.0,0.0,0.0,0.0,0.0
2015-04-28,9.0,34554.0,3839.3333333333335,23.444444444444443,9.0,0.0,0.0,0.0,0.0,0.0
2015-04-29,15.0,2802.0,186.8,17.133333333333333,15.0,0.0,0.0,0.0,0.0,0.0
2015-04-30,17.0,7187.0,422.7647058823529,18.529411764705884,17.0,0.0,0.0,0.0,0.0,0.0
2015-05-01,42.0,6177.0,147.07142857142858,16.523809523809526,42.0,0.0,0.0,0.0,0.0,1.0
2015-05-02,26.0,9154.0,352.0769230769231,18.153846153846153,26.0,0.0,0.0,0.0,0.0,0.0
2015-05-03,12.0,1887.0,157.25,15.666666666666666,12.0,0.0,0.0,0.0,0.0,0.0
2015-05-04,36.0,9175.0,254.86111111111111,16.555555555555557,36.0,0.0,0.0,0.0,0.0,0.0
2015-05-05,24.0,2248.0,93.66666666666667,15.083333333333334,24.0,0.0,0.0,0.0,0.0,0.0
2015-05-06,28.0,1953.0,69.75,17.571428571428573,28.0,0.0,0.0,0.0,0.0,0.0
2015-05-07,15.0,20198.0,1346.5333333333333,16.933333333333334,15.0,0.0,0.0,0.0,0.0,0.0
2015-05-08,16.0,8880.0,555.0,14.8125,16.0,0.0,0.0,0.0,0.0,0.0
2015-05-09,12.0,2419.0,201.58333333333334,18.583333333333332,12.0,0.0,0.0,0.0,0.0,0.0
2015-05-10,15.0,1375.0,91.66666666666667,13.266666666666667,15.0,0.0,0.0,0.0,0.0,0.0
2015-05-11,16.0,41108.0,2569.25,18.3125,16.0,0.0,0.0,0.0,0.0,0.0
2015-05-12,33.0,17917.0,542.939393939394,16.484848484848484,33.0,0.0,0.0,0.0,0.0,0.0
2015-05-13,14.0,10668.0,762.0,21.0,14.0,0.0,0.0,0.0,0.0,0.0
2015-05-14,19.0,2709.0,142.57894736842104,18.57894736842105,19.0,0.0,0.0,0.0,0.0,0.0
2015-05-15,8.0,828.0,103.5,17.375,8.0,0.0,0.0,0.0,0.0,0.0
2015-05-16,18.0,2593.0,144.05555555555554,15.722222222222221,18.0,0.0,0.0,0.0,0.0,0.0
2015-05-17,14.0,2164.0,154.57142857142858,15.357142857142858,14.0,0.0,0.0,0.0,0.0,0.0
2015-05-18,33.0,2932.0,88.84848484848484,15.969696969696969,33.0,0.0,0.0,0.0,0.0,0.0
2015-05-19,21.0,5057.0,240.8095238095238,16.761904761904763,21.0,0.0,0.0,0.0,0.0,0.0
2015-05-20,45.0,4743.0,105.4,15.822222222222223,45.0,0.0,0.0,0.0,0.0,0.0
2015-05-21,57.0,7271.0,127.56140350877193,17.350877192982455,57.0,0.0,0.0,0.0,0.0,0.0
2015-05-22,6.0,1777.0,296.1666666666667,21.666666666666668,6.0,0.0,0.0,0.0,0.0,0.0
2015-05-23,36.0,4640.0,128.88888888888889,15.11111111111111,36.0,0.0,0.0,0.0,0.0,0.0
2015-05-24,1.0,29900.0,29900.0,24.0,1.0,0.0,0.0,0.0,0.0,0.0
2015-05-25,26.0,2963.0,113.96153846153847,16.26923076923077,26.0,0.0,0.0,0.0,0.0,0.0
2015-05-26,33.0,4454.0,134.96969696969697,15.909090909090908,33.0,0.0,0.0,0.0,0.0,0.0
2015-05-27,46.0,11499.0,249.97826086956522,16.195652173913043,46.0,0.0,0.0,0.0,0.0,0.0
2015-05-28,19.0,3638.0,191.47368421052633,16.63157894736842,19.0,0.0,0.0,0.0,0.0,0.0
2015-05-29,12.0,6321.0,526.75,16.833333333333332,12.0,0.0,0.0,0.0,0.0,0.0
2015-05-30,9.0,3748.0,416.44444444444446,17.0,9.0,0.0,0.0,0.0,0.0,0.0
2015-05-31,25.0,2684.0,107.36,16.0,25.0,0.0,0.0,0.0,0.0,0.0
2015-06-01,26.0,5624.0,216.30769230769232,17.307692307692307,26.0,0.0,0.0,0.0,0.0,0.0
2015-06-02,14.0,850.0,60.714285714285715,13.642857142857142,14.0,0.0,0.0,0.0,0.0,0.0
2015-06-03,15.0,2720.0,181.33333333333334,18.4,15.0,0.0,0.0,0.0,0.0,0.0
2015-06-04,15.0,2611.0,174.06666666666666,14.933333333333334,15.0,0.0,0.0,0.0,0.0,0.0
2015-06-05,25.0,3943.0,157.72,18.08,25.0,0.0,0.0,0.0,0.0,0.0
2015-06-06,26.0,2974.0,114.38461538461539,18.923076923076923,26.0,0.0,0.0,0.0,0.0,0.0
2015-06-07,9.0,1679.0,186.55555555555554,19.88888888888889,9.0,0.0,0.0,0.0,0.0,0.0
2015-06-08,2.0,357.0,178.5,16.5,2.0,0.0,0.0,0.0,0.0,0.0
2015-06-09,8.0,554.0,69.25,14.625,8.0,0.0,0.0,0.0,0.0,0.0
2015-06-10,1.0,41.0,41.0,7.0,1.0,0.0,0.0,0.0,0.0,0.0
2015-06-11,15.0,2730.0,182.0,13.8,15.0,0.0,0.0,0.0,0.0,0.0
2015-06-12,38.0,5297.0,139.39473684210526,11.421052631578947,38.0,0.0,0.0,0.0,0.0,0.0
2015-06-13,5.0,1711.0,342.2,19.6,5.0,0.0,0.0,0.0,0.0,0.0
2015-06-14,12.0,3177.0,264.75,19.416666666666668,12.0,0.0,0.0,0.0,0.0,0.0
2015-06-15,16.0,3011.0,188.1875,11.0625,16.0,0.0,0.0,0.0,0.0,0.0
2015-06-16,36.0,49203.0,1366.75,13.777777777777779,36.0,0.0,0.0,0.0,0.0,2.0
2015-06-17,6.0,5235.0,872.5,13.833333333333334,6.0,0.0,0.0,0.0,0.0,0.0
2015-06-18,7.0,3560.0,508.57142857142856,15.142857142857142,7.0,0.0,0.0,0.0,0.0,0.0
2015-06-19,32.0,22077.0,689.90625,18.40625,32.0,0.0,0.0,0.0,0.0,0.0
2015-06-20,10.0,7683.0,768.3,17.1,10.0,0.0,0.0,0.0,0.0,0.0
2015-06-21,36.0,8466.0,235.16666666666666,17.166666666666668,36.0,0.0,0.0,0.0,1.0,0.0
2015-06-22,30.0,13501.0,450.03333333333336,15.566666666666666,30.0,0.0,0.0,0.0,0.0,0.0
2015-06-23,9.0,3140.0,348.8888888888889,17.666666666666668,9.0,0.0,0.0,0.0,0.0,0.0
2015-06-24,27.0,19148.0,709.1851851851852,19.22222222222222,27.0,0.0,0.0,0.0,0.0,0.0
2015-06-25,8.0,9339.0,1167.375,20.0,8.0,0.0,0.0,0.0,0.0,0.0
2015-06-26,5.0,7594.0,1518.8,16.0,5.0,0.0,0.0,0.0,0.0,0.0
2015-06-27,15.0,28686.0,1912.4,17.866666666666667,15.0,0.0,0.0,0.0,0.0,0.0
2015-06-28,34.0,15458.0,454.6470588235294,15.735294117647058,34.0,0.0,0.0,0.0,0.0,0.0
2015-06-29,39.0,20431.0,523.8717948717949,17.41025641025641,39.0,0.0,0.0,0.0,1.0,0.0
2015-06-30,15.0,22578.0,1505.2,15.266666666666667,15.0,0.0,0.0,0.0,0.0,1.0
2015-07-01,16.0,25382.0,1586.375,17.75,16.0,0.0,0.0,0.0,0.0,0.0
2015-07-02,55.0,40093.0,728.9636363636364,17.69090909090909,55.0,0.0,0.0,0.0,0.0,0.0
2015-07-03,47.0,48408.0,1029.9574468085107,17.5531914893617,47.0,0.0,0.0,0.0,0.0,0.0
2015-07-04,45.0,32138.0,714.1777777777778,16.555555555555557,45.0,0.0,0.0,0.0,0.0,0.0
2015-07-05,22.0,31663.0,1439.2272727272727,18.318181818181817,22.0,0.0,0.0,0.0,1.0,1.0
2015-07-06,10.0,17168.0,1716.8,16.8,10.0,0.0,0.0,0.0,0.0,0.0
2015-07-07,11.0,18615.0,1692.2727272727273,18.90909090909091,11.0,0.0,0.0,0.0,0.0,0.0
2015-07-08,17.0,14346.0,843.8823529411765,17.764705882352942,17.0,0.0,0.0,0.0,0.0,0.0
2015-07-09,37.0,32447.0,876.9459459459459,18.27027027027027,37.0,0.0,0.0,0.0,0.0,0.0
2015-07-10,12.0,20806.0,1733.8333333333333,15.666666666666666,12.0,0.0,0.0,0.0,0.0,0.0
2015-07-11,27.0,38451.0,1424.111111111111,18.22222222222222,27.0,0.0,0.0,0.0,0.0,0.0
2015-07-12,10.0,42147.0,4214.7,18.1,10.0,0.0,0.0,0.0,0.0,0.0
2015-07-13,16.0,50025.0,3126.5625,18.4375,16.0,0.0,0.0,0.0,0.0,0.0
2015-07-14,20.0,37761.0,1888.05,16.05,20.0,0.0,0.0,0.0,1.0,0.0
2015-07-15,10.0,12147.0,1214.7,16.3,10.0,0.0,0.0,0.0,0.0,0.0
2015-07-16,38.0,58979.0,1552.078947368421,16.44736842105263,38.0,0.0,0.0,0.0,0.0,0.0
2015-07-17,21.0,51805.0,2466.904761904762,15.0,21.0,0.0,0.0,0.0,0.0,0.0
2015-07-18,26.0,79438.0,3055.3076923076924,17.923076923076923,26.0,0.0,0.0,0.0,0.0,0.0
2015-07-19,30.0,46421.0,1547.3666666666666,15.333333333333334,30.0,0.0,0.0,0.0,0.0,0.0
2015-07-20,36.0,43004.0,1194.5555555555557,16.63888888888889,36.0,0.0,0.0,0.0,0.0,0.0
2015-07-21,49.0,64216.0,1310.530612244898,16.877551020408163,49.0,0.0,0.0,0.0,0.0,0.0
2015-07-22,29.0,48633.0,1677.0,18.551724137931036,29.0,0.0,0.0,0.0,0.0,0.0
2015-07-23,26.0,39017.0,1500.6538461538462,16.153846153846153,26.0,0.0,0.0,0.0,0.0,0.0
2015-07-24,23.0,35832.0,1557.9130434782608,14.217391304347826,23.0,0.0,0.0,0.0,0.0,0.0
2015-07-25,46.0,52567.0,1142.7608695652175,16.58695652173913,46.0,0.0,0.0,0.0,0.0,0.0
2015-07-26,25.0,23732.0,949.28,16.2,25.0,0.0,0.0,0.0,0.0,0.0
2015-07-27,36.0,57089.0,1585.8055555555557,18.13888888888889,36.0,0.0,0.0,0.0,1.0,0.0
2015-07-28,17.0,47348.0,2785.176470588235,15.941176470588236,17.0,0.0,0.0,0.0,0.0,0.0
2015-07-29,25.0,48182.0,1927.28,18.8,25.0,0.0,0.0,0.0,0.0,0.0
2015-07-30,10.0,17194.0,1719.4,16.3,10.0,0.0,0.0,0.0,0.0,0.0
2015-07-31,7.0,12170.0,1738.5714285714287,17.285714285714285,7.0,0.0,0.0,0.0,0.0,0.0
2015-08-01,1.0,1140.0,1140.0,11.0,1.0,0.0,0.0,0.0,0.0,0.0
2015-08-02,21.0,28028.0,1334.6666666666667,13.285714285714286,21.0,0.0,0.0,0.0,0.0,0.0
2015-08-03,28.0,47706.0,1703.7857142857142,16.678571428571427,28.0,0.0,0.0,0.0,0.0,0.0
2015-08-04,16.0,25244.0,1577.75,15.0625,16.0,0.0,0.0,0.0,0.0,0.0
2015-08-05,30.0,48148.0,1604.9333333333334,16.833333333333332,30.0,0.0,0.0,0.0,0.0,0.0
2015-08-06,6.0,24772.0,4128.666666666667,16.5,6.0,0.0,0.0,0.0,0.0,0.0
2015-08-07,45.0,131432.0,2920.711111111111,15.488888888888889,45.0,0.0,0.0,0.0,0.0,1.0
2015-08-08,6.0,66201.0,11033.5,22.833333333333332,6.0,0.0,0.0,0.0,0.0,0.0
2015-08-09,16.0,50015.0,3125.9375,19.0625,16.0,0.0,0.0,0.0,2.0,0.0
2015-08-10,17.0,93975.0,5527.941176470588,18.470588235294116,17.0,0.0,0.0,0.0,0.0,0.0
2015-08-11,7.0,30848.0,4406.857142857143,18.142857142857142,7.0,0.0,0.0,0.0,0.0,0.0
2015-08-12,2.0,4162.0,2081.0,12.5,2.0,0.0,0.0,0.0,0.0,0.0
2015-08-13,4.0,14730.0,3682.5,16.0,4.0,0.0,0.0,0.0,0.0,0.0
2015-08-14,1.0,4721.0,4721.0,13.0,1.0,0.0,0.0,0.0,0.0,0.0
2015-08-15,5.0,26702.0,5340.4,18.6,5.0,0.0,0.0,0.0,0.0,0.0
2015-08-16,0.0,0.0,,,0.0,0.0,0.0,0.0,0.0,0.0
2015-08-17,15.0,40107.0,2673.8,17.266666666666666,15.0,0.0,0.0,0.0,0.0,0.0
2015-08-18,14.0,99325.0,7094.642857142857,17.285714285714285,14.0,0.0,0.0,0.0,0.0,0.0
2015-08-19,7.0,23883.0,3411.8571428571427,16.285714285714285,7.0,0.0,0.0,0.0,0.0,0.0
2015-08-20,3.0,26224.0,8741.333333333334,11.333333333333334,3.0,0.0,0.0,0.0,0.0,0.0
2015-08-21,16.0,95123.0,5945.1875,17.625,16.0,0.0,0.0,0.0,0.0,1.0
2015-08-22,12.0,73873.0,6156.083333333333,21.0,12.0,0.0,0.0,0.0,0.0,0.0
2015-08-23,2.0,18256.0,9128.0,25.5,2.0,0.0,0.0,0.0,0.0,0.0
2015-08-24,28.0,92496.0,3303.4285714285716,17.071428571428573,28.0,0.0,0.0,0.0,0.0,0.0
2015-08-25,19.0,78120.0,4111.578947368421,19.263157894736842,19.0,0.0,0.0,0.0,0.0,0.0
2015-08-26,6.0,20287.0,3381.1666666666665,13.833333333333334,6.0,0.0,0.0,0.0,0.0,0.0
2015-08-27,15.0,46656.0,3110.4,14.533333333333333,15.0,0.0,0.0,0.0,0.0,0.0
2015-08-28,7.0,26920.0,3845.714285714286,15.0,7.0,0.0,0.0,0.0,0.0,0.0
2015-08-29,7.0,41057.0,5865.285714285715,13.857142857142858,7.0,0.0,0.0,0.0,0.0,0.0
2015-08-30,1.0,0.0,0.0,13.0,1.0,0.0,0.0,0.0,1.0,0.0
2015-08-31,11.0,86808.0,7891.636363636364,19.272727272727273,11.0,0.0,0.0,0.0,0.0,0.0
2015-09-01,17.0,90321.0,5313.0,19.176470588235293,17.0,0.0,0.0,0.0,0.0,0.0
2015-09-02,14.0,45991.0,3285.0714285714284,16.0,14.0,0.0,0.0,0.0,0.0,0.0
2015-09-03,6.0,50858.0,8476.333333333334,12.666666666666666,6.0,0.0,0.0,0.0,0.0,0.0
2015-09-04,5.0,14965.0,2993.0,15.4,5.0,0.0,0.0,0.0,0.0,0.0
2015-09-05,12.0,77831.0,6485.916666666667,23.0,12.0,0.0,0.0,0.0,0.0,0.0
2015-09-06,30.0,83788.0,2792.9333333333334,17.466666666666665,30.0,0.0,0.0,0.0,0.0,0.0
2015-09-07,10.0,26993.0,2699.3,20.5,10.0,0.0,0.0,0.0,0.0,0.0
2015-09-08,16.0,54316.0,3394.75,17.0625,16.0,0.0,0.0,0.0,0.0,0.0
2015-09-09,5.0,30773.0,6154.6,18.4,5.0,0.0,0.0,0.0,0.0,0.0
2015-09-10,4.0,15136.0,3784.0,14.75,4.0,0.0,0.0,0.0,0.0,0.0
2015-09-11,13.0,59576.0,4582.7692307692305,15.923076923076923,13.0,0.0,0.0,0.0,0.0,0.0
2015-09-12,43.0,95375.0,2218.0232558139537,16.488372093023255,43.0,0.0,0.0,0.0,1.0,0.0
2015-09-13,2.0,6147.0,3073.5,20.5,2.0,0.0,0.0,0.0,1.0,0.0
2015-09-14,10.0,35547.0,3554.7,16.3,10.0,0.0,0.0,0.0,0.0,0.0
2015-09-15,15.0,62603.0,4173.533333333334,21.066666666666666,15.0,0.0,0.0,0.0,0.0,0.0
2015-09-16,11.0,47687.0,4335.181818181818,16.727272727272727,11.0,0.0,0.0,0.0,0.0,0.0
2015-09-17,7.0,41958.0,5994.0,12.857142857142858,7.0,0.0,0.0,0.0,0.0,0.0
2015-09-18,5.0,28848.0,5769.6,9.2,5.0,0.0,0.0,0.0,0.0,0.0
2015-09-19,9.0,96958.0,10773.111111111111,17.333333333333332,9.0,0.0,0.0,0.0,0.0,0.0
2015-09-20,9.0,50379.0,5597.666666666667,21.333333333333332,9.0,0.0,0.0,0.0,0.0,0.0
2015-09-21,67.0,157568.0,2351.7611940298507,13.462686567164178,67.0,0.0,0.0,0.0,0.0,9.0
2015-09-22,20.0,77405.0,3870.25,16.7,20.0,0.0,0.0,0.0,0.0,0.0
2015-09-23,7.0,42634.0,6090.571428571428,19.0,7.0,0.0,0.0,0.0,0.0,0.0
2015-09-24,18.0,63164.0,3509.1111111111113,15.277777777777779,18.0,0.0,0.0,0.0,2.0,0.0
2015-09-25,13.0,47332.0,3640.923076923077,13.76923076923077,13.0,0.0,0.0,0.0,0.0,0.0
2015-09-26,12.0,46727.0,3893.9166666666665,17.166666666666668,12.0,0.0,0.0,0.0,0.0,0.0
2015-09-27,14.0,42154.0,3011.0,18.857142857142858,14.0,0.0,0.0,0.0,0.0,0.0
2015-09-28,12.0,48417.0,4034.75,13.0,12.0,0.0,0.0,0.0,0.0,0.0
2015-09-29,5.0,21455.0,4291.0,17.8,5.0,0.0,0.0,0.0,0.0,0.0
2015-09-30,20.0,63236.0,3161.8,15.5,20.0,0.0,0.0,0.0,0.0,0.0
2015-10-01,20.0,48951.0,2447.55,16.45,20.0,0.0,0.0,0.0,0.0,0.0
2015-10-02,23.0,55885.0,2429.782608695652,17.695652173913043,23.0,0.0,0.0,0.0,0.0,0.0
2015-10-03,7.0,21659.0,3094.1428571428573,19.142857142857142,7.0,0.0,0.0,0.0,0.0,0.0
2015-10-04,32.0,75578.0,2361.8125,15.28125,32.0,0.0,0.0,0.0,1.0,0.0
2015-10-05,18.0,63400.0,3522.222222222222,17.27777777777778,18.0,0.0,0.0,0.0,0.0,0.0
2015-10-06,41.0,74844.0,1825.4634146341464,14.853658536585366,41.0,0.0,0.0,0.0,0.0,0.0
2015-10-07,17.0,52788.0,3105.176470588235,18.0,17.0,0.0,0.0,0.0,0.0,0.0
2015-10-08,24.0,61865.0,2577.7083333333335,17.375,24.0,0.0,0.0,0.0,0.0,0.0
2015-10-09,32.0,59021.0,1844.40625,14.25,32.0,0.0,0.0,0.0,0.0,0.0
2015-10-10,13.0,40859.0,3143.0,20.153846153846153,13.0,0.0,0.0,0.0,0.0,0.0
2015-10-11,6.0,25258.0,4209.666666666667,19.0,6.0,0.0,0.0,0.0,0.0,0.0
2015-10-12,12.0,22699.0,1891.5833333333333,13.5,12.0,0.0,0.0,0.0,0.0,0.0
2015-10-13,95.0,456587.0,4806.178947368421,15.284210526315789,95.0,0.0,0.0,0.0,0.0,0.0
2015-10-14,17.0,63597.0,3741.0,16.058823529411764,17.0,0.0,0.0,0.0,0.0,0.0
2015-10-15,19.0,61080.0,3214.7368421052633,18.36842105263158,19.0,0.0,0.0,0.0,0.0,0.0
2015-10-16,22.0,65905.0,2995.681818181818,17.0,22.0,0.0,0.0,0.0,1.0,0.0
2015-10-17,15.0,48616.0,3241.0666666666666,19.2,15.0,0.0,0.0,0.0,0.0,0.0
2015-10-18,70.0,138483.0,1978.3285714285714,17.185714285714287,70.0,0.0,0.0,0.0,0.0,0.0
2015-10-19,13.0,65412.0,5031.692307692308,16.76923076923077,13.0,0.0,0.0,0.0,0.0,0.0
2015-10-20,28.0,60340.0,2155.0,16.821428571428573,28.0,0.0,0.0,0.0,0.0,0.0
2015-10-21,11.0,45384.0,4125.818181818182,20.0,11.0,0.0,0.0,0.0,0.0,0.0
2015-10-22,9.0,38279.0,4253.222222222223,13.777777777777779,9.0,0.0,0.0,0.0,0.0,0.0
2015-10-23,6.0,16196.0,2699.3333333333335,17.833333333333332,6.0,0.0,0.0,0.0,1.0,0.0
2015-10-24,24.0,61532.0,2563.8333333333335,17.541666666666668,24.0,0.0,0.0,0.0,0.0,0.0
2015-10-25,47.0,130123.0,2768.574468085106,19.340425531914892,47.0,0.0,0.0,0.0,0.0,0.0
2015-10-26,11.0,34576.0,3143.2727272727275,17.90909090909091,11.0,0.0,0.0,0.0,0.0,0.0
2015-10-27,19.0,46881.0,2467.4210526315787,16.0,19.0,0.0,0.0,0.0,0.0,0.0
2015-10-28,27.0,83423.0,3089.740740740741,16.37037037037037,27.0,0.0,0.0,0.0,0.0,1.0
2015-10-29,53.0,116329.0,2194.8867924528304,15.169811320754716,53.0,0.0,0.0,0.0,0.0,0.0
2015-10-30,21.0,53251.0,2535.7619047619046,15.80952380952381,21.0,0.0,0.0,0.0,0.0,0.0
2015-10-31,48.0,116499.0,2427.0625,18.375,48.0,0.0,0.0,0.0,0.0,0.0
2015-11-01,22.0,64035.0,2910.681818181818,20.772727272727273,22.0,0.0,0.0,0.0,0.0,0.0
2015-11-02,20.0,62135.0,3106.75,16.8,20.0,0.0,0.0,0.0,0.0,0.0
2015-11-03,24.0,51643.0,2151.7916666666665,15.583333333333334,24.0,0.0,0.0,0.0,0.0,0.0
2015-11-04,15.0,38177.0,2545.133333333333,15.866666666666667,15.0,0.0,0.0,0.0,2.0,0.0
2015-11-05,15.0,37979.0,2531.9333333333334,19.6,15.0,0.0,0.0,0.0,0.0,0.0
2015-11-06,36.0,101307.0,2814.0833333333335,18.694444444444443,36.0,0.0,0.0,0.0,0.0,1.0
2015-11-07,25.0,69245.0,2769.8,15.96,25.0,0.0,0.0,0.0,0.0,0.0
2015-11-08,38.0,90523.0,2382.184210526316,12.210526315789474,38.0,0.0,0.0,0.0,0.0,0.0
2015-11-09,10.0,33180.0,3318.0,15.9,10.0,0.0,0.0,0.0,0.0,0.0
2015-11-10,23.0,48717.0,2118.1304347826085,15.173913043478262,23.0,0.0,0.0,0.0,0.0,0.0
2015-11-11,15.0,49191.0,3279.4,16.266666666666666,15.0,0.0,0.0,0.0,0.0,0.0
2015-11-12,20.0,83930.0,4196.5,19.5,20.0,0.0,0.0,0.0,0.0,0.0
2015-11-13,13.0,112174.0,8628.76923076923,20.076923076923077,13.0,0.0,0.0,0.0,0.0,0.0
2015-11-14,21.0,134077.0,6384.619047619048,16.857142857142858,21.0,0.0,0.0,0.0,0.0,0.0
2015-11-15,26.0,155358.0,5975.307692307692,18.423076923076923,26.0,0.0,0.0,0.0,1.0,0.0
2015-11-16,12.0,79958.0,6663.166666666667,15.666666666666666,12.0,0.0,0.0,0.0,0.0,0.0
2015-11-17,12.0,100684.0,8390.333333333334,18.333333333333332,12.0,0.0,0.0,0.0,0.0,0.0
2015-11-18,7.0,21757.0,3108.1428571428573,11.571428571428571,7.0,0.0,0.0,0.0,1.0,0.0
2015-11-19,32.0,157440.0,4920.0,17.65625,32.0,0.0,0.0,0.0,1.0,0.0
2015-11-20,27.0,110596.0,4096.148148148148,16.51851851851852,27.0,0.0,0.0,0.0,0.0,0.0
2015-11-21,44.0,118154.0,2685.318181818182,15.863636363636363,44.0,0.0,0.0,0.0,0.0,0.0
2015-11-22,19.0,108506.0,5710.8421052631575,17.842105263157894,19.0,0.0,0.0,0.0,0.0,0.0
2015-11-23,18.0,76943.0,4274.611111111111,17.11111111111111,18.0,0.0,0.0,0.0,0.0,0.0
2015-11-24,17.0,57986.0,3410.9411764705883,14.882352941176471,17.0,0.0,0.0,0.0,0.0,0.0
2015-11-25,20.0,71292.0,3564.6,18.55,20.0,0.0,0.0,0.0,0.0,1.0
2015-11-26,9.0,56429.0,6269.888888888889,17.333333333333332,9.0,0.0,0.0,0.0,0.0,0.0
2015-11-27,8.0,37146.0,4643.25,15.625,8.0,0.0,0.0,0.0,0.0,0.0
2015-11-28,18.0,71410.0,3967.222222222222,19.61111111111111,18.0,0.0,0.0,0.0,0.0,0.0
2015-11-29,17.0,51846.0,3049.764705882353,17.941176470588236,17.0,0.0,0.0,0.0,0.0,0.0
2015-11-30,12.0,48776.0,4064.6666666666665,18.916666666666668,12.0,0.0,0.0,0.0,0.0,0.0
2015-12-01,20.0,63100.0,3155.0,17.9,20.0,0.0,0.0,0.0,0.0,0.0
2015-12-02,20.0,72684.0,3634.2,18.1,20.0,0.0,0.0,0.0,0.0,0.0
2015-12-03,34.0,97888.0,2879.0588235294117,16.11764705882353,34.0,0.0,0.0,0.0,0.0,0.0
2015-12-04,28.0,82639.0,2951.3928571428573,16.928571428571427,28.0,0.0,0.0,0.0,0.0,0.0
2015-12-05,10.0,42199.0,4219.9,16.8,10.0,0.0,0.0,0.0,0.0,1.0
2015-12-06,38.0,199111.0,5239.763157894737,15.5,38.0,0.0,0.0,0.0,0.0,0.0
2015-12-07,31.0,155992.0,5032.0,18.29032258064516,31.0,0.0,0.0,0.0,0.0,0.0
2015-12-08,15.0,105118.0,7007.866666666667,21.333333333333332,15.0,0.0,0.0,0.0,0.0,0.0
2015-12-09,31.0,164184.0,5296.258064516129,18.096774193548388,31.0,0.0,0.0,0.0,0.0,0.0
2015-12-10,20.0,168925.0,8446.25,18.05,20.0,0.0,0.0,0.0,0.0,0.0
2015-12-11,18.0,121556.0,6753.111111111111,19.833333333333332,18.0,0.0,0.0,0.0,0.0,0.0
2015-12-12,18.0,88178.0,4898.777777777777,17.333333333333332,18.0,0.0,0.0,0.0,0.0,0.0
2015-12-13,38.0,155568.0,4093.8947368421054,17.63157894736842,38.0,0.0,0.0,0.0,1.0,0.0
2015-12-14,15.0,60390.0,4026.0,14.0,15.0,0.0,0.0,0.0,1.0,1.0
2015-12-15,35.0,148510.0,4243.142857142857,17.6,35.0,0.0,0.0,0.0,0.0,0.0
2015-12-16,19.0,95242.0,5012.736842105263,15.842105263157896,19.0,0.0,0.0,0.0,0.0,0.0
2015-12-17,6.0,45946.0,7657.666666666667,12.666666666666666,6.0,0.0,0.0,0.0,0.0,0.0
2015-12-18,14.0,91044.0,6503.142857142857,14.571428571428571,14.0,0.0,0.0,0.0,0.0,0.0
2015-12-19,11.0,71113.0,6464.818181818182,14.909090909090908,11.0,0.0,0.0,0.0,0.0,0.0
2015-12-20,18.0,100492.0,5582.888888888889,17.555555555555557,18.0,0.0,0.0,0.0,0.0,0.0
2015-12-21,17.0,119118.0,7006.941176470588,20.235294117647058,17.0,0.0,0.0,0.0,0.0,1.0
2015-12-22,26.0,184518.0,7096.846153846154,17.076923076923077,26.0,0.0,0.0,0.0,0.0,0.0
2015-12-23,15.0,138852.0,9256.8,19.4,15.0,0.0,0.0,0.0,0.0,0.0
2015-12-24,16.0,140866.0,8804.125,20.75,16.0,0.0,0.0,0.0,0.0,0.0
2015-12-25,13.0,84296.0,6484.307692307692,23.0,13.0,0.0,0.0,0.0,0.0,1.0
2015-12-26,8.0,78716.0,9839.5,19.875,8.0,0.0,0.0,0.0,0.0,0.0
2015-12-27,18.0,85522.0,4751.222222222223,20.11111111111111,18.0,0.0,0.0,0.0,0.0,0.0
2015-12-28,20.0,116349.0,5817.45,17.65,20.0,0.0,0.0,0.0,0.0,0.0
2015-12-29,12.0,75300.0,6275.0,18.25,12.0,0.0,0.0,0.0,0.0,0.0
2015-12-30,17.0,72472.0,4263.058823529412,19.0,17.0,0.0,0.0,0.0,0.0,0.0
2015-12-31,22.0,121193.0,5508.772727272727,17.681818181818183,22.0,0.0,0.0,0.0,0.0,0.0
2016-01-01,15.0,96807.0,6453.8,19.066666666666666,15.0,0.0,0.0,0.0,0.0,0.0
2016-01-02,11.0,100205.0,9109.545454545454,22.636363636363637,11.0,0.0,0.0,0.0,0.0,0.0
2016-01-03,21.0,132333.0,6301.571428571428,18.80952380952381,21.0,0.0,0.0,1.0,4.0,0.0
2016-01-04,15.0,69494.0,4632.933333333333,17.266666666666666,15.0,0.0,0.0,0.0,1.0,0.0
2016-01-05,15.0,71794.0,4786.266666666666,17.8,15.0,0.0,0.0,0.0,0.0,0.0
2016-01-06,8.0,48706.0,6088.25,15.75,8.0,0.0,0.0,0.0,1.0,0.0
2016-01-07,20.0,122026.0,6101.3,18.95,20.0,0.0,0.0,1.0,0.0,0.0
2016-01-08,9.0,56011.0,6223.444444444444,15.444444444444445,9.0,0.0,0.0,0.0,0.0,0.0
2016-01-09,12.0,54520.0,4543.333333333333,19.25,12.0,0.0,0.0,0.0,0.0,0.0
2016-01-10,11.0,66211.0,6019.181818181818,20.181818181818183,11.0,0.0,0.0,0.0,0.0,0.0
2016-01-11,18.0,87438.0,4857.666666666667,16.333333333333332,18.0,0.0,0.0,0.0,0.0,0.0
2016-01-12,9.0,96010.0,10667.777777777777,15.555555555555555,9.0,0.0,0.0,0.0,0.0,0.0
2016-01-13,12.0,74994.0,6249.5,15.416666666666666,12.0,0.0,0.0,1.0,1.0,0.0
2016-01-14,12.0,82723.0,6893.583333333333,16.583333333333332,12.0,0.0,0.0,0.0,0.0,0.0
2016-01-15,11.0,79359.0,7214.454545454545,18.545454545454547,11.0,0.0,0.0,1.0,0.0,0.0
2016-01-16,17.0,129549.0,7620.529411764706,20.529411764705884,17.0,0.0,0.0,0.0,0.0,0.0
2016-01-17,6.0,55322.0,9220.333333333334,22.5,6.0,0.0,0.0,0.0,0.0,0.0
2016-01-18,10.0,63401.0,6340.1,19.5,10.0,0.0,0.0,0.0,0.0,0.0
2016-01-19,16.0,90272.0,5642.0,16.0625,16.0,0.0,0.0,1.0,0.0,0.0
2016-01-20,12.0,58333.0,4861.083333333333,14.416666666666666,12.0,0.0,0.0,1.0,2.0,0.0
2016-01-21,22.0,107338.0,4879.0,15.272727272727273,22.0,0.0,0.0,0.0,2.0,0.0
2016-01-22,34.0,179393.0,5276.264705882353,17.441176470588236,34.0,0.0,0.0,1.0,1.0,0.0
2016-01-23,21.0,117702.0,5604.857142857143,18.857142857142858,21.0,0.0,0.0,0.0,0.0,0.0
2016-01-24,21.0,88949.0,4235.666666666667,16.523809523809526,21.0,0.0,0.0,1.0,0.0,0.0
2016-01-25,25.0,97816.0,3912.64,16.44,25.0,0.0,0.0,2.0,0.0,0.0
2016-01-26,26.0,167099.0,6426.884615384615,13.23076923076923,26.0,0.0,0.0,1.0,0.0,0.0
2016-01-27,13.0,154195.0,11861.153846153846,16.923076923076923,13.0,0.0,0.0,1.0,1.0,0.0
2016-01-28,30.0,211824.0,7060.8,16.533333333333335,30.0,0.0,0.0,0.0,0.0,0.0
2016-01-29,28.0,240501.0,8589.32142857143,16.642857142857142,28.0,0.0,0.0,0.0,0.0,0.0
2016-01-30,4.0,40421.0,10105.25,13.75,4.0,0.0,0.0,0.0,0.0,0.0
2016-01-31,18.0,126474.0,7026.333333333333,20.11111111111111,18.0,0.0,0.0,1.0,0.0,0.0
2016-02-01,10.0,27714.0,2771.4,12.4,10.0,0.0,0.0,2.0,8.0,0.0
2016-02-02,17.0,151773.0,8927.823529411764,20.941176470588236,17.0,0.0,0.0,3.0,2.0,0.0
2016-02-03,18.0,173346.0,9630.333333333334,19.444444444444443,18.0,0.0,0.0,1.0,2.0,0.0
2016-02-04,9.0,77145.0,8571.666666666666,17.555555555555557,9.0,0.0,0.0,0.0,0.0,0.0
2016-02-05,21.0,125243.0,5963.952380952381,15.952380952380953,21.0,0.0,0.0,1.0,2.0,0.0
2016-02-06,11.0,77017.0,7001.545454545455,17.09090909090909,11.0,0.0,0.0,1.0,0.0,0.0
2016-02-07,25.0,170494.0,6819.76,14.6,25.0,0.0,0.0,0.0,0.0,0.0
2016-02-08,13.0,91581.0,7044.692307692308,14.692307692307692,13.0,0.0,0.0,2.0,0.0,0.0
2016-02-09,17.0,194174.0,11422.0,17.529411764705884,17.0,0.0,0.0,0.0,2.0,0.0
2016-02-10,14.0,100209.0,7157.785714285715,15.071428571428571,14.0,0.0,0.0,0.0,3.0,0.0
2016-02-11,14.0,131935.0,9423.92857142857,20.857142857142858,14.0,0.0,0.0,0.0,0.0,0.0
2016-02-12,21.0,156632.0,7458.666666666667,19.095238095238095,21.0,0.0,0.0,1.0,2.0,1.0
2016-02-13,28.0,175039.0,6251.392857142857,18.821428571428573,28.0,0.0,0.0,1.0,4.0,0.0
2016-02-14,17.0,184099.0,10829.35294117647,16.705882352941178,17.0,0.0,0.0,0.0,0.0,0.0
2016-02-15,11.0,116642.0,10603.818181818182,17.818181818181817,11.0,0.0,0.0,0.0,0.0,0.0
2016-02-16,17.0,121518.0,7148.117647058823,18.470588235294116,17.0,0.0,0.0,0.0,3.0,0.0
2016-02-17,12.0,164459.0,13704.916666666666,16.0,12.0,0.0,0.0,0.0,0.0,0.0
2016-02-18,19.0,149290.0,7857.368421052632,16.842105263157894,19.0,0.0,0.0,2.0,4.0,0.0
2016-02-19,17.0,144958.0,8526.941176470587,16.058823529411764,17.0,0.0,0.0,1.0,0.0,0.0
2016-02-20,21.0,238410.0,11352.857142857143,18.38095238095238,21.0,0.0,0.0,0.0,0.0,0.0
2016-02-21,8.0,64428.0,8053.5,16.75,8.0,0.0,0.0,2.0,0.0,0.0
2016-02-22,28.0,246166.0,8791.642857142857,19.785714285714285,28.0,0.0,0.0,0.0,0.0,0.0
2016-02-23,22.0,172510.0,7841.363636363636,19.636363636363637,22.0,0.0,0.0,3.0,0.0,0.0
2016-02-24,31.0,276599.0,8922.548387096775,18.741935483870968,31.0,0.0,0.0,2.0,1.0,1.0
2016-02-25,11.0,156412.0,14219.272727272728,15.727272727272727,11.0,0.0,0.0,0.0,0.0,0.0
2016-02-26,38.0,330692.0,8702.421052631578,16.236842105263158,38.0,0.0,0.0,1.0,6.0,1.0
2016-02-27,17.0,194833.0,11460.764705882353,20.0,17.0,0.0,0.0,1.0,0.0,0.0
2016-02-28,29.0,360377.0,12426.793103448275,17.82758620689655,29.0,0.0,0.0,1.0,1.0,1.0
2016-02-29,14.0,172405.0,12314.642857142857,13.785714285714286,14.0,0.0,0.0,0.0,0.0,0.0
2016-03-01,16.0,252830.0,15801.875,9.6875,16.0,0.0,0.0,3.0,1.0,0.0
2016-03-02,24.0,326727.0,13613.625,19.0,24.0,0.0,0.0,0.0,0.0,0.0
2016-03-03,17.0,266373.0,15669.0,20.470588235294116,17.0,0.0,0.0,1.0,1.0,0.0
2016-03-04,13.0,123387.0,9491.307692307691,13.923076923076923,13.0,0.0,0.0,1.0,1.0,0.0
2016-03-05,20.0,227062.0,11353.1,17.6,20.0,0.0,0.0,1.0,0.0,0.0
2016-03-06,18.0,206499.0,11472.166666666666,17.944444444444443,18.0,0.0,0.0,0.0,3.0,0.0
2016-03-07,19.0,237613.0,12505.947368421053,18.0,19.0,0.0,0.0,0.0,1.0,0.0
2016-03-08,21.0,288013.0,13714.904761904761,12.047619047619047,21.0,0.0,0.0,1.0,0.0,0.0
2016-03-09,6.0,67361.0,11226.833333333334,14.666666666666666,6.0,0.0,0.0,1.0,1.0,0.0
2016-03-10,3.0,34018.0,11339.333333333334,16.666666666666668,3.0,0.0,0.0,0.0,2.0,0.0
2016-03-11,19.0,221839.0,11675.736842105263,15.526315789473685,19.0,0.0,0.0,7.0,2.0,2.0
2016-03-12,18.0,384334.0,21351.88888888889,19.166666666666668,18.0,0.0,0.0,0.0,1.0,0.0
2016-03-13,12.0,213922.0,17826.833333333332,19.5,12.0,0.0,0.0,1.0,1.0,0.0
2016-03-14,12.0,159485.0,13290.416666666666,16.416666666666668,12.0,0.0,0.0,1.0,0.0,0.0
2016-03-15,32.0,512891.0,16027.84375,19.15625,32.0,0.0,0.0,2.0,1.0,0.0
2016-03-16,20.0,251024.0,12551.2,13.8,20.0,0.0,0.0,1.0,2.0,0.0
2016-03-17,14.0,270922.0,19351.571428571428,19.857142857142858,14.0,0.0,0.0,0.0,0.0,0.0
2016-03-18,23.0,316501.0,13760.91304347826,18.217391304347824,23.0,0.0,0.0,0.0,4.0,0.0
2016-03-19,28.0,346368.0,12370.285714285714,18.642857142857142,28.0,0.0,0.0,1.0,2.0,0.0
2016-03-20,11.0,247488.0,22498.909090909092,19.181818181818183,11.0,0.0,0.0,0.0,0.0,0.0
2016-03-21,1.0,0.0,0.0,12.0,1.0,0.0,0.0,0.0,1.0,0.0
2016-03-22,23.0,461428.0,20062.08695652174,17.043478260869566,23.0,0.0,0.0,1.0,6.0,0.0
2016-03-23,16.0,325264.0,20329.0,20.25,16.0,0.0,0.0,0.0,1.0,0.0
2016-03-24,23.0,400405.0,17408.91304347826,21.73913043478261,23.0,0.0,0.0,1.0,2.0,1.0
2016-03-25,5.0,65115.0,13023.0,19.6,5.0,0.0,0.0,0.0,1.0,0.0
2016-03-26,11.0,252034.0,22912.18181818182,21.90909090909091,11.0,0.0,0.0,0.0,1.0,0.0
2016-03-27,10.0,214566.0,21456.6,19.0,10.0,0.0,0.0,0.0,0.0,0.0
2016-03-28,12.0,199062.0,16588.5,20.666666666666668,12.0,0.0,0.0,0.0,0.0,0.0
2016-03-29,15.0,289356.0,19290.4,18.4,15.0,0.0,0.0,0.0,1.0,0.0
2016-03-30,7.0,114372.0,16338.857142857143,13.142857142857142,7.0,0.0,0.0,1.0,0.0,0.0
2016-03-31,6.0,114270.0,19045.0,10.0,6.0,0.0,0.0,0.0,0.0,0.0
2016-04-01,14.0,233202.0,16657.285714285714,19.857142857142858,14.0,0.0,0.0,0.0,2.0,0.0
2016-04-02,8.0,123530.0,15441.25,17.625,8.0,0.0,0.0,0.0,0.0,0.0
2016-04-03,15.0,181034.0,12068.933333333332,14.666666666666666,15.0,0.0,0.0,0.0,1.0,0.0
2016-04-04,11.0,185112.0,16828.363636363636,15.090909090909092,11.0,0.0,0.0,0.0,1.0,0.0
2016-04-05,7.0,78797.0,11256.714285714286,14.0,7.0,0.0,0.0,2.0,0.0,0.0
2016-04-06,4.0,87276.0,21819.0,13.25,4.0,0.0,0.0,0.0,0.0,0.0
2016-04-07,6.0,96056.0,16009.333333333334,13.5,6.0,0.0,0.0,0.0,0.0,0.0
2016-04-08,17.0,207138.0,12184.588235294117,18.0,17.0,0.0,0.0,0.0,0.0,0.0
2016-04-09,15.0,199198.0,13279.866666666667,16.733333333333334,15.0,0.0,0.0,0.0,1.0,0.0
2016-04-10,7.0,135174.0,19310.571428571428,19.285714285714285,7.0,0.0,0.0,0.0,0.0,0.0
2016-04-11,14.0,143954.0,10282.42857142857,13.928571428571429,14.0,0.0,0.0,0.0,1.0,0.0
2016-04-12,6.0,84919.0,14153.166666666666,14.333333333333334,6.0,0.0,0.0,0.0,1.0,0.0
2016-04-13,7.0,87828.0,12546.857142857143,13.857142857142858,7.0,0.0,0.0,0.0,1.0,0.0
2016-04-14,4.0,59531.0,14882.75,9.5,4.0,0.0,0.0,0.0,0.0,0.0
2016-04-15,6.0,68050.0,11341.666666666666,12.0,6.0,0.0,0.0,0.0,0.0,0.0
2016-04-16,14.0,147408.0,10529.142857142857,13.071428571428571,14.0,0.0,0.0,0.0,1.0,0.0
2016-04-17,7.0,146855.0,20979.285714285714,20.142857142857142,7.0,0.0,0.0,0.0,0.0,0.0
2016-04-18,7.0,109239.0,15605.57142857143,16.142857142857142,7.0,0.0,0.0,0.0,0.0,0.0
2016-04-19,24.0,265871.0,11077.958333333334,12.333333333333334,24.0,0.0,0.0,2.0,4.0,1.0
2016-04-20,7.0,120438.0,17205.428571428572,14.714285714285714,7.0,0.0,0.0,0.0,0.0,0.0
2016-04-21,4.0,94153.0,23538.25,24.5,4.0,0.0,0.0,0.0,0.0,0.0
2016-04-22,6.0,96466.0,16077.666666666666,11.833333333333334,6.0,0.0,0.0,0.0,0.0,0.0
2016-04-23,12.0,149371.0,12447.583333333334,14.666666666666666,12.0,0.0,0.0,0.0,0.0,0.0
2016-04-24,7.0,118507.0,16929.571428571428,18.285714285714285,7.0,0.0,0.0,0.0,0.0,0.0
2016-04-25,10.0,145486.0,14548.6,16.5,10.0,0.0,0.0,1.0,1.0,0.0
2016-04-26,18.0,270393.0,15021.833333333334,10.277777777777779,18.0,0.0,0.0,0.0,1.0,0.0
2016-04-27,14.0,184761.0,13197.214285714286,10.5,14.0,0.0,0.0,2.0,0.0,0.0
2016-04-28,12.0,159592.0,13299.333333333334,16.916666666666668,12.0,0.0,0.0,0.0,1.0,0.0
2016-04-29,9.0,177236.0,19692.88888888889,18.333333333333332,9.0,0.0,0.0,2.0,1.0,0.0
2016-04-30,7.0,116929.0,16704.14285714286,15.714285714285714,7.0,0.0,0.0,0.0,1.0,0.0
2016-05-01,9.0,117105.0,13011.666666666666,15.333333333333334,9.0,0.0,0.0,0.0,1.0,0.0
2016-05-02,14.0,214091.0,15292.214285714286,17.142857142857142,14.0,0.0,0.0,1.0,1.0,0.0
2016-05-03,11.0,213771.0,19433.727272727272,12.727272727272727,11.0,0.0,0.0,1.0,0.0,0.0
2016-05-04,7.0,116602.0,16657.428571428572,12.857142857142858,7.0,0.0,0.0,0.0,0.0,0.0
2016-05-05,7.0,356444.0,50920.57142857143,17.857142857142858,7.0,0.0,0.0,0.0,0.0,0.0
2016-05-06,18.0,362981.0,20165.61111111111,19.944444444444443,18.0,0.0,0.0,0.0,1.0,0.0
2016-05-07,5.0,96086.0,19217.2,17.4,5.0,0.0,0.0,0.0,0.0,0.0
2016-05-08,8.0,94442.0,11805.25,16.0,8.0,0.0,0.0,0.0,1.0,0.0
2016-05-09,21.0,228612.0,10886.285714285714,16.142857142857142,21.0,0.0,0.0,1.0,1.0,0.0
2016-05-10,18.0,252344.0,14019.111111111111,13.666666666666666,18.0,0.0,0.0,2.0,1.0,0.0
2016-05-11,14.0,244142.0,17438.714285714286,18.714285714285715,14.0,0.0,0.0,1.0,1.0,0.0
2016-05-12,3.0,72288.0,24096.0,17.333333333333332,3.0,0.0,0.0,0.0,0.0,0.0
2016-05-13,4.0,76007.0,19001.75,23.0,4.0,0.0,0.0,0.0,1.0,0.0
2016-05-14,3.0,77286.0,25762.0,13.666666666666666,3.0,0.0,0.0,0.0,0.0,0.0
2016-05-15,15.0,240196.0,16013.066666666668,18.6,15.0,0.0,0.0,0.0,0.0,0.0
2016-05-16,18.0,220997.0,12277.611111111111,23.055555555555557,18.0,0.0,0.0,0.0,4.0,0.0
2016-05-17,54.0,564495.0,10453.611111111111,17.90740740740741,54.0,0.0,0.0,0.0,0.0,0.0
2016-05-18,10.0,142243.0,14224.3,16.7,10.0,0.0,0.0,0.0,1.0,0.0
2016-05-19,3.0,72694.0,24231.333333333332,18.333333333333332,3.0,0.0,0.0,0.0,0.0,0.0
2016-05-20,20.0,274466.0,13723.3,18.55,20.0,0.0,0.0,0.0,2.0,1.0
2016-05-21,9.0,282986.0,31442.88888888889,19.444444444444443,9.0,0.0,0.0,0.0,0.0,0.0
2016-05-22,10.0,211731.0,21173.1,18.8,10.0,0.0,0.0,1.0,1.0,0.0
2016-05-23,8.0,149901.0,18737.625,18.5,8.0,0.0,0.0,0.0,0.0,0.0
2016-05-24,9.0,139559.0,15506.555555555555,15.444444444444445,9.0,0.0,0.0,0.0,0.0,0.0
2016-05-25,16.0,210545.0,13159.0625,14.5,16.0,0.0,0.0,0.0,1.0,2.0
2016-05-26,10.0,167737.0,16773.7,14.4,10.0,0.0,0.0,0.0,1.0,0.0
2016-05-27,6.0,102755.0,17125.833333333332,14.833333333333334,6.0,0.0,0.0,0.0,0.0,0.0
2016-05-28,9.0,191773.0,21308.11111111111,22.555555555555557,9.0,0.0,0.0,0.0,0.0,0.0
2016-05-29,7.0,142873.0,20410.428571428572,22.0,7.0,0.0,0.0,0.0,1.0,0.0
2016-05-30,13.0,204934.0,15764.153846153846,18.76923076923077,13.0,0.0,0.0,0.0,0.0,0.0
2016-05-31,10.0,160813.0,16081.3,19.9,10.0,0.0,0.0,0.0,1.0,0.0
2016-06-01,4.0,85618.0,21404.5,20.75,4.0,0.0,0.0,0.0,0.0,0.0
2016-06-02,27.0,340418.0,12608.074074074075,18.22222222222222,27.0,0.0,0.0,0.0,1.0,0.0
2016-06-03,14.0,190290.0,13592.142857142857,18.642857142857142,14.0,0.0,0.0,1.0,0.0,0.0
2016-06-04,9.0,186724.0,20747.11111111111,17.11111111111111,9.0,0.0,0.0,1.0,0.0,0.0
2016-06-05,5.0,79124.0,15824.8,18.4,5.0,0.0,0.0,0.0,2.0,0.0
2016-06-06,16.0,228398.0,14274.875,18.875,16.0,0.0,0.0,1.0,4.0,0.0
2016-06-07,8.0,100587.0,12573.375,9.375,8.0,0.0,0.0,0.0,0.0,0.0
2016-06-08,19.0,239866.0,12624.526315789473,16.42105263157895,19.0,0.0,0.0,1.0,1.0,0.0
2016-06-09,8.0,622238.0,77779.75,16.375,8.0,0.0,0.0,0.0,0.0,0.0
2016-06-10,12.0,259953.0,21662.75,14.916666666666666,12.0,0.0,0.0,0.0,0.0,0.0
2016-06-11,11.0,244873.0,22261.18181818182,15.909090909090908,11.0,0.0,0.0,0.0,0.0,0.0
2016-06-12,9.0,488027.0,54225.22222222222,22.11111111111111,9.0,0.0,0.0,0.0,1.0,0.0
2016-06-13,14.0,271214.0,19372.428571428572,18.785714285714285,14.0,0.0,0.0,1.0,1.0,0.0
2016-06-14,8.0,261564.0,32695.5,12.0,8.0,0.0,0.0,1.0,1.0,0.0
2016-06-15,9.0,167259.0,18584.333333333332,16.22222222222222,9.0,0.0,0.0,1.0,0.0,0.0
2016-06-16,8.0,83413.0,10426.625,13.375,8.0,0.0,0.0,1.0,1.0,0.0
2016-06-17,12.0,188877.0,15739.75,11.416666666666666,12.0,0.0,0.0,1.0,0.0,0.0
2016-06-18,9.0,158625.0,17625.0,13.0,9.0,0.0,0.0,0.0,0.0,0.0
2016-06-19,2.0,54470.0,27235.0,17.5,2.0,0.0,0.0,0.0,0.0,0.0
2016-06-20,3.0,30771.0,10257.0,17.666666666666668,3.0,0.0,0.0,0.0,2.0,0.0
2016-06-21,14.0,390611.0,27900.785714285714,19.0,14.0,0.0,0.0,0.0,0.0,0.0
2016-06-22,6.0,124340.0,20723.333333333332,13.166666666666666,6.0,0.0,0.0,0.0,0.0,0.0
2016-06-23,17.0,298801.0,17576.529411764706,19.058823529411764,17.0,0.0,0.0,2.0,0.0,0.0
2016-06-24,12.0,305230.0,25435.833333333332,21.333333333333332,12.0,0.0,0.0,0.0,0.0,0.0
2016-06-25,10.0,223496.0,22349.6,17.7,10.0,0.0,0.0,0.0,0.0,0.0
2016-06-26,15.0,288971.0,19264.733333333334,21.2,15.0,0.0,0.0,0.0,0.0,0.0
2016-06-27,3.0,74695.0,24898.333333333332,20.333333333333332,3.0,0.0,0.0,0.0,0.0,0.0
2016-06-28,13.0,233757.0,17981.30769230769,19.76923076923077,13.0,0.0,0.0,0.0,0.0,0.0
2016-06-29,10.0,166162.0,16616.2,17.9,10.0,0.0,0.0,0.0,0.0,0.0
2016-06-30,10.0,159497.0,15949.7,14.2,10.0,0.0,0.0,1.0,1.0,0.0
2016-07-01,11.0,198744.0,18067.636363636364,17.818181818181817,11.0,0.0,0.0,0.0,0.0,0.0
2016-07-02,13.0,273013.0,21001.0,14.384615384615385,13.0,0.0,0.0,1.0,1.0,0.0
2016-07-03,8.0,201456.0,25182.0,21.875,8.0,0.0,0.0,0.0,0.0,0.0
2016-07-04,13.0,310637.0,23895.153846153848,20.53846153846154,13.0,0.0,0.0,0.0,0.0,0.0
2016-07-05,7.0,259653.0,37093.28571428572,18.142857142857142,7.0,0.0,0.0,0.0,0.0,0.0
2016-07-06,15.0,408482.0,27232.133333333335,22.066666666666666,15.0,0.0,0.0,0.0,0.0,0.0
2016-07-07,6.0,154213.0,25702.166666666668,10.833333333333334,6.0,0.0,0.0,0.0,0.0,0.0
2016-07-08,5.0,241545.0,48309.0,17.6,5.0,0.0,0.0,0.0,0.0,0.0
2016-07-09,2.0,51518.0,25759.0,10.5,2.0,0.0,0.0,0.0,0.0,0.0
2016-07-10,4.0,168253.0,42063.25,24.75,4.0,0.0,0.0,0.0,0.0,0.0
2016-07-11,6.0,114125.0,19020.833333333332,11.5,6.0,0.0,0.0,0.0,0.0,0.0
2016-07-12,13.0,395357.0,30412.076923076922,16.46153846153846,13.0,0.0,0.0,0.0,0.0,0.0
2016-07-13,15.0,368693.0,24579.533333333333,17.4,15.0,0.0,0.0,0.0,0.0,0.0
2016-07-14,8.0,246731.0,30841.375,20.625,8.0,0.0,0.0,0.0,2.0,0.0
2016-07-15,4.0,209478.0,52369.5,21.0,4.0,0.0,0.0,0.0,0.0,0.0
2016-07-16,11.0,221955.0,20177.727272727272,19.818181818181817,11.0,0.0,0.0,0.0,0.0,0.0
2016-07-17,14.0,438063.0,31290.214285714286,24.142857142857142,14.0,0.0,0.0,0.0,0.0,0.0
2016-07-18,7.0,132590.0,18941.428571428572,15.142857142857142,7.0,0.0,0.0,1.0,0.0,0.0
2016-07-19,6.0,294571.0,49095.166666666664,15.166666666666666,6.0,0.0,0.0,0.0,0.0,0.0
2016-07-20,19.0,780240.0,41065.26315789474,13.052631578947368,19.0,0.0,0.0,0.0,1.0,0.0
2016-07-21,18.0,296674.0,16481.88888888889,13.38888888888889,18.0,0.0,0.0,0.0,1.0,0.0
2016-07-22,10.0,318465.0,31846.5,16.9,10.0,0.0,0.0,0.0,1.0,0.0
2016-07-23,15.0,433102.0,28873.466666666667,19.133333333333333,15.0,0.0,0.0,0.0,1.0,0.0
2016-07-24,19.0,561781.0,29567.42105263158,23.894736842105264,19.0,0.0,0.0,0.0,2.0,0.0
2016-07-25,22.0,836928.0,38042.181818181816,19.863636363636363,22.0,0.0,0.0,0.0,0.0,0.0
2016-07-26,19.0,593585.0,31241.315789473683,18.105263157894736,19.0,0.0,0.0,0.0,0.0,0.0
2016-07-27,19.0,762069.0,40108.89473684211,16.68421052631579,19.0,0.0,0.0,0.0,0.0,0.0
2016-07-28,21.0,670487.0,31927.95238095238,15.333333333333334,21.0,0.0,0.0,3.0,1.0,0.0
2016-07-29,28.0,787028.0,28108.14285714286,16.928571428571427,28.0,0.0,0.0,0.0,0.0,0.0
2016-07-30,23.0,672280.0,29229.565217391304,19.652173913043477,23.0,0.0,0.0,0.0,0.0,0.0
2016-07-31,6.0,242451.0,40408.5,22.666666666666668,6.0,0.0,0.0,0.0,0.0,0.0
2016-08-01,24.0,699827.0,29159.458333333332,17.916666666666668,24.0,0.0,0.0,0.0,0.0,0.0
2016-08-02,15.0,369024.0,24601.6,14.133333333333333,15.0,0.0,0.0,2.0,0.0,0.0
2016-08-03,7.0,221640.0,31662.85714285714,15.0,7.0,0.0,0.0,1.0,0.0,0.0
2016-08-04,8.0,232282.0,29035.25,15.0,8.0,0.0,0.0,0.0,0.0,0.0
2016-08-05,34.0,523809.0,15406.14705882353,15.647058823529411,34.0,0.0,0.0,2.0,2.0,0.0
2016-08-06,11.0,320108.0,29100.727272727272,17.90909090909091,11.0,0.0,0.0,1.0,1.0,1.0
2016-08-07,6.0,136900.0,22816.666666666668,16.333333333333332,6.0,0.0,0.0,1.0,2.0,0.0
2016-08-08,13.0,244818.0,18832.153846153848,10.76923076923077,13.0,0.0,0.0,1.0,0.0,0.0
2016-08-09,20.0,292022.0,14601.1,18.15,20.0,0.0,0.0,5.0,1.0,0.0
2016-08-10,13.0,354794.0,27291.846153846152,16.153846153846153,13.0,0.0,0.0,0.0,0.0,0.0
2016-08-11,4.0,88446.0,22111.5,15.25,4.0,0.0,0.0,0.0,0.0,0.0
2016-08-12,17.0,342510.0,20147.647058823528,16.88235294117647,17.0,0.0,0.0,0.0,1.0,0.0
2016-08-13,8.0,191471.0,23933.875,22.0,8.0,0.0,0.0,0.0,1.0,0.0
2016-08-14,11.0,447964.0,40724.0,22.727272727272727,11.0,0.0,0.0,0.0,1.0,0.0
2016-08-15,3.0,72204.0,24068.0,7.666666666666667,3.0,0.0,0.0,0.0,0.0,0.0
2016-08-16,5.0,102896.0,20579.2,15.0,5.0,0.0,0.0,0.0,0.0,0.0
2016-08-17,10.0,219996.0,21999.6,12.0,10.0,0.0,0.0,0.0,0.0,0.0
2016-08-18,4.0,147618.0,36904.5,6.25,4.0,0.0,0.0,0.0,0.0,0.0
2016-08-19,9.0,330576.0,36730.666666666664,17.555555555555557,9.0,0.0,0.0,0.0,0.0,1.0
2016-08-20,10.0,197933.0,19793.3,14.0,10.0,0.0,0.0,0.0,1.0,0.0
2016-08-21,7.0,160392.0,22913.14285714286,18.714285714285715,7.0,0.0,0.0,0.0,0.0,0.0
2016-08-22,9.0,191162.0,21240.222222222223,16.22222222222222,9.0,0.0,0.0,0.0,0.0,0.0
2016-08-23,8.0,247616.0,30952.0,17.625,8.0,0.0,0.0,0.0,0.0,0.0
2016-08-24,9.0,213403.0,23711.444444444445,13.88888888888889,9.0,0.0,0.0,0.0,0.0,0.0
2016-08-25,13.0,344059.0,26466.076923076922,19.384615384615383,13.0,0.0,0.0,0.0,0.0,0.0
2016-08-26,14.0,332392.0,23742.285714285714,15.357142857142858,14.0,0.0,0.0,0.0,0.0,0.0
2016-08-27,11.0,245694.0,22335.81818181818,18.90909090909091,11.0,0.0,0.0,0.0,1.0,0.0
2016-08-28,6.0,169062.0,28177.0,16.166666666666668,6.0,0.0,0.0,1.0,0.0,0.0
2016-08-29,13.0,305622.0,23509.384615384617,16.53846153846154,13.0,0.0,0.0,0.0,0.0,0.0
2016-08-30,6.0,192037.0,32006.166666666668,14.833333333333334,6.0,0.0,0.0,0.0,0.0,0.0
2016-08-31,6.0,154948.0,25824.666666666668,17.333333333333332,6.0,0.0,0.0,2.0,1.0,0.0
2016-09-01,13.0,345848.0,26603.69230769231,14.153846153846153,13.0,0.0,0.0,3.0,1.0,1.0
2016-09-02,6.0,141171.0,23528.5,17.5,6.0,0.0,0.0,1.0,1.0,1.0
2016-09-03,5.0,172896.0,34579.2,16.0,5.0,0.0,0.0,0.0,0.0,0.0
2016-09-04,14.0,356050.0,25432.14285714286,21.571428571428573,14.0,0.0,0.0,1.0,0.0,0.0
2016-09-05,8.0,150534.0,18816.75,13.5,8.0,0.0,0.0,0.0,2.0,0.0
2016-09-06,13.0,313342.0,24103.23076923077,15.846153846153847,13.0,0.0,0.0,0.0,1.0,0.0
2016-09-07,5.0,121394.0,24278.8,15.4,5.0,0.0,0.0,0.0,0.0,0.0
2016-09-08,15.0,411041.0,27402.733333333334,15.866666666666667,15.0,0.0,0.0,1.0,0.0,0.0
2016-09-09,13.0,225087.0,17314.384615384617,16.23076923076923,13.0,0.0,0.0,1.0,3.0,0.0
2016-09-10,11.0,379034.0,34457.63636363636,20.454545454545453,11.0,0.0,0.0,1.0,0.0,0.0
2016-09-11,1.0,31164.0,31164.0,2.0,1.0,0.0,0.0,0.0,0.0,0.0
2016-09-12,6.0,127131.0,21188.5,16.0,6.0,0.0,0.0,0.0,0.0,0.0
2016-09-13,12.0,234283.0,19523.583333333332,10.666666666666666,12.0,0.0,0.0,2.0,0.0,0.0
2016-09-14,11.0,221105.0,20100.454545454544,15.090909090909092,11.0,0.0,0.0,1.0,0.0,0.0
2016-09-15,13.0,211850.0,16296.153846153846,14.153846153846153,13.0,0.0,0.0,1.0,0.0,0.0
2016-09-16,4.0,112578.0,28144.5,16.75,4.0,0.0,0.0,0.0,0.0,0.0
2016-09-17,13.0,344996.0,26538.153846153848,19.923076923076923,13.0,0.0,0.0,0.0,0.0,0.0
2016-09-18,5.0,196753.0,39350.6,18.8,5.0,0.0,0.0,1.0,0.0,0.0
2016-09-19,12.0,266681.0,22223.416666666668,16.333333333333332,12.0,0.0,0.0,0.0,2.0,0.0
2016-09-20,10.0,277241.0,27724.1,19.1,10.0,0.0,0.0,2.0,2.0,2.0
2016-09-21,9.0,243938.0,27104.222222222223,17.77777777777778,9.0,0.0,0.0,1.0,0.0,0.0
2016-09-22,5.0,76348.0,15269.6,13.4,5.0,0.0,0.0,0.0,1.0,0.0
2016-09-23,6.0,136452.0,22742.0,18.166666666666668,6.0,0.0,0.0,1.0,0.0,0.0
2016-09-24,9.0,202963.0,22551.444444444445,19.555555555555557,9.0,0.0,0.0,0.0,3.0,0.0
2016-09-25,6.0,223650.0,37275.0,20.166666666666668,6.0,0.0,0.0,0.0,0.0,0.0
2016-09-26,21.0,654944.0,31187.809523809523,15.714285714285714,21.0,0.0,0.0,2.0,0.0,0.0
2016-09-27,36.0,951054.0,26418.166666666668,16.083333333333332,36.0,0.0,0.0,8.0,0.0,0.0
2016-09-28,11.0,209938.0,19085.272727272728,17.272727272727273,11.0,0.0,0.0,1.0,0.0,0.0
2016-09-29,6.0,159672.0,26612.0,18.666666666666668,6.0,0.0,0.0,0.0,1.0,0.0
2016-09-30,12.0,572074.0,47672.833333333336,22.166666666666668,12.0,0.0,0.0,0.0,0.0,0.0
2016-10-01,5.0,171062.0,34212.4,20.6,5.0,0.0,0.0,0.0,0.0,0.0
2016-10-02,8.0,263802.0,32975.25,20.0,8.0,0.0,0.0,1.0,2.0,1.0
2016-10-03,5.0,105069.0,21013.8,12.6,5.0,0.0,0.0,0.0,0.0,0.0
2016-10-04,43.0,1083017.0,25186.441860465115,13.930232558139535,43.0,0.0,0.0,0.0,0.0,0.0
2016-10-05,26.0,469716.0,18066.0,17.192307692307693,26.0,0.0,0.0,13.0,0.0,0.0
2016-10-06,12.0,338303.0,28191.916666666668,14.833333333333334,12.0,0.0,0.0,2.0,0.0,0.0
2016-10-07,0.0,0.0,,,0.0,0.0,0.0,0.0,0.0,0.0
2016-10-08,6.0,460582.0,76763.66666666667,16.666666666666668,6.0,0.0,0.0,2.0,0.0,0.0
2016-10-09,47.0,1494935.0,31807.127659574468,14.48936170212766,47.0,0.0,0.0,0.0,0.0,1.0
2016-10-10,28.0,610996.0,21821.285714285714,16.285714285714285,28.0,0.0,0.0,21.0,1.0,0.0
2016-10-11,17.0,744568.0,43798.117647058825,18.58823529411765,17.0,0.0,0.0,0.0,1.0,0.0
2016-10-12,7.0,334494.0,47784.857142857145,19.285714285714285,7.0,0.0,0.0,0.0,0.0,0.0
2016-10-13,12.0,431045.0,35920.416666666664,18.25,12.0,0.0,0.0,0.0,0.0,0.0
2016-10-14,5.0,172898.0,34579.6,14.8,5.0,0.0,0.0,0.0,0.0,0.0
2016-10-15,14.0,571615.0,40829.642857142855,16.928571428571427,14.0,0.0,0.0,0.0,1.0,0.0
2016-10-16,16.0,684394.0,42774.625,21.75,16.0,0.0,0.0,0.0,0.0,0.0
2016-10-17,26.0,921823.0,35454.730769230766,16.96153846153846,26.0,0.0,0.0,0.0,0.0,0.0
2016-10-18,14.0,480525.0,34323.21428571428,16.785714285714285,14.0,0.0,0.0,0.0,0.0,0.0
2016-10-19,83.0,1606256.0,19352.481927710844,16.57831325301205,83.0,0.0,0.0,0.0,0.0,0.0
2016-10-20,18.0,639111.0,35506.166666666664,16.055555555555557,18.0,0.0,0.0,0.0,0.0,0.0
2016-10-21,16.0,509436.0,31839.75,19.3125,16.0,0.0,0.0,0.0,0.0,0.0
2016-10-22,16.0,458471.0,28654.4375,15.1875,16.0,0.0,0.0,0.0,0.0,0.0
2016-10-23,11.0,410460.0,37314.545454545456,16.818181818181817,11.0,0.0,0.0,0.0,0.0,0.0
2016-10-24,18.0,628456.0,34914.22222222222,21.055555555555557,18.0,0.0,0.0,0.0,0.0,0.0
2016-10-25,17.0,509741.0,29984.764705882353,13.294117647058824,17.0,0.0,0.0,0.0,0.0,0.0
2016-10-26,5.0,229540.0,45908.0,17.8,5.0,0.0,0.0,0.0,0.0,0.0
2016-10-27,20.0,527766.0,26388.3,17.55,20.0,0.0,0.0,1.0,0.0,0.0
2016-10-28,10.0,308254.0,30825.4,14.1,10.0,0.0,0.0,2.0,2.0,0.0
2016-10-29,10.0,357031.0,35703.1,16.2,10.0,0.0,0.0,0.0,0.0,0.0
2016-10-30,9.0,384712.0,42745.77777777778,20.11111111111111,9.0,0.0,0.0,0.0,0.0,0.0
2016-10-31,6.0,190225.0,31704.166666666668,15.0,6.0,0.0,0.0,0.0,0.0,0.0
2016-11-01,16.0,546652.0,34165.75,16.4375,16.0,0.0,0.0,1.0,0.0,0.0
2016-11-02,13.0,608205.0,46785.0,18.46153846153846,13.0,0.0,0.0,0.0,0.0,0.0
2016-11-03,10.0,416851.0,41685.1,20.4,10.0,0.0,0.0,2.0,1.0,0.0
2016-11-04,13.0,445082.0,34237.07692307692,16.0,13.0,0.0,0.0,1.0,0.0,0.0
2016-11-05,11.0,419525.0,38138.63636363636,12.818181818181818,11.0,0.0,0.0,0.0,0.0,0.0
2016-11-06,10.0,353778.0,35377.8,16.9,10.0,0.0,0.0,2.0,0.0,0.0
2016-11-07,14.0,518704.0,37050.28571428572,17.142857142857142,14.0,0.0,0.0,0.0,0.0,0.0
2016-11-08,14.0,1889977.0,134998.35714285713,16.714285714285715,14.0,0.0,0.0,4.0,0.0,0.0
2016-11-09,2.0,847603.0,423801.5,24.0,2.0,0.0,0.0,1.0,0.0,0.0
2016-11-10,3.0,625450.0,208483.33333333334,19.0,3.0,0.0,0.0,0.0,0.0,0.0
2016-11-11,3.0,591679.0,197226.33333333334,22.0,3.0,0.0,0.0,0.0,0.0,0.0
2016-11-12,1.0,212781.0,212781.0,23.0,1.0,0.0,0.0,0.0,0.0,0.0
2016-11-13,8.0,852402.0,106550.25,19.75,8.0,0.0,0.0,0.0,0.0,0.0
2016-11-14,0.0,0.0,,,0.0,0.0,0.0,0.0,0.0,0.0
2016-11-15,3.0,451589.0,150529.66666666666,24.0,3.0,0.0,0.0,0.0,0.0,0.0
2016-11-16,4.0,382003.0,95500.75,22.5,4.0,0.0,0.0,0.0,0.0,0.0
2016-11-17,3.0,403984.0,134661.33333333334,25.333333333333332,3.0,0.0,0.0,0.0,0.0,0.0
2016-11-18,4.0,156004.0,39001.0,21.75,4.0,0.0,0.0,1.0,3.0,0.0
2016-11-19,6.0,444516.0,74086.0,18.666666666666668,6.0,0.0,0.0,0.0,2.0,0.0
2016-11-20,6.0,390516.0,65086.0,23.666666666666668,6.0,0.0,0.0,0.0,1.0,0.0
2016-11-21,3.0,272824.0,90941.33333333333,20.0,3.0,0.0,0.0,0.0,0.0,0.0
2016-11-22,9.0,628221.0,69802.33333333333,20.0,9.0,0.0,0.0,0.0,0.0,0.0
2016-11-23,2.0,382160.0,191080.0,17.5,2.0,0.0,0.0,0.0,0.0,0.0
2016-11-24,1.0,142987.0,142987.0,25.0,1.0,0.0,0.0,0.0,0.0,0.0
2016-11-25,0.0,0.0,,,0.0,0.0,0.0,0.0,0.0,0.0
2016-11-26,3.0,465745.0,155248.33333333334,17.0,3.0,0.0,0.0,0.0,0.0,0.0
2016-11-27,11.0,782519.0,71138.09090909091,25.636363636363637,11.0,0.0,0.0,0.0,0.0,0.0
2016-11-28,7.0,384519.0,54931.28571428572,20.0,7.0,0.0,0.0,0.0,0.0,0.0
2016-11-29,9.0,771553.0,85728.11111111111,20.88888888888889,9.0,0.0,0.0,1.0,0.0,0.0
2016-11-30,10.0,553531.0,55353.1,22.1,10.0,0.0,0.0,1.0,0.0,0.0
2016-12-01,4.0,227447.0,56861.75,19.75,4.0,0.0,0.0,0.0,0.0,0.0
2016-12-02,3.0,314063.0,104687.66666666667,20.666666666666668,3.0,0.0,0.0,0.0,0.0,0.0
2016-12-03,3.0,119682.0,39894.0,22.333333333333332,3.0,0.0,0.0,0.0,0.0,0.0
2016-12-04,12.0,671574.0,55964.5,22.833333333333332,12.0,0.0,0.0,0.0,1.0,0.0
2016-12-05,3.0,292335.0,97445.0,20.666666666666668,3.0,0.0,0.0,0.0,0.0,0.0
2016-12-06,6.0,438054.0,73009.0,18.333333333333332,6.0,0.0,0.0,0.0,0.0,0.0
2016-12-07,5.0,250115.0,50023.0,19.2,5.0,0.0,0.0,0.0,0.0,0.0
2016-12-08,4.0,182124.0,45531.0,17.5,4.0,0.0,0.0,0.0,0.0,0.0
2016-12-09,3.0,101327.0,33775.666666666664,22.666666666666668,3.0,0.0,0.0,0.0,0.0,0.0
2016-12-10,9.0,416477.0,46275.22222222222,20.333333333333332,9.0,0.0,0.0,2.0,1.0,0.0
2016-12-11,6.0,315121.0,52520.166666666664,20.333333333333332,6.0,0.0,0.0,0.0,0.0,0.0
2016-12-12,9.0,594068.0,66007.55555555556,23.666666666666668,9.0,0.0,0.0,0.0,0.0,0.0
2016-12-13,5.0,292746.0,58549.2,19.6,5.0,0.0,0.0,0.0,0.0,0.0
2016-12-14,2.0,80155.0,40077.5,15.0,2.0,0.0,0.0,1.0,0.0,0.0
2016-12-15,7.0,373378.0,53339.71428571428,21.285714285714285,7.0,0.0,0.0,0.0,1.0,0.0
2016-12-16,4.0,264555.0,66138.75,21.25,4.0,0.0,0.0,0.0,0.0,0.0
2016-12-17,8.0,339637.0,42454.625,21.5,8.0,0.0,0.0,1.0,1.0,0.0
2016-12-18,1.0,141686.0,141686.0,24.0,1.0,0.0,0.0,0.0,0.0,0.0
2016-12-19,4.0,485091.0,121272.75,19.75,4.0,0.0,0.0,0.0,0.0,0.0
2016-12-20,4.0,228346.0,57086.5,20.25,4.0,0.0,0.0,1.0,0.0,0.0
2016-12-21,5.0,274902.0,54980.4,22.8,5.0,0.0,0.0,0.0,1.0,0.0
2016-12-22,5.0,380468.0,76093.6,22.2,5.0,0.0,0.0,0.0,0.0,0.0
2016-12-23,6.0,471629.0,78604.83333333333,21.833333333333332,6.0,0.0,0.0,0.0,0.0,0.0
2016-12-24,3.0,238660.0,79553.33333333333,17.333333333333332,3.0,0.0,0.0,0.0,0.0,0.0
2016-12-25,3.0,400154.0,133384.66666666666,8.0,3.0,0.0,0.0,0.0,1.0,0.0
2016-12-26,5.0,451453.0,90290.6,25.4,5.0,0.0,0.0,0.0,0.0,0.0
2016-12-27,2.0,182777.0,91388.5,22.0,2.0,0.0,0.0,0.0,0.0,0.0
2016-12-28,4.0,419601.0,104900.25,19.5,4.0,0.0,0.0,0.0,0.0,0.0
2016-12-29,1.0,46989.0,46989.0,8.0,1.0,0.0,0.0,0.0,0.0,0.0
2016-12-30,3.0,222595.0,74198.33333333333,17.666666666666668,3.0,0.0,0.0,0.0,0.0,0.0
2016-12-31,3.0,538595.0,179531.66666666666,12.666666666666666,3.0,0.0,0.0,1.0,0.0,0.0
2017-01-01,7.0,434614.0,62087.71428571428,20.285714285714285,7.0,0.0,0.0,6.0,1.0,0.0
2017-01-02,7.0,493452.0,70493.14285714286,23.428571428571427,7.0,0.0,0.0,0.0,0.0,1.0
2017-01-03,11.0,691717.0,62883.36363636364,20.363636363636363,11.0,0.0,0.0,0.0,0.0,0.0
2017-01-04,10.0,541056.0,54105.6,23.9,10.0,0.0,0.0,0.0,1.0,0.0
2017-01-05,9.0,659269.0,73252.11111111111,25.77777777777778,9.0,0.0,0.0,0.0,0.0,0.0
2017-01-06,12.0,667486.0,55623.833333333336,22.583333333333332,12.0,0.0,0.0,0.0,1.0,0.0
2017-01-07,8.0,579495.0,72436.875,23.75,8.0,0.0,0.0,0.0,1.0,0.0
2017-01-08,6.0,321864.0,53644.0,19.166666666666668,6.0,0.0,0.0,1.0,0.0,0.0
2017-01-09,8.0,775873.0,96984.125,21.875,8.0,0.0,0.0,0.0,0.0,0.0
2017-01-10,5.0,295928.0,59185.6,10.4,5.0,0.0,0.0,0.0,0.0,0.0
2017-01-11,7.0,621326.0,88760.85714285714,21.142857142857142,7.0,0.0,0.0,1.0,0.0,0.0
2017-01-12,4.0,394878.0,98719.5,22.0,4.0,0.0,0.0,0.0,0.0,0.0
2017-01-13,8.0,641615.0,80201.875,21.75,8.0,0.0,0.0,0.0,0.0,0.0
2017-01-14,5.0,465416.0,93083.2,19.6,5.0,0.0,0.0,0.0,0.0,0.0
2017-01-15,8.0,631874.0,78984.25,23.75,8.0,0.0,0.0,0.0,0.0,0.0
2017-01-16,4.0,337002.0,84250.5,20.75,4.0,0.0,0.0,0.0,0.0,0.0
2017-01-17,10.0,724523.0,72452.3,20.3,10.0,0.0,0.0,2.0,0.0,0.0
2017-01-18,10.0,721826.0,72182.6,19.7,10.0,0.0,0.0,0.0,0.0,0.0
2017-01-19,8.0,931970.0,116496.25,15.875,8.0,0.0,0.0,0.0,0.0,0.0
2017-01-20,12.0,2000243.0,166686.91666666666,16.75,12.0,0.0,0.0,0.0,0.0,1.0
2017-01-21,4.0,615613.0,153903.25,21.5,4.0,0.0,0.0,1.0,2.0,0.0
2017-01-22,4.0,992883.0,248220.75,22.75,4.0,0.0,0.0,0.0,0.0,0.0
2017-01-23,1.0,177296.0,177296.0,24.0,1.0,0.0,0.0,0.0,0.0,0.0
2017-01-24,8.0,1208930.0,151116.25,20.875,8.0,0.0,0.0,0.0,0.0,0.0
2017-01-25,9.0,813483.0,90387.0,18.77777777777778,9.0,0.0,0.0,0.0,1.0,0.0
2017-01-26,7.0,636468.0,90924.0,18.571428571428573,7.0,0.0,0.0,0.0,1.0,0.0
2017-01-27,7.0,865945.0,123706.42857142857,15.857142857142858,7.0,0.0,0.0,0.0,0.0,0.0
2017-01-28,5.0,472790.0,94558.0,19.0,5.0,0.0,0.0,0.0,1.0,0.0
2017-01-29,7.0,1011839.0,144548.42857142858,18.571428571428573,7.0,0.0,0.0,0.0,0.0,0.0
2017-01-30,8.0,1237791.0,154723.875,23.75,8.0,0.0,0.0,0.0,0.0,0.0
2017-01-31,5.0,741673.0,148334.6,18.6,5.0,0.0,0.0,0.0,0.0,0.0
2017-02-01,3.0,524769.0,174923.0,24.333333333333332,3.0,0.0,0.0,0.0,0.0,0.0
2017-02-02,6.0,810155.0,135025.83333333334,21.666666666666668,6.0,0.0,0.0,0.0,0.0,0.0
2017-02-03,8.0,1298684.0,162335.5,20.625,8.0,0.0,0.0,0.0,0.0,0.0
2017-02-04,10.0,1463180.0,146318.0,20.8,10.0,0.0,0.0,0.0,0.0,0.0
2017-02-05,5.0,808993.0,161798.6,19.2,5.0,0.0,0.0,0.0,1.0,0.0
2017-02-06,7.0,735625.0,105089.28571428571,20.857142857142858,7.0,0.0,0.0,0.0,1.0,0.0
2017-02-07,4.0,487461.0,121865.25,26.75,4.0,0.0,0.0,0.0,1.0,0.0
2017-02-08,11.0,1165261.0,105932.81818181818,18.727272727272727,11.0,0.0,0.0,0.0,0.0,0.0
2017-02-09,7.0,732962.0,104708.85714285714,22.0,7.0,0.0,0.0,0.0,0.0,0.0
2017-02-10,3.0,370002.0,123334.0,19.333333333333332,3.0,0.0,0.0,0.0,0.0,0.0
2017-02-11,10.0,871254.0,87125.4,22.2,10.0,0.0,0.0,1.0,1.0,0.0
2017-02-12,8.0,824803.0,103100.375,20.0,8.0,0.0,0.0,0.0,0.0,0.0
2017-02-13,5.0,401517.0,80303.4,16.6,5.0,0.0,0.0,0.0,0.0,0.0
2017-02-14,4.0,312984.0,78246.0,18.75,4.0,0.0,0.0,0.0,0.0,0.0
2017-02-15,11.0,1064912.0,96810.18181818182,17.636363636363637,11.0,0.0,0.0,0.0,0.0,0.0
2017-02-16,6.0,669670.0,111611.66666666667,20.0,6.0,0.0,0.0,0.0,0.0,0.0
2017-02-17,9.0,877765.0,97529.44444444444,19.11111111111111,9.0,0.0,0.0,0.0,1.0,0.0
2017-02-18,3.0,378561.0,126187.0,20.333333333333332,3.0,0.0,0.0,0.0,1.0,0.0
2017-02-19,1.0,116636.0,116636.0,23.0,1.0,0.0,0.0,0.0,0.0,0.0
2017-02-20,5.0,624021.0,124804.2,12.8,5.0,0.0,0.0,0.0,1.0,0.0
2017-02-21,2.0,231708.0,115854.0,13.5,2.0,0.0,0.0,0.0,0.0,0.0
2017-02-22,2.0,191555.0,95777.5,25.5,2.0,0.0,0.0,0.0,0.0,0.0
2017-02-23,3.0,223801.0,74600.33333333333,15.666666666666666,3.0,0.0,0.0,0.0,0.0,0.0
2017-02-24,5.0,465692.0,93138.4,16.8,5.0,0.0,0.0,0.0,0.0,0.0
2017-02-25,6.0,800936.0,133489.33333333334,21.5,6.0,0.0,0.0,0.0,0.0,0.0
2017-02-26,4.0,418070.0,104517.5,22.0,4.0,0.0,0.0,0.0,0.0,0.0
2017-02-27,3.0,242164.0,80721.33333333333,15.0,3.0,0.0,0.0,0.0,0.0,0.0
2017-02-28,2.0,116238.0,58119.0,6.0,2.0,0.0,0.0,0.0,0.0,0.0
2017-03-01,1.0,179881.0,179881.0,2.0,1.0,0.0,0.0,0.0,0.0,0.0
2017-03-02,5.0,579682.0,115936.4,22.2,5.0,0.0,0.0,0.0,0.0,0.0
2017-03-03,9.0,812882.0,90320.22222222222,16.88888888888889,9.0,0.0,0.0,0.0,2.0,0.0
2017-03-04,7.0,1044984.0,149283.42857142858,24.0,7.0,0.0,0.0,0.0,0.0,0.0
2017-03-05,3.0,412296.0,137432.0,20.666666666666668,3.0,0.0,0.0,0.0,0.0,0.0
2017-03-06,6.0,573333.0,95555.5,18.833333333333332,6.0,0.0,0.0,0.0,1.0,0.0
2017-03-07,7.0,677830.0,96832.85714285714,22.714285714285715,7.0,0.0,0.0,0.0,0.0,0.0
2017-03-08,5.0,472497.0,94499.4,17.2,5.0,0.0,0.0,0.0,0.0,0.0
2017-03-09,4.0,303377.0,75844.25,19.0,4.0,0.0,0.0,1.0,1.0,0.0
2017-03-10,3.0,60013.0,20004.333333333332,12.666666666666666,3.0,0.0,0.0,2.0,1.0,0.0
2017-03-11,1.0,103096.0,103096.0,22.0,1.0,0.0,0.0,0.0,0.0,0.0
2017-03-12,1.0,6563.0,6563.0,24.0,1.0,0.0,0.0,1.0,0.0,0.0
2017-03-13,5.0,320738.0,64147.6,21.0,5.0,0.0,0.0,0.0,0.0,1.0
2017-03-14,2.0,168227.0,84113.5,8.5,2.0,0.0,0.0,0.0,0.0,0.0
2017-03-15,8.0,716702.0,89587.75,18.125,8.0,0.0,0.0,0.0,0.0,0.0
2017-03-16,6.0,346691.0,57781.833333333336,16.333333333333332,6.0,0.0,0.0,1.0,0.0,0.0
2017-03-17,9.0,296644.0,32960.444444444445,15.444444444444445,9.0,0.0,0.0,5.0,0.0,0.0
2017-03-18,2.0,186134.0,93067.0,23.5,2.0,0.0,0.0,0.0,0.0,0.0
2017-03-19,1.0,37143.0,37143.0,6.0,1.0,0.0,0.0,0.0,0.0,0.0
2017-03-20,8.0,646383.0,80797.875,20.25,8.0,0.0,0.0,0.0,0.0,1.0
2017-03-21,3.0,174857.0,58285.666666666664,19.666666666666668,3.0,0.0,0.0,0.0,0.0,0.0
2017-03-22,4.0,235733.0,58933.25,16.5,4.0,0.0,0.0,2.0,0.0,0.0
2017-03-23,4.0,338876.0,84719.0,19.75,4.0,0.0,0.0,0.0,0.0,0.0
2017-03-24,4.0,293825.0,73456.25,23.25,4.0,0.0,0.0,0.0,0.0,0.0
2017-03-25,4.0,347623.0,86905.75,14.0,4.0,0.0,0.0,0.0,0.0,0.0
2017-03-26,2.0,176794.0,88397.0,23.5,2.0,0.0,0.0,0.0,0.0,0.0
2017-03-27,4.0,305724.0,76431.0,24.75,4.0,0.0,0.0,0.0,0.0,0.0
2017-03-28,6.0,398942.0,66490.33333333333,17.0,6.0,0.0,0.0,0.0,0.0,0.0
2017-03-29,5.0,349865.0,69973.0,19.4,5.0,0.0,0.0,0.0,0.0,0.0
2017-03-30,9.0,383714.0,42634.88888888889,18.444444444444443,9.0,0.0,0.0,0.0,1.0,1.0
2017-03-31,7.0,401313.0,57330.42857142857,16.428571428571427,7.0,0.0,0.0,0.0,0.0,0.0
2017-04-01,8.0,496645.0,62080.625,22.25,8.0,0.0,0.0,1.0,1.0,0.0
2017-04-02,4.0,362268.0,90567.0,20.5,4.0,0.0,0.0,0.0,0.0,0.0
2017-04-03,7.0,539444.0,77063.42857142857,20.142857142857142,7.0,0.0,0.0,0.0,0.0,0.0
2017-04-04,4.0,149326.0,37331.5,12.25,4.0,0.0,0.0,1.0,1.0,0.0
2017-04-05,2.0,159327.0,79663.5,12.0,2.0,0.0,0.0,0.0,0.0,0.0
2017-04-06,1.0,61323.0,61323.0,24.0,1.0,0.0,0.0,0.0,0.0,0.0
2017-04-07,1.0,14601.0,14601.0,22.0,1.0,0.0,0.0,1.0,0.0,0.0
2017-04-08,5.0,416389.0,83277.8,21.6,5.0,0.0,0.0,0.0,0.0,1.0
2017-04-09,3.0,209257.0,69752.33333333333,10.0,3.0,0.0,0.0,0.0,0.0,1.0
2017-04-10,2.0,172418.0,86209.0,19.0,2.0,0.0,0.0,0.0,0.0,0.0
2017-04-11,6.0,418405.0,69734.16666666667,20.833333333333332,6.0,0.0,0.0,1.0,1.0,0.0
2017-04-12,6.0,527543.0,87923.83333333333,22.166666666666668,6.0,0.0,0.0,0.0,0.0,0.0
2017-04-13,4.0,314808.0,78702.0,21.0,4.0,0.0,0.0,1.0,1.0,0.0
2017-04-14,2.0,51341.0,25670.5,10.5,2.0,0.0,0.0,1.0,0.0,0.0
2017-04-15,0.0,0.0,,,0.0,0.0,0.0,0.0,0.0,0.0
2017-04-16,6.0,604065.0,100677.5,18.166666666666668,6.0,0.0,0.0,0.0,0.0,0.0
2017-04-17,8.0,454897.0,56862.125,16.5,8.0,0.0,0.0,1.0,1.0,0.0
2017-04-18,6.0,333873.0,55645.5,19.333333333333332,6.0,0.0,0.0,0.0,0.0,0.0
2017-04-19,5.0,307110.0,61422.0,17.4,5.0,0.0,0.0,0.0,0.0,0.0
2017-04-20,3.0,175622.0,58540.666666666664,23.666666666666668,3.0,0.0,0.0,0.0,0.0,0.0
2017-04-21,8.0,412366.0,51545.75,20.375,8.0,0.0,0.0,2.0,0.0,0.0
2017-04-22,7.0,380396.0,54342.28571428572,18.142857142857142,7.0,0.0,0.0,2.0,0.0,0.0
2017-04-23,7.0,417450.0,59635.71428571428,19.857142857142858,7.0,0.0,0.0,0.0,0.0,0.0
2017-04-24,7.0,330165.0,47166.42857142857,17.714285714285715,7.0,0.0,0.0,0.0,1.0,2.0
2017-04-25,5.0,286679.0,57335.8,20.0,5.0,0.0,0.0,0.0,0.0,0.0
2017-04-26,9.0,501504.0,55722.666666666664,21.11111111111111,9.0,0.0,0.0,0.0,0.0,0.0
2017-04-27,12.0,674125.0,56177.083333333336,19.25,12.0,0.0,0.0,0.0,0.0,0.0
2017-04-28,5.0,290005.0,58001.0,19.4,5.0,0.0,0.0,1.0,0.0,0.0
2017-04-29,4.0,185376.0,46344.0,21.0,4.0,0.0,0.0,2.0,1.0,0.0
2017-04-30,5.0,344172.0,68834.4,20.2,5.0,0.0,0.0,0.0,0.0,0.0
2017-05-01,3.0,133145.0,44381.666666666664,20.333333333333332,3.0,0.0,0.0,0.0,0.0,0.0
2017-05-02,5.0,329571.0,65914.2,23.0,5.0,0.0,0.0,0.0,0.0,0.0
2017-05-03,2.0,78598.0,39299.0,22.0,2.0,0.0,0.0,0.0,1.0,0.0
2017-05-04,11.0,519196.0,47199.63636363636,20.818181818181817,11.0,0.0,0.0,1.0,0.0,1.0
2017-05-05,9.0,520087.0,57787.444444444445,18.22222222222222,9.0,0.0,0.0,0.0,0.0,0.0
2017-05-06,1.0,63330.0,63330.0,24.0,1.0,0.0,0.0,0.0,0.0,0.0
2017-05-07,6.0,291389.0,48564.833333333336,22.666666666666668,6.0,0.0,0.0,2.0,0.0,0.0
2017-05-08,10.0,507685.0,50768.5,20.2,10.0,0.0,0.0,1.0,1.0,0.0
2017-05-09,3.0,202231.0,67410.33333333333,19.0,3.0,0.0,0.0,0.0,0.0,0.0
2017-05-10,11.0,713278.0,64843.454545454544,20.363636363636363,11.0,0.0,0.0,2.0,2.0,0.0
2017-05-11,5.0,369561.0,73912.2,16.2,5.0,0.0,0.0,0.0,0.0,0.0
2017-05-12,10.0,768399.0,76839.9,19.6,10.0,0.0,0.0,0.0,0.0,0.0
2017-05-13,3.0,120949.0,40316.333333333336,12.333333333333334,3.0,0.0,0.0,0.0,1.0,0.0
2017-05-14,1.0,134146.0,134146.0,21.0,1.0,0.0,0.0,0.0,0.0,0.0
2017-05-15,3.0,133362.0,44454.0,12.333333333333334,3.0,0.0,0.0,0.0,1.0,0.0
2017-05-16,5.0,379308.0,75861.6,18.8,5.0,0.0,0.0,0.0,0.0,0.0
2017-05-17,1.0,70500.0,70500.0,20.0,1.0,0.0,0.0,0.0,0.0,0.0
2017-05-18,5.0,417141.0,83428.2,18.4,5.0,0.0,0.0,0.0,1.0,0.0
2017-05-19,2.0,145393.0,72696.5,11.5,2.0,0.0,0.0,0.0,0.0,0.0
2017-05-20,2.0,205709.0,102854.5,20.0,2.0,0.0,0.0,0.0,0.0,0.0
2017-05-21,3.0,133750.0,44583.333333333336,11.333333333333334,3.0,0.0,0.0,1.0,0.0,0.0
2017-05-22,2.0,89000.0,44500.0,15.5,2.0,0.0,0.0,1.0,0.0,0.0
2017-05-23,4.0,405799.0,101449.75,18.75,4.0,0.0,0.0,0.0,0.0,0.0
2017-05-24,2.0,176346.0,88173.0,18.5,2.0,0.0,0.0,0.0,0.0,0.0
2017-05-25,4.0,193364.0,48341.0,14.75,4.0,0.0,0.0,1.0,0.0,0.0
2017-05-26,4.0,279860.0,69965.0,21.0,4.0,0.0,0.0,0.0,0.0,0.0
2017-05-27,7.0,411975.0,58853.57142857143,18.428571428571427,7.0,0.0,0.0,0.0,0.0,1.0
2017-05-28,14.0,788232.0,56302.28571428572,20.357142857142858,14.0,0.0,0.0,0.0,4.0,2.0
2017-05-29,4.0,430508.0,107627.0,23.25,4.0,0.0,0.0,0.0,0.0,0.0
2017-05-30,5.0,278979.0,55795.8,21.4,5.0,0.0,0.0,2.0,0.0,0.0
2017-05-31,11.0,1309401.0,119036.45454545454,19.363636363636363,11.0,0.0,0.0,0.0,1.0,0.0
2017-06-01,4.0,412579.0,103144.75,12.5,4.0,0.0,0.0,0.0,0.0,0.0
2017-06-02,9.0,187249.0,20805.444444444445,16.11111111111111,9.0,0.0,0.0,8.0,1.0,0.0
2017-06-03,4.0,535526.0,133881.5,18.25,4.0,0.0,0.0,1.0,1.0,0.0
2017-06-04,3.0,634597.0,211532.33333333334,23.0,3.0,0.0,0.0,0.0,0.0,0.0
2017-06-05,9.0,743650.0,82627.77777777778,23.22222222222222,9.0,0.0,0.0,0.0,0.0,0.0
2017-06-06,12.0,875758.0,72979.83333333333,21.833333333333332,12.0,0.0,0.0,2.0,0.0,0.0
2017-06-07,2.0,192959.0,96479.5,23.0,2.0,0.0,0.0,0.0,0.0,0.0
2017-06-08,0.0,0.0,,,0.0,0.0,0.0,0.0,0.0,0.0
2017-06-09,8.0,636547.0,79568.375,19.25,8.0,0.0,0.0,1.0,0.0,0.0
2017-06-10,1.0,84025.0,84025.0,19.0,1.0,0.0,0.0,0.0,0.0,0.0
2017-06-11,8.0,574261.0,71782.625,19.0,8.0,0.0,0.0,2.0,0.0,1.0
2017-06-12,5.0,334316.0,66863.2,14.0,5.0,0.0,0.0,0.0,0.0,0.0
2017-06-13,11.0,758885.0,68989.54545454546,20.09090909090909,11.0,0.0,0.0,2.0,1.0,0.0
2017-06-14,3.0,492770.0,164256.66666666666,24.0,3.0,0.0,0.0,0.0,0.0,0.0
2017-06-15,6.0,716247.0,119374.5,18.5,6.0,0.0,0.0,0.0,0.0,0.0
2017-06-16,9.0,814203.0,90467.0,19.555555555555557,9.0,0.0,0.0,1.0,1.0,0.0
2017-06-17,1.0,88910.0,88910.0,22.0,1.0,0.0,0.0,0.0,0.0,0.0
2017-06-18,7.0,446719.0,63817.0,21.0,7.0,0.0,0.0,3.0,0.0,0.0
2017-06-19,14.0,577874.0,41276.71428571428,16.857142857142858,14.0,0.0,0.0,2.0,3.0,3.0
2017-06-20,11.0,866856.0,78805.09090909091,21.363636363636363,11.0,0.0,0.0,1.0,0.0,0.0
2017-06-21,3.0,230681.0,76893.66666666667,16.333333333333332,3.0,0.0,0.0,0.0,0.0,0.0
2017-06-22,15.0,1089935.0,72662.33333333333,19.533333333333335,15.0,0.0,0.0,1.0,0.0,1.0
2017-06-23,6.0,432982.0,72163.66666666667,14.5,6.0,0.0,0.0,1.0,1.0,0.0
2017-06-24,5.0,531784.0,106356.8,18.4,5.0,0.0,0.0,0.0,0.0,0.0
2017-06-25,2.0,154321.0,77160.5,14.5,2.0,0.0,0.0,0.0,1.0,0.0
2017-06-26,12.0,861013.0,71751.08333333333,22.333333333333332,12.0,0.0,0.0,3.0,0.0,0.0
2017-06-27,12.0,593191.0,49432.583333333336,18.333333333333332,12.0,0.0,0.0,6.0,2.0,0.0
2017-06-28,10.0,609454.0,60945.4,21.4,10.0,0.0,0.0,1.0,0.0,0.0
2017-06-29,13.0,977769.0,75213.0,18.23076923076923,13.0,0.0,0.0,0.0,0.0,0.0
2017-06-30,6.0,529689.0,88281.5,23.5,6.0,0.0,0.0,0.0,0.0,0.0
2017-07-01,11.0,1207867.0,109806.09090909091,20.0,11.0,0.0,0.0,0.0,0.0,1.0
2017-07-02,6.0,1302008.0,217001.33333333334,19.833333333333332,6.0,0.0,0.0,1.0,1.0,0.0
2017-07-03,12.0,1077876.0,89823.0,19.416666666666668,12.0,0.0,0.0,2.0,1.0,0.0
2017-07-04,4.0,640440.0,160110.0,13.25,4.0,0.0,0.0,0.0,0.0,0.0
2017-07-05,4.0,404777.0,101194.25,23.5,4.0,0.0,0.0,0.0,0.0,0.0
2017-07-06,5.0,493562.0,98712.4,20.6,5.0,0.0,0.0,0.0,1.0,0.0
2017-07-07,7.0,726190.0,103741.42857142857,20.142857142857142,7.0,0.0,0.0,0.0,0.0,0.0
2017-07-08,5.0,475557.0,95111.4,14.6,5.0,0.0,0.0,0.0,0.0,0.0
2017-07-09,11.0,1028154.0,93468.54545454546,21.636363636363637,11.0,0.0,0.0,0.0,0.0,0.0
2017-07-10,10.0,511968.0,51196.8,20.2,10.0,0.0,0.0,6.0,1.0,0.0
2017-07-11,8.0,592286.0,74035.75,16.625,8.0,0.0,0.0,3.0,0.0,0.0
2017-07-12,13.0,1050113.0,80777.92307692308,20.153846153846153,13.0,0.0,0.0,2.0,0.0,1.0
2017-07-13,4.0,268054.0,67013.5,16.5,4.0,0.0,0.0,0.0,0.0,0.0
2017-07-14,13.0,843820.0,64909.230769230766,19.76923076923077,13.0,0.0,0.0,0.0,0.0,0.0
2017-07-15,7.0,467237.0,66748.14285714286,17.0,7.0,0.0,0.0,0.0,0.0,0.0
2017-07-16,9.0,783518.0,87057.55555555556,20.333333333333332,9.0,0.0,0.0,0.0,0.0,0.0
2017-07-17,2.0,222585.0,111292.5,24.5,2.0,0.0,0.0,0.0,0.0,0.0
2017-07-18,7.0,539700.0,77100.0,21.571428571428573,7.0,0.0,0.0,1.0,0.0,0.0
2017-07-19,3.0,256671.0,85557.0,22.333333333333332,3.0,0.0,0.0,0.0,0.0,0.0
2017-07-20,3.0,258573.0,86191.0,19.666666666666668,3.0,0.0,0.0,0.0,0.0,0.0
2017-07-21,7.0,403139.0,57591.28571428572,17.428571428571427,7.0,0.0,0.0,0.0,1.0,0.0
2017-07-22,14.0,1150667.0,82190.5,22.214285714285715,14.0,0.0,0.0,0.0,0.0,0.0
2017-07-23,6.0,483810.0,80635.0,22.666666666666668,6.0,0.0,0.0,1.0,1.0,0.0
2017-07-24,11.0,853478.0,77588.90909090909,21.181818181818183,11.0,0.0,0.0,0.0,0.0,0.0
2017-07-25,15.0,1003898.0,66926.53333333334,20.466666666666665,15.0,0.0,0.0,0.0,0.0,0.0
2017-07-26,13.0,1134269.0,87251.46153846153,19.615384615384617,13.0,0.0,0.0,1.0,1.0,1.0
2017-07-27,10.0,635355.0,63535.5,20.5,10.0,0.0,0.0,1.0,0.0,0.0
2017-07-28,9.0,659222.0,73246.88888888889,23.0,9.0,0.0,0.0,0.0,0.0,0.0
2017-07-29,13.0,1137163.0,87474.07692307692,23.23076923076923,13.0,0.0,0.0,0.0,0.0,0.0
2017-07-30,1.0,110328.0,110328.0,24.0,1.0,0.0,0.0,0.0,0.0,0.0
2017-07-31,4.0,403045.0,100761.25,16.75,4.0,0.0,0.0,1.0,0.0,0.0
2017-08-01,3.0,337582.0,112527.33333333333,23.666666666666668,3.0,0.0,0.0,0.0,0.0,0.0
2017-08-02,5.0,420535.0,84107.0,21.8,5.0,0.0,0.0,0.0,0.0,0.0
2017-08-03,9.0,532416.0,59157.333333333336,19.444444444444443,9.0,0.0,0.0,2.0,1.0,0.0
2017-08-04,16.0,764463.0,47778.9375,21.0625,16.0,0.0,0.0,8.0,2.0,0.0
2017-08-05,9.0,650259.0,72251.0,17.666666666666668,9.0,0.0,0.0,2.0,0.0,0.0
2017-08-06,4.0,336798.0,84199.5,17.75,4.0,0.0,0.0,1.0,0.0,0.0
2017-08-07,14.0,1069547.0,76396.21428571429,22.428571428571427,14.0,0.0,0.0,1.0,1.0,1.0
2017-08-08,9.0,493845.0,54871.666666666664,18.666666666666668,9.0,0.0,0.0,4.0,0.0,0.0
2017-08-09,13.0,552417.0,42493.61538461538,17.53846153846154,13.0,0.0,0.0,9.0,0.0,0.0
2017-08-10,6.0,439609.0,73268.16666666667,19.166666666666668,6.0,0.0,0.0,2.0,1.0,0.0
2017-08-11,9.0,468196.0,52021.77777777778,18.333333333333332,9.0,0.0,0.0,4.0,0.0,0.0
2017-08-12,8.0,818655.0,102331.875,21.125,8.0,0.0,0.0,0.0,0.0,0.0
2017-08-13,4.0,38665.0,9666.25,17.75,4.0,0.0,0.0,4.0,0.0,0.0
2017-08-14,12.0,828236.0,69019.66666666667,20.833333333333332,12.0,0.0,0.0,3.0,1.0,0.0
2017-08-15,7.0,255331.0,36475.857142857145,16.857142857142858,7.0,0.0,0.0,3.0,2.0,1.0
2017-08-16,17.0,982198.0,57776.35294117647,17.41176470588235,17.0,0.0,0.0,5.0,2.0,0.0
2017-08-17,10.0,1205924.0,120592.4,22.8,10.0,0.0,0.0,0.0,0.0,0.0
2017-08-18,9.0,672548.0,74727.55555555556,20.555555555555557,9.0,0.0,0.0,2.0,0.0,0.0
2017-08-19,10.0,940264.0,94026.4,21.1,10.0,0.0,0.0,0.0,2.0,1.0
2017-08-20,2.0,223181.0,111590.5,21.0,2.0,0.0,0.0,0.0,0.0,0.0
2017-08-21,6.0,350674.0,58445.666666666664,15.5,6.0,0.0,0.0,1.0,0.0,0.0
2017-08-22,5.0,376048.0,75209.6,21.0,5.0,0.0,0.0,0.0,0.0,0.0
2017-08-23,10.0,746972.0,74697.2,20.2,10.0,0.0,0.0,0.0,0.0,0.0
2017-08-24,16.0,722752.0,45172.0,22.4375,16.0,0.0,0.0,2.0,5.0,2.0
2017-08-25,14.0,1063847.0,75989.07142857143,23.071428571428573,14.0,0.0,0.0,1.0,0.0,0.0
2017-08-26,10.0,427945.0,42794.5,20.1,10.0,0.0,0.0,4.0,2.0,0.0
2017-08-27,11.0,893517.0,81228.81818181818,20.454545454545453,11.0,0.0,0.0,0.0,0.0,1.0
2017-08-28,4.0,79670.0,19917.5,20.75,4.0,0.0,0.0,4.0,1.0,0.0
2017-08-29,6.0,255353.0,42558.833333333336,13.833333333333334,6.0,0.0,0.0,4.0,0.0,0.0
2017-08-30,8.0,667552.0,83444.0,23.25,8.0,0.0,0.0,2.0,0.0,0.0
2017-08-31,2.0,138426.0,69213.0,19.5,2.0,0.0,0.0,1.0,0.0,0.0
2017-09-01,9.0,767459.0,85273.22222222222,21.555555555555557,9.0,0.0,0.0,0.0,1.0,0.0
2017-09-02,9.0,697403.0,77489.22222222222,16.22222222222222,9.0,0.0,0.0,3.0,1.0,0.0
2017-09-03,6.0,697294.0,116215.66666666667,24.0,6.0,0.0,0.0,0.0,0.0,0.0
2017-09-04,2.0,230347.0,115173.5,11.0,2.0,0.0,0.0,0.0,0.0,0.0
2017-09-05,6.0,467497.0,77916.16666666667,20.833333333333332,6.0,0.0,0.0,2.0,0.0,0.0
2017-09-06,10.0,622875.0,62287.5,21.7,10.0,0.0,0.0,1.0,0.0,0.0
2017-09-07,11.0,528735.0,48066.818181818184,21.0,11.0,0.0,0.0,3.0,0.0,0.0
2017-09-08,7.0,600111.0,85730.14285714286,21.428571428571427,7.0,0.0,0.0,0.0,0.0,0.0
2017-09-09,4.0,301143.0,75285.75,21.0,4.0,0.0,0.0,0.0,0.0,0.0
2017-09-10,9.0,54502.0,6055.777777777777,18.666666666666668,9.0,0.0,0.0,9.0,1.0,0.0
2017-09-11,2.0,231793.0,115896.5,6.5,2.0,0.0,0.0,0.0,0.0,0.0
2017-09-12,5.0,368607.0,73721.4,21.2,5.0,0.0,0.0,1.0,0.0,0.0
2017-09-13,6.0,560771.0,93461.83333333333,23.166666666666668,6.0,0.0,0.0,0.0,0.0,0.0
2017-09-14,11.0,764642.0,69512.90909090909,23.363636363636363,11.0,0.0,0.0,0.0,0.0,1.0
2017-09-15,13.0,1128519.0,86809.15384615384,20.23076923076923,13.0,0.0,0.0,0.0,0.0,1.0
2017-09-16,3.0,186588.0,62196.0,25.333333333333332,3.0,0.0,0.0,0.0,1.0,0.0
2017-09-17,15.0,516697.0,34446.46666666667,13.8,15.0,0.0,0.0,10.0,6.0,0.0
2017-09-18,6.0,323188.0,53864.666666666664,16.833333333333332,6.0,0.0,0.0,0.0,0.0,0.0
2017-09-19,13.0,1000166.0,76935.84615384616,18.384615384615383,13.0,0.0,0.0,1.0,0.0,0.0
2017-09-20,24.0,939449.0,39143.708333333336,19.041666666666668,24.0,0.0,0.0,7.0,3.0,0.0
2017-09-21,6.0,301829.0,50304.833333333336,19.666666666666668,6.0,0.0,0.0,0.0,0.0,0.0
2017-09-22,11.0,703091.0,63917.36363636364,17.363636363636363,11.0,0.0,0.0,2.0,1.0,0.0
2017-09-23,14.0,1612613.0,115186.64285714286,22.5,14.0,0.0,0.0,0.0,0.0,0.0
2017-09-24,10.0,1256515.0,125651.5,22.1,10.0,0.0,0.0,2.0,2.0,0.0
2017-09-25,13.0,1410992.0,108537.84615384616,21.23076923076923,13.0,0.0,0.0,1.0,1.0,0.0
2017-09-26,20.0,1189508.0,59475.4,23.6,20.0,0.0,0.0,1.0,4.0,0.0
2017-09-27,10.0,665357.0,66535.7,24.1,10.0,0.0,0.0,0.0,1.0,0.0
2017-09-28,10.0,563416.0,56341.6,20.5,10.0,0.0,0.0,3.0,0.0,0.0
2017-09-29,16.0,473378.0,29586.125,17.6875,16.0,0.0,0.0,7.0,0.0,1.0
2017-09-30,27.0,1598768.0,59213.62962962963,21.703703703703702,27.0,0.0,0.0,4.0,2.0,2.0
2017-10-01,8.0,739484.0,92435.5,19.75,8.0,0.0,0.0,1.0,0.0,1.0
2017-10-02,1.0,334908.0,334908.0,19.0,1.0,0.0,0.0,0.0,0.0,0.0
2017-10-03,11.0,616387.0,56035.181818181816,20.363636363636363,11.0,0.0,0.0,5.0,1.0,0.0
2017-10-04,7.0,729597.0,104228.14285714286,21.857142857142858,7.0,0.0,0.0,0.0,0.0,0.0
2017-10-05,12.0,656745.0,54728.75,19.083333333333332,12.0,0.0,0.0,6.0,0.0,0.0
2017-10-06,0.0,0.0,,,0.0,0.0,0.0,0.0,0.0,0.0
2017-10-07,12.0,846167.0,70513.91666666667,20.333333333333332,12.0,0.0,0.0,0.0,0.0,0.0
2017-10-08,11.0,706152.0,64195.63636363636,19.636363636363637,11.0,0.0,0.0,2.0,0.0,0.0
2017-10-09,5.0,477541.0,95508.2,19.6,5.0,0.0,0.0,1.0,0.0,0.0
2017-10-10,11.0,784683.0,71334.81818181818,20.545454545454547,11.0,0.0,0.0,1.0,2.0,0.0
2017-10-11,16.0,1136070.0,71004.375,21.0625,16.0,0.0,0.0,2.0,1.0,0.0
2017-10-12,11.0,661098.0,60099.818181818184,18.272727272727273,11.0,0.0,0.0,1.0,1.0,0.0
2017-10-13,16.0,1023328.0,63958.0,19.4375,16.0,0.0,0.0,1.0,0.0,0.0
2017-10-14,9.0,317363.0,35262.555555555555,20.22222222222222,9.0,0.0,0.0,6.0,0.0,0.0
2017-10-15,4.0,150023.0,37505.75,22.25,4.0,0.0,0.0,2.0,0.0,0.0
2017-10-16,7.0,613994.0,87713.42857142857,22.142857142857142,7.0,0.0,0.0,0.0,0.0,1.0
2017-10-17,11.0,601718.0,54701.63636363636,17.09090909090909,11.0,0.0,0.0,1.0,0.0,0.0
2017-10-18,16.0,1143778.0,71486.125,20.0,16.0,0.0,0.0,0.0,0.0,0.0
2017-10-19,9.0,646865.0,71873.88888888889,19.88888888888889,9.0,0.0,0.0,1.0,1.0,0.0
2017-10-20,8.0,555241.0,69405.125,19.625,8.0,0.0,0.0,0.0,0.0,0.0
2017-10-21,14.0,1215817.0,86844.07142857143,19.785714285714285,14.0,0.0,0.0,1.0,1.0,0.0
2017-10-22,3.0,287345.0,95781.66666666667,20.666666666666668,3.0,0.0,0.0,0.0,0.0,0.0
2017-10-23,4.0,407958.0,101989.5,23.0,4.0,0.0,0.0,0.0,0.0,0.0
2017-10-24,8.0,568415.0,71051.875,21.875,8.0,0.0,0.0,0.0,0.0,0.0
2017-10-25,16.0,935223.0,58451.4375,19.1875,16.0,0.0,0.0,1.0,0.0,0.0
2017-10-26,9.0,493723.0,54858.11111111111,14.555555555555555,9.0,0.0,0.0,2.0,1.0,0.0
2017-10-27,16.0,918460.0,57403.75,16.1875,16.0,0.0,0.0,0.0,1.0,0.0
2017-10-28,10.0,734451.0,73445.1,19.5,10.0,0.0,0.0,1.0,1.0,2.0
2017-10-29,6.0,569547.0,94924.5,23.5,6.0,0.0,0.0,0.0,0.0,0.0
2017-10-30,4.0,397490.0,99372.5,14.5,4.0,0.0,0.0,0.0,0.0,0.0
2017-10-31,17.0,1197262.0,70427.17647058824,19.0,17.0,0.0,0.0,1.0,0.0,0.0
2017-11-01,19.0,1334804.0,70252.84210526316,19.105263157894736,19.0,0.0,0.0,0.0,0.0,2.0
2017-11-02,14.0,860407.0,61457.642857142855,20.714285714285715,14.0,0.0,0.0,0.0,1.0,0.0
2017-11-03,16.0,1446445.0,90402.8125,21.625,16.0,0.0,0.0,0.0,0.0,0.0
2017-11-04,6.0,506381.0,84396.83333333333,21.0,6.0,0.0,0.0,1.0,0.0,0.0
2017-11-05,5.0,509775.0,101955.0,19.2,5.0,0.0,0.0,0.0,0.0,0.0
2017-11-06,7.0,586429.0,83775.57142857143,15.714285714285714,7.0,0.0,0.0,1.0,0.0,1.0
2017-11-07,18.0,1043462.0,57970.11111111111,22.27777777777778,18.0,0.0,0.0,1.0,1.0,2.0
2017-11-08,4.0,370086.0,92521.5,27.75,4.0,0.0,0.0,0.0,0.0,0.0
2017-11-09,5.0,488155.0,97631.0,34.2,5.0,0.0,0.0,0.0,0.0,0.0
2017-11-10,8.0,411451.0,51431.375,31.625,8.0,0.0,0.0,0.0,1.0,0.0
2017-11-11,8.0,1442836.0,180354.5,29.125,8.0,0.0,0.0,0.0,0.0,0.0
2017-11-12,4.0,194648.0,48662.0,15.25,4.0,0.0,0.0,0.0,1.0,0.0
2017-11-13,5.0,345128.0,69025.6,29.4,5.0,0.0,0.0,0.0,0.0,0.0
2017-11-14,8.0,573406.0,71675.75,24.625,8.0,0.0,0.0,0.0,0.0,0.0
2017-11-15,16.0,1046933.0,65433.3125,18.5625,16.0,0.0,0.0,4.0,1.0,0.0
2017-11-16,8.0,651553.0,81444.125,26.375,8.0,0.0,0.0,0.0,0.0,0.0
2017-11-17,5.0,440220.0,88044.0,25.2,5.0,0.0,0.0,0.0,0.0,0.0
2017-11-18,3.0,218212.0,72737.33333333333,21.333333333333332,3.0,0.0,0.0,2.0,0.0,0.0
2017-11-19,6.0,803556.0,133926.0,36.666666666666664,6.0,0.0,0.0,0.0,0.0,1.0
2017-11-20,2.0,243496.0,121748.0,28.0,2.0,0.0,0.0,0.0,0.0,0.0
2017-11-21,2.0,142553.0,71276.5,25.0,2.0,0.0,0.0,0.0,0.0,0.0
2017-11-22,12.0,869699.0,72474.91666666667,28.25,12.0,0.0,0.0,3.0,2.0,0.0
2017-11-23,11.0,832481.0,75680.09090909091,18.818181818181817,11.0,0.0,0.0,2.0,0.0,2.0
2017-11-24,6.0,653066.0,108844.33333333333,41.833333333333336,6.0,0.0,0.0,0.0,0.0,0.0
2017-11-25,5.0,368114.0,73622.8,30.2,5.0,0.0,0.0,0.0,0.0,0.0
2017-11-26,4.0,434930.0,108732.5,41.75,4.0,0.0,0.0,0.0,0.0,0.0
2017-11-27,5.0,439241.0,87848.2,27.8,5.0,0.0,0.0,0.0,0.0,0.0
2017-11-28,18.0,915982.0,50887.88888888889,25.166666666666668,18.0,0.0,0.0,6.0,0.0,0.0
2017-11-29,21.0,1401387.0,66732.71428571429,28.19047619047619,21.0,0.0,0.0,4.0,2.0,0.0
2017-11-30,12.0,1026022.0,85501.83333333333,30.583333333333332,12.0,0.0,0.0,0.0,1.0,0.0
2017-12-01,6.0,511932.0,85322.0,36.166666666666664,6.0,0.0,0.0,1.0,0.0,0.0
2017-12-02,8.0,914298.0,114287.25,32.25,8.0,0.0,0.0,0.0,0.0,0.0
2017-12-03,10.0,718111.0,71811.1,23.2,10.0,0.0,0.0,4.0,0.0,0.0
2017-12-04,4.0,369264.0,92316.0,35.25,4.0,0.0,0.0,0.0,0.0,0.0
2017-12-05,2.0,122385.0,61192.5,27.5,2.0,0.0,0.0,0.0,0.0,0.0
2017-12-06,5.0,472526.0,94505.2,22.4,5.0,0.0,0.0,1.0,0.0,0.0
2017-12-07,9.0,497198.0,55244.22222222222,23.77777777777778,9.0,0.0,0.0,3.0,1.0,0.0
2017-12-08,10.0,795907.0,79590.7,27.7,10.0,0.0,0.0,0.0,0.0,0.0
2017-12-09,13.0,1050803.0,80831.0,36.38461538461539,13.0,0.0,0.0,0.0,1.0,0.0
2017-12-10,3.0,351728.0,117242.66666666667,43.0,3.0,0.0,0.0,0.0,0.0,0.0
2017-12-11,1.0,141841.0,141841.0,52.0,1.0,0.0,0.0,0.0,0.0,0.0
2017-12-12,6.0,629776.0,104962.66666666667,40.833333333333336,6.0,0.0,0.0,0.0,0.0,0.0
2017-12-13,4.0,387322.0,96830.5,31.0,4.0,0.0,0.0,0.0,0.0,0.0
2017-12-14,7.0,452568.0,64652.57142857143,35.42857142857143,7.0,0.0,0.0,1.0,0.0,0.0
2017-12-15,9.0,439342.0,48815.77777777778,22.555555555555557,9.0,0.0,0.0,3.0,0.0,0.0
2017-12-16,3.0,239363.0,79787.66666666667,21.0,3.0,0.0,0.0,0.0,0.0,0.0
2017-12-17,3.0,213906.0,71302.0,33.333333333333336,3.0,0.0,0.0,0.0,0.0,0.0
2017-12-18,13.0,883968.0,67997.53846153847,28.153846153846153,13.0,0.0,0.0,0.0,0.0,0.0
2017-12-19,4.0,420371.0,105092.75,34.5,4.0,0.0,0.0,0.0,0.0,1.0
2017-12-20,6.0,581754.0,96959.0,28.0,6.0,0.0,0.0,0.0,0.0,1.0
2017-12-21,5.0,459832.0,91966.4,29.0,5.0,0.0,0.0,0.0,0.0,0.0
2017-12-22,11.0,1029174.0,93561.27272727272,30.90909090909091,11.0,0.0,0.0,0.0,0.0,0.0
2017-12-23,6.0,497319.0,82886.5,26.333333333333332,6.0,0.0,0.0,1.0,0.0,0.0
2017-12-24,6.0,778608.0,129768.0,28.166666666666668,6.0,0.0,0.0,1.0,0.0,0.0
2017-12-25,3.0,444960.0,148320.0,19.333333333333332,3.0,0.0,0.0,1.0,0.0,0.0
2017-12-26,3.0,374073.0,124691.0,42.333333333333336,3.0,0.0,0.0,0.0,0.0,0.0
2017-12-27,4.0,324850.0,81212.5,35.0,4.0,0.0,0.0,0.0,1.0,0.0
2017-12-28,10.0,740115.0,74011.5,22.7,10.0,0.0,0.0,4.0,0.0,0.0
2017-12-29,8.0,601210.0,75151.25,33.125,8.0,0.0,0.0,4.0,0.0,0.0
2017-12-30,6.0,684870.0,114145.0,32.833333333333336,6.0,0.0,0.0,0.0,0.0,0.0
2017-12-31,8.0,1094043.0,136755.375,32.75,8.0,0.0,0.0,0.0,0.0,0.0
2018-01-01,3.0,583016.0,194338.66666666666,41.333333333333336,3.0,0.0,0.0,0.0,0.0,1.0
2018-01-02,16.0,2083974.0,130248.375,42.0,16.0,0.0,0.0,0.0,0.0,1.0
2018-01-03,7.0,596059.0,85151.28571428571,26.142857142857142,7.0,0.0,0.0,0.0,2.0,0.0
2018-01-04,9.0,1124594.0,124954.88888888889,34.77777777777778,9.0,0.0,0.0,0.0,0.0,0.0
2018-01-05,5.0,577047.0,115409.4,33.2,5.0,0.0,0.0,0.0,0.0,0.0
2018-01-06,5.0,715591.0,143118.2,41.4,5.0,0.0,0.0,0.0,0.0,0.0
2018-01-07,7.0,794613.0,113516.14285714286,41.857142857142854,7.0,0.0,0.0,0.0,0.0,1.0
2018-01-08,7.0,500468.0,71495.42857142857,36.142857142857146,7.0,0.0,0.0,0.0,2.0,0.0
2018-01-09,8.0,595823.0,74477.875,32.25,8.0,0.0,0.0,1.0,0.0,0.0
2018-01-10,8.0,790651.0,98831.375,38.0,8.0,0.0,0.0,0.0,0.0,0.0
2018-01-11,14.0,1241643.0,88688.78571428571,34.42857142857143,14.0,0.0,0.0,0.0,0.0,1.0
2018-01-12,7.0,793333.0,113333.28571428571,42.57142857142857,7.0,0.0,0.0,0.0,0.0,0.0
2018-01-13,10.0,730761.0,73076.1,27.0,10.0,0.0,0.0,4.0,2.0,0.0
2018-01-14,7.0,716313.0,102330.42857142857,32.285714285714285,7.0,0.0,0.0,1.0,0.0,0.0
2018-01-15,12.0,520957.0,43413.083333333336,24.75,12.0,0.0,0.0,9.0,0.0,0.0
2018-01-16,9.0,858625.0,95402.77777777778,28.22222222222222,9.0,0.0,0.0,0.0,0.0,1.0
2018-01-17,8.0,828380.0,103547.5,26.25,8.0,0.0,0.0,0.0,0.0,0.0
2018-01-18,9.0,878654.0,97628.22222222222,36.0,9.0,0.0,0.0,0.0,0.0,0.0
2018-01-19,7.0,640477.0,91496.71428571429,32.0,7.0,0.0,0.0,0.0,0.0,0.0
2018-01-20,14.0,1408084.0,100577.42857142857,27.0,14.0,0.0,0.0,5.0,0.0,0.0
2018-01-21,3.0,362065.0,120688.33333333333,32.333333333333336,3.0,0.0,0.0,1.0,0.0,0.0
2018-01-22,4.0,482380.0,120595.0,22.75,4.0,0.0,0.0,0.0,0.0,0.0
2018-01-23,7.0,790414.0,112916.28571428571,35.714285714285715,7.0,0.0,0.0,0.0,1.0,2.0
2018-01-24,4.0,490596.0,122649.0,43.5,4.0,0.0,0.0,0.0,0.0,0.0
2018-01-25,3.0,239907.0,79969.0,26.0,3.0,0.0,0.0,0.0,0.0,0.0
2018-01-26,7.0,522530.0,74647.14285714286,21.714285714285715,7.0,0.0,0.0,0.0,0.0,0.0
2018-01-27,5.0,710845.0,142169.0,39.2,5.0,0.0,0.0,0.0,0.0,0.0
2018-01-28,2.0,461906.0,230953.0,33.5,2.0,0.0,0.0,0.0,0.0,0.0
2018-01-29,1.0,85016.0,85016.0,10.0,1.0,0.0,0.0,0.0,0.0,0.0
2018-01-30,1.0,111714.0,111714.0,7.0,1.0,0.0,0.0,0.0,0.0,0.0
2018-01-31,0.0,0.0,,,0.0,0.0,0.0,0.0,0.0,0.0
2018-02-01,4.0,589692.0,147423.0,42.75,4.0,0.0,0.0,0.0,0.0,0.0
2018-02-02,5.0,597178.0,119435.6,35.8,5.0,0.0,0.0,0.0,0.0,0.0
2018-02-03,7.0,756167.0,108023.85714285714,32.42857142857143,7.0,0.0,0.0,2.0,0.0,0.0
2018-02-04,2.0,356193.0,178096.5,21.0,2.0,0.0,0.0,0.0,0.0,0.0
2018-02-05,6.0,772731.0,128788.5,34.5,6.0,0.0,0.0,0.0,0.0,0.0
2018-02-06,7.0,885028.0,126432.57142857143,29.142857142857142,7.0,0.0,0.0,0.0,0.0,0.0
2018-02-07,5.0,510091.0,102018.2,26.8,5.0,0.0,0.0,0.0,0.0,0.0
2018-02-08,6.0,670044.0,111674.0,34.5,6.0,0.0,0.0,0.0,0.0,0.0
2018-02-09,3.0,346696.0,115565.33333333333,45.666666666666664,3.0,0.0,0.0,0.0,0.0,0.0
2018-02-10,9.0,983650.0,109294.44444444444,39.111111111111114,9.0,0.0,0.0,0.0,0.0,1.0
2018-02-11,4.0,439876.0,109969.0,39.25,4.0,0.0,0.0,0.0,0.0,0.0
2018-02-12,3.0,300317.0,100105.66666666667,31.666666666666668,3.0,0.0,0.0,0.0,0.0,0.0
2018-02-13,2.0,220174.0,110087.0,47.5,2.0,0.0,0.0,0.0,0.0,0.0
2018-02-14,4.0,421720.0,105430.0,30.75,4.0,0.0,0.0,0.0,0.0,0.0
2018-02-15,7.0,499781.0,71397.28571428571,35.285714285714285,7.0,0.0,0.0,1.0,0.0,2.0
2018-02-16,4.0,495402.0,123850.5,32.5,4.0,0.0,0.0,0.0,0.0,0.0
2018-02-17,9.0,913599.0,101511.0,37.333333333333336,9.0,0.0,0.0,0.0,0.0,0.0
2018-02-18,11.0,1167687.0,106153.36363636363,35.54545454545455,11.0,0.0,0.0,1.0,0.0,0.0
2018-02-19,5.0,489028.0,97805.6,25.2,5.0,0.0,0.0,0.0,0.0,1.0
2018-02-20,13.0,1074874.0,82682.61538461539,34.53846153846154,13.0,0.0,0.0,0.0,0.0,1.0
2018-02-21,6.0,586162.0,97693.66666666667,37.666666666666664,6.0,0.0,0.0,0.0,1.0,0.0
2018-02-22,10.0,1159446.0,115944.6,40.6,10.0,0.0,0.0,0.0,0.0,0.0
2018-02-23,9.0,757060.0,84117.77777777778,26.444444444444443,9.0,0.0,0.0,0.0,0.0,0.0
2018-02-24,15.0,997280.0,66485.33333333333,25.133333333333333,15.0,0.0,0.0,4.0,0.0,0.0
2018-02-25,1.0,13788.0,13788.0,20.0,1.0,0.0,0.0,1.0,0.0,0.0
2018-02-26,0.0,0.0,,,0.0,0.0,0.0,0.0,0.0,0.0
2018-02-27,10.0,812791.0,81279.1,33.1,10.0,0.0,0.0,0.0,0.0,0.0
2018-02-28,8.0,703427.0,87928.375,42.25,8.0,0.0,0.0,0.0,0.0,0.0
2018-03-01,11.0,672113.0,61101.181818181816,21.818181818181817,11.0,0.0,0.0,2.0,0.0,0.0
2018-03-02,8.0,675038.0,84379.75,31.375,8.0,0.0,0.0,0.0,2.0,0.0
2018-03-03,4.0,445897.0,111474.25,29.5,4.0,0.0,0.0,0.0,0.0,0.0
2018-03-04,2.0,225509.0,112754.5,37.0,2.0,0.0,0.0,0.0,0.0,0.0
2018-03-05,5.0,523004.0,104600.8,33.6,5.0,0.0,0.0,0.0,0.0,0.0
2018-03-06,9.0,824708.0,91634.22222222222,25.88888888888889,9.0,0.0,0.0,1.0,0.0,1.0
2018-03-07,5.0,367232.0,73446.4,34.0,5.0,0.0,0.0,0.0,0.0,1.0
2018-03-08,6.0,489579.0,81596.5,24.5,6.0,0.0,0.0,0.0,0.0,0.0
2018-03-09,5.0,401041.0,80208.2,26.6,5.0,0.0,0.0,0.0,0.0,0.0
2018-03-10,11.0,843379.0,76670.81818181818,37.18181818181818,11.0,0.0,0.0,0.0,1.0,0.0
2018-03-11,5.0,477118.0,95423.6,45.6,5.0,0.0,0.0,0.0,0.0,0.0
2018-03-12,7.0,601203.0,85886.14285714286,34.0,7.0,0.0,0.0,0.0,0.0,2.0
2018-03-13,9.0,801085.0,89009.44444444444,37.111111111111114,9.0,0.0,0.0,0.0,1.0,0.0
2018-03-14,8.0,593147.0,74143.375,27.0,8.0,0.0,0.0,0.0,0.0,0.0
2018-03-15,7.0,476750.0,68107.14285714286,29.285714285714285,7.0,0.0,0.0,1.0,0.0,0.0
2018-03-16,3.0,259737.0,86579.0,27.0,3.0,0.0,0.0,0.0,0.0,0.0
2018-03-17,5.0,663099.0,132619.8,39.4,5.0,0.0,0.0,0.0,0.0,1.0
2018-03-18,3.0,378807.0,126269.0,38.333333333333336,3.0,0.0,0.0,0.0,0.0,0.0
2018-03-19,4.0,276676.0,69169.0,14.0,4.0,0.0,0.0,1.0,0.0,0.0
2018-03-20,1.0,149604.0,149604.0,38.0,1.0,0.0,0.0,0.0,0.0,0.0
2018-03-21,9.0,801826.0,89091.77777777778,37.22222222222222,9.0,0.0,0.0,0.0,1.0,0.0
2018-03-22,6.0,624665.0,104110.83333333333,32.833333333333336,6.0,0.0,0.0,1.0,0.0,0.0
2018-03-23,6.0,531857.0,88642.83333333333,34.333333333333336,6.0,0.0,0.0,0.0,0.0,0.0
2018-03-24,1.0,84062.0,84062.0,42.0,1.0,0.0,0.0,0.0,0.0,0.0
2018-03-25,8.0,653299.0,81662.375,39.75,8.0,0.0,0.0,0.0,0.0,0.0
2018-03-26,5.0,447055.0,89411.0,20.4,5.0,0.0,0.0,1.0,0.0,0.0
2018-03-27,1.0,70958.0,70958.0,42.0,1.0,0.0,0.0,0.0,0.0,0.0
2018-03-28,9.0,940252.0,104472.44444444444,30.88888888888889,9.0,0.0,0.0,0.0,0.0,2.0
2018-03-29,4.0,408420.0,102105.0,39.25,4.0,0.0,0.0,0.0,0.0,0.0
2018-03-30,1.0,96528.0,96528.0,1.0,1.0,0.0,0.0,0.0,0.0,0.0
2018-03-31,3.0,291360.0,97120.0,45.666666666666664,3.0,0.0,0.0,0.0,0.0,0.0
2018-04-01,4.0,575522.0,143880.5,28.75,4.0,0.0,0.0,0.0,0.0,0.0
2018-04-02,14.0,1181593.0,84399.5,35.785714285714285,14.0,0.0,0.0,0.0,0.0,0.0
2018-04-03,8.0,704899.0,88112.375,36.75,8.0,0.0,0.0,0.0,0.0,0.0
2018-04-04,6.0,620573.0,103428.83333333333,32.333333333333336,6.0,0.0,0.0,0.0,0.0,0.0
2018-04-05,4.0,319524.0,79881.0,35.0,4.0,0.0,0.0,0.0,0.0,0.0
2018-04-06,7.0,539020.0,77002.85714285714,27.857142857142858,7.0,0.0,0.0,1.0,0.0,0.0
2018-04-07,7.0,704525.0,100646.42857142857,34.714285714285715,7.0,0.0,0.0,0.0,0.0,0.0
2018-04-08,8.0,654769.0,81846.125,37.75,8.0,0.0,0.0,0.0,1.0,0.0
2018-04-09,4.0,368302.0,92075.5,28.5,4.0,0.0,0.0,1.0,0.0,0.0
2018-04-10,6.0,554243.0,92373.83333333333,23.333333333333332,6.0,0.0,0.0,0.0,1.0,0.0
2018-04-11,12.0,967405.0,80617.08333333333,35.083333333333336,12.0,0.0,0.0,1.0,0.0,0.0
2018-04-12,10.0,786962.0,78696.2,37.3,10.0,0.0,0.0,0.0,1.0,1.0
2018-04-13,6.0,769970.0,128328.33333333333,33.833333333333336,6.0,0.0,0.0,0.0,0.0,0.0
2018-04-14,3.0,391924.0,130641.33333333333,23.666666666666668,3.0,0.0,0.0,1.0,0.0,0.0
2018-04-15,9.0,943241.0,104804.55555555556,40.666666666666664,9.0,0.0,0.0,1.0,0.0,0.0
2018-04-16,8.0,262595.0,32824.375,20.875,8.0,0.0,0.0,6.0,0.0,0.0
2018-04-17,22.0,1064241.0,48374.59090909091,25.09090909090909,22.0,0.0,0.0,8.0,0.0,1.0
2018-04-18,15.0,846437.0,56429.13333333333,25.0,15.0,0.0,0.0,6.0,1.0,0.0
2018-04-19,13.0,1020031.0,78463.92307692308,34.15384615384615,13.0,0.0,0.0,0.0,0.0,0.0
2018-04-20,10.0,1216643.0,121664.3,41.4,10.0,0.0,0.0,0.0,1.0,0.0
2018-04-21,16.0,944800.0,59050.0,33.625,16.0,0.0,0.0,1.0,4.0,6.0
2018-04-22,8.0,822348.0,102793.5,29.375,8.0,0.0,0.0,0.0,0.0,0.0
2018-04-23,4.0,476355.0,119088.75,42.0,4.0,0.0,0.0,0.0,0.0,0.0
2018-04-24,10.0,444039.0,44403.9,31.4,10.0,0.0,0.0,2.0,2.0,0.0
2018-04-25,7.0,1055366.0,150766.57142857142,23.285714285714285,7.0,0.0,0.0,1.0,0.0,0.0
2018-04-26,3.0,274848.0,91616.0,23.333333333333332,3.0,0.0,0.0,0.0,1.0,0.0
2018-04-27,12.0,1106198.0,92183.16666666667,34.833333333333336,12.0,0.0,0.0,2.0,0.0,1.0
2018-04-28,8.0,724459.0,90557.375,37.125,8.0,0.0,0.0,0.0,1.0,0.0
2018-04-29,6.0,628403.0,104733.83333333333,31.166666666666668,6.0,0.0,0.0,0.0,0.0,0.0
2018-04-30,7.0,740323.0,105760.42857142857,38.285714285714285,7.0,0.0,0.0,0.0,0.0,0.0
2018-05-01,7.0,601292.0,85898.85714285714,25.857142857142858,7.0,0.0,0.0,0.0,0.0,0.0
2018-05-02,10.0,948019.0,94801.9,37.5,10.0,0.0,0.0,0.0,0.0,0.0
2018-05-03,6.0,460191.0,76698.5,34.166666666666664,6.0,0.0,0.0,0.0,0.0,0.0
2018-05-04,13.0,1201347.0,92411.30769230769,29.615384615384617,13.0,0.0,0.0,0.0,0.0,0.0
2018-05-05,1.0,79932.0,79932.0,5.0,1.0,0.0,0.0,0.0,0.0,0.0
2018-05-06,0.0,0.0,,,0.0,0.0,0.0,0.0,0.0,0.0
2018-05-07,11.0,1010587.0,91871.54545454546,36.09090909090909,11.0,0.0,0.0,0.0,0.0,0.0
2018-05-08,7.0,559575.0,79939.28571428571,29.857142857142858,7.0,0.0,0.0,2.0,0.0,0.0
2018-05-09,9.0,1053674.0,117074.88888888889,35.77777777777778,9.0,0.0,0.0,0.0,0.0,0.0
2018-05-10,5.0,982656.0,196531.2,21.0,5.0,0.0,0.0,0.0,0.0,0.0
2018-05-11,4.0,440385.0,110096.25,35.25,4.0,0.0,0.0,0.0,0.0,0.0
2018-05-12,3.0,412867.0,137622.33333333334,34.666666666666664,3.0,0.0,0.0,0.0,0.0,0.0
2018-05-13,5.0,598941.0,119788.2,34.8,5.0,0.0,0.0,0.0,0.0,0.0
2018-05-14,6.0,664140.0,110690.0,24.666666666666668,6.0,0.0,0.0,0.0,0.0,0.0
2018-05-15,9.0,636854.0,70761.55555555556,23.88888888888889,9.0,0.0,0.0,2.0,0.0,0.0
2018-05-16,10.0,621974.0,62197.4,33.5,10.0,0.0,0.0,0.0,0.0,3.0
2018-05-17,11.0,856225.0,77838.63636363637,30.181818181818183,11.0,0.0,0.0,1.0,1.0,0.0
2018-05-18,11.0,961710.0,87428.18181818182,38.63636363636363,11.0,0.0,0.0,1.0,0.0,0.0
2018-05-19,5.0,377204.0,75440.8,29.6,5.0,0.0,0.0,1.0,1.0,0.0
2018-05-20,9.0,961551.0,106839.0,42.0,9.0,0.0,0.0,1.0,0.0,0.0
2018-05-21,10.0,883059.0,88305.9,35.6,10.0,0.0,0.0,0.0,0.0,0.0
2018-05-22,5.0,411014.0,82202.8,31.6,5.0,0.0,0.0,0.0,0.0,1.0
2018-05-23,16.0,1171500.0,73218.75,24.4375,16.0,0.0,0.0,0.0,0.0,1.0
2018-05-24,10.0,562234.0,56223.4,28.7,10.0,0.0,0.0,2.0,2.0,0.0
2018-05-25,18.0,1197884.0,66549.11111111111,34.611111111111114,18.0,0.0,0.0,4.0,1.0,0.0
2018-05-26,10.0,893018.0,89301.8,38.9,10.0,0.0,0.0,0.0,0.0,0.0
2018-05-27,5.0,597530.0,119506.0,43.0,5.0,0.0,0.0,0.0,0.0,0.0
2018-05-28,10.0,851746.0,85174.6,35.4,10.0,0.0,0.0,0.0,0.0,0.0
2018-05-29,7.0,736178.0,105168.28571428571,42.142857142857146,7.0,0.0,0.0,0.0,0.0,0.0
2018-05-30,14.0,1116333.0,79738.07142857143,33.857142857142854,14.0,0.0,0.0,1.0,0.0,0.0
2018-05-31,12.0,740618.0,61718.166666666664,22.333333333333332,12.0,0.0,0.0,5.0,0.0,0.0
2018-06-01,6.0,498109.0,83018.16666666667,26.666666666666668,6.0,0.0,0.0,1.0,0.0,0.0
2018-06-02,17.0,879222.0,51718.94117647059,27.294117647058822,17.0,0.0,0.0,4.0,2.0,0.0
2018-06-03,5.0,445914.0,89182.8,39.4,5.0,0.0,0.0,0.0,1.0,0.0
2018-06-04,14.0,1093176.0,78084.0,29.0,14.0,0.0,0.0,0.0,1.0,0.0
2018-06-05,24.0,1551002.0,64625.083333333336,27.916666666666668,24.0,0.0,0.0,3.0,0.0,0.0
2018-06-06,10.0,814703.0,81470.3,38.9,10.0,0.0,0.0,0.0,0.0,0.0
2018-06-07,21.0,1524938.0,72616.09523809524,32.523809523809526,21.0,0.0,0.0,0.0,2.0,0.0
2018-06-08,6.0,511775.0,85295.83333333333,33.333333333333336,6.0,0.0,0.0,0.0,1.0,0.0
2018-06-09,12.0,1023048.0,85254.0,34.166666666666664,12.0,0.0,0.0,1.0,0.0,2.0
2018-06-10,7.0,793684.0,113383.42857142857,34.57142857142857,7.0,0.0,0.0,1.0,0.0,0.0
2018-06-11,6.0,728367.0,121394.5,29.5,6.0,0.0,0.0,0.0,0.0,0.0
2018-06-12,14.0,1144285.0,81734.64285714286,34.57142857142857,14.0,0.0,0.0,1.0,2.0,2.0
2018-06-13,13.0,1341082.0,103160.15384615384,35.84615384615385,13.0,0.0,0.0,0.0,0.0,1.0
2018-06-14,7.0,691011.0,98715.85714285714,34.857142857142854,7.0,0.0,0.0,0.0,0.0,0.0
2018-06-15,19.0,1200748.0,63197.26315789474,30.526315789473685,19.0,0.0,0.0,6.0,0.0,0.0
2018-06-16,6.0,449911.0,74985.16666666667,38.0,6.0,0.0,0.0,2.0,1.0,0.0
2018-06-17,18.0,1156979.0,64276.61111111111,35.166666666666664,18.0,0.0,0.0,5.0,0.0,0.0
2018-06-18,8.0,910458.0,113807.25,31.0,8.0,0.0,0.0,0.0,0.0,0.0
2018-06-19,12.0,1084852.0,90404.33333333333,26.166666666666668,12.0,0.0,0.0,0.0,0.0,0.0
2018-06-20,16.0,1344919.0,84057.4375,22.875,16.0,0.0,0.0,3.0,0.0,0.0
2018-06-21,17.0,1615300.0,95017.64705882352,34.23529411764706,17.0,0.0,0.0,1.0,1.0,1.0
2018-06-22,17.0,1081747.0,63632.17647058824,39.11764705882353,17.0,0.0,0.0,3.0,1.0,0.0
2018-06-23,24.0,1223583.0,50982.625,22.291666666666668,24.0,0.0,0.0,9.0,0.0,1.0
2018-06-24,8.0,809248.0,101156.0,47.875,8.0,0.0,0.0,0.0,1.0,0.0
2018-06-25,18.0,1409156.0,78286.44444444444,33.27777777777778,18.0,0.0,0.0,4.0,0.0,0.0
2018-06-26,19.0,1458956.0,76787.15789473684,32.10526315789474,19.0,0.0,0.0,2.0,1.0,0.0
2018-06-27,12.0,1006100.0,83841.66666666667,31.083333333333332,12.0,0.0,0.0,0.0,0.0,1.0
2018-06-28,11.0,912649.0,82968.09090909091,36.90909090909091,11.0,0.0,0.0,0.0,0.0,0.0
2018-06-29,5.0,233946.0,46789.2,27.6,5.0,0.0,0.0,2.0,0.0,0.0
2018-06-30,14.0,1028239.0,73445.64285714286,35.142857142857146,14.0,0.0,0.0,5.0,0.0,0.0
2018-07-01,5.0,567575.0,113515.0,27.0,5.0,0.0,0.0,1.0,0.0,0.0
2018-07-02,3.0,187576.0,62525.333333333336,31.0,3.0,0.0,0.0,1.0,0.0,0.0
2018-07-03,21.0,1384563.0,65931.57142857143,38.38095238095238,21.0,0.0,0.0,2.0,4.0,1.0
2018-07-04,4.0,632809.0,158202.25,15.0,4.0,0.0,0.0,0.0,0.0,0.0
2018-07-05,9.0,870314.0,96701.55555555556,36.55555555555556,9.0,0.0,0.0,0.0,0.0,1.0
2018-07-06,2.0,254785.0,127392.5,21.0,2.0,0.0,0.0,0.0,0.0,0.0
2018-07-07,9.0,498684.0,55409.333333333336,29.333333333333332,9.0,0.0,0.0,4.0,1.0,0.0
2018-07-08,5.0,853406.0,170681.2,19.8,5.0,0.0,0.0,1.0,0.0,0.0
2018-07-09,9.0,740780.0,82308.88888888889,37.333333333333336,9.0,0.0,0.0,1.0,0.0,0.0
2018-07-10,15.0,1046142.0,69742.8,30.8,15.0,0.0,0.0,5.0,1.0,0.0
2018-07-11,19.0,828691.0,43615.31578947369,30.0,19.0,0.0,0.0,9.0,3.0,1.0
2018-07-12,10.0,654067.0,65406.7,27.7,10.0,0.0,0.0,2.0,0.0,0.0
2018-07-13,4.0,260688.0,65172.0,17.5,4.0,0.0,0.0,1.0,1.0,0.0
2018-07-14,12.0,947728.0,78977.33333333333,35.333333333333336,12.0,0.0,0.0,2.0,1.0,0.0
2018-07-15,13.0,525042.0,40387.846153846156,25.076923076923077,13.0,0.0,0.0,8.0,0.0,2.0
2018-07-16,12.0,1006428.0,83869.0,24.833333333333332,12.0,0.0,0.0,2.0,0.0,0.0
2018-07-17,7.0,678210.0,96887.14285714286,28.0,7.0,0.0,0.0,0.0,1.0,0.0
2018-07-18,14.0,1157205.0,82657.5,36.57142857142857,14.0,0.0,0.0,2.0,0.0,0.0
2018-07-19,12.0,989518.0,82459.83333333333,29.333333333333332,12.0,0.0,0.0,0.0,1.0,0.0
2018-07-20,14.0,692493.0,49463.78571428572,29.428571428571427,14.0,0.0,0.0,7.0,0.0,0.0
2018-07-21,7.0,570394.0,81484.85714285714,41.0,7.0,0.0,0.0,0.0,2.0,0.0
2018-07-22,8.0,1182204.0,147775.5,38.5,8.0,0.0,0.0,0.0,0.0,0.0
2018-07-23,12.0,1041053.0,86754.41666666667,37.166666666666664,12.0,0.0,0.0,0.0,0.0,0.0
2018-07-24,16.0,1199280.0,74955.0,28.5,16.0,0.0,0.0,2.0,0.0,0.0
2018-07-25,16.0,1237079.0,77317.4375,39.0625,16.0,0.0,0.0,1.0,0.0,1.0
2018-07-26,10.0,899174.0,89917.4,20.6,10.0,0.0,0.0,0.0,0.0,1.0
2018-07-27,16.0,1284862.0,80303.875,33.5,16.0,0.0,0.0,0.0,0.0,1.0
2018-07-28,1.0,92722.0,92722.0,1.0,1.0,0.0,0.0,0.0,0.0,0.0
2018-07-29,18.0,1322677.0,73482.05555555556,36.27777777777778,18.0,0.0,0.0,4.0,0.0,3.0
2018-07-30,16.0,963971.0,60248.1875,22.9375,16.0,0.0,0.0,3.0,0.0,2.0
2018-07-31,19.0,1167875.0,61467.10526315789,29.0,19.0,0.0,0.0,4.0,0.0,1.0
2018-08-01,14.0,935353.0,66810.92857142857,34.714285714285715,14.0,0.0,0.0,1.0,1.0,0.0
2018-08-02,12.0,1015405.0,84617.08333333333,38.916666666666664,12.0,0.0,0.0,0.0,1.0,0.0
2018-08-03,25.0,998531.0,39941.24,20.88,25.0,0.0,0.0,13.0,2.0,0.0
2018-08-04,13.0,894283.0,68791.0,31.23076923076923,13.0,0.0,0.0,1.0,0.0,1.0
2018-08-05,10.0,738986.0,73898.6,43.1,10.0,0.0,0.0,2.0,1.0,0.0
2018-08-06,11.0,678002.0,61636.545454545456,44.72727272727273,11.0,0.0,0.0,1.0,2.0,0.0
2018-08-07,8.0,702816.0,87852.0,35.25,8.0,0.0,0.0,1.0,0.0,0.0
2018-08-08,6.0,640680.0,106780.0,25.0,6.0,0.0,0.0,0.0,0.0,0.0
2018-08-09,6.0,592050.0,98675.0,39.166666666666664,6.0,0.0,0.0,0.0,0.0,1.0
2018-08-10,8.0,1005959.0,125744.875,46.25,8.0,0.0,0.0,0.0,0.0,0.0
2018-08-11,10.0,961439.0,96143.9,40.5,10.0,0.0,0.0,0.0,2.0,0.0
2018-08-12,4.0,408178.0,102044.5,44.25,4.0,0.0,0.0,0.0,0.0,0.0
2018-08-13,19.0,1342168.0,70640.42105263157,35.78947368421053,19.0,0.0,0.0,2.0,0.0,0.0
2018-08-14,12.0,939899.0,78324.91666666667,36.166666666666664,12.0,0.0,0.0,0.0,1.0,0.0
2018-08-15,23.0,1576200.0,68530.43478260869,36.0,23.0,0.0,0.0,1.0,3.0,0.0
2018-08-16,16.0,1471572.0,91973.25,35.9375,16.0,0.0,0.0,0.0,0.0,0.0
2018-08-17,16.0,1181970.0,73873.125,37.4375,16.0,0.0,0.0,0.0,2.0,1.0
2018-08-18,12.0,1170580.0,97548.33333333333,33.75,12.0,0.0,0.0,0.0,1.0,0.0
2018-08-19,6.0,590068.0,98344.66666666667,47.166666666666664,6.0,0.0,0.0,0.0,0.0,0.0
2018-08-20,13.0,1144168.0,88012.92307692308,40.53846153846154,13.0,0.0,0.0,0.0,0.0,0.0
2018-08-21,11.0,913327.0,83029.72727272728,26.272727272727273,11.0,0.0,0.0,0.0,0.0,0.0
2018-08-22,16.0,1263407.0,78962.9375,21.4375,16.0,0.0,0.0,1.0,1.0,0.0
2018-08-23,8.0,529226.0,66153.25,14.375,8.0,0.0,0.0,0.0,0.0,1.0
2018-08-24,18.0,1455878.0,80882.11111111111,28.333333333333332,18.0,0.0,0.0,1.0,0.0,2.0
2018-08-25,9.0,1143945.0,127105.0,30.77777777777778,9.0,0.0,0.0,0.0,0.0,0.0
2018-08-26,8.0,506453.0,63306.625,25.625,8.0,0.0,0.0,4.0,0.0,0.0
2018-08-27,10.0,815091.0,81509.1,27.4,10.0,0.0,0.0,1.0,0.0,0.0
2018-08-28,15.0,1209398.0,80626.53333333334,28.666666666666668,15.0,0.0,0.0,0.0,2.0,1.0
2018-08-29,22.0,1879890.0,85449.54545454546,36.04545454545455,22.0,0.0,0.0,0.0,0.0,3.0
2018-08-30,15.0,1274747.0,84983.13333333333,36.0,15.0,0.0,0.0,0.0,1.0,0.0
2018-08-31,9.0,686339.0,76259.88888888889,23.0,9.0,0.0,0.0,1.0,1.0,0.0
2018-09-01,19.0,1401005.0,73737.1052631579,32.78947368421053,19.0,0.0,0.0,3.0,2.0,0.0
2018-09-02,3.0,276264.0,92088.0,39.333333333333336,3.0,0.0,0.0,1.0,0.0,0.0
2018-09-03,15.0,842421.0,56161.4,32.666666666666664,15.0,0.0,0.0,5.0,3.0,0.0
2018-09-04,17.0,1179418.0,69377.5294117647,24.294117647058822,17.0,0.0,0.0,0.0,1.0,1.0
2018-09-05,12.0,1272345.0,106028.75,26.0,12.0,0.0,0.0,0.0,0.0,0.0
2018-09-06,10.0,874908.0,87490.8,24.3,10.0,0.0,0.0,0.0,0.0,0.0
2018-09-07,11.0,636607.0,57873.36363636364,27.0,11.0,0.0,0.0,4.0,2.0,0.0
2018-09-08,10.0,869406.0,86940.6,29.9,10.0,0.0,0.0,1.0,1.0,0.0
2018-09-09,13.0,863897.0,66453.61538461539,32.30769230769231,13.0,0.0,0.0,3.0,3.0,0.0
2018-09-10,23.0,1371560.0,59633.04347826087,29.52173913043478,23.0,0.0,0.0,7.0,5.0,0.0
2018-09-11,15.0,1113501.0,74233.4,22.333333333333332,15.0,0.0,0.0,1.0,0.0,0.0
2018-09-12,9.0,593734.0,65970.44444444444,23.333333333333332,9.0,0.0,0.0,0.0,0.0,0.0
2018-09-13,22.0,971284.0,44149.27272727273,27.681818181818183,22.0,0.0,0.0,8.0,0.0,0.0
2018-09-14,31.0,753959.0,24321.25806451613,24.387096774193548,31.0,0.0,0.0,21.0,0.0,0.0
2018-09-15,11.0,630570.0,57324.545454545456,30.363636363636363,11.0,0.0,0.0,2.0,0.0,0.0
2018-09-16,9.0,485319.0,53924.333333333336,26.666666666666668,9.0,0.0,0.0,2.0,2.0,0.0
2018-09-17,30.0,910753.0,30358.433333333334,25.3,30.0,0.0,0.0,18.0,0.0,0.0
2018-09-18,12.0,917244.0,76437.0,28.833333333333332,12.0,0.0,0.0,0.0,0.0,1.0
2018-09-19,9.0,753960.0,83773.33333333333,25.11111111111111,9.0,0.0,0.0,0.0,0.0,0.0
2018-09-20,16.0,1078814.0,67425.875,24.875,16.0,0.0,0.0,0.0,0.0,1.0
2018-09-21,29.0,1153457.0,39774.379310344826,22.310344827586206,29.0,0.0,0.0,13.0,3.0,1.0
2018-09-22,3.0,250438.0,83479.33333333333,6.0,3.0,0.0,0.0,0.0,0.0,0.0
2018-09-23,3.0,298141.0,99380.33333333333,28.333333333333332,3.0,0.0,0.0,0.0,0.0,0.0
2018-09-24,13.0,625246.0,48095.846153846156,19.76923076923077,13.0,0.0,0.0,2.0,2.0,0.0
2018-09-25,13.0,965198.0,74246.0,18.076923076923077,13.0,0.0,0.0,0.0,0.0,0.0
2018-09-26,12.0,637144.0,53095.333333333336,23.75,12.0,0.0,0.0,5.0,1.0,0.0
2018-09-27,1.0,355968.0,355968.0,42.0,1.0,0.0,0.0,0.0,0.0,0.0
2018-09-28,1.0,192280.0,192280.0,27.0,1.0,0.0,0.0,0.0,0.0,0.0
2018-09-29,5.0,577641.0,115528.2,23.2,5.0,0.0,0.0,0.0,0.0,0.0
2018-09-30,3.0,540142.0,180047.33333333334,51.333333333333336,3.0,0.0,0.0,0.0,0.0,0.0
2018-10-01,8.0,648478.0,81059.75,20.875,8.0,0.0,0.0,0.0,1.0,0.0
2018-10-02,14.0,956169.0,68297.78571428571,19.071428571428573,14.0,0.0,0.0,2.0,0.0,0.0
2018-10-03,12.0,967882.0,80656.83333333333,30.75,12.0,0.0,0.0,0.0,0.0,0.0
2018-10-04,12.0,1041560.0,86796.66666666667,21.416666666666668,12.0,0.0,0.0,1.0,0.0,0.0
2018-10-05,9.0,574691.0,63854.555555555555,17.333333333333332,9.0,0.0,0.0,6.0,1.0,0.0
2018-10-06,8.0,1158204.0,144775.5,37.5,8.0,0.0,0.0,0.0,1.0,0.0
2018-10-07,2.0,92584.0,46292.0,19.0,2.0,0.0,0.0,1.0,0.0,0.0
2018-10-08,9.0,580420.0,64491.11111111111,26.666666666666668,9.0,0.0,0.0,0.0,0.0,0.0
2018-10-09,21.0,720126.0,34291.71428571428,18.61904761904762,21.0,0.0,0.0,8.0,0.0,1.0
2018-10-10,24.0,703211.0,29300.458333333332,21.5,24.0,0.0,0.0,14.0,0.0,0.0
2018-10-11,6.0,127790.0,21298.333333333332,9.666666666666666,6.0,0.0,0.0,3.0,0.0,0.0
2018-10-12,14.0,808945.0,57781.78571428572,15.142857142857142,14.0,0.0,0.0,2.0,0.0,0.0
2018-10-13,12.0,959919.0,79993.25,28.0,12.0,0.0,0.0,0.0,0.0,0.0
2018-10-14,8.0,358018.0,44752.25,16.375,8.0,0.0,0.0,2.0,2.0,0.0
2018-10-15,10.0,708804.0,70880.4,27.0,10.0,0.0,0.0,2.0,0.0,0.0
2018-10-16,22.0,1914725.0,87032.95454545454,30.181818181818183,22.0,0.0,0.0,2.0,0.0,2.0
2018-10-17,21.0,1160649.0,55269.0,25.523809523809526,21.0,0.0,0.0,3.0,1.0,0.0
2018-10-18,18.0,1366761.0,75931.16666666667,28.444444444444443,18.0,0.0,0.0,0.0,0.0,1.0
2018-10-19,10.0,826960.0,82696.0,15.6,10.0,0.0,0.0,0.0,0.0,0.0
2018-10-20,10.0,859524.0,85952.4,37.7,10.0,0.0,0.0,0.0,0.0,0.0
2018-10-21,5.0,627068.0,125413.6,36.0,5.0,0.0,0.0,0.0,0.0,0.0
2018-10-22,19.0,1416982.0,74578.0,24.473684210526315,19.0,0.0,0.0,0.0,1.0,1.0
2018-10-23,10.0,772944.0,77294.4,29.6,10.0,0.0,0.0,1.0,1.0,0.0
2018-10-24,8.0,789383.0,98672.875,20.0,8.0,0.0,0.0,0.0,0.0,0.0
2018-10-25,17.0,1291095.0,75946.76470588235,39.11764705882353,17.0,0.0,0.0,0.0,0.0,1.0
2018-10-26,13.0,1176962.0,90535.53846153847,35.15384615384615,13.0,0.0,0.0,0.0,1.0,0.0
2018-10-27,17.0,1144962.0,67350.70588235294,22.41176470588235,17.0,0.0,0.0,3.0,0.0,1.0
2018-10-28,3.0,373640.0,124546.66666666667,42.666666666666664,3.0,0.0,0.0,0.0,0.0,0.0
2018-10-29,22.0,1711062.0,77775.54545454546,33.90909090909091,22.0,0.0,0.0,2.0,5.0,0.0
2018-10-30,8.0,573591.0,71698.875,34.875,8.0,0.0,0.0,0.0,0.0,1.0
2018-10-31,20.0,1679557.0,83977.85,26.9,20.0,0.0,0.0,2.0,1.0,0.0
2018-11-01,9.0,613294.0,68143.77777777778,29.11111111111111,9.0,0.0,0.0,0.0,0.0,1.0
2018-11-02,12.0,941352.0,78446.0,20.166666666666668,12.0,0.0,0.0,0.0,0.0,1.0
2018-11-03,21.0,1397624.0,66553.52380952382,31.857142857142858,21.0,0.0,0.0,1.0,1.0,1.0
2018-11-04,29.0,2383119.0,82176.5172413793,21.448275862068964,29.0,0.0,0.0,22.0,0.0,0.0
2018-11-05,21.0,1439005.0,68524.04761904762,35.142857142857146,21.0,0.0,0.0,2.0,0.0,0.0
2018-11-06,30.0,2352938.0,78431.26666666666,23.866666666666667,30.0,0.0,0.0,19.0,1.0,0.0
2018-11-07,13.0,1455112.0,111931.69230769231,37.0,13.0,0.0,0.0,0.0,0.0,1.0
2018-11-08,3.0,383569.0,127856.33333333333,39.0,3.0,0.0,0.0,0.0,0.0,0.0
2018-11-09,13.0,1538578.0,118352.15384615384,32.23076923076923,13.0,0.0,0.0,0.0,0.0,0.0
2018-11-10,7.0,830787.0,118683.85714285714,30.142857142857142,7.0,0.0,0.0,0.0,0.0,0.0
2018-11-11,7.0,514575.0,73510.71428571429,29.428571428571427,7.0,0.0,0.0,2.0,0.0,0.0
2018-11-12,9.0,953033.0,105892.55555555556,35.888888888888886,9.0,0.0,0.0,0.0,0.0,0.0
2018-11-13,13.0,1235932.0,95071.69230769231,38.30769230769231,13.0,0.0,0.0,0.0,2.0,0.0
2018-11-14,5.0,427079.0,85415.8,38.0,5.0,0.0,0.0,0.0,0.0,0.0
2018-11-15,9.0,906896.0,100766.22222222222,45.666666666666664,9.0,0.0,0.0,0.0,0.0,0.0
2018-11-16,9.0,750243.0,83360.33333333333,30.88888888888889,9.0,0.0,0.0,0.0,1.0,1.0
2018-11-17,7.0,489809.0,69972.71428571429,32.714285714285715,7.0,0.0,0.0,1.0,0.0,1.0
2018-11-18,8.0,586110.0,73263.75,31.25,8.0,0.0,0.0,3.0,1.0,0.0
2018-11-19,8.0,688961.0,86120.125,28.875,8.0,0.0,0.0,3.0,0.0,0.0
2018-11-20,3.0,320664.0,106888.0,22.333333333333332,3.0,0.0,0.0,1.0,0.0,0.0
2018-11-21,13.0,1216668.0,93589.84615384616,26.846153846153847,13.0,0.0,0.0,2.0,0.0,0.0
2018-11-22,8.0,886842.0,110855.25,33.75,8.0,0.0,0.0,0.0,0.0,0.0
2018-11-23,5.0,353330.0,70666.0,41.0,5.0,0.0,0.0,1.0,1.0,0.0
2018-11-24,3.0,334215.0,111405.0,35.666666666666664,3.0,0.0,0.0,1.0,0.0,0.0
2018-11-25,11.0,1110531.0,100957.36363636363,42.36363636363637,11.0,0.0,0.0,0.0,0.0,0.0
2018-11-26,11.0,791245.0,71931.36363636363,35.0,11.0,0.0,0.0,3.0,0.0,2.0
2018-11-27,9.0,978191.0,108687.88888888889,39.22222222222222,9.0,0.0,0.0,0.0,0.0,1.0
2018-11-28,14.0,695738.0,49695.57142857143,29.428571428571427,14.0,0.0,0.0,7.0,2.0,0.0
2018-11-29,17.0,1272129.0,74831.11764705883,34.8235294117647,17.0,0.0,0.0,0.0,0.0,2.0
2018-11-30,11.0,718579.0,65325.36363636364,21.454545454545453,11.0,0.0,0.0,3.0,0.0,0.0
2018-12-01,5.0,523592.0,104718.4,30.6,5.0,0.0,0.0,1.0,1.0,1.0
2018-12-02,2.0,232246.0,116123.0,25.0,2.0,0.0,0.0,0.0,0.0,0.0
2018-12-03,12.0,1161128.0,96760.66666666667,37.166666666666664,12.0,0.0,0.0,0.0,0.0,0.0
2018-12-04,11.0,1045447.0,95040.63636363637,40.27272727272727,11.0,0.0,0.0,1.0,0.0,1.0
2018-12-05,9.0,827941.0,91993.44444444444,32.888888888888886,9.0,0.0,0.0,0.0,0.0,0.0
2018-12-06,8.0,824005.0,103000.625,38.375,8.0,0.0,0.0,0.0,0.0,0.0
2018-12-07,18.0,1490822.0,82823.44444444444,35.333333333333336,18.0,0.0,0.0,2.0,0.0,1.0
2018-12-08,12.0,1235532.0,102961.0,32.25,12.0,0.0,0.0,0.0,0.0,2.0
2018-12-09,4.0,522850.0,130712.5,48.0,4.0,0.0,0.0,0.0,0.0,0.0
2018-12-10,4.0,426166.0,106541.5,39.75,4.0,0.0,0.0,0.0,0.0,0.0
2018-12-11,12.0,1041813.0,86817.75,35.666666666666664,12.0,0.0,0.0,0.0,1.0,0.0
2018-12-12,3.0,476724.0,158908.0,22.333333333333332,3.0,0.0,0.0,0.0,0.0,0.0
2018-12-13,13.0,1039979.0,79998.38461538461,33.07692307692308,13.0,0.0,0.0,0.0,1.0,1.0
2018-12-14,10.0,849110.0,84911.0,34.1,10.0,0.0,0.0,0.0,1.0,2.0
2018-12-15,5.0,535197.0,107039.4,37.2,5.0,0.0,0.0,0.0,0.0,0.0
2018-12-16,11.0,1005220.0,91383.63636363637,45.90909090909091,11.0,0.0,0.0,0.0,1.0,0.0
2018-12-17,6.0,477639.0,79606.5,41.166666666666664,6.0,0.0,0.0,1.0,1.0,0.0
2018-12-18,16.0,1166389.0,72899.3125,36.375,16.0,0.0,0.0,2.0,0.0,2.0
2018-12-19,9.0,787730.0,87525.55555555556,39.77777777777778,9.0,0.0,0.0,1.0,1.0,0.0
2018-12-20,18.0,1852159.0,102897.72222222222,39.833333333333336,18.0,0.0,0.0,1.0,0.0,1.0
2018-12-21,20.0,1988832.0,99441.6,28.85,20.0,0.0,0.0,0.0,0.0,0.0
2018-12-22,11.0,1197590.0,108871.81818181818,32.72727272727273,11.0,0.0,0.0,1.0,1.0,0.0
2018-12-23,14.0,1353713.0,96693.78571428571,44.642857142857146,14.0,0.0,0.0,1.0,1.0,0.0
2018-12-24,13.0,1600612.0,123124.0,40.53846153846154,13.0,0.0,0.0,1.0,0.0,0.0
2018-12-25,2.0,785127.0,392563.5,23.0,2.0,0.0,0.0,0.0,0.0,0.0
2018-12-26,1.0,246102.0,246102.0,23.0,1.0,0.0,0.0,0.0,0.0,0.0
2018-12-27,12.0,1405559.0,117129.91666666667,42.0,12.0,0.0,0.0,0.0,2.0,0.0
2018-12-28,5.0,698746.0,139749.2,44.0,5.0,0.0,0.0,0.0,0.0,0.0
2018-12-29,9.0,1287065.0,143007.22222222222,46.888888888888886,9.0,0.0,0.0,0.0,0.0,0.0
2018-12-30,3.0,551896.0,183965.33333333334,29.666666666666668,3.0,0.0,0.0,0.0,0.0,0.0
2018-12-31,15.0,1844934.0,122995.6,40.93333333333333,15.0,0.0,0.0,1.0,0.0,1.0
2019-01-01,17.0,2424766.0,142633.29411764705,25.235294117647058,17.0,0.0,0.0,4.0,0.0,0.0
2019-01-02,5.0,721771.0,144354.2,38.4,5.0,0.0,0.0,0.0,0.0,1.0
2019-01-03,8.0,982890.0,122861.25,24.625,8.0,0.0,0.0,0.0,0.0,1.0
2019-01-04,6.0,876074.0,146012.33333333334,30.0,6.0,0.0,0.0,0.0,0.0,0.0
2019-01-05,16.0,1934951.0,120934.4375,33.625,16.0,0.0,0.0,0.0,0.0,0.0
2019-01-06,7.0,1296650.0,185235.7142857143,37.142857142857146,7.0,0.0,0.0,2.0,0.0,0.0
2019-01-07,7.0,1005364.0,143623.42857142858,42.857142857142854,7.0,0.0,0.0,0.0,0.0,0.0
2019-01-08,6.0,904796.0,150799.33333333334,27.5,6.0,0.0,0.0,0.0,0.0,0.0
2019-01-09,13.0,1500000.0,115384.61538461539,34.53846153846154,13.0,0.0,0.0,6.0,3.0,0.0
2019-01-10,13.0,1710688.0,131591.38461538462,21.076923076923077,13.0,0.0,0.0,1.0,0.0,0.0
2019-01-11,10.0,1186890.0,118689.0,37.8,10.0,0.0,0.0,2.0,0.0,0.0
2019-01-12,14.0,1664117.0,118865.5,42.142857142857146,14.0,0.0,0.0,0.0,0.0,0.0
2019-01-13,14.0,1640372.0,117169.42857142857,37.5,14.0,0.0,0.0,0.0,1.0,0.0
2019-01-14,19.0,1621387.0,85336.15789473684,25.263157894736842,19.0,0.0,0.0,8.0,1.0,1.0
2019-01-15,19.0,1835991.0,96631.1052631579,27.736842105263158,19.0,0.0,0.0,10.0,1.0,0.0
2019-01-16,2.0,401916.0,200958.0,41.5,2.0,0.0,0.0,0.0,0.0,0.0
2019-01-17,8.0,1196376.0,149547.0,28.5,8.0,0.0,0.0,3.0,1.0,0.0
2019-01-18,28.0,2822353.0,100798.32142857143,20.428571428571427,28.0,0.0,0.0,14.0,5.0,0.0
2019-01-19,7.0,951206.0,135886.57142857142,33.714285714285715,7.0,0.0,0.0,0.0,0.0,0.0
2019-01-20,40.0,3499790.0,87494.75,25.2,40.0,0.0,0.0,23.0,0.0,0.0
2019-01-21,12.0,1699346.0,141612.16666666666,34.5,12.0,0.0,0.0,2.0,0.0,0.0
2019-01-22,13.0,1602085.0,123237.30769230769,40.46153846153846,13.0,0.0,0.0,0.0,0.0,0.0
2019-01-23,8.0,1227634.0,153454.25,28.125,8.0,0.0,0.0,0.0,0.0,0.0
2019-01-24,10.0,1270303.0,127030.3,38.4,10.0,0.0,0.0,0.0,0.0,0.0
2019-01-25,3.0,498006.0,166002.0,27.333333333333332,3.0,0.0,0.0,0.0,0.0,0.0
2019-01-26,12.0,1682676.0,140223.0,38.0,12.0,0.0,0.0,0.0,0.0,0.0
2019-01-27,12.0,1378920.0,114910.0,30.916666666666668,12.0,0.0,0.0,3.0,1.0,0.0
2019-01-28,6.0,1076226.0,179371.0,41.0,6.0,0.0,0.0,0.0,0.0,0.0
2019-01-29,2.0,235628.0,117814.0,33.0,2.0,0.0,0.0,0.0,0.0,0.0
2019-01-30,11.0,1146763.0,104251.18181818182,32.54545454545455,11.0,0.0,0.0,0.0,0.0,1.0
2019-01-31,21.0,2144947.0,102140.33333333333,38.666666666666664,21.0,0.0,0.0,0.0,1.0,1.0
2019-02-01,8.0,898736.0,112342.0,26.375,8.0,0.0,0.0,1.0,0.0,0.0
2019-02-02,5.0,512069.0,102413.8,28.4,5.0,0.0,0.0,0.0,1.0,0.0
2019-02-03,3.0,323796.0,107932.0,46.333333333333336,3.0,0.0,0.0,0.0,1.0,0.0
2019-02-04,1.0,119980.0,119980.0,42.0,1.0,0.0,0.0,0.0,0.0,0.0
2019-02-05,6.0,770297.0,128382.83333333333,24.166666666666668,6.0,0.0,0.0,1.0,1.0,0.0
2019-02-06,2.0,376284.0,188142.0,2.5,2.0,0.0,0.0,1.0,0.0,0.0
2019-02-07,9.0,1201308.0,133478.66666666666,29.88888888888889,9.0,0.0,0.0,0.0,0.0,0.0
2019-02-08,9.0,1078136.0,119792.88888888889,39.111111111111114,9.0,0.0,0.0,0.0,0.0,0.0
2019-02-09,14.0,1374449.0,98174.92857142857,30.714285714285715,14.0,0.0,0.0,8.0,4.0,0.0
2019-02-10,14.0,1612148.0,115153.42857142857,32.92857142857143,14.0,0.0,0.0,3.0,0.0,0.0
2019-02-11,13.0,1569830.0,120756.15384615384,20.615384615384617,13.0,0.0,0.0,3.0,0.0,1.0
2019-02-12,9.0,1023880.0,113764.44444444444,22.444444444444443,9.0,0.0,0.0,4.0,2.0,1.0
2019-02-13,8.0,975740.0,121967.5,21.125,8.0,0.0,0.0,2.0,0.0,0.0
2019-02-14,8.0,881915.0,110239.375,31.25,8.0,0.0,0.0,1.0,1.0,0.0
2019-02-15,3.0,392455.0,130818.33333333333,13.333333333333334,3.0,0.0,0.0,1.0,1.0,0.0
2019-02-16,11.0,1195998.0,108727.09090909091,19.636363636363637,11.0,0.0,0.0,5.0,1.0,0.0
2019-02-17,13.0,1647624.0,126740.30769230769,24.692307692307693,13.0,0.0,0.0,3.0,0.0,0.0
2019-02-18,17.0,1943371.0,114315.94117647059,25.823529411764707,17.0,0.0,0.0,2.0,0.0,0.0
2019-02-19,10.0,931239.0,93123.9,31.7,10.0,0.0,0.0,1.0,2.0,0.0
2019-02-20,9.0,1336350.0,148483.33333333334,30.11111111111111,9.0,0.0,0.0,0.0,0.0,0.0
2019-02-21,7.0,1037916.0,148273.7142857143,30.0,7.0,0.0,0.0,1.0,0.0,0.0
2019-02-22,6.0,677679.0,112946.5,23.5,6.0,0.0,0.0,1.0,0.0,1.0
2019-02-23,14.0,1344458.0,96032.71428571429,20.285714285714285,14.0,0.0,0.0,8.0,1.0,0.0
2019-02-24,10.0,1357738.0,135773.8,42.5,10.0,0.0,0.0,0.0,0.0,0.0
2019-02-25,20.0,2561938.0,128096.9,33.55,20.0,0.0,0.0,3.0,0.0,3.0
2019-02-26,3.0,497227.0,165742.33333333334,33.333333333333336,3.0,0.0,0.0,0.0,0.0,0.0
2019-02-27,12.0,1731687.0,144307.25,27.166666666666668,12.0,0.0,0.0,6.0,0.0,0.0
2019-02-28,7.0,566575.0,80939.28571428571,14.714285714285714,7.0,0.0,0.0,1.0,0.0,0.0
2019-03-01,10.0,1136236.0,113623.6,41.4,10.0,0.0,0.0,0.0,0.0,2.0
2019-03-02,13.0,1261472.0,97036.30769230769,18.692307692307693,13.0,0.0,0.0,5.0,0.0,1.0
2019-03-03,15.0,1421339.0,94755.93333333333,32.2,15.0,0.0,0.0,4.0,1.0,0.0
2019-03-04,14.0,1077365.0,76954.64285714286,35.0,14.0,0.0,0.0,2.0,2.0,1.0
2019-03-05,19.0,1788261.0,94119.0,25.36842105263158,19.0,0.0,0.0,6.0,1.0,1.0
2019-03-06,6.0,748079.0,124679.83333333333,34.166666666666664,6.0,0.0,0.0,0.0,0.0,0.0
2019-03-07,3.0,337457.0,112485.66666666667,27.666666666666668,3.0,0.0,0.0,0.0,0.0,0.0
2019-03-08,35.0,2209059.0,63115.97142857143,19.4,35.0,0.0,0.0,17.0,0.0,1.0
2019-03-09,16.0,1433580.0,89598.75,24.625,16.0,0.0,0.0,8.0,1.0,0.0
2019-03-10,15.0,954041.0,63602.73333333333,23.333333333333332,15.0,0.0,0.0,12.0,0.0,0.0
2019-03-11,5.0,546495.0,109299.0,30.0,5.0,0.0,0.0,2.0,0.0,0.0
2019-03-12,15.0,989701.0,65980.06666666667,28.133333333333333,15.0,0.0,0.0,9.0,1.0,0.0
2019-03-13,28.0,2372940.0,84747.85714285714,23.5,28.0,0.0,0.0,10.0,2.0,1.0
2019-03-14,14.0,1370551.0,97896.5,23.714285714285715,14.0,0.0,0.0,0.0,1.0,1.0
2019-03-15,11.0,1288539.0,117139.90909090909,34.63636363636363,11.0,0.0,0.0,0.0,0.0,1.0
2019-03-16,20.0,1849194.0,92459.7,20.95,20.0,0.0,0.0,8.0,0.0,0.0
2019-03-17,32.0,2411038.0,75344.9375,26.5,32.0,0.0,0.0,15.0,8.0,0.0
2019-03-18,15.0,1523788.0,101585.86666666667,26.866666666666667,15.0,0.0,0.0,0.0,0.0,0.0
2019-03-19,12.0,1337018.0,111418.16666666667,23.083333333333332,12.0,0.0,0.0,1.0,0.0,0.0
2019-03-20,11.0,1224643.0,111331.18181818182,25.09090909090909,11.0,0.0,0.0,0.0,0.0,0.0
2019-03-21,7.0,769501.0,109928.71428571429,26.571428571428573,7.0,0.0,0.0,4.0,0.0,0.0
2019-03-22,11.0,1079992.0,98181.09090909091,22.181818181818183,11.0,0.0,0.0,1.0,0.0,1.0
2019-03-23,0.0,0.0,,,0.0,0.0,0.0,0.0,0.0,0.0
2019-03-24,3.0,1292771.0,430923.6666666667,7.0,3.0,0.0,0.0,0.0,0.0,0.0
2019-03-25,17.0,2715371.0,159727.70588235295,16.470588235294116,17.0,0.0,0.0,9.0,0.0,0.0
2019-03-26,12.0,1312103.0,109341.91666666667,24.0,12.0,0.0,0.0,1.0,1.0,0.0
2019-03-27,8.0,632251.0,79031.375,14.125,8.0,0.0,0.0,1.0,1.0,1.0
2019-03-28,16.0,1981613.0,123850.8125,24.4375,16.0,0.0,0.0,0.0,0.0,0.0
2019-03-29,10.0,1196111.0,119611.1,40.3,10.0,0.0,0.0,0.0,0.0,0.0
2019-03-30,4.0,553473.0,138368.25,45.75,4.0,0.0,0.0,0.0,0.0,0.0
2019-03-31,3.0,412422.0,137474.0,43.0,3.0,0.0,0.0,0.0,0.0,0.0
2019-04-01,14.0,1486297.0,106164.07142857143,36.857142857142854,14.0,0.0,0.0,2.0,0.0,0.0
2019-04-02,11.0,994918.0,90447.09090909091,33.72727272727273,11.0,0.0,0.0,0.0,0.0,0.0
2019-04-03,4.0,433461.0,108365.25,37.5,4.0,0.0,0.0,0.0,0.0,0.0
2019-04-04,11.0,1330108.0,120918.90909090909,24.181818181818183,11.0,0.0,0.0,0.0,0.0,0.0
2019-04-05,20.0,1608041.0,80402.05,23.45,20.0,0.0,0.0,4.0,0.0,0.0
2019-04-06,21.0,1556458.0,74117.04761904762,30.285714285714285,21.0,0.0,0.0,6.0,2.0,0.0
2019-04-07,8.0,892754.0,111594.25,32.375,8.0,0.0,0.0,2.0,0.0,1.0
2019-04-08,11.0,825828.0,75075.27272727272,21.545454545454547,11.0,0.0,0.0,4.0,1.0,0.0
2019-04-09,22.0,1825943.0,82997.40909090909,22.545454545454547,22.0,0.0,0.0,6.0,1.0,0.0
2019-04-10,9.0,981449.0,109049.88888888889,24.666666666666668,9.0,0.0,0.0,1.0,0.0,0.0
2019-04-11,12.0,987711.0,82309.25,15.25,12.0,0.0,0.0,4.0,2.0,0.0
2019-04-12,18.0,1885408.0,104744.88888888889,24.11111111111111,18.0,0.0,0.0,3.0,2.0,1.0
2019-04-13,12.0,1477027.0,123085.58333333333,40.416666666666664,12.0,0.0,0.0,2.0,1.0,0.0
2019-04-14,10.0,1004630.0,100463.0,25.3,10.0,0.0,0.0,2.0,0.0,0.0
2019-04-15,16.0,2143118.0,133944.875,28.0,16.0,0.0,0.0,0.0,0.0,0.0
2019-04-16,10.0,1078866.0,107886.6,29.3,10.0,0.0,0.0,1.0,0.0,0.0
2019-04-17,8.0,674057.0,84257.125,26.0,8.0,0.0,0.0,2.0,0.0,1.0
2019-04-18,22.0,2390300.0,108650.0,22.954545454545453,22.0,0.0,0.0,8.0,2.0,0.0
2019-04-19,13.0,1185726.0,91209.69230769231,23.46153846153846,13.0,0.0,0.0,6.0,1.0,0.0
2019-04-20,21.0,1694316.0,80681.71428571429,17.142857142857142,21.0,0.0,0.0,10.0,3.0,0.0
2019-04-21,10.0,1444593.0,144459.3,33.0,10.0,0.0,0.0,1.0,1.0,0.0
2019-04-22,44.0,2975535.0,67625.79545454546,19.681818181818183,44.0,0.0,0.0,27.0,1.0,0.0
2019-04-23,18.0,1838543.0,102141.27777777778,33.72222222222222,18.0,0.0,0.0,0.0,0.0,0.0
2019-04-24,16.0,1586315.0,99144.6875,39.5625,16.0,0.0,0.0,0.0,1.0,0.0
2019-04-25,22.0,1724005.0,78363.86363636363,25.227272727272727,22.0,0.0,0.0,13.0,0.0,0.0
2019-04-26,11.0,1138869.0,103533.54545454546,29.727272727272727,11.0,0.0,0.0,2.0,0.0,0.0
2019-04-27,16.0,1395164.0,87197.75,27.3125,16.0,0.0,0.0,2.0,1.0,2.0
2019-04-28,2.0,146351.0,73175.5,18.0,2.0,0.0,0.0,1.0,0.0,0.0
2019-04-29,13.0,1305471.0,100420.84615384616,41.38461538461539,13.0,0.0,0.0,1.0,0.0,0.0
2019-04-30,9.0,924924.0,102769.33333333333,30.0,9.0,0.0,0.0,0.0,0.0,2.0
2019-05-01,84.0,2793928.0,33261.04761904762,18.55952380952381,84.0,0.0,0.0,72.0,35.0,0.0
2019-05-02,12.0,1025015.0,85417.91666666667,30.666666666666668,12.0,0.0,0.0,3.0,0.0,2.0
2019-05-03,18.0,1621734.0,90096.33333333333,26.88888888888889,18.0,0.0,0.0,5.0,0.0,1.0
2019-05-04,29.0,2112102.0,72831.10344827586,22.862068965517242,29.0,0.0,0.0,21.0,5.0,0.0
2019-05-05,29.0,2215786.0,76406.41379310345,31.79310344827586,29.0,0.0,0.0,13.0,3.0,5.0
2019-05-06,9.0,987224.0,109691.55555555556,33.888888888888886,9.0,0.0,0.0,0.0,0.0,2.0
2019-05-07,14.0,1148947.0,82067.64285714286,19.285714285714285,14.0,0.0,0.0,9.0,0.0,0.0
2019-05-08,30.0,2438028.0,81267.6,27.533333333333335,30.0,0.0,0.0,6.0,0.0,3.0
2019-05-09,13.0,776272.0,59713.230769230766,24.615384615384617,13.0,0.0,0.0,8.0,1.0,0.0
2019-05-10,34.0,1745943.0,51351.26470588235,35.3235294117647,34.0,0.0,0.0,5.0,11.0,13.0
2019-05-11,71.0,3670415.0,51695.98591549296,22.295774647887324,71.0,0.0,0.0,65.0,3.0,1.0
2019-05-12,30.0,2145782.0,71526.06666666667,30.433333333333334,30.0,0.0,0.0,9.0,3.0,6.0
2019-05-13,25.0,1951047.0,78041.88,38.84,25.0,0.0,0.0,3.0,3.0,5.0
2019-05-14,18.0,1564387.0,86910.38888888889,41.611111111111114,18.0,0.0,0.0,1.0,1.0,4.0
2019-05-15,8.0,725680.0,90710.0,29.75,8.0,0.0,0.0,3.0,0.0,1.0
2019-05-16,8.0,778077.0,97259.625,30.75,8.0,0.0,0.0,4.0,0.0,0.0
2019-05-17,15.0,1707954.0,113863.6,25.866666666666667,15.0,0.0,0.0,0.0,0.0,0.0
2019-05-18,17.0,1656677.0,97451.58823529411,23.470588235294116,17.0,0.0,0.0,9.0,0.0,2.0
2019-05-19,19.0,1652011.0,86947.94736842105,33.78947368421053,19.0,0.0,0.0,2.0,1.0,4.0
2019-05-20,19.0,1341262.0,70592.73684210527,33.05263157894737,19.0,0.0,0.0,0.0,1.0,5.0
2019-05-21,17.0,1335370.0,78551.17647058824,32.94117647058823,17.0,0.0,0.0,2.0,0.0,2.0
2019-05-22,34.0,2407694.0,70814.5294117647,28.0,34.0,0.0,0.0,13.0,1.0,5.0
2019-05-23,28.0,2449443.0,87480.10714285714,30.035714285714285,28.0,0.0,0.0,7.0,0.0,4.0
2019-05-24,12.0,1135079.0,94589.91666666667,35.25,12.0,0.0,0.0,0.0,2.0,1.0
2019-05-25,22.0,1753815.0,79718.86363636363,26.636363636363637,22.0,0.0,0.0,12.0,1.0,0.0
2019-05-26,12.0,1680730.0,140060.83333333334,24.25,12.0,0.0,0.0,3.0,0.0,0.0
2019-05-27,17.0,1420048.0,83532.23529411765,23.88235294117647,17.0,0.0,0.0,4.0,1.0,0.0
2019-05-28,11.0,1240436.0,112766.90909090909,25.363636363636363,11.0,0.0,0.0,2.0,1.0,0.0
2019-05-29,8.0,892389.0,111548.625,30.75,8.0,0.0,0.0,2.0,0.0,1.0
2019-05-30,20.0,1878853.0,93942.65,29.7,20.0,0.0,0.0,4.0,2.0,3.0
2019-05-31,12.0,1210696.0,100891.33333333333,34.166666666666664,12.0,0.0,0.0,0.0,0.0,1.0
2019-06-01,24.0,1347353.0,56139.708333333336,26.666666666666668,24.0,0.0,0.0,13.0,2.0,2.0
2019-06-02,15.0,1578402.0,105226.8,36.266666666666666,15.0,0.0,0.0,3.0,0.0,1.0
2019-06-03,19.0,1870487.0,98446.68421052632,31.57894736842105,19.0,0.0,0.0,8.0,1.0,2.0
2019-06-04,9.0,809736.0,89970.66666666667,22.88888888888889,9.0,0.0,0.0,3.0,1.0,0.0
2019-06-05,13.0,1230649.0,94665.30769230769,41.69230769230769,13.0,0.0,0.0,1.0,1.0,1.0
2019-06-06,11.0,960782.0,87343.81818181818,24.09090909090909,11.0,0.0,0.0,1.0,0.0,0.0
2019-06-07,20.0,1755370.0,87768.5,29.85,20.0,0.0,0.0,0.0,4.0,4.0
2019-06-08,12.0,1124887.0,93740.58333333333,36.666666666666664,12.0,0.0,0.0,0.0,1.0,1.0
2019-06-09,26.0,2478703.0,95334.73076923077,30.615384615384617,26.0,0.0,0.0,16.0,1.0,4.0
2019-06-10,20.0,1895284.0,94764.2,20.65,20.0,0.0,0.0,6.0,0.0,1.0
2019-06-11,19.0,1340668.0,70561.47368421052,32.78947368421053,19.0,0.0,0.0,1.0,2.0,3.0
2019-06-12,24.0,1420064.0,59169.333333333336,29.958333333333332,24.0,0.0,0.0,6.0,4.0,2.0
2019-06-13,22.0,1703690.0,77440.45454545454,34.90909090909091,22.0,0.0,0.0,0.0,3.0,8.0
2019-06-14,13.0,782793.0,60214.846153846156,24.692307692307693,13.0,0.0,0.0,2.0,1.0,1.0
2019-06-15,45.0,1608829.0,35751.75555555556,25.8,45.0,0.0,0.0,26.0,3.0,5.0
2019-06-16,20.0,1813245.0,90662.25,28.6,20.0,0.0,0.0,3.0,1.0,4.0
2019-06-17,9.0,915646.0,101738.44444444444,39.333333333333336,9.0,0.0,0.0,0.0,0.0,1.0
2019-06-18,18.0,1361146.0,75619.22222222222,29.38888888888889,18.0,0.0,0.0,0.0,1.0,1.0
2019-06-19,11.0,1032491.0,93862.81818181818,31.545454545454547,11.0,0.0,0.0,0.0,0.0,2.0
2019-06-20,5.0,595157.0,119031.4,15.6,5.0,0.0,0.0,0.0,0.0,0.0
2019-06-21,10.0,1250763.0,125076.3,34.0,10.0,0.0,0.0,3.0,0.0,4.0
2019-06-22,17.0,1628514.0,95794.94117647059,21.58823529411765,17.0,0.0,0.0,3.0,1.0,1.0
2019-06-23,5.0,536291.0,107258.2,21.4,5.0,0.0,0.0,0.0,0.0,0.0
2019-06-24,13.0,1074765.0,82674.23076923077,32.69230769230769,13.0,0.0,0.0,6.0,2.0,3.0
2019-06-25,14.0,1096237.0,78302.64285714286,30.714285714285715,14.0,0.0,0.0,4.0,1.0,3.0
2019-06-26,51.0,3551822.0,69643.56862745098,28.313725490196077,51.0,0.0,0.0,19.0,5.0,7.0
2019-06-27,7.0,1066675.0,152382.14285714287,27.571428571428573,7.0,0.0,0.0,0.0,0.0,1.0
2019-06-28,4.0,640018.0,160004.5,43.0,4.0,0.0,0.0,0.0,0.0,0.0
2019-06-29,11.0,930020.0,84547.27272727272,44.09090909090909,11.0,0.0,0.0,0.0,4.0,4.0
2019-06-30,7.0,682234.0,97462.0,17.428571428571427,7.0,0.0,0.0,1.0,2.0,0.0
2019-07-01,14.0,1188801.0,84914.35714285714,39.92857142857143,14.0,0.0,0.0,0.0,0.0,4.0
2019-07-02,20.0,1794079.0,89703.95,32.05,20.0,0.0,0.0,1.0,1.0,5.0
2019-07-03,15.0,1971736.0,131449.06666666668,35.333333333333336,15.0,0.0,0.0,0.0,0.0,2.0
2019-07-04,44.0,3753791.0,85313.43181818182,21.818181818181817,44.0,0.0,0.0,28.0,6.0,2.0
2019-07-05,10.0,819732.0,81973.2,20.4,10.0,0.0,0.0,3.0,2.0,1.0
2019-07-06,15.0,931984.0,62132.26666666667,17.8,15.0,0.0,0.0,9.0,0.0,0.0
2019-07-07,16.0,1559103.0,97443.9375,33.875,16.0,0.0,0.0,4.0,0.0,5.0
2019-07-08,11.0,802516.0,72956.0,20.09090909090909,11.0,0.0,0.0,4.0,0.0,1.0
2019-07-09,24.0,2007958.0,83664.91666666667,31.0,24.0,0.0,0.0,2.0,0.0,5.0
2019-07-10,17.0,1431670.0,84215.88235294117,24.58823529411765,17.0,0.0,0.0,3.0,0.0,3.0
2019-07-11,45.0,2482681.0,55170.688888888886,33.8,45.0,0.0,0.0,9.0,5.0,14.0
2019-07-12,43.0,2003968.0,46603.90697674418,22.0,43.0,0.0,0.0,26.0,3.0,4.0
2019-07-13,33.0,1735968.0,52605.09090909091,21.87878787878788,33.0,0.0,0.0,26.0,0.0,1.0
2019-07-14,34.0,2191969.0,64469.67647058824,18.352941176470587,34.0,0.0,0.0,22.0,7.0,4.0
2019-07-15,16.0,2552617.0,159538.5625,35.875,16.0,0.0,0.0,0.0,0.0,6.0
2019-07-16,14.0,2004909.0,143207.7857142857,36.714285714285715,14.0,0.0,0.0,2.0,0.0,3.0
2019-07-17,15.0,2097557.0,139837.13333333333,36.266666666666666,15.0,0.0,0.0,0.0,0.0,3.0
2019-07-18,13.0,1159301.0,89177.0,32.53846153846154,13.0,0.0,0.0,0.0,2.0,4.0
2019-07-19,22.0,2817149.0,128052.22727272728,36.72727272727273,22.0,0.0,0.0,6.0,3.0,7.0
2019-07-20,31.0,3039270.0,98040.96774193548,19.258064516129032,31.0,0.0,0.0,23.0,3.0,1.0
2019-07-21,15.0,1702197.0,113479.8,25.8,15.0,0.0,0.0,1.0,0.0,3.0
2019-07-22,18.0,1693234.0,94068.55555555556,38.833333333333336,18.0,0.0,0.0,0.0,1.0,4.0
2019-07-23,20.0,1935873.0,96793.65,33.25,20.0,0.0,0.0,0.0,0.0,3.0
2019-07-24,42.0,3437250.0,81839.28571428571,15.857142857142858,42.0,0.0,0.0,8.0,3.0,2.0
2019-07-25,16.0,2068576.0,129286.0,25.1875,16.0,0.0,0.0,3.0,0.0,2.0
2019-07-26,17.0,1712838.0,100755.17647058824,26.41176470588235,17.0,0.0,0.0,1.0,2.0,1.0
2019-07-27,22.0,2309986.0,104999.36363636363,30.045454545454547,22.0,0.0,0.0,1.0,0.0,2.0
2019-07-28,16.0,1853424.0,115839.0,35.4375,16.0,0.0,0.0,1.0,1.0,2.0
2019-07-29,24.0,2204039.0,91834.95833333333,33.458333333333336,24.0,0.0,0.0,4.0,0.0,4.0
2019-07-30,26.0,2005128.0,77120.30769230769,28.23076923076923,26.0,0.0,0.0,7.0,1.0,5.0
2019-07-31,21.0,1806581.0,86027.66666666667,31.761904761904763,21.0,0.0,0.0,1.0,3.0,6.0
2019-08-01,18.0,1480319.0,82239.94444444444,28.166666666666668,18.0,0.0,0.0,0.0,0.0,4.0
2019-08-02,9.0,1816445.0,201827.22222222222,35.55555555555556,9.0,0.0,0.0,1.0,0.0,3.0
2019-08-03,17.0,1204751.0,70867.70588235294,22.58823529411765,17.0,0.0,0.0,7.0,4.0,1.0
2019-08-04,7.0,1046284.0,149469.14285714287,27.857142857142858,7.0,0.0,0.0,0.0,1.0,2.0
2019-08-05,14.0,1395949.0,99710.64285714286,29.571428571428573,14.0,0.0,0.0,1.0,0.0,2.0
2019-08-06,18.0,1467085.0,81504.72222222222,38.111111111111114,18.0,0.0,0.0,2.0,3.0,6.0
2019-08-07,24.0,2201746.0,91739.41666666667,36.708333333333336,24.0,0.0,0.0,2.0,1.0,6.0
2019-08-08,13.0,1111142.0,85472.46153846153,40.53846153846154,13.0,0.0,0.0,1.0,0.0,6.0
2019-08-09,8.0,634230.0,79278.75,31.25,8.0,0.0,0.0,4.0,2.0,2.0
2019-08-10,14.0,1828647.0,130617.64285714286,43.285714285714285,14.0,0.0,0.0,2.0,2.0,3.0
2019-08-11,6.0,450416.0,75069.33333333333,33.0,6.0,0.0,0.0,3.0,0.0,1.0
2019-08-12,16.0,1065325.0,66582.8125,20.5625,16.0,0.0,0.0,12.0,1.0,0.0
2019-08-13,50.0,2708352.0,54167.04,20.3,50.0,0.0,0.0,28.0,4.0,0.0
2019-08-14,15.0,1003804.0,66920.26666666666,31.866666666666667,15.0,0.0,0.0,2.0,0.0,2.0
2019-08-15,36.0,1895170.0,52643.61111111111,22.77777777777778,36.0,0.0,0.0,16.0,1.0,1.0
2019-08-16,25.0,1613162.0,64526.48,22.56,25.0,0.0,0.0,9.0,0.0,0.0
2019-08-17,31.0,741274.0,23912.064516129034,16.870967741935484,31.0,0.0,0.0,26.0,14.0,0.0
2019-08-18,20.0,1460242.0,73012.1,25.4,20.0,0.0,0.0,9.0,1.0,1.0
2019-08-19,16.0,1694520.0,105907.5,35.5625,16.0,0.0,0.0,0.0,2.0,3.0
2019-08-20,32.0,1408369.0,44011.53125,17.21875,32.0,0.0,0.0,17.0,0.0,1.0
2019-08-21,26.0,1738409.0,66861.88461538461,32.53846153846154,26.0,0.0,0.0,2.0,1.0,6.0
2019-08-22,32.0,772277.0,24133.65625,22.78125,32.0,0.0,0.0,22.0,0.0,1.0
2019-08-23,44.0,2297934.0,52225.77272727273,24.545454545454547,44.0,0.0,0.0,15.0,3.0,9.0
2019-08-24,15.0,940693.0,62712.86666666667,29.6,15.0,0.0,0.0,3.0,2.0,1.0
2019-08-25,38.0,1630845.0,42916.97368421053,20.763157894736842,38.0,0.0,0.0,18.0,1.0,1.0
2019-08-26,14.0,1152438.0,82317.0,18.785714285714285,14.0,0.0,0.0,0.0,0.0,1.0
2019-08-27,20.0,1327017.0,66350.85,34.7,20.0,0.0,0.0,1.0,3.0,2.0
2019-08-28,18.0,1654738.0,91929.88888888889,39.55555555555556,18.0,0.0,0.0,2.0,0.0,2.0
2019-08-29,11.0,866748.0,78795.27272727272,32.90909090909091,11.0,0.0,0.0,1.0,0.0,1.0
2019-08-30,24.0,1270584.0,52941.0,26.458333333333332,24.0,0.0,0.0,5.0,0.0,2.0
2019-08-31,61.0,1529866.0,25079.77049180328,22.65573770491803,61.0,0.0,0.0,37.0,2.0,1.0
2019-09-01,37.0,1140373.0,30820.891891891893,24.45945945945946,37.0,0.0,0.0,25.0,0.0,3.0
2019-09-02,33.0,1313540.0,39804.242424242424,32.93939393939394,33.0,0.0,0.0,11.0,4.0,10.0
2019-09-03,24.0,1198598.0,49941.583333333336,29.666666666666668,24.0,0.0,0.0,8.0,2.0,5.0
2019-09-04,27.0,1159901.0,42959.2962962963,29.40740740740741,27.0,0.0,0.0,7.0,3.0,10.0
2019-09-05,27.0,1328506.0,49203.92592592593,29.40740740740741,27.0,0.0,0.0,10.0,0.0,4.0
2019-09-06,25.0,1484049.0,59361.96,26.28,25.0,0.0,0.0,2.0,0.0,5.0
2019-09-07,25.0,1454233.0,58169.32,27.76,25.0,0.0,0.0,9.0,1.0,4.0
2019-09-08,15.0,715483.0,47698.86666666667,26.4,15.0,0.0,0.0,6.0,0.0,3.0
2019-09-09,34.0,1637221.0,48153.55882352941,32.35294117647059,34.0,0.0,0.0,8.0,1.0,5.0
2019-09-10,32.0,1381237.0,43163.65625,24.3125,32.0,0.0,0.0,13.0,1.0,1.0
2019-09-11,40.0,1789560.0,44739.0,24.05,40.0,0.0,0.0,20.0,1.0,4.0
2019-09-12,15.0,743520.0,49568.0,17.6,15.0,0.0,0.0,7.0,1.0,0.0
2019-09-13,9.0,787662.0,87518.0,36.55555555555556,9.0,0.0,0.0,0.0,0.0,3.0
2019-09-14,24.0,1337760.0,55740.0,17.5,24.0,0.0,0.0,11.0,1.0,1.0
2019-09-15,19.0,1354123.0,71269.63157894737,30.210526315789473,19.0,0.0,0.0,2.0,1.0,1.0
2019-09-16,35.0,1930951.0,55170.02857142857,33.05714285714286,35.0,0.0,0.0,7.0,1.0,5.0
2019-09-17,8.0,543123.0,67890.375,22.375,8.0,0.0,0.0,1.0,0.0,1.0
2019-09-18,45.0,1681259.0,37361.311111111114,20.11111111111111,45.0,0.0,0.0,25.0,4.0,2.0
2019-09-19,12.0,671432.0,55952.666666666664,24.416666666666668,12.0,0.0,0.0,5.0,0.0,1.0
2019-09-20,8.0,522409.0,65301.125,27.75,8.0,0.0,0.0,2.0,0.0,1.0
2019-09-21,24.0,1442686.0,60111.916666666664,25.833333333333332,24.0,0.0,0.0,3.0,1.0,3.0
2019-09-22,18.0,1563503.0,86861.27777777778,20.944444444444443,18.0,0.0,0.0,2.0,0.0,1.0
2019-09-23,12.0,1025207.0,85433.91666666667,19.25,12.0,0.0,0.0,3.0,0.0,1.0
2019-09-24,26.0,1976451.0,76017.34615384616,16.923076923076923,26.0,0.0,0.0,4.0,2.0,1.0
2019-09-25,32.0,1664011.0,52000.34375,19.84375,32.0,0.0,0.0,14.0,1.0,1.0
2019-09-26,60.0,2085642.0,34760.7,17.133333333333333,60.0,0.0,0.0,37.0,3.0,0.0
2019-09-27,18.0,1793268.0,99626.0,29.055555555555557,18.0,0.0,0.0,1.0,2.0,3.0
2019-09-28,44.0,2200038.0,50000.86363636364,19.681818181818183,44.0,0.0,0.0,30.0,2.0,2.0
2019-09-29,48.0,2106381.0,43882.9375,21.625,48.0,0.0,0.0,25.0,12.0,6.0
2019-09-30,25.0,2275301.0,91012.04,28.72,25.0,0.0,0.0,1.0,1.0,2.0
2019-10-01,29.0,1989267.0,68595.41379310345,24.862068965517242,29.0,0.0,0.0,14.0,1.0,3.0
2019-10-02,27.0,2494790.0,92399.62962962964,28.0,27.0,0.0,0.0,8.0,2.0,1.0
2019-10-03,51.0,2953249.0,57906.8431372549,17.80392156862745,51.0,0.0,0.0,16.0,2.0,0.0
2019-10-04,44.0,2581496.0,58670.36363636364,22.5,44.0,0.0,0.0,13.0,0.0,2.0
2019-10-05,27.0,2130482.0,78906.74074074074,19.77777777777778,27.0,0.0,0.0,5.0,0.0,0.0
2019-10-06,42.0,2359862.0,56187.19047619047,23.166666666666668,42.0,0.0,0.0,19.0,0.0,3.0
2019-10-07,32.0,1624762.0,50773.8125,31.125,32.0,0.0,0.0,13.0,2.0,7.0
2019-10-08,54.0,2320890.0,42979.444444444445,25.0,54.0,0.0,0.0,25.0,2.0,5.0
2019-10-09,43.0,2410053.0,56047.74418604651,24.790697674418606,43.0,0.0,0.0,11.0,2.0,4.0
2019-10-10,23.0,1672496.0,72717.21739130435,30.130434782608695,23.0,0.0,0.0,3.0,1.0,4.0
2019-10-11,59.0,1625481.0,27550.525423728814,19.406779661016948,59.0,0.0,0.0,36.0,1.0,1.0
2019-10-12,18.0,1130318.0,62795.444444444445,21.944444444444443,18.0,0.0,0.0,5.0,0.0,1.0
2019-10-13,27.0,1937667.0,71765.44444444444,32.22222222222222,27.0,0.0,0.0,6.0,0.0,3.0
2019-10-14,35.0,2543837.0,72681.05714285714,28.457142857142856,35.0,0.0,0.0,1.0,2.0,7.0
2019-10-15,20.0,1444772.0,72238.6,26.45,20.0,0.0,0.0,4.0,0.0,2.0
2019-10-16,23.0,2397865.0,104255.0,24.91304347826087,23.0,0.0,0.0,2.0,0.0,0.0
2019-10-17,30.0,2078421.0,69280.7,23.9,30.0,0.0,0.0,14.0,1.0,0.0
2019-10-18,22.0,1517579.0,68980.86363636363,26.136363636363637,22.0,0.0,0.0,5.0,0.0,3.0
2019-10-19,59.0,2020523.0,34246.15254237288,18.677966101694917,59.0,0.0,0.0,37.0,1.0,1.0
2019-10-20,27.0,1330550.0,49279.62962962963,20.11111111111111,27.0,0.0,0.0,9.0,3.0,2.0
2019-10-21,26.0,677243.0,26047.80769230769,21.03846153846154,26.0,0.0,0.0,20.0,2.0,0.0
2019-10-22,23.0,1407682.0,61203.565217391304,23.043478260869566,23.0,0.0,0.0,9.0,1.0,1.0
2019-10-23,46.0,2539918.0,55215.608695652176,21.847826086956523,46.0,0.0,0.0,25.0,2.0,3.0
2019-10-24,19.0,1332880.0,70151.57894736843,26.05263157894737,19.0,0.0,0.0,10.0,2.0,0.0
2019-10-25,47.0,2762734.0,58781.574468085106,22.319148936170212,47.0,0.0,0.0,27.0,3.0,4.0
2019-10-26,25.0,2548681.0,101947.24,33.52,25.0,0.0,0.0,3.0,0.0,9.0
2019-10-27,6.0,680680.0,113446.66666666667,12.666666666666666,6.0,0.0,0.0,2.0,0.0,0.0
2019-10-28,17.0,1953641.0,114920.05882352941,24.058823529411764,17.0,0.0,0.0,8.0,0.0,0.0
2019-10-29,56.0,1846877.0,32979.94642857143,22.607142857142858,56.0,0.0,0.0,41.0,1.0,0.0
2019-10-30,25.0,2080320.0,83212.8,28.76,25.0,0.0,0.0,4.0,1.0,4.0
2019-10-31,47.0,2232952.0,47509.617021276594,23.95744680851064,47.0,0.0,0.0,24.0,2.0,6.0
2019-11-01,34.0,2297587.0,67576.08823529411,28.0,34.0,0.0,0.0,8.0,5.0,8.0
2019-11-02,30.0,1736376.0,57879.2,20.433333333333334,30.0,0.0,0.0,22.0,1.0,0.0
2019-11-03,39.0,2460190.0,63081.794871794875,26.333333333333332,39.0,0.0,0.0,13.0,3.0,6.0
2019-11-04,27.0,1735855.0,64290.92592592593,27.703703703703702,27.0,0.0,0.0,9.0,3.0,1.0
2019-11-05,42.0,1683097.0,40073.73809523809,24.142857142857142,42.0,0.0,0.0,23.0,1.0,1.0
2019-11-06,17.0,1043974.0,61410.23529411765,28.470588235294116,17.0,0.0,0.0,4.0,0.0,1.0
2019-11-07,18.0,1589611.0,88311.72222222222,25.555555555555557,18.0,0.0,0.0,2.0,0.0,1.0
2019-11-08,9.0,294116.0,32679.555555555555,20.555555555555557,9.0,0.0,0.0,7.0,0.0,0.0
2019-11-09,82.0,2475040.0,30183.414634146342,17.634146341463413,82.0,0.0,0.0,58.0,3.0,0.0
2019-11-10,21.0,967507.0,46071.76190476191,24.857142857142858,21.0,0.0,0.0,10.0,1.0,0.0
2019-11-11,28.0,1815744.0,64848.0,26.357142857142858,28.0,0.0,0.0,8.0,1.0,1.0
2019-11-12,19.0,1078396.0,56757.68421052631,28.36842105263158,19.0,0.0,0.0,7.0,0.0,4.0
2019-11-13,49.0,1315897.0,26855.04081632653,19.775510204081634,49.0,0.0,0.0,39.0,0.0,2.0
2019-11-14,30.0,1364780.0,45492.666666666664,25.2,30.0,0.0,0.0,15.0,1.0,4.0
2019-11-15,37.0,1872578.0,50610.21621621621,20.513513513513512,37.0,0.0,0.0,18.0,4.0,6.0
2019-11-16,25.0,1105114.0,44204.56,21.28,25.0,0.0,0.0,12.0,3.0,1.0
2019-11-17,50.0,2451689.0,49033.78,17.6,50.0,0.0,0.0,14.0,3.0,0.0
2019-11-18,15.0,987755.0,65850.33333333333,28.133333333333333,15.0,0.0,0.0,3.0,1.0,1.0
2019-11-19,43.0,1314042.0,30559.116279069767,20.0,43.0,0.0,0.0,35.0,3.0,0.0
2019-11-20,35.0,1680107.0,48003.05714285714,18.742857142857144,35.0,0.0,0.0,18.0,0.0,1.0
2019-11-21,35.0,1957149.0,55918.54285714286,25.65714285714286,35.0,0.0,0.0,11.0,0.0,5.0
2019-11-22,28.0,1078644.0,38523.0,22.75,28.0,0.0,0.0,19.0,3.0,3.0
2019-11-23,16.0,1050741.0,65671.3125,27.75,16.0,0.0,0.0,0.0,2.0,4.0
2019-11-24,49.0,1663490.0,33948.77551020408,20.816326530612244,49.0,0.0,0.0,31.0,7.0,2.0
2019-11-25,21.0,905443.0,43116.333333333336,15.952380952380953,21.0,0.0,0.0,13.0,0.0,0.0
2019-11-26,18.0,1157169.0,64287.166666666664,21.88888888888889,18.0,0.0,0.0,7.0,0.0,2.0
2019-11-27,9.0,1466567.0,162951.88888888888,9.555555555555555,9.0,0.0,0.0,4.0,0.0,0.0
2019-11-28,7.0,809211.0,115601.57142857143,13.571428571428571,7.0,0.0,0.0,4.0,0.0,0.0
2019-11-29,1.0,235861.0,235861.0,19.0,1.0,0.0,0.0,0.0,0.0,0.0
2019-11-30,23.0,866075.0,37655.434782608696,18.347826086956523,23.0,0.0,0.0,13.0,3.0,0.0
2019-12-01,4.0,284017.0,71004.25,32.0,4.0,0.0,0.0,0.0,1.0,1.0
2019-12-02,37.0,2287773.0,61831.7027027027,29.405405405405407,37.0,0.0,0.0,9.0,1.0,1.0
2019-12-03,34.0,661421.0,19453.558823529413,18.470588235294116,34.0,0.0,0.0,30.0,1.0,0.0
2019-12-04,41.0,1273295.0,31055.975609756097,24.29268292682927,41.0,0.0,0.0,31.0,5.0,3.0
2019-12-05,16.0,1560997.0,97562.3125,27.5625,16.0,0.0,0.0,5.0,0.0,2.0
2019-12-06,48.0,1863014.0,38812.791666666664,24.0625,48.0,0.0,0.0,29.0,1.0,5.0
2019-12-07,20.0,983922.0,49196.1,27.9,20.0,0.0,0.0,10.0,0.0,1.0
2019-12-08,105.0,2487157.0,23687.209523809524,20.01904761904762,105.0,0.0,0.0,81.0,12.0,4.0
2019-12-09,23.0,867787.0,37729.86956521739,12.565217391304348,23.0,0.0,0.0,14.0,2.0,0.0
2019-12-10,39.0,1786858.0,45816.8717948718,26.871794871794872,39.0,0.0,0.0,21.0,0.0,1.0
2019-12-11,77.0,1296464.0,16837.194805194806,20.31168831168831,77.0,0.0,0.0,69.0,7.0,0.0
2019-12-12,123.0,5508211.0,44782.20325203252,18.235772357723576,123.0,0.0,0.0,94.0,4.0,3.0
2019-12-13,23.0,2299143.0,99962.73913043478,27.782608695652176,23.0,0.0,0.0,5.0,0.0,1.0
2019-12-14,25.0,1648108.0,65924.32,26.56,25.0,0.0,0.0,6.0,3.0,4.0
2019-12-15,27.0,1815396.0,67236.88888888889,24.925925925925927,27.0,0.0,0.0,8.0,0.0,0.0
2019-12-16,57.0,2713965.0,47613.42105263158,22.666666666666668,57.0,0.0,0.0,37.0,12.0,9.0
2019-12-17,21.0,1706903.0,81281.09523809524,38.95238095238095,21.0,0.0,0.0,0.0,0.0,2.0
2019-12-18,71.0,5223406.0,73569.0985915493,19.774647887323944,71.0,0.0,0.0,48.0,8.0,4.0
2019-12-19,73.0,4299547.0,58897.90410958904,21.835616438356166,73.0,0.0,0.0,53.0,8.0,0.0
2019-12-20,48.0,4804381.0,100091.27083333333,24.375,48.0,0.0,0.0,15.0,2.0,3.0
2019-12-21,6.0,651514.0,108585.66666666667,10.666666666666666,6.0,0.0,0.0,1.0,0.0,0.0
2019-12-22,9.0,817112.0,90790.22222222222,28.22222222222222,9.0,0.0,0.0,6.0,0.0,0.0
2019-12-23,29.0,1742238.0,60077.1724137931,27.862068965517242,29.0,0.0,0.0,18.0,5.0,2.0
2019-12-24,12.0,1193991.0,99499.25,25.416666666666668,12.0,0.0,0.0,2.0,1.0,2.0
2019-12-25,13.0,1839493.0,141499.46153846153,27.076923076923077,13.0,0.0,0.0,3.0,3.0,3.0
2019-12-26,35.0,2623552.0,74958.62857142858,24.771428571428572,35.0,0.0,0.0,18.0,2.0,0.0
2019-12-27,55.0,3189313.0,57987.509090909094,16.87272727272727,55.0,0.0,0.0,33.0,20.0,2.0
2019-12-28,14.0,1406275.0,100448.21428571429,20.071428571428573,14.0,0.0,0.0,5.0,3.0,0.0
2019-12-29,3.0,472719.0,157573.0,22.0,3.0,0.0,0.0,0.0,0.0,0.0
2019-12-30,5.0,618101.0,123620.2,23.0,5.0,0.0,0.0,2.0,0.0,0.0
2019-12-31,54.0,4486437.0,83082.16666666667,21.85185185185185,54.0,0.0,0.0,24.0,8.0,2.0
2020-01-01,15.0,924531.0,61635.4,14.2,15.0,0.0,0.0,10.0,0.0,0.0
2020-01-02,5.0,1372755.0,274551.0,36.4,5.0,0.0,0.0,0.0,0.0,2.0
2020-01-03,33.0,4421899.0,133996.9393939394,25.606060606060606,33.0,0.0,0.0,20.0,5.0,6.0
2020-01-04,6.0,1855499.0,309249.8333333333,39.5,6.0,0.0,0.0,0.0,0.0,2.0
2020-01-05,2.0,1214717.0,607358.5,46.5,2.0,0.0,0.0,0.0,0.0,0.0
2020-01-06,23.0,2350103.0,102178.39130434782,19.956521739130434,23.0,0.0,0.0,14.0,1.0,1.0
2020-01-07,19.0,2343333.0,123333.31578947368,21.736842105263158,19.0,0.0,0.0,15.0,0.0,0.0
2020-01-08,1.0,139986.0,139986.0,9.0,1.0,0.0,0.0,1.0,0.0,0.0
2020-01-09,33.0,2873220.0,87067.27272727272,18.666666666666668,33.0,0.0,0.0,13.0,3.0,0.0
2020-01-10,40.0,1129462.0,28236.55,20.2,40.0,0.0,0.0,30.0,0.0,0.0
2020-01-11,14.0,2590345.0,185024.64285714287,31.071428571428573,14.0,0.0,0.0,0.0,0.0,0.0
2020-01-12,29.0,2783857.0,95995.06896551725,31.24137931034483,29.0,0.0,0.0,5.0,1.0,4.0
2020-01-13,24.0,1876613.0,78192.20833333333,31.208333333333332,24.0,0.0,0.0,14.0,6.0,1.0
2020-01-14,20.0,1647542.0,82377.1,22.05,20.0,0.0,0.0,8.0,0.0,0.0
2020-01-15,26.0,795038.0,30578.384615384617,20.53846153846154,26.0,0.0,0.0,22.0,2.0,0.0
2020-01-16,25.0,1807249.0,72289.96,21.36,25.0,0.0,0.0,14.0,0.0,0.0
2020-01-17,31.0,2043470.0,65918.3870967742,25.35483870967742,31.0,0.0,0.0,15.0,1.0,2.0
2020-01-18,25.0,2517583.0,100703.32,22.24,25.0,0.0,0.0,9.0,4.0,2.0
2020-01-19,8.0,1003286.0,125410.75,28.125,8.0,0.0,0.0,2.0,0.0,0.0
2020-01-20,27.0,3743638.0,138653.25925925927,23.555555555555557,27.0,0.0,0.0,9.0,1.0,0.0
2020-01-21,5.0,496453.0,99290.6,15.2,5.0,0.0,0.0,3.0,0.0,0.0
2020-01-22,142.0,5982497.0,42130.26056338028,18.514084507042252,142.0,0.0,0.0,124.0,6.0,0.0
2020-01-23,29.0,2797215.0,96455.68965517242,21.06896551724138,29.0,0.0,0.0,1.0,0.0,2.0
2020-01-24,79.0,4423837.0,55997.93670886076,21.126582278481013,79.0,0.0,0.0,59.0,6.0,1.0
2020-01-25,71.0,3513238.0,49482.22535211268,20.690140845070424,71.0,0.0,0.0,53.0,2.0,3.0
2020-01-26,37.0,2968289.0,80224.02702702703,21.91891891891892,37.0,0.0,0.0,18.0,0.0,1.0
2020-01-27,51.0,2199609.0,43129.58823529412,20.11764705882353,51.0,0.0,0.0,35.0,4.0,2.0
2020-01-28,36.0,2567601.0,71322.25,22.97222222222222,36.0,0.0,0.0,18.0,0.0,3.0
2020-01-29,29.0,2730241.0,94146.24137931035,20.448275862068964,29.0,0.0,0.0,6.0,2.0,1.0
2020-01-30,44.0,2110861.0,47974.11363636364,19.5,44.0,0.0,0.0,24.0,1.0,4.0
2020-01-31,16.0,970332.0,60645.75,18.8125,16.0,0.0,0.0,11.0,0.0,0.0
2020-02-01,56.0,2461431.0,43954.125,18.660714285714285,56.0,0.0,0.0,47.0,7.0,0.0
2020-02-02,23.0,2640151.0,114789.17391304347,23.608695652173914,23.0,0.0,0.0,13.0,5.0,0.0
2020-02-03,43.0,2885834.0,67112.41860465116,18.069767441860463,43.0,0.0,0.0,30.0,1.0,1.0
2020-02-04,29.0,1417227.0,48869.89655172414,19.551724137931036,29.0,0.0,0.0,21.0,0.0,0.0
2020-02-05,36.0,3318236.0,92173.22222222222,17.666666666666668,36.0,0.0,0.0,28.0,9.0,0.0
2020-02-06,15.0,2061205.0,137413.66666666666,15.8,15.0,0.0,0.0,6.0,0.0,1.0
2020-02-07,59.0,4158001.0,70474.59322033898,19.88135593220339,59.0,0.0,0.0,40.0,6.0,2.0
2020-02-08,72.0,4834313.0,67143.23611111111,22.36111111111111,72.0,0.0,0.0,52.0,3.0,3.0
2020-02-09,54.0,3430785.0,63533.055555555555,19.814814814814813,54.0,0.0,0.0,36.0,3.0,1.0
2020-02-10,15.0,1804480.0,120298.66666666667,23.8,15.0,0.0,0.0,5.0,1.0,0.0
2020-02-11,47.0,2998909.0,63806.574468085106,19.06382978723404,47.0,0.0,0.0,23.0,3.0,0.0
2020-02-12,17.0,1485167.0,87362.76470588235,34.470588235294116,17.0,0.0,0.0,1.0,0.0,1.0
2020-02-13,10.0,1125952.0,112595.2,34.3,10.0,0.0,0.0,2.0,0.0,1.0
2020-02-14,23.0,1536366.0,66798.52173913043,32.21739130434783,23.0,0.0,0.0,2.0,3.0,3.0
2020-02-15,45.0,1126195.0,25026.555555555555,21.044444444444444,45.0,0.0,0.0,36.0,2.0,1.0
2020-02-16,3.0,706848.0,235616.0,20.0,3.0,0.0,0.0,0.0,0.0,0.0
2020-02-17,18.0,1597748.0,88763.77777777778,17.38888888888889,18.0,0.0,0.0,10.0,1.0,1.0
2020-02-18,38.0,1797425.0,47300.65789473684,31.13157894736842,38.0,0.0,0.0,4.0,12.0,15.0
2020-02-19,41.0,1843750.0,44969.51219512195,20.24390243902439,41.0,0.0,0.0,26.0,1.0,1.0
2020-02-20,33.0,1842328.0,55828.121212121216,23.21212121212121,33.0,0.0,0.0,14.0,0.0,0.0
2020-02-21,47.0,2027776.0,43144.17021276596,21.085106382978722,47.0,0.0,0.0,30.0,5.0,2.0
2020-02-22,12.0,984023.0,82001.91666666667,19.916666666666668,12.0,0.0,0.0,4.0,0.0,0.0
2020-02-23,13.0,1354936.0,104225.84615384616,22.384615384615383,13.0,0.0,0.0,3.0,1.0,0.0
2020-02-24,39.0,2037781.0,52250.794871794875,22.692307692307693,39.0,0.0,0.0,23.0,3.0,2.0
2020-02-25,22.0,1076342.0,48924.63636363636,18.636363636363637,22.0,0.0,0.0,12.0,3.0,1.0
2020-02-26,46.0,1522362.0,33094.82608695652,18.82608695652174,46.0,0.0,0.0,29.0,1.0,2.0
2020-02-27,11.0,848107.0,77100.63636363637,29.545454545454547,11.0,0.0,0.0,2.0,1.0,0.0
2020-02-28,24.0,1901111.0,79212.95833333333,27.333333333333332,24.0,0.0,0.0,3.0,1.0,0.0
2020-02-29,10.0,868255.0,86825.5,12.0,10.0,0.0,0.0,0.0,0.0,0.0
2020-03-01,29.0,1746101.0,60210.379310344826,26.517241379310345,29.0,0.0,0.0,10.0,2.0,1.0
2020-03-02,49.0,2123728.0,43341.38775510204,24.489795918367346,49.0,0.0,0.0,26.0,2.0,1.0
2020-03-03,37.0,2128998.0,57540.48648648649,21.10810810810811,37.0,0.0,0.0,5.0,6.0,1.0
2020-03-04,40.0,2414132.0,60353.3,25.55,40.0,0.0,0.0,14.0,6.0,0.0
2020-03-05,31.0,2048253.0,66072.67741935483,21.903225806451612,31.0,0.0,0.0,12.0,1.0,0.0
2020-03-06,25.0,1270284.0,50811.36,18.12,25.0,0.0,0.0,11.0,2.0,1.0
2020-03-07,15.0,587068.0,39137.86666666667,20.6,15.0,0.0,0.0,11.0,0.0,1.0
2020-03-08,4.0,632608.0,158152.0,27.75,4.0,0.0,0.0,0.0,0.0,0.0
2020-03-09,35.0,2376144.0,67889.82857142857,23.885714285714286,35.0,0.0,0.0,17.0,0.0,0.0
2020-03-10,34.0,1980278.0,58243.470588235294,20.470588235294116,34.0,0.0,0.0,8.0,1.0,1.0
2020-03-11,24.0,1903814.0,79325.58333333333,24.208333333333332,24.0,0.0,0.0,10.0,0.0,2.0
2020-03-12,47.0,1329074.0,28278.17021276596,22.74468085106383,47.0,0.0,0.0,37.0,3.0,3.0
2020-03-13,26.0,2434375.0,93629.80769230769,28.76923076923077,26.0,0.0,0.0,10.0,0.0,4.0
2020-03-14,24.0,2435757.0,101489.875,16.625,24.0,0.0,0.0,10.0,0.0,0.0
2020-03-15,27.0,2563077.0,94928.77777777778,24.77777777777778,27.0,0.0,0.0,11.0,0.0,1.0
2020-03-16,29.0,2622153.0,90419.06896551725,17.517241379310345,29.0,0.0,0.0,18.0,3.0,0.0
2020-03-17,47.0,1758834.0,37422.0,20.21276595744681,47.0,0.0,0.0,42.0,2.0,0.0
2020-03-18,20.0,2884262.0,144213.1,26.15,20.0,0.0,0.0,3.0,1.0,2.0
2020-03-19,13.0,1122629.0,86356.07692307692,14.23076923076923,13.0,0.0,0.0,7.0,1.0,0.0
2020-03-20,58.0,736872.0,12704.689655172413,20.5,58.0,0.0,0.0,52.0,0.0,0.0
2020-03-21,21.0,1978534.0,94215.90476190476,15.095238095238095,21.0,0.0,0.0,10.0,2.0,1.0
2020-03-22,82.0,3607343.0,43991.98780487805,19.79268292682927,82.0,0.0,0.0,70.0,4.0,0.0
2020-03-23,43.0,2542714.0,59132.88372093023,21.232558139534884,43.0,0.0,0.0,29.0,7.0,2.0
2020-03-24,37.0,2225641.0,60152.45945945946,17.945945945945947,37.0,0.0,0.0,20.0,1.0,0.0
2020-03-25,31.0,2420326.0,78075.03225806452,22.580645161290324,31.0,0.0,0.0,18.0,1.0,1.0
2020-03-26,9.0,970914.0,107879.33333333333,19.333333333333332,9.0,0.0,0.0,3.0,1.0,0.0
2020-03-27,32.0,2448274.0,76508.5625,26.375,32.0,0.0,0.0,9.0,4.0,1.0
2020-03-28,27.0,1877235.0,69527.22222222222,24.37037037037037,27.0,0.0,0.0,14.0,2.0,3.0
2020-03-29,33.0,2398921.0,72694.57575757576,24.272727272727273,33.0,0.0,0.0,15.0,3.0,3.0
2020-03-30,15.0,1114868.0,74324.53333333334,17.0,15.0,0.0,0.0,7.0,0.0,0.0
2020-03-31,26.0,1695624.0,65216.307692307695,20.76923076923077,26.0,0.0,0.0,14.0,1.0,0.0
2020-04-01,5.0,593401.0,118680.2,27.6,5.0,0.0,0.0,3.0,0.0,0.0
2020-04-02,19.0,1415742.0,74512.73684210527,23.94736842105263,19.0,0.0,0.0,8.0,0.0,2.0
2020-04-03,11.0,570169.0,51833.545454545456,19.818181818181817,11.0,0.0,0.0,5.0,0.0,0.0
2020-04-04,70.0,2353707.0,33624.385714285716,17.2,70.0,0.0,0.0,53.0,4.0,1.0
2020-04-05,23.0,1296916.0,56387.65217391304,14.91304347826087,23.0,0.0,0.0,13.0,1.0,0.0
2020-04-06,24.0,2336866.0,97369.41666666667,19.125,24.0,0.0,0.0,9.0,1.0,0.0
2020-04-07,14.0,1490539.0,106467.07142857143,17.928571428571427,14.0,0.0,0.0,3.0,3.0,0.0
2020-04-08,21.0,2944364.0,140207.80952380953,26.38095238095238,21.0,0.0,0.0,4.0,1.0,1.0
2020-04-09,10.0,1182564.0,118256.4,26.5,10.0,0.0,0.0,4.0,0.0,1.0
2020-04-10,78.0,2909556.0,37302.0,19.525641025641026,78.0,0.0,0.0,63.0,7.0,0.0
2020-04-11,31.0,2601100.0,83906.45161290323,27.29032258064516,31.0,0.0,0.0,10.0,3.0,1.0
2020-04-12,44.0,4488774.0,102017.59090909091,22.34090909090909,44.0,0.0,0.0,21.0,5.0,1.0
2020-04-13,16.0,1837373.0,114835.8125,22.625,16.0,0.0,0.0,5.0,0.0,2.0
2020-04-14,9.0,1520581.0,168953.44444444444,24.0,9.0,0.0,0.0,1.0,0.0,0.0
2020-04-15,11.0,947676.0,86152.36363636363,20.727272727272727,11.0,0.0,0.0,6.0,0.0,0.0
2020-04-16,8.0,1724432.0,215554.0,24.0,8.0,0.0,0.0,1.0,0.0,0.0
2020-04-17,35.0,3993031.0,114086.6,19.82857142857143,35.0,0.0,0.0,16.0,0.0,2.0
2020-04-18,55.0,2672419.0,48589.43636363636,20.98181818181818,55.0,0.0,0.0,40.0,1.0,2.0
2020-04-19,31.0,2495675.0,80505.64516129032,20.129032258064516,31.0,0.0,0.0,21.0,4.0,0.0
2020-04-20,26.0,3020624.0,116177.84615384616,20.923076923076923,26.0,0.0,0.0,13.0,1.0,3.0
2020-04-21,26.0,2781413.0,106977.42307692308,26.192307692307693,26.0,0.0,0.0,16.0,1.0,1.0
2020-04-22,16.0,1778621.0,111163.8125,19.5,16.0,0.0,0.0,7.0,0.0,0.0
2020-04-23,33.0,1506119.0,45639.969696969696,22.636363636363637,33.0,0.0,0.0,9.0,0.0,3.0
2020-04-24,30.0,1842286.0,61409.53333333333,23.8,30.0,0.0,0.0,14.0,2.0,0.0
2020-04-25,28.0,2528395.0,90299.82142857143,28.857142857142858,28.0,0.0,0.0,14.0,0.0,0.0
2020-04-26,44.0,3079970.0,69999.31818181818,26.5,44.0,0.0,0.0,22.0,9.0,6.0
2020-04-27,17.0,1800726.0,105925.05882352941,17.823529411764707,17.0,0.0,0.0,10.0,0.0,0.0
2020-04-28,17.0,1217437.0,71613.94117647059,15.352941176470589,17.0,0.0,0.0,9.0,0.0,0.0
2020-04-29,29.0,1336446.0,46084.34482758621,16.655172413793103,29.0,0.0,0.0,20.0,4.0,0.0
2020-04-30,67.0,4596595.0,68605.89552238806,21.686567164179106,67.0,0.0,0.0,47.0,3.0,1.0
2020-05-01,30.0,1479674.0,49322.46666666667,20.5,30.0,0.0,0.0,17.0,0.0,1.0
2020-05-02,40.0,2606569.0,65164.225,18.1,40.0,0.0,0.0,22.0,2.0,0.0
2020-05-03,31.0,2840665.0,91634.35483870968,16.806451612903224,31.0,0.0,0.0,11.0,0.0,1.0
2020-05-04,10.0,1370679.0,137067.9,33.9,10.0,0.0,0.0,1.0,0.0,0.0
2020-05-05,36.0,2306799.0,64077.75,25.02777777777778,36.0,0.0,0.0,16.0,1.0,3.0
2020-05-06,9.0,778249.0,86472.11111111111,24.666666666666668,9.0,0.0,0.0,3.0,0.0,3.0
2020-05-07,10.0,739554.0,73955.4,20.1,10.0,0.0,0.0,4.0,0.0,1.0
2020-05-08,12.0,1303747.0,108645.58333333333,22.666666666666668,12.0,0.0,0.0,1.0,0.0,2.0
2020-05-09,27.0,1689339.0,62568.11111111111,18.037037037037038,27.0,0.0,0.0,10.0,1.0,0.0
2020-05-10,126.0,3932280.0,31208.571428571428,17.642857142857142,126.0,0.0,0.0,104.0,12.0,0.0
2020-05-11,54.0,2961685.0,54846.01851851852,20.037037037037038,54.0,0.0,0.0,31.0,4.0,2.0
2020-05-12,48.0,3527434.0,73488.20833333333,19.270833333333332,48.0,0.0,0.0,21.0,2.0,0.0
2020-05-13,16.0,2144255.0,134015.9375,19.125,16.0,0.0,0.0,5.0,2.0,0.0
2020-05-14,46.0,2652085.0,57654.02173913043,17.82608695652174,46.0,0.0,0.0,29.0,2.0,0.0
2020-05-15,21.0,1540577.0,73360.80952380953,20.38095238095238,21.0,0.0,0.0,11.0,0.0,1.0
2020-05-16,58.0,3726180.0,64244.48275862069,19.448275862068964,58.0,0.0,0.0,31.0,3.0,1.0
2020-05-17,38.0,3008441.0,79169.5,17.94736842105263,38.0,0.0,0.0,13.0,0.0,3.0
2020-05-18,39.0,3372705.0,86479.61538461539,16.025641025641026,39.0,0.0,0.0,15.0,2.0,1.0
2020-05-19,23.0,845896.0,36778.086956521736,16.652173913043477,23.0,0.0,0.0,13.0,1.0,0.0
2020-05-20,46.0,3557075.0,77327.71739130435,24.565217391304348,46.0,0.0,0.0,16.0,7.0,6.0
2020-05-21,41.0,2506049.0,61123.14634146341,17.878048780487806,41.0,0.0,0.0,21.0,3.0,2.0
2020-05-22,30.0,1479591.0,49319.7,28.6,30.0,0.0,0.0,4.0,0.0,1.0
2020-05-23,58.0,2500814.0,43117.48275862069,17.67241379310345,58.0,0.0,0.0,40.0,6.0,1.0
2020-05-24,35.0,3154406.0,90125.88571428572,19.742857142857144,35.0,0.0,0.0,14.0,0.0,1.0
2020-05-25,26.0,3327664.0,127987.07692307692,26.346153846153847,26.0,0.0,0.0,8.0,1.0,5.0
2020-05-26,32.0,3176638.0,99269.9375,31.3125,32.0,0.0,0.0,11.0,1.0,5.0
2020-05-27,43.0,4063675.0,94504.06976744186,23.3953488372093,43.0,0.0,0.0,20.0,7.0,2.0
2020-05-28,52.0,3654483.0,70278.51923076923,21.826923076923077,52.0,0.0,0.0,23.0,7.0,1.0
2020-05-29,23.0,3736847.0,162471.60869565216,24.91304347826087,23.0,0.0,0.0,10.0,5.0,2.0
2020-05-30,36.0,3814729.0,105964.69444444444,27.25,36.0,0.0,0.0,17.0,2.0,3.0
2020-05-31,18.0,4303795.0,239099.72222222222,21.72222222222222,18.0,0.0,0.0,7.0,1.0,0.0
2020-06-01,48.0,5984322.0,124673.375,19.083333333333332,48.0,0.0,0.0,34.0,4.0,0.0
2020-06-02,50.0,6309167.0,126183.34,27.02,50.0,0.0,0.0,16.0,1.0,3.0
2020-06-03,56.0,5273238.0,94164.96428571429,24.178571428571427,56.0,0.0,0.0,33.0,9.0,3.0
2020-06-04,96.0,11010336.0,114691.0,19.125,96.0,0.0,0.0,54.0,3.0,5.0
2020-06-05,200.0,5484761.0,27423.805,19.7,200.0,0.0,0.0,163.0,4.0,2.0
2020-06-06,14.0,1905425.0,136101.7857142857,16.785714285714285,14.0,0.0,0.0,7.0,0.0,0.0
2020-06-07,38.0,4065558.0,106988.36842105263,31.236842105263158,38.0,0.0,0.0,10.0,1.0,1.0
2020-06-08,14.0,2445455.0,174675.35714285713,17.785714285714285,14.0,0.0,0.0,0.0,0.0,1.0
2020-06-09,50.0,3780700.0,75614.0,18.92,50.0,0.0,0.0,27.0,3.0,0.0
2020-06-10,25.0,3177474.0,127098.96,25.24,25.0,0.0,0.0,6.0,2.0,2.0
2020-06-11,32.0,3515378.0,109855.5625,30.84375,32.0,0.0,0.0,8.0,2.0,6.0
2020-06-12,38.0,2244499.0,59065.76315789474,18.842105263157894,38.0,0.0,0.0,22.0,7.0,4.0
2020-06-13,48.0,4270330.0,88965.20833333333,16.9375,48.0,0.0,0.0,29.0,2.0,0.0
2020-06-14,13.0,2252079.0,173236.84615384616,19.46153846153846,13.0,0.0,0.0,6.0,2.0,0.0
2020-06-15,12.0,2011144.0,167595.33333333334,20.833333333333332,12.0,0.0,0.0,4.0,0.0,0.0
2020-06-16,29.0,2055113.0,70865.96551724138,19.379310344827587,29.0,0.0,0.0,21.0,0.0,0.0
2020-06-17,6.0,584944.0,97490.66666666667,7.833333333333333,6.0,0.0,0.0,1.0,0.0,0.0
2020-06-18,47.0,4869375.0,103603.72340425532,31.51063829787234,47.0,0.0,0.0,3.0,1.0,3.0
2020-06-19,31.0,3285031.0,105968.74193548386,27.516129032258064,31.0,0.0,0.0,8.0,3.0,3.0
2020-06-20,21.0,2037175.0,97008.33333333333,18.571428571428573,21.0,0.0,0.0,8.0,0.0,2.0
2020-06-21,2.0,638456.0,319228.0,19.0,2.0,0.0,0.0,0.0,0.0,0.0
2020-06-22,32.0,3814987.0,119218.34375,26.09375,32.0,0.0,0.0,3.0,0.0,0.0
2020-06-23,26.0,2438721.0,93796.96153846153,26.5,26.0,0.0,0.0,11.0,1.0,2.0
2020-06-24,11.0,1885617.0,171419.72727272726,23.363636363636363,11.0,0.0,0.0,2.0,0.0,1.0
2020-06-25,34.0,3374715.0,99256.32352941176,21.08823529411765,34.0,0.0,0.0,17.0,0.0,0.0
2020-06-26,7.0,1127562.0,161080.2857142857,21.714285714285715,7.0,0.0,0.0,2.0,0.0,1.0
2020-06-27,42.0,3592573.0,85537.45238095238,12.119047619047619,42.0,0.0,0.0,15.0,5.0,2.0
2020-06-28,30.0,2702772.0,90092.4,24.166666666666668,30.0,0.0,0.0,17.0,3.0,1.0
2020-06-29,45.0,4913614.0,109191.42222222222,15.4,45.0,0.0,0.0,36.0,1.0,0.0
2020-06-30,43.0,4238987.0,98581.09302325582,20.697674418604652,43.0,0.0,0.0,29.0,5.0,0.0
2020-07-01,29.0,2243743.0,77370.44827586207,20.448275862068964,29.0,0.0,0.0,10.0,0.0,1.0
2020-07-02,40.0,3152615.0,78815.375,18.175,40.0,0.0,0.0,13.0,3.0,0.0
2020-07-03,13.0,717925.0,55225.0,32.0,13.0,0.0,0.0,3.0,0.0,2.0
2020-07-04,76.0,3271338.0,43043.92105263158,19.07894736842105,76.0,0.0,0.0,53.0,10.0,1.0
2020-07-05,8.0,1290767.0,161345.875,28.375,8.0,0.0,0.0,2.0,0.0,0.0
2020-07-06,25.0,4265684.0,170627.36,26.52,25.0,0.0,0.0,2.0,2.0,1.0
2020-07-07,7.0,1026579.0,146654.14285714287,17.857142857142858,7.0,0.0,0.0,2.0,1.0,0.0
2020-07-08,16.0,1610867.0,100679.1875,18.75,16.0,0.0,0.0,9.0,3.0,0.0
2020-07-09,22.0,2318006.0,105363.90909090909,27.181818181818183,22.0,0.0,0.0,4.0,5.0,6.0
2020-07-10,32.0,2611570.0,81611.5625,21.09375,32.0,0.0,0.0,17.0,1.0,2.0
2020-07-11,41.0,2477799.0,60434.12195121951,21.170731707317074,41.0,0.0,0.0,23.0,3.0,0.0
2020-07-12,11.0,1056838.0,96076.18181818182,35.18181818181818,11.0,0.0,0.0,5.0,0.0,1.0
2020-07-13,21.0,1785958.0,85045.61904761905,21.095238095238095,21.0,0.0,0.0,14.0,3.0,0.0
2020-07-14,36.0,1591378.0,44204.944444444445,20.555555555555557,36.0,0.0,0.0,28.0,3.0,0.0
2020-07-15,27.0,2443830.0,90512.22222222222,25.296296296296298,27.0,0.0,0.0,12.0,0.0,2.0
2020-07-16,18.0,339554.0,18864.11111111111,18.555555555555557,18.0,0.0,0.0,17.0,1.0,0.0
2020-07-17,12.0,1086253.0,90521.08333333333,29.333333333333332,12.0,0.0,0.0,4.0,0.0,2.0
2020-07-18,55.0,930277.0,16914.127272727274,18.072727272727274,55.0,0.0,0.0,52.0,6.0,0.0
2020-07-19,6.0,1544858.0,257476.33333333334,25.166666666666668,6.0,0.0,0.0,1.0,1.0,0.0
2020-07-20,3.0,518140.0,172713.33333333334,25.333333333333332,3.0,0.0,0.0,1.0,0.0,0.0
2020-07-21,13.0,1321742.0,101672.46153846153,22.46153846153846,13.0,0.0,0.0,6.0,0.0,0.0
2020-07-22,12.0,426558.0,35546.5,20.5,12.0,0.0,0.0,10.0,0.0,0.0
2020-07-23,58.0,1988042.0,34276.58620689655,20.82758620689655,58.0,0.0,0.0,46.0,3.0,0.0
2020-07-24,18.0,1514549.0,84141.61111111111,19.22222222222222,18.0,0.0,0.0,11.0,0.0,0.0
2020-07-25,23.0,1629500.0,70847.82608695653,20.869565217391305,23.0,0.0,0.0,11.0,1.0,3.0
2020-07-26,64.0,2438274.0,38098.03125,21.09375,64.0,0.0,0.0,47.0,13.0,0.0
2020-07-27,67.0,2308443.0,34454.37313432836,21.55223880597015,67.0,0.0,0.0,61.0,8.0,1.0
2020-07-28,15.0,685696.0,45713.066666666666,22.4,15.0,0.0,0.0,12.0,0.0,1.0
2020-07-29,51.0,3844088.0,75374.27450980392,23.92156862745098,51.0,0.0,0.0,23.0,1.0,3.0
2020-07-30,17.0,2684659.0,157921.11764705883,30.235294117647058,17.0,0.0,0.0,2.0,0.0,1.0
2020-07-31,21.0,2530814.0,120514.95238095238,26.523809523809526,21.0,0.0,0.0,4.0,0.0,1.0
2020-08-01,37.0,2040993.0,55161.97297297297,25.324324324324323,37.0,0.0,0.0,19.0,1.0,0.0
2020-08-02,53.0,2253482.0,42518.52830188679,18.49056603773585,53.0,0.0,0.0,38.0,10.0,1.0
2020-08-03,34.0,2612910.0,76850.29411764706,22.352941176470587,34.0,0.0,0.0,23.0,1.0,0.0
2020-08-04,24.0,1648385.0,68682.70833333333,21.708333333333332,24.0,0.0,0.0,14.0,0.0,0.0
2020-08-05,26.0,2958142.0,113774.69230769231,20.26923076923077,26.0,0.0,0.0,8.0,2.0,0.0
2020-08-06,33.0,2807153.0,85065.24242424243,19.848484848484848,33.0,0.0,0.0,23.0,4.0,0.0
2020-08-07,31.0,2214169.0,71424.80645161291,20.096774193548388,31.0,0.0,0.0,16.0,2.0,2.0
2020-08-08,14.0,734329.0,52452.07142857143,16.857142857142858,14.0,0.0,0.0,11.0,1.0,0.0
2020-08-09,5.0,552413.0,110482.6,30.0,5.0,0.0,0.0,2.0,0.0,0.0
2020-08-10,23.0,2058452.0,89497.91304347826,25.91304347826087,23.0,0.0,0.0,6.0,0.0,1.0
2020-08-11,13.0,1775207.0,136554.38461538462,26.53846153846154,13.0,0.0,0.0,1.0,1.0,2.0
2020-08-12,30.0,2546361.0,84878.7,24.866666666666667,30.0,0.0,0.0,6.0,1.0,1.0
2020-08-13,22.0,1889361.0,85880.04545454546,16.363636363636363,22.0,0.0,0.0,3.0,0.0,6.0
2020-08-14,90.0,3639548.0,40439.42222222222,21.0,90.0,0.0,0.0,64.0,15.0,3.0
2020-08-15,42.0,1863598.0,44371.380952380954,16.571428571428573,42.0,0.0,0.0,25.0,2.0,0.0
2020-08-16,55.0,1570010.0,28545.636363636364,18.12727272727273,55.0,0.0,0.0,49.0,9.0,0.0
2020-08-17,44.0,2468317.0,56098.11363636364,20.568181818181817,44.0,0.0,0.0,27.0,3.0,0.0
2020-08-18,43.0,2980964.0,69324.74418604652,23.488372093023255,43.0,0.0,0.0,23.0,2.0,2.0
2020-08-19,26.0,3403910.0,130919.61538461539,19.384615384615383,26.0,0.0,0.0,11.0,4.0,0.0
2020-08-20,48.0,4106883.0,85560.0625,15.958333333333334,48.0,0.0,0.0,24.0,2.0,0.0
2020-08-21,4.0,863023.0,215755.75,5.75,4.0,0.0,0.0,1.0,0.0,0.0
2020-08-22,21.0,2689989.0,128094.71428571429,28.571428571428573,21.0,0.0,0.0,5.0,2.0,1.0
2020-08-23,16.0,1904608.0,119038.0,21.25,16.0,0.0,0.0,4.0,0.0,1.0
2020-08-24,53.0,3880672.0,73220.22641509434,6.471698113207547,53.0,0.0,0.0,10.0,1.0,3.0
2020-08-25,55.0,3692470.0,67135.81818181818,8.636363636363637,55.0,0.0,0.0,8.0,2.0,3.0
2020-08-26,43.0,2742922.0,63788.88372093023,4.651162790697675,43.0,0.0,0.0,6.0,1.0,1.0
2020-08-27,27.0,1956695.0,72470.18518518518,6.666666666666667,27.0,0.0,0.0,4.0,1.0,0.0
2020-08-28,24.0,1976246.0,82343.58333333333,15.166666666666666,24.0,0.0,0.0,7.0,3.0,0.0
2020-08-29,57.0,3045654.0,53432.52631578947,20.68421052631579,57.0,0.0,0.0,28.0,1.0,2.0
2020-08-30,110.0,4440423.0,40367.48181818182,19.5,110.0,0.0,0.0,79.0,14.0,3.0
2020-08-31,29.0,2185392.0,75358.3448275862,19.310344827586206,29.0,0.0,0.0,13.0,0.0,0.0
2020-09-01,30.0,1990615.0,66353.83333333333,21.233333333333334,30.0,0.0,0.0,16.0,3.0,0.0
2020-09-02,45.0,3887370.0,86386.0,22.444444444444443,45.0,0.0,0.0,18.0,6.0,0.0
2020-09-03,30.0,2980889.0,99362.96666666666,32.53333333333333,30.0,0.0,0.0,7.0,1.0,5.0
2020-09-04,32.0,2529542.0,79048.1875,18.40625,32.0,0.0,0.0,10.0,3.0,1.0
2020-09-05,61.0,3367097.0,55198.311475409835,18.098360655737704,61.0,0.0,0.0,43.0,7.0,2.0
2020-09-06,43.0,2843319.0,66123.69767441861,20.651162790697676,43.0,0.0,0.0,28.0,5.0,2.0
2020-09-07,70.0,2841608.0,40594.4,19.242857142857144,70.0,0.0,0.0,47.0,27.0,0.0
2020-09-08,101.0,5305371.0,52528.425742574254,19.297029702970296,101.0,0.0,0.0,55.0,6.0,2.0
2020-09-09,61.0,3330686.0,54601.40983606558,17.39344262295082,61.0,0.0,0.0,23.0,7.0,5.0
2020-09-10,60.0,3935732.0,65595.53333333334,22.75,60.0,0.0,0.0,21.0,5.0,1.0
2020-09-11,32.0,2862358.0,89448.6875,16.1875,32.0,0.0,0.0,13.0,0.0,0.0
2020-09-12,31.0,2876963.0,92805.25806451614,21.483870967741936,31.0,0.0,0.0,5.0,2.0,1.0
2020-09-13,35.0,3132152.0,89490.05714285714,23.37142857142857,35.0,0.0,0.0,9.0,0.0,4.0
2020-09-14,115.0,4037656.0,35110.05217391304,18.347826086956523,115.0,0.0,0.0,72.0,6.0,3.0
2020-09-15,24.0,1500276.0,62511.5,14.25,24.0,0.0,0.0,10.0,1.0,0.0
2020-09-16,27.0,1786559.0,66168.85185185185,16.88888888888889,27.0,0.0,0.0,13.0,9.0,0.0
2020-09-17,43.0,3455278.0,80355.30232558139,27.023255813953487,43.0,0.0,0.0,4.0,0.0,6.0
2020-09-18,30.0,2552450.0,85081.66666666667,30.633333333333333,30.0,0.0,0.0,1.0,0.0,5.0
2020-09-19,13.0,1026906.0,78992.76923076923,13.538461538461538,13.0,0.0,0.0,6.0,0.0,0.0
2020-09-20,37.0,3180796.0,85967.45945945945,12.054054054054054,37.0,0.0,0.0,16.0,3.0,0.0
2020-09-21,38.0,2005797.0,52784.13157894737,19.42105263157895,38.0,0.0,0.0,25.0,0.0,1.0
2020-09-22,33.0,2712850.0,82207.57575757576,21.454545454545453,33.0,0.0,0.0,10.0,1.0,1.0
2020-09-23,44.0,1730534.0,39330.318181818184,22.795454545454547,44.0,0.0,0.0,21.0,0.0,1.0
2020-09-24,44.0,2876093.0,65365.75,19.75,44.0,0.0,0.0,16.0,0.0,2.0
2020-09-25,65.0,1987484.0,30576.676923076924,19.184615384615384,65.0,0.0,0.0,47.0,6.0,0.0
2020-09-26,42.0,1312876.0,31258.95238095238,21.19047619047619,42.0,0.0,0.0,31.0,0.0,0.0
2020-09-27,12.0,1428619.0,119051.58333333333,19.666666666666668,12.0,0.0,0.0,3.0,0.0,0.0
2020-09-28,37.0,2979340.0,80522.7027027027,13.972972972972974,37.0,0.0,0.0,16.0,0.0,2.0
2020-09-29,55.0,4031872.0,73306.76363636364,11.072727272727272,55.0,0.0,0.0,16.0,1.0,0.0
2020-09-30,68.0,4921295.0,72371.98529411765,19.13235294117647,68.0,0.0,0.0,28.0,4.0,0.0
2020-10-01,49.0,2325749.0,47464.26530612245,15.306122448979592,49.0,0.0,0.0,37.0,4.0,0.0
2020-10-02,3.0,4416712.0,1472237.3333333333,11.0,3.0,0.0,0.0,0.0,0.0,0.0
2020-10-03,3.0,2275392.0,758464.0,19.666666666666668,3.0,0.0,0.0,0.0,0.0,0.0
2020-10-04,9.0,2165194.0,240577.11111111112,13.11111111111111,9.0,0.0,0.0,4.0,0.0,0.0
2020-10-05,31.0,8756056.0,282453.4193548387,18.419354838709676,31.0,0.0,0.0,0.0,2.0,2.0
2020-10-06,65.0,6813664.0,104825.6,22.307692307692307,65.0,0.0,0.0,29.0,3.0,3.0
2020-10-07,83.0,8231180.0,99170.84337349398,17.325301204819276,83.0,0.0,0.0,34.0,5.0,0.0
2020-10-08,38.0,3576223.0,94111.13157894737,24.894736842105264,38.0,0.0,0.0,16.0,1.0,2.0
2020-10-09,24.0,2624295.0,109345.625,14.583333333333334,24.0,0.0,0.0,8.0,0.0,0.0
2020-10-10,20.0,1580253.0,79012.65,26.5,20.0,0.0,0.0,7.0,0.0,0.0
2020-10-11,24.0,2095644.0,87318.5,23.791666666666668,24.0,0.0,0.0,7.0,1.0,0.0
2020-10-12,111.0,8639097.0,77829.7027027027,21.47747747747748,111.0,0.0,0.0,51.0,2.0,0.0
2020-10-13,100.0,5370783.0,53707.83,19.24,100.0,0.0,0.0,52.0,7.0,2.0
2020-10-14,20.0,2362727.0,118136.35,16.6,20.0,0.0,0.0,3.0,2.0,0.0
2020-10-15,58.0,3454022.0,59552.10344827586,17.24137931034483,58.0,0.0,0.0,34.0,6.0,0.0
2020-10-16,76.0,3438781.0,45247.11842105263,17.56578947368421,76.0,0.0,0.0,49.0,5.0,0.0
2020-10-17,46.0,3907218.0,84939.52173913043,19.391304347826086,46.0,0.0,0.0,11.0,5.0,3.0
2020-10-18,33.0,3335657.0,101080.51515151515,17.666666666666668,33.0,0.0,0.0,14.0,2.0,0.0
2020-10-19,24.0,2681127.0,111713.625,23.708333333333332,24.0,0.0,0.0,6.0,2.0,4.0
2020-10-20,10.0,1915663.0,191566.3,17.5,10.0,0.0,0.0,0.0,0.0,1.0
2020-10-21,45.0,4291666.0,95370.35555555555,25.644444444444446,45.0,0.0,0.0,6.0,1.0,1.0
2020-10-22,29.0,4449551.0,153432.7931034483,21.448275862068964,29.0,0.0,0.0,12.0,1.0,1.0
2020-10-23,43.0,5760891.0,133974.2093023256,18.11627906976744,43.0,0.0,0.0,16.0,4.0,2.0
2020-10-24,67.0,4747387.0,70856.5223880597,13.537313432835822,67.0,0.0,0.0,28.0,4.0,0.0
2020-10-25,47.0,3026269.0,64388.70212765958,18.382978723404257,47.0,0.0,0.0,28.0,2.0,0.0
2020-10-26,45.0,4464980.0,99221.77777777778,14.11111111111111,45.0,0.0,0.0,15.0,0.0,0.0
2020-10-27,109.0,7065369.0,64819.89908256881,17.091743119266056,109.0,0.0,0.0,49.0,5.0,0.0
2020-10-28,32.0,4130549.0,129079.65625,19.40625,32.0,0.0,0.0,3.0,0.0,1.0
2020-10-29,35.0,3792067.0,108344.77142857143,22.8,35.0,0.0,0.0,3.0,2.0,1.0
2020-10-30,73.0,6467422.0,88594.82191780822,19.958904109589042,73.0,0.0,0.0,13.0,1.0,3.0
2020-10-31,69.0,6310007.0,91449.37681159421,27.82608695652174,69.0,0.0,0.0,7.0,0.0,0.0
2020-11-01,62.0,6464321.0,104263.24193548386,18.419354838709676,62.0,0.0,0.0,8.0,1.0,2.0
2020-11-02,80.0,7754344.0,96929.3,23.2125,80.0,0.0,0.0,10.0,0.0,5.0
2020-11-03,29.0,6239198.0,215144.75862068965,9.448275862068966,29.0,0.0,0.0,13.0,4.0,0.0
2020-11-04,18.0,5220679.0,290037.72222222225,21.61111111111111,18.0,0.0,0.0,3.0,2.0,1.0
2020-11-05,14.0,2714704.0,193907.42857142858,8.642857142857142,14.0,0.0,0.0,2.0,1.0,0.0
2020-11-06,30.0,6145539.0,204851.3,22.233333333333334,30.0,0.0,0.0,16.0,2.0,3.0
2020-11-07,13.0,4287628.0,329817.53846153844,21.923076923076923,13.0,0.0,0.0,0.0,4.0,2.0
2020-11-08,19.0,5812660.0,305929.4736842105,13.368421052631579,19.0,0.0,0.0,0.0,0.0,4.0
2020-11-09,28.0,8116812.0,289886.14285714284,16.928571428571427,28.0,0.0,0.0,5.0,0.0,3.0
2020-11-10,42.0,11422644.0,271967.71428571426,16.928571428571427,42.0,0.0,0.0,12.0,4.0,0.0
2020-11-11,24.0,5745680.0,239403.33333333334,17.125,24.0,0.0,0.0,9.0,2.0,0.0
2020-11-12,48.0,5098872.0,106226.5,19.645833333333332,48.0,0.0,0.0,34.0,7.0,0.0
2020-11-13,33.0,4656213.0,141097.36363636365,15.606060606060606,33.0,0.0,0.0,17.0,3.0,0.0
2020-11-14,42.0,6012581.0,143156.69047619047,19.904761904761905,42.0,0.0,0.0,13.0,2.0,2.0
2020-11-15,49.0,5888300.0,120169.38775510204,20.20408163265306,49.0,0.0,0.0,22.0,5.0,4.0
2020-11-16,41.0,5107385.0,124570.36585365854,18.073170731707318,41.0,0.0,0.0,20.0,8.0,0.0
2020-11-17,22.0,3238905.0,147222.95454545456,18.545454545454547,22.0,0.0,0.0,5.0,2.0,1.0
2020-11-18,21.0,2905127.0,138339.38095238095,19.285714285714285,21.0,0.0,0.0,6.0,2.0,0.0
2020-11-19,27.0,3716377.0,137643.59259259258,17.77777777777778,27.0,0.0,0.0,7.0,1.0,0.0
2020-11-20,24.0,2538935.0,105788.95833333333,13.625,24.0,0.0,0.0,9.0,3.0,2.0
2020-11-21,38.0,6252878.0,164549.42105263157,21.13157894736842,38.0,0.0,0.0,9.0,3.0,6.0
2020-11-22,17.0,2607442.0,153378.9411764706,20.58823529411765,17.0,0.0,0.0,7.0,0.0,0.0
2020-11-23,4.0,1262611.0,315652.75,36.25,4.0,0.0,0.0,0.0,0.0,1.0
2020-11-24,36.0,4396357.0,122121.02777777778,18.11111111111111,36.0,0.0,0.0,20.0,5.0,1.0
2020-11-25,49.0,4640318.0,94700.36734693877,16.714285714285715,49.0,0.0,0.0,31.0,4.0,0.0
2020-11-26,14.0,3356475.0,239748.2142857143,16.785714285714285,14.0,0.0,0.0,2.0,0.0,0.0
2020-11-27,32.0,4864483.0,152015.09375,19.53125,32.0,0.0,0.0,16.0,0.0,0.0
2020-11-28,9.0,2651951.0,294661.22222222225,25.11111111111111,9.0,0.0,0.0,1.0,0.0,0.0
2020-11-29,16.0,2712984.0,169561.5,14.0625,16.0,0.0,0.0,4.0,0.0,0.0
2020-11-30,28.0,3294065.0,117645.17857142857,20.678571428571427,28.0,0.0,0.0,14.0,4.0,1.0
2020-12-01,49.0,6209193.0,126718.22448979592,12.448979591836734,49.0,0.0,0.0,13.0,2.0,1.0
2020-12-02,24.0,3561391.0,148391.29166666666,11.833333333333334,24.0,0.0,0.0,7.0,1.0,0.0
2020-12-03,17.0,3121265.0,183603.82352941178,22.823529411764707,17.0,0.0,0.0,2.0,1.0,0.0
2020-12-04,32.0,4110999.0,128468.71875,15.3125,32.0,0.0,0.0,12.0,0.0,1.0
2020-12-05,19.0,2244263.0,118119.1052631579,17.473684210526315,19.0,0.0,0.0,2.0,0.0,1.0
2020-12-06,62.0,3936674.0,63494.74193548387,14.85483870967742,62.0,0.0,0.0,39.0,4.0,0.0
2020-12-07,13.0,1588075.0,122159.61538461539,17.923076923076923,13.0,0.0,0.0,1.0,0.0,0.0
2020-12-08,36.0,2038218.0,56617.166666666664,19.27777777777778,36.0,0.0,0.0,21.0,9.0,0.0
2020-12-09,15.0,2702691.0,180179.4,23.266666666666666,15.0,0.0,0.0,0.0,0.0,0.0
2020-12-10,32.0,3446754.0,107711.0625,18.34375,32.0,0.0,0.0,10.0,2.0,1.0
2020-12-11,23.0,3215054.0,139784.95652173914,21.565217391304348,23.0,0.0,0.0,2.0,3.0,1.0
2020-12-12,23.0,3785693.0,164595.34782608695,25.130434782608695,23.0,0.0,0.0,6.0,2.0,1.0
2020-12-13,19.0,2937129.0,154585.73684210525,24.263157894736842,19.0,0.0,0.0,3.0,1.0,4.0
2020-12-14,12.0,1774705.0,147892.08333333334,22.916666666666668,12.0,0.0,0.0,5.0,1.0,1.0
2020-12-15,19.0,2456620.0,129295.78947368421,23.31578947368421,19.0,0.0,0.0,10.0,1.0,0.0
2020-12-16,13.0,1770311.0,136177.76923076922,24.384615384615383,13.0,0.0,0.0,3.0,0.0,0.0
2020-12-17,19.0,2412202.0,126958.0,18.263157894736842,19.0,0.0,0.0,6.0,0.0,0.0
2020-12-18,20.0,1906543.0,95327.15,18.8,20.0,0.0,0.0,9.0,1.0,0.0
2020-12-19,25.0,2492773.0,99710.92,20.72,25.0,0.0,0.0,6.0,1.0,1.0
2020-12-20,23.0,1915149.0,83267.34782608696,16.391304347826086,23.0,0.0,0.0,15.0,6.0,0.0
2020-12-21,16.0,1718918.0,107432.375,26.75,16.0,0.0,0.0,8.0,3.0,3.0
2020-12-22,11.0,1911767.0,173797.0,21.545454545454547,11.0,0.0,0.0,4.0,0.0,0.0
2020-12-23,10.0,2206631.0,220663.1,19.8,10.0,0.0,0.0,4.0,1.0,2.0
2020-12-24,10.0,2040770.0,204077.0,20.4,10.0,0.0,0.0,0.0,0.0,0.0
2020-12-25,8.0,1715823.0,214477.875,16.5,8.0,0.0,0.0,2.0,0.0,0.0
2020-12-26,25.0,3270082.0,130803.28,31.12,25.0,0.0,0.0,8.0,4.0,3.0
2020-12-27,8.0,1512371.0,189046.375,14.375,8.0,0.0,0.0,1.0,0.0,0.0
2020-12-28,6.0,768436.0,128072.66666666667,15.166666666666666,6.0,0.0,0.0,4.0,1.0,0.0
2020-12-29,24.0,2507655.0,104485.625,28.5,24.0,0.0,0.0,8.0,1.0,5.0
2020-12-30,19.0,3035434.0,159759.68421052632,26.0,19.0,0.0,0.0,1.0,0.0,3.0
2020-12-31,6.0,884398.0,147399.66666666666,14.5,6.0,0.0,0.0,1.0,1.0,0.0
2021-01-01,29.0,3921022.0,135207.6551724138,17.482758620689655,29.0,0.0,0.0,7.0,1.0,3.0
2021-01-02,22.0,2599154.0,118143.36363636363,21.227272727272727,22.0,0.0,0.0,9.0,0.0,1.0
2021-01-03,39.0,3143221.0,80595.41025641025,18.974358974358974,39.0,0.0,0.0,22.0,1.0,1.0
2021-01-04,18.0,2251266.0,125070.33333333333,7.611111111111111,18.0,0.0,0.0,1.0,0.0,1.0
2021-01-05,18.0,2732345.0,151796.94444444444,23.22222222222222,18.0,0.0,0.0,6.0,1.0,0.0
2021-01-06,22.0,4998439.0,227201.77272727274,21.636363636363637,22.0,0.0,0.0,6.0,3.0,0.0
2021-01-07,1.0,779480.0,779480.0,1.0,1.0,0.0,0.0,0.0,0.0,0.0
2021-01-08,2.0,1342114.0,671057.0,28.5,2.0,0.0,0.0,0.0,0.0,0.0
2021-01-09,0.0,0.0,,,0.0,0.0,0.0,0.0,0.0,0.0
2021-01-10,0.0,0.0,,,0.0,0.0,0.0,0.0,0.0,0.0
2021-01-11,0.0,0.0,,,0.0,0.0,0.0,0.0,0.0,0.0
2021-01-12,0.0,0.0,,,0.0,0.0,0.0,0.0,0.0,0.0
2021-01-13,0.0,0.0,,,0.0,0.0,0.0,0.0,0.0,0.0
2021-01-14,0.0,0.0,,,0.0,0.0,0.0,0.0,0.0,0.0
2021-01-15,0.0,0.0,,,0.0,0.0,0.0,0.0,0.0,0.0
2021-01-16,0.0,0.0,,,0.0,0.0,0.0,0.0,0.0,0.0
2021-01-17,0.0,0.0,,,0.0,0.0,0.0,0.0,0.0,0.0
2021-01-18,0.0,0.0,,,0.0,0.0,0.0,0.0,0.0,0.0
2021-01-19,0.0,0.0,,,0.0,0.0,0.0,0.0,0.0,0.0
2021-01-20,0.0,0.0,,,0.0,0.0,0.0,0.0,0.0,0.0
2021-01-21,0.0,0.0,,,0.0,0.0,0.0,0.0,0.0,0.0
2021-01-22,0.0,0.0,,,0.0,0.0,0.0,0.0,0.0,0.0
2021-01-23,0.0,0.0,,,0.0,0.0,0.0,0.0,0.0,0.0
2021-01-24,0.0,0.0,,,0.0,0.0,0.0,0.0,0.0,0.0
2021-01-25,0.0,0.0,,,0.0,0.0,0.0,0.0,0.0,0.0
2021-01-26,0.0,0.0,,,0.0,0.0,0.0,0.0,0.0,0.0
2021-01-27,0.0,0.0,,,0.0,0.0,0.0,0.0,0.0,0.0
2021-01-28,0.0,0.0,,,0.0,0.0,0.0,0.0,0.0,0.0
2021-01-29,0.0,0.0,,,0.0,0.0,0.0,0.0,0.0,0.0
2021-01-30,0.0,0.0,,,0.0,0.0,0.0,0.0,0.0,0.0
2021-01-31,0.0,0.0,,,0.0,0.0,0.0,0.0,0.0,0.0
2021-02-01,0.0,0.0,,,0.0,0.0,0.0,0.0,0.0,0.0
2021-02-02,0.0,0.0,,,0.0,0.0,0.0,0.0,0.0,0.0
2021-02-03,0.0,0.0,,,0.0,0.0,0.0,0.0,0.0,0.0
2021-02-04,0.0,0.0,,,0.0,0.0,0.0,0.0,0.0,0.0
2021-02-05,0.0,0.0,,,0.0,0.0,0.0,0.0,0.0,0.0
2021-02-06,0.0,0.0,,,0.0,0.0,0.0,0.0,0.0,0.0
2021-02-07,0.0,0.0,,,0.0,0.0,0.0,0.0,0.0,0.0
2021-02-08,0.0,0.0,,,0.0,0.0,0.0,0.0,0.0,0.0
2021-02-09,0.0,0.0,,,0.0,0.0,0.0,0.0,0.0,0.0
2021-02-10,0.0,0.0,,,0.0,0.0,0.0,0.0,0.0,0.0
2021-02-11,0.0,0.0,,,0.0,0.0,0.0,0.0,0.0,0.0
2021-02-12,0.0,0.0,,,0.0,0.0,0.0,0.0,0.0,0.0
2021-02-13,0.0,0.0,,,0.0,0.0,0.0,0.0,0.0,0.0
2021-02-14,0.0,0.0,,,0.0,0.0,0.0,0.0,0.0,0.0
2021-02-15,0.0,0.0,,,0.0,0.0,0.0,0.0,0.0,0.0
2021-02-16,0.0,0.0,,,0.0,0.0,0.0,0.0,0.0,0.0
2021-02-17,0.0,0.0,,,0.0,0.0,0.0,0.0,0.0,0.0
2021-02-18,0.0,0.0,,,0.0,0.0,0.0,0.0,0.0,0.0
2021-02-19,0.0,0.0,,,0.0,0.0,0.0,0.0,0.0,0.0
2021-02-20,0.0,0.0,,,0.0,0.0,0.0,0.0,0.0,0.0
2021-02-21,0.0,0.0,,,0.0,0.0,0.0,0.0,0.0,0.0
2021-02-22,0.0,0.0,,,0.0,0.0,0.0,0.0,0.0,0.0
2021-02-23,0.0,0.0,,,0.0,0.0,0.0,0.0,0.0,0.0
2021-02-24,0.0,0.0,,,0.0,0.0,0.0,0.0,0.0,0.0
2021-02-25,0.0,0.0,,,0.0,0.0,0.0,0.0,0.0,0.0
2021-02-26,0.0,0.0,,,0.0,0.0,0.0,0.0,0.0,0.0
2021-02-27,0.0,0.0,,,0.0,0.0,0.0,0.0,0.0,0.0
2021-02-28,0.0,0.0,,,0.0,0.0,0.0,0.0,0.0,0.0
2021-03-01,0.0,0.0,,,0.0,0.0,0.0,0.0,0.0,0.0
2021-03-02,0.0,0.0,,,0.0,0.0,0.0,0.0,0.0,0.0
2021-03-03,0.0,0.0,,,0.0,0.0,0.0,0.0,0.0,0.0
2021-03-04,0.0,0.0,,,0.0,0.0,0.0,0.0,0.0,0.0
2021-03-05,0.0,0.0,,,0.0,0.0,0.0,0.0,0.0,0.0
2021-03-06,0.0,0.0,,,0.0,0.0,0.0,0.0,0.0,0.0
2021-03-07,0.0,0.0,,,0.0,0.0,0.0,0.0,0.0,0.0
2021-03-08,0.0,0.0,,,0.0,0.0,0.0,0.0,0.0,0.0
2021-03-09,0.0,0.0,,,0.0,0.0,0.0,0.0,0.0,0.0
2021-03-10,0.0,0.0,,,0.0,0.0,0.0,0.0,0.0,0.0
2021-03-11,0.0,0.0,,,0.0,0.0,0.0,0.0,0.0,0.0
2021-03-12,0.0,0.0,,,0.0,0.0,0.0,0.0,0.0,0.0
2021-03-13,0.0,0.0,,,0.0,0.0,0.0,0.0,0.0,0.0
2021-03-14,0.0,0.0,,,0.0,0.0,0.0,0.0,0.0,0.0
2021-03-15,0.0,0.0,,,0.0,0.0,0.0,0.0,0.0,0.0
2021-03-16,0.0,0.0,,,0.0,0.0,0.0,0.0,0.0,0.0
2021-03-17,0.0,0.0,,,0.0,0.0,0.0,0.0,0.0,0.0
2021-03-18,0.0,0.0,,,0.0,0.0,0.0,0.0,0.0,0.0
2021-03-19,0.0,0.0,,,0.0,0.0,0.0,0.0,0.0,0.0
2021-03-20,0.0,0.0,,,0.0,0.0,0.0,0.0,0.0,0.0
2021-03-21,0.0,0.0,,,0.0,0.0,0.0,0.0,0.0,0.0
2021-03-22,0.0,0.0,,,0.0,0.0,0.0,0.0,0.0,0.0
2021-03-23,0.0,0.0,,,0.0,0.0,0.0,0.0,0.0,0.0
2021-03-24,0.0,0.0,,,0.0,0.0,0.0,0.0,0.0,0.0
2021-03-25,0.0,0.0,,,0.0,0.0,0.0,0.0,0.0,0.0
2021-03-26,0.0,0.0,,,0.0,0.0,0.0,0.0,0.0,0.0
2021-03-27,0.0,0.0,,,0.0,0.0,0.0,0.0,0.0,0.0
2021-03-28,0.0,0.0,,,0.0,0.0,0.0,0.0,0.0,0.0
2021-03-29,0.0,0.0,,,0.0,0.0,0.0,0.0,0.0,0.0
2021-03-30,0.0,0.0,,,0.0,0.0,0.0,0.0,0.0,0.0
2021-03-31,0.0,0.0,,,0.0,0.0,0.0,0.0,0.0,0.0
2021-04-01,0.0,0.0,,,0.0,0.0,0.0,0.0,0.0,0.0
2021-04-02,0.0,0.0,,,0.0,0.0,0.0,0.0,0.0,0.0
2021-04-03,0.0,0.0,,,0.0,0.0,0.0,0.0,0.0,0.0
2021-04-04,0.0,0.0,,,0.0,0.0,0.0,0.0,0.0,0.0
2021-04-05,0.0,0.0,,,0.0,0.0,0.0,0.0,0.0,0.0
2021-04-06,0.0,0.0,,,0.0,0.0,0.0,0.0,0.0,0.0
2021-04-07,0.0,0.0,,,0.0,0.0,0.0,0.0,0.0,0.0
2021-04-08,0.0,0.0,,,0.0,0.0,0.0,0.0,0.0,0.0
2021-04-09,0.0,0.0,,,0.0,0.0,0.0,0.0,0.0,0.0
2021-04-10,0.0,0.0,,,0.0,0.0,0.0,0.0,0.0,0.0
2021-04-11,0.0,0.0,,,0.0,0.0,0.0,0.0,0.0,0.0
2021-04-12,0.0,0.0,,,0.0,0.0,0.0,0.0,0.0,0.0
2021-04-13,0.0,0.0,,,0.0,0.0,0.0,0.0,0.0,0.0
2021-04-14,0.0,0.0,,,0.0,0.0,0.0,0.0,0.0,0.0
2021-04-15,0.0,0.0,,,0.0,0.0,0.0,0.0,0.0,0.0
2021-04-16,0.0,0.0,,,0.0,0.0,0.0,0.0,0.0,0.0
2021-04-17,0.0,0.0,,,0.0,0.0,0.0,0.0,0.0,0.0
2021-04-18,0.0,0.0,,,0.0,0.0,0.0,0.0,0.0,0.0
2021-04-19,0.0,0.0,,,0.0,0.0,0.0,0.0,0.0,0.0
2021-04-20,0.0,0.0,,,0.0,0.0,0.0,0.0,0.0,0.0
2021-04-21,0.0,0.0,,,0.0,0.0,0.0,0.0,0.0,0.0
2021-04-22,0.0,0.0,,,0.0,0.0,0.0,0.0,0.0,0.0
2021-04-23,0.0,0.0,,,0.0,0.0,0.0,0.0,0.0,0.0
2021-04-24,0.0,0.0,,,0.0,0.0,0.0,0.0,0.0,0.0
2021-04-25,0.0,0.0,,,0.0,0.0,0.0,0.0,0.0,0.0
2021-04-26,0.0,0.0,,,0.0,0.0,0.0,0.0,0.0,0.0
2021-04-27,0.0,0.0,,,0.0,0.0,0.0,0.0,0.0,0.0
2021-04-28,0.0,0.0,,,0.0,0.0,0.0,0.0,0.0,0.0
2021-04-29,0.0,0.0,,,0.0,0.0,0.0,0.0,0.0,0.0
2021-04-30,0.0,0.0,,,0.0,0.0,0.0,0.0,0.0,0.0
2021-05-01,0.0,0.0,,,0.0,0.0,0.0,0.0,0.0,0.0
2021-05-02,0.0,0.0,,,0.0,0.0,0.0,0.0,0.0,0.0
2021-05-03,0.0,0.0,,,0.0,0.0,0.0,0.0,0.0,0.0
2021-05-04,0.0,0.0,,,0.0,0.0,0.0,0.0,0.0,0.0
2021-05-05,0.0,0.0,,,0.0,0.0,0.0,0.0,0.0,0.0
2021-05-06,0.0,0.0,,,0.0,0.0,0.0,0.0,0.0,0.0
2021-05-07,0.0,0.0,,,0.0,0.0,0.0,0.0,0.0,0.0
2021-05-08,0.0,0.0,,,0.0,0.0,0.0,0.0,0.0,0.0
2021-05-09,0.0,0.0,,,0.0,0.0,0.0,0.0,0.0,0.0
2021-05-10,0.0,0.0,,,0.0,0.0,0.0,0.0,0.0,0.0
2021-05-11,0.0,0.0,,,0.0,0.0,0.0,0.0,0.0,0.0
2021-05-12,0.0,0.0,,,0.0,0.0,0.0,0.0,0.0,0.0
2021-05-13,0.0,0.0,,,0.0,0.0,0.0,0.0,0.0,0.0
2021-05-14,0.0,0.0,,,0.0,0.0,0.0,0.0,0.0,0.0
2021-05-15,0.0,0.0,,,0.0,0.0,0.0,0.0,0.0,0.0
2021-05-16,0.0,0.0,,,0.0,0.0,0.0,0.0,0.0,0.0
2021-05-17,0.0,0.0,,,0.0,0.0,0.0,0.0,0.0,0.0
2021-05-18,0.0,0.0,,,0.0,0.0,0.0,0.0,0.0,0.0
2021-05-19,0.0,0.0,,,0.0,0.0,0.0,0.0,0.0,0.0
2021-05-20,0.0,0.0,,,0.0,0.0,0.0,0.0,0.0,0.0
2021-05-21,0.0,0.0,,,0.0,0.0,0.0,0.0,0.0,0.0
2021-05-22,0.0,0.0,,,0.0,0.0,0.0,0.0,0.0,0.0
2021-05-23,0.0,0.0,,,0.0,0.0,0.0,0.0,0.0,0.0
2021-05-24,0.0,0.0,,,0.0,0.0,0.0,0.0,0.0,0.0
2021-05-25,0.0,0.0,,,0.0,0.0,0.0,0.0,0.0,0.0
2021-05-26,0.0,0.0,,,0.0,0.0,0.0,0.0,0.0,0.0
2021-05-27,0.0,0.0,,,0.0,0.0,0.0,0.0,0.0,0.0
2021-05-28,0.0,0.0,,,0.0,0.0,0.0,0.0,0.0,0.0
2021-05-29,0.0,0.0,,,0.0,0.0,0.0,0.0,0.0,0.0
2021-05-30,0.0,0.0,,,0.0,0.0,0.0,0.0,0.0,0.0
2021-05-31,0.0,0.0,,,0.0,0.0,0.0,0.0,0.0,0.0
2021-06-01,0.0,0.0,,,0.0,0.0,0.0,0.0,0.0,0.0
2021-06-02,0.0,0.0,,,0.0,0.0,0.0,0.0,0.0,0.0
2021-06-03,0.0,0.0,,,0.0,0.0,0.0,0.0,0.0,0.0
2021-06-04,0.0,0.0,,,0.0,0.0,0.0,0.0,0.0,0.0
2021-06-05,0.0,0.0,,,0.0,0.0,0.0,0.0,0.0,0.0
2021-06-06,0.0,0.0,,,0.0,0.0,0.0,0.0,0.0,0.0
2021-06-07,0.0,0.0,,,0.0,0.0,0.0,0.0,0.0,0.0
2021-06-08,0.0,0.0,,,0.0,0.0,0.0,0.0,0.0,0.0
2021-06-09,0.0,0.0,,,0.0,0.0,0.0,0.0,0.0,0.0
2021-06-10,0.0,0.0,,,0.0,0.0,0.0,0.0,0.0,0.0
2021-06-11,0.0,0.0,,,0.0,0.0,0.0,0.0,0.0,0.0
2021-06-12,0.0,0.0,,,0.0,0.0,0.0,0.0,0.0,0.0
2021-06-13,0.0,0.0,,,0.0,0.0,0.0,0.0,0.0,0.0
2021-06-14,0.0,0.0,,,0.0,0.0,0.0,0.0,0.0,0.0
2021-06-15,0.0,0.0,,,0.0,0.0,0.0,0.0,0.0,0.0
2021-06-16,0.0,0.0,,,0.0,0.0,0.0,0.0,0.0,0.0
2021-06-17,0.0,0.0,,,0.0,0.0,0.0,0.0,0.0,0.0
2021-06-18,0.0,0.0,,,0.0,0.0,0.0,0.0,0.0,0.0
2021-06-19,0.0,0.0,,,0.0,0.0,0.0,0.0,0.0,0.0
2021-06-20,0.0,0.0,,,0.0,0.0,0.0,0.0,0.0,0.0
2021-06-21,0.0,0.0,,,0.0,0.0,0.0,0.0,0.0,0.0
2021-06-22,0.0,0.0,,,0.0,0.0,0.0,0.0,0.0,0.0
2021-06-23,0.0,0.0,,,0.0,0.0,0.0,0.0,0.0,0.0
2021-06-24,0.0,0.0,,,0.0,0.0,0.0,0.0,0.0,0.0
2021-06-25,0.0,0.0,,,0.0,0.0,0.0,0.0,0.0,0.0
2021-06-26,0.0,0.0,,,0.0,0.0,0.0,0.0,0.0,0.0
2021-06-27,0.0,0.0,,,0.0,0.0,0.0,0.0,0.0,0.0
2021-06-28,0.0,0.0,,,0.0,0.0,0.0,0.0,0.0,0.0
2021-06-29,0.0,0.0,,,0.0,0.0,0.0,0.0,0.0,0.0
2021-06-30,0.0,0.0,,,0.0,0.0,0.0,0.0,0.0,0.0
2021-07-01,0.0,0.0,,,0.0,0.0,0.0,0.0,0.0,0.0
2021-07-02,0.0,0.0,,,0.0,0.0,0.0,0.0,0.0,0.0
2021-07-03,0.0,0.0,,,0.0,0.0,0.0,0.0,0.0,0.0
2021-07-04,0.0,0.0,,,0.0,0.0,0.0,0.0,0.0,0.0
2021-07-05,0.0,0.0,,,0.0,0.0,0.0,0.0,0.0,0.0
2021-07-06,0.0,0.0,,,0.0,0.0,0.0,0.0,0.0,0.0
2021-07-07,0.0,0.0,,,0.0,0.0,0.0,0.0,0.0,0.0
2021-07-08,0.0,0.0,,,0.0,0.0,0.0,0.0,0.0,0.0
2021-07-09,0.0,0.0,,,0.0,0.0,0.0,0.0,0.0,0.0
2021-07-10,0.0,0.0,,,0.0,0.0,0.0,0.0,0.0,0.0
2021-07-11,0.0,0.0,,,0.0,0.0,0.0,0.0,0.0,0.0
2021-07-12,0.0,0.0,,,0.0,0.0,0.0,0.0,0.0,0.0
2021-07-13,0.0,0.0,,,0.0,0.0,0.0,0.0,0.0,0.0
2021-07-14,0.0,0.0,,,0.0,0.0,0.0,0.0,0.0,0.0
2021-07-15,0.0,0.0,,,0.0,0.0,0.0,0.0,0.0,0.0
2021-07-16,0.0,0.0,,,0.0,0.0,0.0,0.0,0.0,0.0
2021-07-17,0.0,0.0,,,0.0,0.0,0.0,0.0,0.0,0.0
2021-07-18,0.0,0.0,,,0.0,0.0,0.0,0.0,0.0,0.0
2021-07-19,0.0,0.0,,,0.0,0.0,0.0,0.0,0.0,0.0
2021-07-20,0.0,0.0,,,0.0,0.0,0.0,0.0,0.0,0.0
2021-07-21,0.0,0.0,,,0.0,0.0,0.0,0.0,0.0,0.0
2021-07-22,0.0,0.0,,,0.0,0.0,0.0,0.0,0.0,0.0
2021-07-23,0.0,0.0,,,0.0,0.0,0.0,0.0,0.0,0.0
2021-07-24,0.0,0.0,,,0.0,0.0,0.0,0.0,0.0,0.0
2021-07-25,0.0,0.0,,,0.0,0.0,0.0,0.0,0.0,0.0
2021-07-26,0.0,0.0,,,0.0,0.0,0.0,0.0,0.0,0.0
2021-07-27,0.0,0.0,,,0.0,0.0,0.0,0.0,0.0,0.0
2021-07-28,0.0,0.0,,,0.0,0.0,0.0,0.0,0.0,0.0
2021-07-29,0.0,0.0,,,0.0,0.0,0.0,0.0,0.0,0.0
2021-07-30,0.0,0.0,,,0.0,0.0,0.0,0.0,0.0,0.0
2021-07-31,0.0,0.0,,,0.0,0.0,0.0,0.0,0.0,0.0
2021-08-01,0.0,0.0,,,0.0,0.0,0.0,0.0,0.0,0.0
2021-08-02,0.0,0.0,,,0.0,0.0,0.0,0.0,0.0,0.0
2021-08-03,0.0,0.0,,,0.0,0.0,0.0,0.0,0.0,0.0
2021-08-04,0.0,0.0,,,0.0,0.0,0.0,0.0,0.0,0.0
2021-08-05,0.0,0.0,,,0.0,0.0,0.0,0.0,0.0,0.0
2021-08-06,0.0,0.0,,,0.0,0.0,0.0,0.0,0.0,0.0
2021-08-07,0.0,0.0,,,0.0,0.0,0.0,0.0,0.0,0.0
2021-08-08,0.0,0.0,,,0.0,0.0,0.0,0.0,0.0,0.0
2021-08-09,0.0,0.0,,,0.0,0.0,0.0,0.0,0.0,0.0
2021-08-10,0.0,0.0,,,0.0,0.0,0.0,0.0,0.0,0.0
2021-08-11,0.0,0.0,,,0.0,0.0,0.0,0.0,0.0,0.0
2021-08-12,0.0,0.0,,,0.0,0.0,0.0,0.0,0.0,0.0
2021-08-13,0.0,0.0,,,0.0,0.0,0.0,0.0,0.0,0.0
2021-08-14,0.0,0.0,,,0.0,0.0,0.0,0.0,0.0,0.0
2021-08-15,0.0,0.0,,,0.0,0.0,0.0,0.0,0.0,0.0
2021-08-16,0.0,0.0,,,0.0,0.0,0.0,0.0,0.0,0.0
2021-08-17,0.0,0.0,,,0.0,0.0,0.0,0.0,0.0,0.0
2021-08-18,0.0,0.0,,,0.0,0.0,0.0,0.0,0.0,0.0
2021-08-19,0.0,0.0,,,0.0,0.0,0.0,0.0,0.0,0.0
2021-08-20,0.0,0.0,,,0.0,0.0,0.0,0.0,0.0,0.0
2021-08-21,0.0,0.0,,,0.0,0.0,0.0,0.0,0.0,0.0
2021-08-22,0.0,0.0,,,0.0,0.0,0.0,0.0,0.0,0.0
2021-08-23,0.0,0.0,,,0.0,0.0,0.0,0.0,0.0,0.0
2021-08-24,0.0,0.0,,,0.0,0.0,0.0,0.0,0.0,0.0
2021-08-25,0.0,0.0,,,0.0,0.0,0.0,0.0,0.0,0.0
2021-08-26,0.0,0.0,,,0.0,0.0,0.0,0.0,0.0,0.0
2021-08-27,0.0,0.0,,,0.0,0.0,0.0,0.0,0.0,0.0
2021-08-28,0.0,0.0,,,0.0,0.0,0.0,0.0,0.0,0.0
2021-08-29,0.0,0.0,,,0.0,0.0,0.0,0.0,0.0,0.0
2021-08-30,0.0,0.0,,,0.0,0.0,0.0,0.0,0.0,0.0
2021-08-31,0.0,0.0,,,0.0,0.0,0.0,0.0,0.0,0.0
2021-09-01,0.0,0.0,,,0.0,0.0,0.0,0.0,0.0,0.0
2021-09-02,0.0,0.0,,,0.0,0.0,0.0,0.0,0.0,0.0
2021-09-03,0.0,0.0,,,0.0,0.0,0.0,0.0,0.0,0.0
2021-09-04,0.0,0.0,,,0.0,0.0,0.0,0.0,0.0,0.0
2021-09-05,0.0,0.0,,,0.0,0.0,0.0,0.0,0.0,0.0
2021-09-06,0.0,0.0,,,0.0,0.0,0.0,0.0,0.0,0.0
2021-09-07,0.0,0.0,,,0.0,0.0,0.0,0.0,0.0,0.0
2021-09-08,0.0,0.0,,,0.0,0.0,0.0,0.0,0.0,0.0
2021-09-09,0.0,0.0,,,0.0,0.0,0.0,0.0,0.0,0.0
2021-09-10,0.0,0.0,,,0.0,0.0,0.0,0.0,0.0,0.0
2021-09-11,0.0,0.0,,,0.0,0.0,0.0,0.0,0.0,0.0
2021-09-12,0.0,0.0,,,0.0,0.0,0.0,0.0,0.0,0.0
2021-09-13,0.0,0.0,,,0.0,0.0,0.0,0.0,0.0,0.0
2021-09-14,0.0,0.0,,,0.0,0.0,0.0,0.0,0.0,0.0
2021-09-15,0.0,0.0,,,0.0,0.0,0.0,0.0,0.0,0.0
2021-09-16,0.0,0.0,,,0.0,0.0,0.0,0.0,0.0,0.0
2021-09-17,0.0,0.0,,,0.0,0.0,0.0,0.0,0.0,0.0
2021-09-18,0.0,0.0,,,0.0,0.0,0.0,0.0,0.0,0.0
2021-09-19,0.0,0.0,,,0.0,0.0,0.0,0.0,0.0,0.0
2021-09-20,0.0,0.0,,,0.0,0.0,0.0,0.0,0.0,0.0
2021-09-21,0.0,0.0,,,0.0,0.0,0.0,0.0,0.0,0.0
2021-09-22,0.0,0.0,,,0.0,0.0,0.0,0.0,0.0,0.0
2021-09-23,0.0,0.0,,,0.0,0.0,0.0,0.0,0.0,0.0
2021-09-24,0.0,0.0,,,0.0,0.0,0.0,0.0,0.0,0.0
2021-09-25,0.0,0.0,,,0.0,0.0,0.0,0.0,0.0,0.0
2021-09-26,0.0,0.0,,,0.0,0.0,0.0,0.0,0.0,0.0
2021-09-27,0.0,0.0,,,0.0,0.0,0.0,0.0,0.0,0.0
2021-09-28,0.0,0.0,,,0.0,0.0,0.0,0.0,0.0,0.0
2021-09-29,0.0,0.0,,,0.0,0.0,0.0,0.0,0.0,0.0
2021-09-30,0.0,0.0,,,0.0,0.0,0.0,0.0,0.0,0.0
2021-10-01,0.0,0.0,,,0.0,0.0,0.0,0.0,0.0,0.0
2021-10-02,0.0,0.0,,,0.0,0.0,0.0,0.0,0.0,0.0
2021-10-03,0.0,0.0,,,0.0,0.0,0.0,0.0,0.0,0.0
2021-10-04,0.0,0.0,,,0.0,0.0,0.0,0.0,0.0,0.0
2021-10-05,0.0,0.0,,,0.0,0.0,0.0,0.0,0.0,0.0
2021-10-06,0.0,0.0,,,0.0,0.0,0.0,0.0,0.0,0.0
2021-10-07,0.0,0.0,,,0.0,0.0,0.0,0.0,0.0,0.0
2021-10-08,0.0,0.0,,,0.0,0.0,0.0,0.0,0.0,0.0
2021-10-09,0.0,0.0,,,0.0,0.0,0.0,0.0,0.0,0.0
2021-10-10,0.0,0.0,,,0.0,0.0,0.0,0.0,0.0,0.0
2021-10-11,0.0,0.0,,,0.0,0.0,0.0,0.0,0.0,0.0
2021-10-12,0.0,0.0,,,0.0,0.0,0.0,0.0,0.0,0.0
2021-10-13,0.0,0.0,,,0.0,0.0,0.0,0.0,0.0,0.0
2021-10-14,0.0,0.0,,,0.0,0.0,0.0,0.0,0.0,0.0
2021-10-15,0.0,0.0,,,0.0,0.0,0.0,0.0,0.0,0.0
2021-10-16,0.0,0.0,,,0.0,0.0,0.0,0.0,0.0,0.0
2021-10-17,0.0,0.0,,,0.0,0.0,0.0,0.0,0.0,0.0
2021-10-18,0.0,0.0,,,0.0,0.0,0.0,0.0,0.0,0.0
2021-10-19,0.0,0.0,,,0.0,0.0,0.0,0.0,0.0,0.0
2021-10-20,0.0,0.0,,,0.0,0.0,0.0,0.0,0.0,0.0
2021-10-21,0.0,0.0,,,0.0,0.0,0.0,0.0,0.0,0.0
2021-10-22,0.0,0.0,,,0.0,0.0,0.0,0.0,0.0,0.0
2021-10-23,0.0,0.0,,,0.0,0.0,0.0,0.0,0.0,0.0
2021-10-24,0.0,0.0,,,0.0,0.0,0.0,0.0,0.0,0.0
2021-10-25,0.0,0.0,,,0.0,0.0,0.0,0.0,0.0,0.0
2021-10-26,0.0,0.0,,,0.0,0.0,0.0,0.0,0.0,0.0
2021-10-27,0.0,0.0,,,0.0,0.0,0.0,0.0,0.0,0.0
2021-10-28,0.0,0.0,,,0.0,0.0,0.0,0.0,0.0,0.0
2021-10-29,0.0,0.0,,,0.0,0.0,0.0,0.0,0.0,0.0
2021-10-30,0.0,0.0,,,0.0,0.0,0.0,0.0,0.0,0.0
2021-10-31,0.0,0.0,,,0.0,0.0,0.0,0.0,0.0,0.0
2021-11-01,0.0,0.0,,,0.0,0.0,0.0,0.0,0.0,0.0
2021-11-02,0.0,0.0,,,0.0,0.0,0.0,0.0,0.0,0.0
2021-11-03,0.0,0.0,,,0.0,0.0,0.0,0.0,0.0,0.0
2021-11-04,0.0,0.0,,,0.0,0.0,0.0,0.0,0.0,0.0
2021-11-05,0.0,0.0,,,0.0,0.0,0.0,0.0,0.0,0.0
2021-11-06,0.0,0.0,,,0.0,0.0,0.0,0.0,0.0,0.0
2021-11-07,0.0,0.0,,,0.0,0.0,0.0,0.0,0.0,0.0
2021-11-08,0.0,0.0,,,0.0,0.0,0.0,0.0,0.0,0.0
2021-11-09,0.0,0.0,,,0.0,0.0,0.0,0.0,0.0,0.0
2021-11-10,0.0,0.0,,,0.0,0.0,0.0,0.0,0.0,0.0
2021-11-11,0.0,0.0,,,0.0,0.0,0.0,0.0,0.0,0.0
2021-11-12,0.0,0.0,,,0.0,0.0,0.0,0.0,0.0,0.0
2021-11-13,0.0,0.0,,,0.0,0.0,0.0,0.0,0.0,0.0
2021-11-14,0.0,0.0,,,0.0,0.0,0.0,0.0,0.0,0.0
2021-11-15,0.0,0.0,,,0.0,0.0,0.0,0.0,0.0,0.0
2021-11-16,0.0,0.0,,,0.0,0.0,0.0,0.0,0.0,0.0
2021-11-17,0.0,0.0,,,0.0,0.0,0.0,0.0,0.0,0.0
2021-11-18,0.0,0.0,,,0.0,0.0,0.0,0.0,0.0,0.0
2021-11-19,0.0,0.0,,,0.0,0.0,0.0,0.0,0.0,0.0
2021-11-20,0.0,0.0,,,0.0,0.0,0.0,0.0,0.0,0.0
2021-11-21,0.0,0.0,,,0.0,0.0,0.0,0.0,0.0,0.0
2021-11-22,0.0,0.0,,,0.0,0.0,0.0,0.0,0.0,0.0
2021-11-23,0.0,0.0,,,0.0,0.0,0.0,0.0,0.0,0.0
2021-11-24,0.0,0.0,,,0.0,0.0,0.0,0.0,0.0,0.0
2021-11-25,0.0,0.0,,,0.0,0.0,0.0,0.0,0.0,0.0
2021-11-26,0.0,0.0,,,0.0,0.0,0.0,0.0,0.0,0.0
2021-11-27,0.0,0.0,,,0.0,0.0,0.0,0.0,0.0,0.0
2021-11-28,0.0,0.0,,,0.0,0.0,0.0,0.0,0.0,0.0
2021-11-29,0.0,0.0,,,0.0,0.0,0.0,0.0,0.0,0.0
2021-11-30,0.0,0.0,,,0.0,0.0,0.0,0.0,0.0,0.0
2021-12-01,0.0,0.0,,,0.0,0.0,0.0,0.0,0.0,0.0
2021-12-02,0.0,0.0,,,0.0,0.0,0.0,0.0,0.0,0.0
2021-12-03,0.0,0.0,,,0.0,0.0,0.0,0.0,0.0,0.0
2021-12-04,0.0,0.0,,,0.0,0.0,0.0,0.0,0.0,0.0
2021-12-05,0.0,0.0,,,0.0,0.0,0.0,0.0,0.0,0.0
2021-12-06,0.0,0.0,,,0.0,0.0,0.0,0.0,0.0,0.0
2021-12-07,0.0,0.0,,,0.0,0.0,0.0,0.0,0.0,0.0
2021-12-08,0.0,0.0,,,0.0,0.0,0.0,0.0,0.0,0.0
2021-12-09,0.0,0.0,,,0.0,0.0,0.0,0.0,0.0,0.0
2021-12-10,0.0,0.0,,,0.0,0.0,0.0,0.0,0.0,0.0
2021-12-11,0.0,0.0,,,0.0,0.0,0.0,0.0,0.0,0.0
2021-12-12,0.0,0.0,,,0.0,0.0,0.0,0.0,0.0,0.0
2021-12-13,0.0,0.0,,,0.0,0.0,0.0,0.0,0.0,0.0
2021-12-14,0.0,0.0,,,0.0,0.0,0.0,0.0,0.0,0.0
2021-12-15,0.0,0.0,,,0.0,0.0,0.0,0.0,0.0,0.0
2021-12-16,0.0,0.0,,,0.0,0.0,0.0,0.0,0.0,0.0
2021-12-17,0.0,0.0,,,0.0,0.0,0.0,0.0,0.0,0.0
2021-12-18,0.0,0.0,,,0.0,0.0,0.0,0.0,0.0,0.0
2021-12-19,0.0,0.0,,,0.0,0.0,0.0,0.0,0.0,0.0
2021-12-20,0.0,0.0,,,0.0,0.0,0.0,0.0,0.0,0.0
2021-12-21,0.0,0.0,,,0.0,0.0,0.0,0.0,0.0,0.0
2021-12-22,0.0,0.0,,,0.0,0.0,0.0,0.0,0.0,0.0
2021-12-23,0.0,0.0,,,0.0,0.0,0.0,0.0,0.0,0.0
2021-12-24,0.0,0.0,,,0.0,0.0,0.0,0.0,0.0,0.0
2021-12-25,0.0,0.0,,,0.0,0.0,0.0,0.0,0.0,0.0
2021-12-26,0.0,0.0,,,0.0,0.0,0.0,0.0,0.0,0.0
2021-12-27,0.0,0.0,,,0.0,0.0,0.0,0.0,0.0,0.0
2021-12-28,0.0,0.0,,,0.0,0.0,0.0,0.0,0.0,0.0
2021-12-29,0.0,0.0,,,0.0,0.0,0.0,0.0,0.0,0.0
2021-12-30,0.0,0.0,,,0.0,0.0,0.0,0.0,0.0,0.0
2021-12-31,0.0,0.0,,,0.0,0.0,0.0,0.0,0.0,0.0
2022-01-01,0.0,0.0,,,0.0,0.0,0.0,0.0,0.0,0.0
2022-01-02,0.0,0.0,,,0.0,0.0,0.0,0.0,0.0,0.0
2022-01-03,0.0,0.0,,,0.0,0.0,0.0,0.0,0.0,0.0
2022-01-04,0.0,0.0,,,0.0,0.0,0.0,0.0,0.0,0.0
2022-01-05,0.0,0.0,,,0.0,0.0,0.0,0.0,0.0,0.0
2022-01-06,0.0,0.0,,,0.0,0.0,0.0,0.0,0.0,0.0
2022-01-07,0.0,0.0,,,0.0,0.0,0.0,0.0,0.0,0.0
2022-01-08,0.0,0.0,,,0.0,0.0,0.0,0.0,0.0,0.0
2022-01-09,0.0,0.0,,,0.0,0.0,0.0,0.0,0.0,0.0
2022-01-10,0.0,0.0,,,0.0,0.0,0.0,0.0,0.0,0.0
2022-01-11,0.0,0.0,,,0.0,0.0,0.0,0.0,0.0,0.0
2022-01-12,0.0,0.0,,,0.0,0.0,0.0,0.0,0.0,0.0
2022-01-13,0.0,0.0,,,0.0,0.0,0.0,0.0,0.0,0.0
2022-01-14,0.0,0.0,,,0.0,0.0,0.0,0.0,0.0,0.0
2022-01-15,0.0,0.0,,,0.0,0.0,0.0,0.0,0.0,0.0
2022-01-16,0.0,0.0,,,0.0,0.0,0.0,0.0,0.0,0.0
2022-01-17,0.0,0.0,,,0.0,0.0,0.0,0.0,0.0,0.0
2022-01-18,0.0,0.0,,,0.0,0.0,0.0,0.0,0.0,0.0
2022-01-19,0.0,0.0,,,0.0,0.0,0.0,0.0,0.0,0.0
2022-01-20,0.0,0.0,,,0.0,0.0,0.0,0.0,0.0,0.0
2022-01-21,0.0,0.0,,,0.0,0.0,0.0,0.0,0.0,0.0
2022-01-22,0.0,0.0,,,0.0,0.0,0.0,0.0,0.0,0.0
2022-01-23,0.0,0.0,,,0.0,0.0,0.0,0.0,0.0,0.0
2022-01-24,0.0,0.0,,,0.0,0.0,0.0,0.0,0.0,0.0
2022-01-25,0.0,0.0,,,0.0,0.0,0.0,0.0,0.0,0.0
2022-01-26,0.0,0.0,,,0.0,0.0,0.0,0.0,0.0,0.0
2022-01-27,0.0,0.0,,,0.0,0.0,0.0,0.0,0.0,0.0
2022-01-28,0.0,0.0,,,0.0,0.0,0.0,0.0,0.0,0.0
2022-01-29,0.0,0.0,,,0.0,0.0,0.0,0.0,0.0,0.0
2022-01-30,0.0,0.0,,,0.0,0.0,0.0,0.0,0.0,0.0
2022-01-31,0.0,0.0,,,0.0,0.0,0.0,0.0,0.0,0.0
2022-02-01,0.0,0.0,,,0.0,0.0,0.0,0.0,0.0,0.0
2022-02-02,0.0,0.0,,,0.0,0.0,0.0,0.0,0.0,0.0
2022-02-03,0.0,0.0,,,0.0,0.0,0.0,0.0,0.0,0.0
2022-02-04,0.0,0.0,,,0.0,0.0,0.0,0.0,0.0,0.0
2022-02-05,0.0,0.0,,,0.0,0.0,0.0,0.0,0.0,0.0
2022-02-06,0.0,0.0,,,0.0,0.0,0.0,0.0,0.0,0.0
2022-02-07,0.0,0.0,,,0.0,0.0,0.0,0.0,0.0,0.0
2022-02-08,0.0,0.0,,,0.0,0.0,0.0,0.0,0.0,0.0
2022-02-09,0.0,0.0,,,0.0,0.0,0.0,0.0,0.0,0.0
2022-02-10,0.0,0.0,,,0.0,0.0,0.0,0.0,0.0,0.0
2022-02-11,0.0,0.0,,,0.0,0.0,0.0,0.0,0.0,0.0
2022-02-12,0.0,0.0,,,0.0,0.0,0.0,0.0,0.0,0.0
2022-02-13,0.0,0.0,,,0.0,0.0,0.0,0.0,0.0,0.0
2022-02-14,1.0,313509.0,313509.0,9.0,0.0,1.0,0.0,0.0,0.0,0.0
2022-02-15,0.0,0.0,,,0.0,0.0,0.0,0.0,0.0,0.0
2022-02-16,0.0,0.0,,,0.0,0.0,0.0,0.0,0.0,0.0
2022-02-17,0.0,0.0,,,0.0,0.0,0.0,0.0,0.0,0.0
2022-02-18,0.0,0.0,,,0.0,0.0,0.0,0.0,0.0,0.0
2022-02-19,0.0,0.0,,,0.0,0.0,0.0,0.0,0.0,0.0
2022-02-20,0.0,0.0,,,0.0,0.0,0.0,0.0,0.0,0.0
2022-02-21,0.0,0.0,,,0.0,0.0,0.0,0.0,0.0,0.0
2022-02-22,0.0,0.0,,,0.0,0.0,0.0,0.0,0.0,0.0
2022-02-23,0.0,0.0,,,0.0,0.0,0.0,0.0,0.0,0.0
2022-02-24,0.0,0.0,,,0.0,0.0,0.0,0.0,0.0,0.0
2022-02-25,0.0,0.0,,,0.0,0.0,0.0,0.0,0.0,0.0
2022-02-26,0.0,0.0,,,0.0,0.0,0.0,0.0,0.0,0.0
2022-02-27,0.0,0.0,,,0.0,0.0,0.0,0.0,0.0,0.0
2022-02-28,0.0,0.0,,,0.0,0.0,0.0,0.0,0.0,0.0
2022-03-01,0.0,0.0,,,0.0,0.0,0.0,0.0,0.0,0.0
2022-03-02,0.0,0.0,,,0.0,0.0,0.0,0.0,0.0,0.0
2022-03-03,0.0,0.0,,,0.0,0.0,0.0,0.0,0.0,0.0
2022-03-04,0.0,0.0,,,0.0,0.0,0.0,0.0,0.0,0.0
2022-03-05,0.0,0.0,,,0.0,0.0,0.0,0.0,0.0,0.0
2022-03-06,0.0,0.0,,,0.0,0.0,0.0,0.0,0.0,0.0
2022-03-07,0.0,0.0,,,0.0,0.0,0.0,0.0,0.0,0.0
2022-03-08,0.0,0.0,,,0.0,0.0,0.0,0.0,0.0,0.0
2022-03-09,0.0,0.0,,,0.0,0.0,0.0,0.0,0.0,0.0
2022-03-10,0.0,0.0,,,0.0,0.0,0.0,0.0,0.0,0.0
2022-03-11,0.0,0.0,,,0.0,0.0,0.0,0.0,0.0,0.0
2022-03-12,0.0,0.0,,,0.0,0.0,0.0,0.0,0.0,0.0
2022-03-13,0.0,0.0,,,0.0,0.0,0.0,0.0,0.0,0.0
2022-03-14,0.0,0.0,,,0.0,0.0,0.0,0.0,0.0,0.0
2022-03-15,0.0,0.0,,,0.0,0.0,0.0,0.0,0.0,0.0
2022-03-16,0.0,0.0,,,0.0,0.0,0.0,0.0,0.0,0.0
2022-03-17,0.0,0.0,,,0.0,0.0,0.0,0.0,0.0,0.0
2022-03-18,0.0,0.0,,,0.0,0.0,0.0,0.0,0.0,0.0
2022-03-19,0.0,0.0,,,0.0,0.0,0.0,0.0,0.0,0.0
2022-03-20,0.0,0.0,,,0.0,0.0,0.0,0.0,0.0,0.0
2022-03-21,0.0,0.0,,,0.0,0.0,0.0,0.0,0.0,0.0
2022-03-22,0.0,0.0,,,0.0,0.0,0.0,0.0,0.0,0.0
2022-03-23,0.0,0.0,,,0.0,0.0,0.0,0.0,0.0,0.0
2022-03-24,0.0,0.0,,,0.0,0.0,0.0,0.0,0.0,0.0
2022-03-25,0.0,0.0,,,0.0,0.0,0.0,0.0,0.0,0.0
2022-03-26,0.0,0.0,,,0.0,0.0,0.0,0.0,0.0,0.0
2022-03-27,0.0,0.0,,,0.0,0.0,0.0,0.0,0.0,0.0
2022-03-28,0.0,0.0,,,0.0,0.0,0.0,0.0,0.0,0.0
2022-03-29,0.0,0.0,,,0.0,0.0,0.0,0.0,0.0,0.0
2022-03-30,0.0,0.0,,,0.0,0.0,0.0,0.0,0.0,0.0
2022-03-31,0.0,0.0,,,0.0,0.0,0.0,0.0,0.0,0.0
2022-04-01,0.0,0.0,,,0.0,0.0,0.0,0.0,0.0,0.0
2022-04-02,0.0,0.0,,,0.0,0.0,0.0,0.0,0.0,0.0
2022-04-03,0.0,0.0,,,0.0,0.0,0.0,0.0,0.0,0.0
2022-04-04,0.0,0.0,,,0.0,0.0,0.0,0.0,0.0,0.0
2022-04-05,0.0,0.0,,,0.0,0.0,0.0,0.0,0.0,0.0
2022-04-06,0.0,0.0,,,0.0,0.0,0.0,0.0,0.0,0.0
2022-04-07,0.0,0.0,,,0.0,0.0,0.0,0.0,0.0,0.0
2022-04-08,0.0,0.0,,,0.0,0.0,0.0,0.0,0.0,0.0
2022-04-09,0.0,0.0,,,0.0,0.0,0.0,0.0,0.0,0.0
2022-04-10,0.0,0.0,,,0.0,0.0,0.0,0.0,0.0,0.0
2022-04-11,0.0,0.0,,,0.0,0.0,0.0,0.0,0.0,0.0
2022-04-12,0.0,0.0,,,0.0,0.0,0.0,0.0,0.0,0.0
2022-04-13,0.0,0.0,,,0.0,0.0,0.0,0.0,0.0,0.0
2022-04-14,0.0,0.0,,,0.0,0.0,0.0,0.0,0.0,0.0
2022-04-15,0.0,0.0,,,0.0,0.0,0.0,0.0,0.0,0.0
2022-04-16,0.0,0.0,,,0.0,0.0,0.0,0.0,0.0,0.0
2022-04-17,0.0,0.0,,,0.0,0.0,0.0,0.0,0.0,0.0
2022-04-18,0.0,0.0,,,0.0,0.0,0.0,0.0,0.0,0.0
2022-04-19,0.0,0.0,,,0.0,0.0,0.0,0.0,0.0,0.0
2022-04-20,0.0,0.0,,,0.0,0.0,0.0,0.0,0.0,0.0
2022-04-21,0.0,0.0,,,0.0,0.0,0.0,0.0,0.0,0.0
2022-04-22,0.0,0.0,,,0.0,0.0,0.0,0.0,0.0,0.0
2022-04-23,0.0,0.0,,,0.0,0.0,0.0,0.0,0.0,0.0
2022-04-24,0.0,0.0,,,0.0,0.0,0.0,0.0,0.0,0.0
2022-04-25,0.0,0.0,,,0.0,0.0,0.0,0.0,0.0,0.0
2022-04-26,0.0,0.0,,,0.0,0.0,0.0,0.0,0.0,0.0
2022-04-27,0.0,0.0,,,0.0,0.0,0.0,0.0,0.0,0.0
2022-04-28,1.0,534326.0,534326.0,3.0,0.0,1.0,0.0,0.0,0.0,0.0
2022-04-29,2.0,341055.0,170527.5,48.5,0.0,2.0,0.0,1.0,1.0,0.0
2022-04-30,8.0,703768.0,87971.0,24.375,0.0,8.0,0.0,2.0,0.0,0.0
2022-05-01,6.0,516618.0,86103.0,29.5,0.0,6.0,0.0,2.0,1.0,0.0
2022-05-02,1.0,79473.0,79473.0,8.0,0.0,1.0,0.0,0.0,1.0,0.0
2022-05-03,3.0,269907.0,89969.0,44.333333333333336,0.0,3.0,0.0,0.0,0.0,0.0
2022-05-04,4.0,274550.0,68637.5,18.0,0.0,4.0,0.0,1.0,0.0,0.0
2022-05-05,1.0,122064.0,122064.0,38.0,0.0,1.0,0.0,0.0,0.0,0.0
2022-05-06,7.0,326849.0,46692.71428571428,15.714285714285714,0.0,7.0,0.0,4.0,0.0,0.0
2022-05-07,6.0,291714.0,48619.0,17.166666666666668,0.0,6.0,0.0,1.0,0.0,0.0
2022-05-08,3.0,255532.0,85177.33333333333,27.0,0.0,3.0,0.0,0.0,0.0,0.0
2022-05-09,4.0,190214.0,47553.5,17.25,0.0,4.0,0.0,0.0,0.0,0.0
2022-05-10,7.0,413890.0,59127.142857142855,31.0,0.0,7.0,0.0,0.0,0.0,0.0
2022-05-11,8.0,487505.0,60938.125,25.75,0.0,8.0,0.0,1.0,0.0,0.0
2022-05-12,9.0,618659.0,68739.88888888889,43.77777777777778,0.0,9.0,0.0,0.0,0.0,0.0
2022-05-13,7.0,446801.0,63828.71428571428,32.857142857142854,0.0,7.0,0.0,1.0,0.0,0.0
2022-05-14,8.0,406510.0,50813.75,31.25,0.0,8.0,0.0,1.0,0.0,0.0
2022-05-15,1.0,52047.0,52047.0,35.0,0.0,1.0,0.0,0.0,0.0,0.0
2022-05-16,8.0,382633.0,47829.125,18.625,0.0,8.0,0.0,4.0,0.0,0.0
2022-05-17,12.0,566483.0,47206.916666666664,24.0,0.0,12.0,0.0,1.0,0.0,0.0
2022-05-18,12.0,479285.0,39940.416666666664,44.333333333333336,0.0,12.0,0.0,0.0,0.0,0.0
2022-05-19,18.0,532697.0,29594.277777777777,29.055555555555557,0.0,18.0,0.0,17.0,0.0,0.0
2022-05-20,40.0,1413480.0,35337.0,40.85,0.0,40.0,0.0,23.0,1.0,0.0
2022-05-21,16.0,659255.0,41203.4375,26.625,0.0,16.0,0.0,9.0,2.0,0.0
2022-05-22,8.0,428154.0,53519.25,33.0,0.0,8.0,0.0,0.0,0.0,0.0
2022-05-23,13.0,511558.0,39350.61538461538,32.23076923076923,0.0,13.0,0.0,0.0,0.0,0.0
2022-05-24,9.0,348006.0,38667.333333333336,36.888888888888886,0.0,9.0,0.0,3.0,0.0,0.0
2022-05-25,3.0,213180.0,71060.0,64.33333333333333,0.0,3.0,0.0,0.0,0.0,0.0
2022-05-26,3.0,195158.0,65052.666666666664,51.333333333333336,0.0,3.0,0.0,0.0,0.0,0.0
2022-05-27,9.0,330545.0,36727.22222222222,37.888888888888886,0.0,9.0,0.0,4.0,1.0,0.0
2022-05-28,20.0,640914.0,32045.7,20.05,0.0,20.0,0.0,12.0,0.0,0.0
2022-05-29,6.0,256243.0,42707.166666666664,54.833333333333336,0.0,6.0,0.0,0.0,0.0,0.0
2022-05-30,30.0,1000524.0,33350.8,56.86666666666667,0.0,30.0,0.0,24.0,1.0,0.0
2022-05-31,9.0,297111.0,33012.333333333336,13.777777777777779,0.0,9.0,0.0,2.0,2.0,0.0
2022-06-01,10.0,414265.0,41426.5,16.6,0.0,10.0,0.0,6.0,3.0,0.0
2022-06-02,4.0,188750.0,47187.5,10.25,0.0,4.0,0.0,0.0,0.0,0.0
2022-06-03,0.0,0.0,,,0.0,0.0,0.0,0.0,0.0,0.0
2022-06-04,13.0,398877.0,30682.846153846152,53.0,0.0,13.0,0.0,0.0,0.0,0.0
2022-06-05,4.0,165201.0,41300.25,41.25,0.0,4.0,0.0,1.0,0.0,0.0
2022-06-06,36.0,1695855.0,47107.083333333336,17.38888888888889,0.0,36.0,0.0,31.0,12.0,0.0
2022-06-07,1.0,43043.0,43043.0,2.0,0.0,1.0,0.0,0.0,0.0,0.0
2022-06-08,11.0,455170.0,41379.09090909091,28.363636363636363,0.0,11.0,0.0,4.0,2.0,0.0
2022-06-09,5.0,347980.0,69596.0,63.8,0.0,5.0,0.0,0.0,0.0,0.0
2022-06-10,11.0,595824.0,54165.818181818184,29.09090909090909,0.0,11.0,0.0,0.0,0.0,0.0
2022-06-11,10.0,359147.0,35914.7,44.2,0.0,10.0,0.0,0.0,0.0,0.0
2022-06-12,6.0,241690.0,40281.666666666664,18.833333333333332,0.0,6.0,0.0,0.0,0.0,0.0
2022-06-13,6.0,227371.0,37895.166666666664,21.5,0.0,6.0,0.0,0.0,0.0,0.0
2022-06-14,23.0,769991.0,33477.86956521739,21.91304347826087,0.0,23.0,5.0,4.0,0.0,0.0
2022-06-15,8.0,282048.0,35256.0,49.875,0.0,8.0,1.0,0.0,0.0,0.0
2022-06-16,6.0,202260.0,33710.0,44.833333333333336,0.0,6.0,0.0,0.0,0.0,0.0
2022-06-17,3.0,119810.0,39936.666666666664,71.33333333333333,0.0,3.0,0.0,0.0,0.0,0.0
2022-06-18,13.0,441476.0,33959.692307692305,16.46153846153846,0.0,13.0,1.0,0.0,0.0,0.0
2022-06-19,5.0,244604.0,48920.8,47.6,0.0,5.0,0.0,0.0,0.0,0.0
2022-06-20,6.0,161682.0,26947.0,22.833333333333332,0.0,6.0,0.0,0.0,0.0,0.0
2022-06-21,9.0,295026.0,32780.666666666664,41.111111111111114,0.0,9.0,0.0,4.0,0.0,0.0
2022-06-22,7.0,238027.0,34003.857142857145,43.57142857142857,0.0,7.0,0.0,0.0,0.0,0.0
2022-06-23,9.0,412724.0,45858.22222222222,55.44444444444444,0.0,9.0,1.0,2.0,0.0,0.0
2022-06-24,1.0,70976.0,70976.0,1.0,0.0,1.0,0.0,0.0,0.0,0.0
2022-06-25,13.0,291505.0,22423.46153846154,32.23076923076923,0.0,13.0,0.0,10.0,0.0,0.0
2022-06-26,8.0,196927.0,24615.875,58.5,0.0,8.0,0.0,0.0,0.0,0.0
2022-06-27,2.0,41537.0,20768.5,3.0,0.0,2.0,0.0,0.0,0.0,0.0
2022-06-28,23.0,806058.0,35046.0,34.21739130434783,0.0,23.0,0.0,1.0,0.0,0.0
2022-06-29,9.0,223126.0,24791.777777777777,34.0,0.0,9.0,0.0,0.0,0.0,0.0
2022-06-30,10.0,227917.0,22791.7,35.8,0.0,10.0,0.0,2.0,0.0,0.0
2022-07-01,5.0,79031.0,15806.2,2.2,0.0,5.0,0.0,0.0,0.0,0.0
2022-07-02,17.0,409100.0,24064.70588235294,32.94117647058823,0.0,17.0,0.0,6.0,2.0,0.0
2022-07-03,3.0,90107.0,30035.666666666668,57.333333333333336,0.0,3.0,0.0,0.0,0.0,0.0
2022-07-04,10.0,442685.0,44268.5,46.2,0.0,10.0,0.0,0.0,0.0,0.0
2022-07-05,20.0,376529.0,18826.45,6.45,0.0,20.0,0.0,5.0,2.0,0.0
2022-07-06,7.0,205979.0,29425.571428571428,48.285714285714285,0.0,7.0,0.0,0.0,0.0,0.0
2022-07-07,11.0,259511.0,23591.909090909092,19.454545454545453,0.0,11.0,0.0,0.0,0.0,0.0
2022-07-08,20.0,637776.0,31888.8,25.2,0.0,20.0,3.0,5.0,1.0,0.0
2022-07-09,29.0,611635.0,21090.862068965518,29.03448275862069,0.0,29.0,2.0,6.0,0.0,0.0
2022-07-10,33.0,726924.0,22028.0,34.63636363636363,0.0,33.0,0.0,3.0,0.0,0.0
2022-07-11,6.0,151796.0,25299.333333333332,12.0,0.0,6.0,0.0,2.0,0.0,0.0
2022-07-12,16.0,427405.0,26712.8125,33.6875,0.0,16.0,0.0,1.0,0.0,0.0
2022-07-13,5.0,181795.0,36359.0,19.4,0.0,5.0,0.0,0.0,0.0,0.0
2022-07-14,9.0,417402.0,46378.0,33.44444444444444,0.0,9.0,0.0,0.0,0.0,0.0
2022-07-15,1.0,63758.0,63758.0,17.0,0.0,1.0,0.0,0.0,0.0,0.0
2022-07-16,0.0,0.0,,,0.0,0.0,0.0,0.0,0.0,0.0
2022-07-17,17.0,385416.0,22671.529411764706,8.941176470588236,0.0,17.0,2.0,0.0,1.0,0.0
2022-07-18,9.0,229142.0,25460.222222222223,18.333333333333332,0.0,9.0,1.0,0.0,0.0,0.0
2022-07-19,10.0,303112.0,30311.2,29.5,0.0,10.0,0.0,0.0,0.0,0.0
2022-07-20,4.0,158155.0,39538.75,49.25,0.0,4.0,0.0,0.0,0.0,0.0
2022-07-21,18.0,501336.0,27852.0,35.333333333333336,0.0,18.0,2.0,2.0,1.0,0.0
2022-07-22,25.0,482969.0,19318.76,14.2,0.0,25.0,2.0,1.0,0.0,0.0
2022-07-23,12.0,287365.0,23947.083333333332,19.75,0.0,12.0,1.0,7.0,0.0,0.0
2022-07-24,6.0,187323.0,31220.5,8.833333333333334,0.0,6.0,0.0,1.0,0.0,0.0
2022-07-25,10.0,232512.0,23251.2,13.7,0.0,10.0,0.0,0.0,0.0,0.0
2022-07-26,20.0,366160.0,18308.0,14.8,0.0,20.0,0.0,4.0,1.0,0.0
2022-07-27,5.0,239915.0,47983.0,49.8,0.0,5.0,0.0,0.0,0.0,0.0
2022-07-28,0.0,0.0,,,0.0,0.0,0.0,0.0,0.0,0.0
2022-07-29,22.0,658309.0,29923.136363636364,34.86363636363637,0.0,22.0,6.0,6.0,2.0,0.0
2022-07-30,1.0,32479.0,32479.0,2.0,0.0,1.0,0.0,1.0,1.0,0.0
2022-07-31,9.0,316414.0,35157.11111111111,37.55555555555556,0.0,9.0,5.0,0.0,0.0,0.0
2022-08-01,13.0,289605.0,22277.30769230769,30.76923076923077,0.0,13.0,0.0,4.0,0.0,0.0
2022-08-02,8.0,231918.0,28989.75,24.0,0.0,8.0,0.0,0.0,0.0,0.0
2022-08-03,26.0,668360.0,25706.153846153848,24.846153846153847,0.0,26.0,0.0,1.0,0.0,0.0
2022-08-04,15.0,388434.0,25895.6,20.0,0.0,15.0,0.0,4.0,1.0,0.0
2022-08-05,14.0,327979.0,23427.071428571428,17.357142857142858,0.0,14.0,1.0,7.0,0.0,0.0
2022-08-06,29.0,599822.0,20683.51724137931,19.379310344827587,0.0,29.0,1.0,11.0,0.0,0.0
2022-08-07,13.0,366973.0,28228.69230769231,25.23076923076923,0.0,13.0,2.0,1.0,2.0,0.0
2022-08-08,5.0,382169.0,76433.8,20.0,0.0,5.0,1.0,1.0,0.0,0.0
2022-08-09,17.0,931710.0,54806.470588235294,43.23529411764706,0.0,17.0,0.0,5.0,0.0,0.0
2022-08-10,14.0,756435.0,54031.07142857143,28.571428571428573,0.0,14.0,1.0,0.0,0.0,0.0
2022-08-11,11.0,908065.0,82551.36363636363,39.18181818181818,0.0,11.0,0.0,1.0,1.0,0.0
2022-08-12,11.0,754965.0,68633.18181818182,40.09090909090909,0.0,11.0,1.0,1.0,2.0,0.0
2022-08-13,24.0,971471.0,40477.958333333336,18.791666666666668,0.0,24.0,5.0,11.0,1.0,0.0
2022-08-14,13.0,553645.0,42588.07692307692,71.6923076923077,0.0,13.0,0.0,3.0,3.0,0.0
2022-08-15,20.0,910763.0,45538.15,41.8,0.0,20.0,0.0,2.0,2.0,0.0
2022-08-16,5.0,384737.0,76947.4,55.6,0.0,5.0,0.0,0.0,0.0,0.0
2022-08-17,23.0,657757.0,28598.130434782608,24.52173913043478,0.0,23.0,0.0,0.0,0.0,0.0
2022-08-18,14.0,607464.0,43390.28571428572,20.785714285714285,0.0,14.0,0.0,2.0,0.0,0.0
2022-08-19,29.0,928935.0,32032.241379310344,20.75862068965517,0.0,29.0,1.0,0.0,0.0,0.0
2022-08-20,16.0,635489.0,39718.0625,48.0,0.0,16.0,0.0,5.0,3.0,0.0
2022-08-21,20.0,870473.0,43523.65,15.55,0.0,20.0,4.0,9.0,1.0,0.0
2022-08-22,11.0,355563.0,32323.909090909092,33.0,0.0,11.0,0.0,0.0,0.0,0.0
2022-08-23,14.0,508180.0,36298.57142857143,36.5,0.0,14.0,0.0,0.0,0.0,0.0
2022-08-24,29.0,741808.0,25579.58620689655,18.0,0.0,29.0,2.0,1.0,0.0,0.0
2022-08-25,6.0,304065.0,50677.5,34.0,0.0,6.0,0.0,0.0,0.0,0.0
2022-08-26,15.0,689047.0,45936.46666666667,13.6,0.0,15.0,1.0,0.0,0.0,0.0
2022-08-27,8.0,409988.0,51248.5,45.625,0.0,8.0,1.0,0.0,0.0,0.0
2022-08-28,38.0,1022967.0,26920.184210526317,13.631578947368421,0.0,38.0,4.0,9.0,4.0,0.0
2022-08-29,10.0,438261.0,43826.1,33.3,0.0,10.0,4.0,0.0,0.0,0.0
2022-08-30,93.0,1813285.0,19497.68817204301,16.903225806451612,0.0,93.0,18.0,40.0,23.0,0.0
2022-08-31,19.0,849871.0,44730.05263157895,22.105263157894736,0.0,19.0,1.0,2.0,0.0,0.0
2022-09-01,7.0,258048.0,36864.0,14.0,0.0,7.0,0.0,1.0,0.0,0.0
2022-09-02,31.0,918575.0,29631.451612903227,17.70967741935484,0.0,31.0,11.0,16.0,2.0,0.0
2022-09-03,27.0,924484.0,34240.148148148146,28.51851851851852,0.0,27.0,0.0,14.0,1.0,0.0
2022-09-04,12.0,522625.0,43552.083333333336,28.833333333333332,0.0,12.0,1.0,0.0,0.0,0.0
2022-09-05,26.0,1271530.0,48905.0,37.5,0.0,26.0,3.0,7.0,1.0,0.0
2022-09-06,16.0,465184.0,29074.0,25.75,0.0,16.0,0.0,0.0,0.0,0.0
2022-09-07,9.0,365915.0,40657.22222222222,51.333333333333336,0.0,9.0,2.0,2.0,2.0,0.0
2022-09-08,8.0,443987.0,55498.375,70.875,0.0,8.0,0.0,0.0,0.0,0.0
2022-09-09,20.0,728650.0,36432.5,13.55,0.0,20.0,0.0,2.0,0.0,0.0
2022-09-10,1.0,33569.0,33569.0,3.0,0.0,1.0,0.0,0.0,0.0,0.0
2022-09-11,10.0,307260.0,30726.0,8.6,0.0,10.0,0.0,0.0,0.0,0.0
2022-09-12,44.0,1143034.0,25978.045454545456,10.909090909090908,0.0,44.0,5.0,20.0,11.0,0.0
2022-09-13,11.0,496094.0,45099.454545454544,28.545454545454547,0.0,11.0,0.0,2.0,0.0,0.0
2022-09-14,12.0,485043.0,40420.25,30.25,0.0,12.0,0.0,0.0,0.0,0.0
2022-09-15,25.0,765102.0,30604.08,36.32,0.0,25.0,3.0,12.0,1.0,0.0
2022-09-16,15.0,312559.0,20837.266666666666,11.8,0.0,15.0,6.0,4.0,2.0,0.0
2022-09-17,62.0,1300431.0,20974.6935483871,18.032258064516128,0.0,62.0,5.0,21.0,4.0,0.0
2022-09-18,16.0,471790.0,29486.875,18.625,0.0,16.0,0.0,6.0,0.0,0.0
2022-09-19,15.0,486991.0,32466.066666666666,42.46666666666667,0.0,15.0,2.0,1.0,1.0,0.0
2022-09-20,7.0,239770.0,34252.857142857145,37.142857142857146,0.0,7.0,1.0,1.0,0.0,0.0
2022-09-21,13.0,360793.0,27753.30769230769,26.307692307692307,0.0,13.0,1.0,0.0,1.0,0.0
2022-09-22,53.0,823316.0,15534.264150943396,17.90566037735849,0.0,53.0,4.0,3.0,0.0,0.0
2022-09-23,30.0,592767.0,19758.9,20.2,0.0,30.0,2.0,12.0,2.0,0.0
2022-09-24,18.0,463132.0,25729.555555555555,6.055555555555555,0.0,18.0,2.0,3.0,0.0,0.0
2022-09-25,11.0,314636.0,28603.272727272728,18.636363636363637,0.0,11.0,1.0,1.0,0.0,0.0
2022-09-26,16.0,342075.0,21379.6875,5.125,0.0,16.0,0.0,1.0,1.0,0.0
2022-09-27,33.0,547269.0,16583.909090909092,19.666666666666668,0.0,33.0,9.0,13.0,5.0,0.0
2022-09-28,14.0,330422.0,23601.571428571428,15.642857142857142,0.0,14.0,3.0,9.0,7.0,0.0
2022-09-29,21.0,468120.0,22291.428571428572,10.380952380952381,0.0,21.0,0.0,1.0,0.0,0.0
2022-09-30,34.0,624435.0,18365.735294117647,35.38235294117647,0.0,34.0,5.0,5.0,6.0,0.0
2022-10-01,23.0,493900.0,21473.91304347826,22.52173913043478,0.0,23.0,0.0,9.0,1.0,0.0
2022-10-02,18.0,443924.0,24662.444444444445,17.77777777777778,0.0,18.0,0.0,3.0,3.0,0.0
2022-10-03,14.0,353557.0,25254.071428571428,21.857142857142858,0.0,14.0,1.0,1.0,0.0,0.0
2022-10-04,26.0,500252.0,19240.46153846154,22.384615384615383,0.0,26.0,2.0,4.0,2.0,0.0
2022-10-05,9.0,177544.0,19727.11111111111,3.4444444444444446,0.0,9.0,0.0,0.0,0.0,0.0
2022-10-06,43.0,624597.0,14525.511627906977,12.976744186046512,0.0,43.0,1.0,2.0,1.0,0.0
2022-10-07,53.0,677558.0,12784.11320754717,18.07547169811321,0.0,53.0,2.0,14.0,3.0,0.0
2022-10-08,15.0,292510.0,19500.666666666668,23.866666666666667,0.0,15.0,0.0,6.0,2.0,0.0
2022-10-09,19.0,394198.0,20747.263157894737,19.42105263157895,0.0,19.0,0.0,6.0,1.0,0.0
2022-10-10,24.0,605143.0,25214.291666666668,22.25,0.0,24.0,2.0,0.0,0.0,0.0
2022-10-11,5.0,129245.0,25849.0,5.2,0.0,5.0,0.0,0.0,0.0,0.0
2022-10-12,12.0,312932.0,26077.666666666668,12.583333333333334,0.0,12.0,2.0,1.0,0.0,0.0
2022-10-13,37.0,689490.0,18634.864864864863,16.64864864864865,0.0,37.0,0.0,0.0,0.0,0.0
2022-10-14,23.0,619287.0,26925.521739130436,9.391304347826088,0.0,23.0,3.0,11.0,0.0,0.0
2022-10-15,12.0,389611.0,32467.583333333332,19.416666666666668,0.0,12.0,1.0,1.0,0.0,0.0
2022-10-16,13.0,498324.0,38332.61538461538,45.92307692307692,0.0,13.0,1.0,2.0,0.0,0.0
2022-10-17,5.0,167089.0,33417.8,53.8,0.0,5.0,0.0,1.0,0.0,0.0
2022-10-18,40.0,845179.0,21129.475,30.4,0.0,40.0,5.0,30.0,18.0,0.0
2022-10-19,15.0,319645.0,21309.666666666668,15.266666666666667,0.0,15.0,1.0,4.0,4.0,0.0
2022-10-20,12.0,362896.0,30241.333333333332,19.083333333333332,0.0,12.0,0.0,1.0,0.0,0.0
2022-10-21,8.0,224093.0,28011.625,19.5,0.0,8.0,0.0,0.0,0.0,0.0
2022-10-22,27.0,566768.0,20991.40740740741,12.962962962962964,0.0,27.0,1.0,9.0,4.0,0.0
2022-10-23,24.0,593712.0,24738.0,22.791666666666668,0.0,24.0,0.0,3.0,3.0,0.0
2022-10-24,4.0,116966.0,29241.5,72.25,0.0,4.0,0.0,0.0,0.0,0.0
2022-10-25,25.0,504339.0,20173.56,20.72,0.0,25.0,2.0,6.0,4.0,0.0
2022-10-26,32.0,714841.0,22338.78125,11.90625,0.0,32.0,0.0,10.0,6.0,0.0
2022-10-27,1.0,31775.0,31775.0,83.0,0.0,1.0,0.0,0.0,0.0,0.0
2022-10-28,43.0,722188.0,16795.06976744186,17.674418604651162,0.0,43.0,4.0,23.0,12.0,0.0
2022-10-29,14.0,376773.0,26912.35714285714,24.785714285714285,0.0,14.0,1.0,1.0,2.0,0.0
2022-10-30,31.0,578605.0,18664.677419354837,18.483870967741936,0.0,31.0,3.0,11.0,9.0,0.0
2022-10-31,29.0,414122.0,14280.068965517241,21.20689655172414,0.0,29.0,0.0,20.0,15.0,0.0
2022-11-01,20.0,368923.0,18446.15,13.6,0.0,20.0,0.0,3.0,0.0,0.0
2022-11-02,53.0,672163.0,12682.32075471698,15.471698113207546,0.0,53.0,4.0,20.0,12.0,0.0
2022-11-03,63.0,876503.0,13912.746031746032,6.682539682539683,0.0,63.0,8.0,28.0,16.0,0.0
2022-11-04,12.0,337916.0,28159.666666666668,22.583333333333332,0.0,12.0,0.0,0.0,0.0,0.0
2022-11-05,15.0,352967.0,23531.133333333335,23.0,0.0,15.0,0.0,8.0,1.0,0.0
2022-11-06,20.0,486860.0,24343.0,12.45,0.0,20.0,0.0,6.0,0.0,0.0
2022-11-07,10.0,183901.0,18390.1,31.5,0.0,10.0,0.0,2.0,0.0,0.0
2022-11-08,25.0,855863.0,34234.52,19.28,0.0,25.0,0.0,5.0,1.0,0.0
2022-11-09,3.0,190783.0,63594.333333333336,37.666666666666664,0.0,3.0,0.0,0.0,0.0,0.0
2022-11-10,25.0,826201.0,33048.04,56.48,0.0,25.0,3.0,2.0,0.0,0.0
2022-11-11,42.0,1198891.0,28545.02380952381,19.428571428571427,0.0,42.0,5.0,21.0,6.0,0.0
2022-11-12,1.0,102339.0,102339.0,43.0,0.0,1.0,0.0,0.0,0.0,0.0
2022-11-13,13.0,414098.0,31853.69230769231,28.384615384615383,0.0,13.0,2.0,1.0,1.0,0.0
2022-11-14,34.0,882202.0,25947.117647058825,11.911764705882353,0.0,34.0,1.0,27.0,25.0,0.0
2022-11-15,48.0,1222766.0,25474.291666666668,3.875,0.0,48.0,1.0,36.0,20.0,0.0
2022-11-16,28.0,870140.0,31076.428571428572,9.071428571428571,0.0,28.0,1.0,8.0,0.0,0.0
2022-11-17,13.0,479652.0,36896.307692307695,23.615384615384617,0.0,13.0,1.0,6.0,0.0,0.0
2022-11-18,32.0,759590.0,23737.1875,30.96875,0.0,32.0,2.0,16.0,2.0,0.0
2022-11-19,30.0,1244593.0,41486.433333333334,29.333333333333332,0.0,30.0,0.0,9.0,0.0,0.0
2022-11-20,5.0,403538.0,80707.6,47.0,0.0,5.0,0.0,0.0,0.0,0.0
2022-11-21,4.0,173130.0,43282.5,14.5,0.0,4.0,0.0,2.0,0.0,0.0
2022-11-22,57.0,504229.0,8846.122807017544,8.842105263157896,0.0,57.0,2.0,41.0,25.0,0.0
2022-11-23,25.0,906830.0,36273.2,29.16,0.0,25.0,3.0,10.0,2.0,0.0
2022-11-24,40.0,903730.0,22593.25,22.9,0.0,40.0,1.0,30.0,11.0,0.0
2022-11-25,15.0,429293.0,28619.533333333333,27.866666666666667,0.0,15.0,1.0,8.0,1.0,0.0
2022-11-26,47.0,548376.0,11667.574468085106,5.446808510638298,0.0,47.0,1.0,39.0,21.0,0.0
2022-11-27,16.0,540345.0,33771.5625,47.6875,0.0,16.0,5.0,8.0,1.0,0.0
2022-11-28,14.0,383147.0,27367.64285714286,37.642857142857146,0.0,14.0,2.0,0.0,0.0,0.0
2022-11-29,24.0,561962.0,23415.083333333332,31.916666666666668,0.0,24.0,1.0,1.0,1.0,0.0
2022-11-30,10.0,274290.0,27429.0,35.2,0.0,10.0,2.0,5.0,0.0,0.0
2022-12-01,11.0,326883.0,29716.636363636364,40.45454545454545,0.0,11.0,1.0,0.0,0.0,0.0
2022-12-02,11.0,422069.0,38369.90909090909,26.0,0.0,11.0,1.0,0.0,0.0,0.0
2022-12-03,21.0,1164146.0,55435.52380952381,33.23809523809524,0.0,21.0,0.0,5.0,2.0,0.0
2022-12-04,6.0,222766.0,37127.666666666664,20.166666666666668,0.0,6.0,1.0,0.0,0.0,0.0
2022-12-05,28.0,779826.0,27850.928571428572,32.357142857142854,0.0,28.0,4.0,15.0,1.0,0.0
2022-12-06,30.0,815913.0,27197.1,26.366666666666667,0.0,30.0,9.0,17.0,0.0,0.0
2022-12-07,28.0,442948.0,15819.57142857143,14.392857142857142,0.0,28.0,1.0,6.0,0.0,0.0
2022-12-08,10.0,261718.0,26171.8,13.4,0.0,10.0,0.0,0.0,0.0,0.0
2022-12-09,62.0,1191431.0,19216.629032258064,16.870967741935484,0.0,62.0,4.0,15.0,5.0,0.0
2022-12-10,17.0,427243.0,25131.941176470587,9.176470588235293,0.0,17.0,0.0,2.0,0.0,0.0
2022-12-11,36.0,717248.0,19923.555555555555,13.972222222222221,0.0,36.0,6.0,14.0,4.0,0.0
2022-12-12,7.0,149289.0,21327.0,3.0,0.0,7.0,0.0,0.0,0.0,0.0
2022-12-13,39.0,613404.0,15728.307692307691,4.769230769230769,0.0,39.0,4.0,23.0,10.0,0.0
2022-12-14,47.0,830103.0,17661.76595744681,11.72340425531915,0.0,47.0,0.0,7.0,3.0,0.0
2022-12-15,19.0,670783.0,35304.36842105263,24.157894736842106,0.0,19.0,2.0,2.0,2.0,0.0
2022-12-16,21.0,476966.0,22712.666666666668,17.285714285714285,0.0,21.0,0.0,4.0,0.0,0.0
2022-12-17,18.0,553563.0,30753.5,30.77777777777778,0.0,18.0,0.0,4.0,0.0,0.0
2022-12-18,16.0,586595.0,36662.1875,36.9375,0.0,16.0,1.0,1.0,0.0,0.0
2022-12-19,27.0,709475.0,26276.85185185185,24.37037037037037,0.0,27.0,5.0,9.0,1.0,0.0
2022-12-20,34.0,710525.0,20897.79411764706,35.26470588235294,0.0,34.0,5.0,12.0,2.0,0.0
2022-12-21,11.0,296603.0,26963.909090909092,14.818181818181818,0.0,11.0,0.0,1.0,0.0,0.0
2022-12-22,18.0,427164.0,23731.333333333332,16.88888888888889,0.0,18.0,0.0,5.0,0.0,0.0
2022-12-23,19.0,655433.0,34496.47368421053,22.736842105263158,0.0,19.0,0.0,1.0,1.0,0.0
2022-12-24,7.0,354851.0,50693.0,42.142857142857146,0.0,7.0,0.0,3.0,0.0,0.0
2022-12-25,7.0,347108.0,49586.857142857145,47.857142857142854,0.0,7.0,1.0,0.0,0.0,0.0
2022-12-26,22.0,544345.0,24742.954545454544,29.954545454545453,0.0,22.0,0.0,1.0,0.0,0.0
2022-12-27,14.0,329044.0,23503.14285714286,10.428571428571429,0.0,14.0,1.0,0.0,1.0,0.0
2022-12-28,10.0,375633.0,37563.3,25.9,0.0,10.0,0.0,2.0,1.0,0.0
2022-12-29,9.0,248852.0,27650.222222222223,18.0,0.0,9.0,3.0,0.0,0.0,0.0
2022-12-30,8.0,205441.0,25680.125,23.75,0.0,8.0,0.0,0.0,0.0,0.0
2022-12-31,28.0,667003.0,23821.535714285714,20.5,0.0,28.0,7.0,4.0,0.0,0.0
2023-01-01,11.0,360961.0,32814.63636363636,20.272727272727273,0.0,11.0,0.0,0.0,0.0,0.0
2023-01-02,7.0,256080.0,36582.857142857145,57.285714285714285,0.0,7.0,1.0,0.0,0.0,0.0
2023-01-03,17.0,524760.0,30868.235294117647,30.529411764705884,0.0,17.0,0.0,1.0,0.0,0.0
2023-01-04,13.0,423019.0,32539.923076923078,44.15384615384615,0.0,13.0,0.0,0.0,0.0,0.0
2023-01-05,8.0,442582.0,55322.75,23.5,0.0,8.0,0.0,0.0,0.0,0.0
2023-01-06,6.0,303856.0,50642.666666666664,37.333333333333336,0.0,6.0,0.0,0.0,0.0,0.0
2023-01-07,18.0,479437.0,26635.38888888889,19.22222222222222,0.0,18.0,1.0,1.0,0.0,0.0
2023-01-08,6.0,205267.0,34211.166666666664,25.666666666666668,0.0,6.0,0.0,0.0,0.0,0.0
2023-01-09,25.0,718069.0,28722.76,43.04,0.0,25.0,2.0,5.0,2.0,0.0
2023-01-10,37.0,799770.0,21615.405405405407,16.43243243243243,0.0,37.0,5.0,10.0,5.0,0.0
2023-01-11,31.0,520126.0,16778.25806451613,12.741935483870968,0.0,31.0,0.0,4.0,2.0,0.0
2023-01-12,22.0,557517.0,25341.68181818182,31.136363636363637,0.0,22.0,3.0,9.0,7.0,0.0
2023-01-13,16.0,320343.0,20021.4375,14.0,0.0,16.0,0.0,0.0,0.0,0.0
2023-01-14,38.0,768720.0,20229.473684210527,24.63157894736842,0.0,38.0,2.0,14.0,12.0,0.0
2023-01-15,57.0,1044382.0,18322.491228070176,20.105263157894736,0.0,57.0,7.0,36.0,4.0,0.0
2023-01-16,7.0,245283.0,35040.42857142857,27.714285714285715,0.0,7.0,0.0,0.0,0.0,0.0
2023-01-17,4.0,135209.0,33802.25,32.0,0.0,4.0,0.0,0.0,0.0,0.0
2023-01-18,41.0,830038.0,20244.829268292684,22.609756097560975,0.0,41.0,0.0,3.0,0.0,0.0
2023-01-19,14.0,422468.0,30176.285714285714,47.285714285714285,0.0,14.0,1.0,0.0,2.0,0.0
2023-01-20,12.0,253931.0,21160.916666666668,29.416666666666668,0.0,12.0,2.0,0.0,1.0,0.0
2023-01-21,24.0,444295.0,18512.291666666668,22.416666666666668,0.0,24.0,4.0,14.0,3.0,0.0
2023-01-22,42.0,598553.0,14251.261904761905,20.952380952380953,0.0,42.0,4.0,21.0,3.0,0.0
2023-01-23,32.0,725273.0,22664.78125,25.125,0.0,32.0,4.0,7.0,5.0,0.0
2023-01-24,24.0,640810.0,26700.416666666668,43.333333333333336,0.0,24.0,3.0,5.0,5.0,0.0
2023-01-25,23.0,625309.0,27187.347826086956,26.347826086956523,0.0,23.0,2.0,3.0,5.0,0.0
2023-01-26,20.0,507173.0,25358.65,25.4,0.0,20.0,4.0,1.0,1.0,0.0
2023-01-27,28.0,561637.0,20058.464285714286,20.035714285714285,0.0,28.0,3.0,4.0,2.0,0.0
2023-01-28,45.0,584778.0,12995.066666666668,18.822222222222223,0.0,45.0,3.0,15.0,4.0,0.0
2023-01-29,28.0,628656.0,22452.0,30.357142857142858,0.0,28.0,5.0,13.0,3.0,0.0
2023-01-30,50.0,736324.0,14726.48,27.38,0.0,50.0,3.0,24.0,4.0,0.0
2023-01-31,15.0,341155.0,22743.666666666668,36.06666666666667,0.0,15.0,1.0,1.0,0.0,0.0
2023-02-01,43.0,620256.0,14424.558139534884,26.930232558139537,0.0,43.0,7.0,9.0,6.0,0.0
2023-02-02,49.0,679210.0,13861.42857142857,26.367346938775512,0.0,49.0,2.0,19.0,3.0,0.0
2023-02-03,16.0,464140.0,29008.75,35.0625,0.0,16.0,2.0,0.0,0.0,0.0
2023-02-04,13.0,319202.0,24554.0,10.23076923076923,0.0,13.0,2.0,0.0,0.0,0.0
2023-02-05,11.0,380934.0,34630.36363636364,64.81818181818181,0.0,11.0,0.0,3.0,0.0,0.0
2023-02-06,10.0,199064.0,19906.4,42.6,0.0,10.0,2.0,0.0,0.0,0.0
2023-02-07,82.0,2191712.0,26728.19512195122,29.48780487804878,0.0,82.0,6.0,3.0,8.0,0.0
2023-02-08,21.0,506582.0,24122.95238095238,26.19047619047619,0.0,21.0,3.0,5.0,3.0,0.0
2023-02-09,27.0,532685.0,19729.074074074073,20.22222222222222,0.0,27.0,5.0,5.0,0.0,0.0
2023-02-10,14.0,390197.0,27871.214285714286,15.0,0.0,14.0,3.0,4.0,0.0,0.0
2023-02-11,10.0,326975.0,32697.5,36.9,0.0,10.0,1.0,0.0,0.0,0.0
2023-02-12,8.0,326654.0,40831.75,30.625,0.0,8.0,0.0,3.0,0.0,0.0
2023-02-13,6.0,144309.0,24051.5,58.666666666666664,0.0,6.0,0.0,1.0,1.0,0.0
2023-02-14,10.0,294465.0,29446.5,38.1,0.0,10.0,2.0,1.0,1.0,0.0
2023-02-15,20.0,399867.0,19993.35,38.35,0.0,20.0,1.0,4.0,0.0,0.0
2023-02-16,42.0,610713.0,14540.785714285714,15.095238095238095,0.0,42.0,3.0,3.0,0.0,0.0
2023-02-17,9.0,200447.0,22271.88888888889,19.666666666666668,0.0,9.0,0.0,0.0,0.0,0.0
2023-02-18,20.0,534289.0,26714.45,31.65,0.0,20.0,2.0,0.0,0.0,0.0
2023-02-19,8.0,201536.0,25192.0,54.75,0.0,8.0,0.0,0.0,1.0,0.0
2023-02-20,15.0,391493.0,26099.533333333333,18.466666666666665,0.0,15.0,1.0,2.0,1.0,0.0
2023-02-21,18.0,380495.0,21138.61111111111,32.666666666666664,0.0,18.0,1.0,1.0,0.0,0.0
2023-02-22,26.0,521159.0,20044.576923076922,13.5,0.0,26.0,0.0,2.0,0.0,0.0
2023-02-23,26.0,521654.0,20063.615384615383,6.576923076923077,0.0,26.0,2.0,4.0,1.0,0.0
2023-02-24,19.0,393192.0,20694.315789473683,10.526315789473685,0.0,19.0,1.0,1.0,0.0,0.0
2023-02-25,11.0,357083.0,32462.090909090908,25.0,0.0,11.0,2.0,2.0,1.0,0.0
2023-02-26,15.0,381574.0,25438.266666666666,25.4,0.0,15.0,2.0,2.0,1.0,0.0
2023-02-27,14.0,270011.0,19286.5,30.928571428571427,0.0,14.0,2.0,3.0,1.0,0.0
2023-02-28,26.0,500771.0,19260.423076923078,26.615384615384617,0.0,26.0,2.0,1.0,2.0,0.0
2023-03-01,14.0,331718.0,23694.14285714286,32.642857142857146,0.0,14.0,1.0,2.0,1.0,0.0
2023-03-02,13.0,355703.0,27361.76923076923,37.53846153846154,0.0,13.0,0.0,1.0,1.0,0.0
2023-03-03,9.0,233748.0,25972.0,34.666666666666664,0.0,9.0,1.0,1.0,0.0,0.0
2023-03-04,50.0,784003.0,15680.06,11.44,0.0,50.0,4.0,7.0,3.0,0.0
2023-03-05,11.0,259741.0,23612.81818181818,38.18181818181818,0.0,11.0,1.0,0.0,0.0,0.0
2023-03-06,18.0,543325.0,30184.722222222223,42.44444444444444,0.0,18.0,1.0,3.0,0.0,0.0
2023-03-07,36.0,908872.0,25246.444444444445,31.083333333333332,0.0,36.0,3.0,12.0,1.0,0.0
2023-03-08,5.0,193081.0,38616.2,43.2,0.0,5.0,0.0,0.0,0.0,0.0
2023-03-09,25.0,496671.0,19866.84,31.08,0.0,25.0,1.0,5.0,3.0,0.0
2023-03-10,34.0,714199.0,21005.852941176472,32.26470588235294,0.0,34.0,2.0,10.0,4.0,0.0
2023-03-11,6.0,119212.0,19868.666666666668,6.0,0.0,6.0,0.0,0.0,1.0,0.0
2023-03-12,54.0,750057.0,13889.944444444445,19.685185185185187,0.0,54.0,7.0,37.0,1.0,0.0
2023-03-13,56.0,821233.0,14664.875,15.928571428571429,0.0,56.0,4.0,18.0,2.0,0.0
2023-03-14,18.0,278600.0,15477.777777777777,9.166666666666666,0.0,18.0,0.0,4.0,4.0,0.0
2023-03-15,20.0,349914.0,17495.7,28.85,0.0,20.0,5.0,8.0,3.0,0.0
2023-03-16,16.0,368645.0,23040.3125,41.5,0.0,16.0,2.0,3.0,0.0,0.0
2023-03-17,20.0,462765.0,23138.25,29.25,0.0,20.0,1.0,2.0,2.0,0.0
2023-03-18,9.0,718137.0,79793.0,53.666666666666664,0.0,9.0,0.0,3.0,0.0,0.0
2023-03-19,9.0,456157.0,50684.11111111111,69.33333333333333,0.0,9.0,0.0,0.0,0.0,0.0
2023-03-20,30.0,848863.0,28295.433333333334,32.13333333333333,0.0,30.0,1.0,9.0,2.0,0.0
2023-03-21,28.0,876872.0,31316.85714285714,28.0,0.0,28.0,1.0,7.0,1.0,0.0
2023-03-22,46.0,924581.0,20099.58695652174,30.52173913043478,0.0,46.0,6.0,5.0,0.0,0.0
2023-03-23,54.0,925766.0,17143.814814814814,27.833333333333332,0.0,54.0,1.0,10.0,4.0,0.0
2023-03-24,27.0,593329.0,21975.14814814815,16.88888888888889,0.0,27.0,2.0,8.0,2.0,0.0
2023-03-25,42.0,889177.0,21170.880952380954,15.285714285714286,0.0,42.0,3.0,14.0,1.0,0.0
2023-03-26,23.0,504081.0,21916.565217391304,16.47826086956522,0.0,23.0,3.0,4.0,1.0,0.0
2023-03-27,26.0,449570.0,17291.153846153848,18.576923076923077,0.0,26.0,4.0,5.0,4.0,0.0
2023-03-28,23.0,404558.0,17589.478260869564,18.304347826086957,0.0,23.0,3.0,4.0,2.0,0.0
2023-03-29,28.0,509188.0,18185.285714285714,26.75,0.0,28.0,1.0,2.0,0.0,0.0
2023-03-30,28.0,913156.0,32612.714285714286,35.82142857142857,0.0,28.0,0.0,15.0,0.0,0.0
2023-03-31,58.0,1236937.0,21326.5,9.362068965517242,0.0,58.0,1.0,11.0,0.0,0.0
2023-04-01,17.0,490318.0,28842.235294117647,13.058823529411764,0.0,17.0,0.0,3.0,0.0,0.0
2023-04-02,26.0,678154.0,26082.846153846152,19.576923076923077,0.0,26.0,2.0,11.0,1.0,0.0
2023-04-03,27.0,998748.0,36990.666666666664,19.037037037037038,0.0,27.0,0.0,1.0,0.0,0.0
2023-04-04,19.0,923084.0,48583.36842105263,25.63157894736842,0.0,19.0,0.0,1.0,0.0,0.0
2023-04-05,14.0,559877.0,39991.21428571428,29.857142857142858,0.0,14.0,0.0,0.0,0.0,0.0
2023-04-06,9.0,295441.0,32826.77777777778,20.555555555555557,0.0,9.0,0.0,3.0,1.0,0.0
2023-04-07,8.0,313902.0,39237.75,35.125,0.0,8.0,0.0,1.0,0.0,0.0
2023-04-08,13.0,307596.0,23661.23076923077,20.53846153846154,0.0,13.0,6.0,3.0,7.0,0.0
2023-04-09,16.0,501906.0,31369.125,36.0625,0.0,16.0,0.0,3.0,1.0,0.0
2023-04-10,17.0,520156.0,30597.41176470588,43.705882352941174,0.0,17.0,1.0,1.0,0.0,0.0
2023-04-11,23.0,403271.0,17533.521739130436,12.26086956521739,0.0,23.0,1.0,4.0,1.0,0.0
2023-04-12,24.0,545079.0,22711.625,20.791666666666668,0.0,24.0,4.0,8.0,0.0,0.0
2023-04-13,12.0,381931.0,31827.583333333332,34.583333333333336,0.0,12.0,0.0,2.0,0.0,0.0
2023-04-14,12.0,270902.0,22575.166666666668,44.083333333333336,0.0,12.0,0.0,1.0,0.0,0.0
2023-04-15,21.0,490047.0,23335.571428571428,26.285714285714285,0.0,21.0,2.0,7.0,0.0,0.0
2023-04-16,15.0,420761.0,28050.733333333334,18.266666666666666,0.0,15.0,0.0,0.0,0.0,0.0
2023-04-17,11.0,333342.0,30303.81818181818,35.45454545454545,0.0,11.0,1.0,2.0,0.0,0.0
2023-04-18,16.0,323551.0,20221.9375,32.1875,0.0,16.0,1.0,4.0,0.0,0.0
2023-04-19,20.0,289759.0,14487.95,6.2,0.0,20.0,4.0,0.0,0.0,0.0
2023-04-20,17.0,429634.0,25272.58823529412,24.11764705882353,0.0,17.0,6.0,5.0,0.0,0.0
2023-04-21,33.0,511912.0,15512.484848484848,10.0,0.0,33.0,2.0,5.0,1.0,0.0
2023-04-22,20.0,293984.0,14699.2,10.65,0.0,20.0,0.0,0.0,1.0,0.0
2023-04-23,27.0,462999.0,17148.11111111111,14.74074074074074,0.0,27.0,0.0,2.0,0.0,0.0
2023-04-24,14.0,415959.0,29711.35714285714,29.5,0.0,14.0,2.0,3.0,0.0,0.0
2023-04-25,19.0,405968.0,21366.736842105263,19.894736842105264,0.0,19.0,1.0,9.0,1.0,0.0
2023-04-26,31.0,562869.0,18157.064516129034,20.548387096774192,0.0,31.0,3.0,14.0,3.0,0.0
2023-04-27,35.0,534363.0,15267.514285714286,19.02857142857143,0.0,35.0,1.0,8.0,0.0,0.0
2023-04-28,6.0,114850.0,19141.666666666668,8.5,0.0,6.0,1.0,0.0,0.0,0.0
2023-04-29,22.0,391507.0,17795.772727272728,15.045454545454545,0.0,22.0,2.0,10.0,0.0,0.0
2023-04-30,61.0,812031.0,13311.983606557376,16.360655737704917,0.0,61.0,4.0,5.0,0.0,0.0
2023-05-01,2.0,41107.0,20553.5,11.5,0.0,2.0,0.0,0.0,0.0,0.0
2023-05-02,3.0,91615.0,30538.333333333332,9.333333333333334,0.0,3.0,0.0,0.0,0.0,0.0
2023-05-03,1.0,61802.0,61802.0,37.0,0.0,1.0,0.0,0.0,0.0,0.0
2023-05-04,23.0,257220.0,11183.478260869566,16.47826086956522,0.0,23.0,1.0,7.0,1.0,0.0
2023-05-05,23.0,564343.0,24536.652173913044,42.04347826086956,0.0,23.0,2.0,2.0,0.0,0.0
2023-05-06,14.0,287957.0,20568.35714285714,16.857142857142858,0.0,14.0,1.0,1.0,0.0,0.0
2023-05-07,21.0,519537.0,24739.85714285714,25.61904761904762,0.0,21.0,4.0,7.0,1.0,0.0
2023-05-08,10.0,190980.0,19098.0,33.0,0.0,10.0,1.0,2.0,0.0,0.0
2023-05-09,18.0,526835.0,29268.61111111111,42.22222222222222,0.0,18.0,0.0,2.0,0.0,0.0
2023-05-10,28.0,823931.0,29426.10714285714,22.357142857142858,0.0,28.0,1.0,5.0,0.0,0.0
2023-05-11,26.0,583095.0,22426.73076923077,13.76923076923077,0.0,26.0,1.0,9.0,1.0,0.0
2023-05-12,11.0,261651.0,23786.454545454544,20.181818181818183,0.0,11.0,0.0,2.0,0.0,0.0
2023-05-13,14.0,320998.0,22928.428571428572,17.928571428571427,0.0,14.0,0.0,2.0,1.0,0.0
2023-05-14,18.0,504646.0,28035.88888888889,28.88888888888889,0.0,18.0,0.0,5.0,2.0,0.0
2023-05-15,35.0,865315.0,24723.285714285714,19.542857142857144,0.0,35.0,0.0,8.0,0.0,0.0
2023-05-16,39.0,768687.0,19709.923076923078,11.35897435897436,0.0,39.0,0.0,2.0,0.0,0.0
2023-05-17,22.0,439833.0,19992.409090909092,22.772727272727273,0.0,22.0,1.0,2.0,2.0,0.0
2023-05-18,9.0,165648.0,18405.333333333332,13.777777777777779,0.0,9.0,0.0,1.0,1.0,0.0
2023-05-19,37.0,641920.0,17349.18918918919,20.513513513513512,0.0,37.0,3.0,15.0,4.0,0.0
2023-05-20,34.0,545435.0,16042.20588235294,21.558823529411764,0.0,34.0,6.0,4.0,0.0,0.0
2023-05-21,23.0,519115.0,22570.217391304348,29.565217391304348,0.0,23.0,2.0,9.0,0.0,0.0
2023-05-22,45.0,621083.0,13801.844444444445,18.466666666666665,0.0,45.0,4.0,13.0,0.0,0.0
2023-05-23,18.0,369617.0,20534.277777777777,21.11111111111111,0.0,18.0,1.0,1.0,0.0,0.0
2023-05-24,38.0,794676.0,20912.526315789473,22.86842105263158,0.0,38.0,3.0,3.0,0.0,0.0
2023-05-25,12.0,382748.0,31895.666666666668,19.75,0.0,12.0,0.0,5.0,0.0,0.0
2023-05-26,2.0,90030.0,45015.0,27.0,0.0,2.0,0.0,1.0,0.0,0.0
2023-05-27,23.0,405074.0,17611.91304347826,30.652173913043477,0.0,23.0,8.0,7.0,0.0,0.0
2023-05-28,22.0,337275.0,15330.681818181818,17.5,0.0,22.0,3.0,7.0,0.0,0.0
2023-05-29,6.0,208506.0,34751.0,36.666666666666664,0.0,6.0,1.0,2.0,0.0,0.0
2023-05-30,12.0,239133.0,19927.75,31.25,0.0,12.0,0.0,2.0,0.0,0.0
2023-05-31,66.0,865176.0,13108.727272727272,20.333333333333332,0.0,66.0,13.0,33.0,1.0,0.0
2023-06-01,17.0,363800.0,21400.0,14.941176470588236,0.0,17.0,0.0,2.0,0.0,0.0
2023-06-02,32.0,618698.0,19334.3125,26.5625,0.0,32.0,4.0,10.0,0.0,0.0
2023-06-03,5.0,137760.0,27552.0,27.6,0.0,5.0,0.0,2.0,0.0,0.0
2023-06-04,6.0,241279.0,40213.166666666664,41.5,0.0,6.0,1.0,2.0,0.0,0.0
2023-06-05,17.0,311115.0,18300.882352941175,25.529411764705884,0.0,17.0,0.0,2.0,0.0,0.0
2023-06-06,23.0,591688.0,25725.565217391304,29.043478260869566,0.0,23.0,3.0,7.0,0.0,0.0
2023-06-07,14.0,519362.0,37097.28571428572,44.42857142857143,0.0,14.0,3.0,5.0,0.0,0.0
2023-06-08,20.0,671424.0,33571.2,35.9,0.0,20.0,1.0,0.0,0.0,0.0
2023-06-09,85.0,1810857.0,21304.2,25.870588235294118,0.0,85.0,3.0,25.0,1.0,0.0
2023-06-10,55.0,1135152.0,20639.127272727274,19.21818181818182,0.0,55.0,12.0,31.0,0.0,0.0
2023-06-11,26.0,561606.0,21600.23076923077,23.192307692307693,0.0,26.0,0.0,13.0,0.0,0.0
2023-06-12,21.0,648857.0,30897.95238095238,30.285714285714285,0.0,21.0,1.0,7.0,1.0,0.0
2023-06-13,18.0,738196.0,41010.88888888889,24.444444444444443,0.0,18.0,1.0,0.0,0.0,0.0
2023-06-14,11.0,427970.0,38906.36363636364,21.636363636363637,0.0,11.0,0.0,0.0,0.0,0.0
2023-06-15,7.0,242251.0,34607.28571428572,28.571428571428573,0.0,7.0,0.0,0.0,0.0,0.0
2023-06-16,40.0,718880.0,17972.0,26.65,0.0,40.0,10.0,13.0,0.0,0.0
2023-06-17,22.0,377402.0,17154.636363636364,14.863636363636363,0.0,22.0,3.0,0.0,0.0,0.0
2023-06-18,23.0,525675.0,22855.434782608696,24.0,0.0,23.0,3.0,14.0,2.0,0.0
2023-06-19,49.0,647176.0,13207.673469387755,15.83673469387755,0.0,49.0,4.0,23.0,0.0,0.0
2023-06-20,29.0,664656.0,22919.172413793105,15.689655172413794,0.0,29.0,5.0,9.0,0.0,0.0
2023-06-21,33.0,661007.0,20030.515151515152,15.424242424242424,0.0,33.0,2.0,6.0,0.0,0.0
2023-06-22,19.0,356670.0,18772.105263157893,27.63157894736842,0.0,19.0,1.0,2.0,0.0,0.0
2023-06-23,18.0,359927.0,19995.944444444445,20.055555555555557,0.0,18.0,1.0,3.0,0.0,0.0
2023-06-24,14.0,365846.0,26131.85714285714,30.857142857142858,0.0,14.0,0.0,2.0,0.0,0.0
2023-06-25,47.0,772901.0,16444.702127659573,19.404255319148938,0.0,47.0,7.0,17.0,0.0,0.0
2023-06-26,10.0,254211.0,25421.1,39.6,0.0,10.0,0.0,0.0,0.0,0.0
2023-06-27,30.0,609368.0,20312.266666666666,23.166666666666668,0.0,30.0,0.0,8.0,1.0,0.0
2023-06-28,30.0,450841.0,15028.033333333333,18.166666666666668,0.0,30.0,0.0,2.0,0.0,0.0
2023-06-29,39.0,510824.0,13098.051282051281,13.23076923076923,0.0,39.0,0.0,0.0,0.0,0.0
2023-06-30,21.0,346904.0,16519.238095238095,15.571428571428571,0.0,21.0,1.0,5.0,0.0,0.0
2023-07-01,31.0,537317.0,17332.8064516129,10.516129032258064,0.0,31.0,4.0,8.0,0.0,0.0
2023-07-02,33.0,507259.0,15371.484848484848,14.909090909090908,0.0,33.0,5.0,12.0,0.0,0.0
2023-07-03,15.0,255276.0,17018.4,11.466666666666667,0.0,15.0,3.0,2.0,0.0,0.0
2023-07-04,60.0,1023249.0,17054.15,16.066666666666666,0.0,60.0,8.0,38.0,0.0,0.0
2023-07-05,9.0,359402.0,39933.555555555555,38.22222222222222,0.0,9.0,0.0,2.0,0.0,0.0
2023-07-06,7.0,179134.0,25590.571428571428,38.285714285714285,0.0,7.0,0.0,2.0,0.0,0.0
2023-07-07,34.0,664295.0,19538.08823529412,15.382352941176471,0.0,34.0,0.0,10.0,0.0,0.0
2023-07-08,13.0,302180.0,23244.615384615383,36.15384615384615,0.0,13.0,1.0,5.0,0.0,0.0
2023-07-09,22.0,505581.0,22980.954545454544,14.636363636363637,0.0,22.0,0.0,4.0,0.0,0.0
2023-07-10,10.0,247152.0,24715.2,35.8,0.0,10.0,0.0,0.0,0.0,0.0
2023-07-11,67.0,766921.0,11446.58208955224,21.253731343283583,0.0,67.0,9.0,40.0,0.0,0.0
2023-07-12,9.0,251029.0,27892.11111111111,77.0,0.0,9.0,0.0,2.0,0.0,0.0
2023-07-13,27.0,473351.0,17531.51851851852,26.666666666666668,0.0,27.0,8.0,10.0,0.0,0.0
2023-07-14,17.0,334078.0,19651.647058823528,12.529411764705882,0.0,17.0,0.0,10.0,0.0,0.0
2023-07-15,30.0,512365.0,17078.833333333332,12.533333333333333,0.0,30.0,1.0,3.0,0.0,0.0
2023-07-16,25.0,394225.0,15769.0,18.4,0.0,25.0,0.0,3.0,0.0,0.0
2023-07-17,15.0,334263.0,22284.2,11.4,0.0,15.0,3.0,6.0,0.0,0.0
2023-07-18,12.0,359874.0,29989.5,14.083333333333334,0.0,12.0,2.0,5.0,0.0,0.0
2023-07-19,21.0,489258.0,23298.0,20.61904761904762,0.0,21.0,1.0,8.0,0.0,0.0
2023-07-20,20.0,471405.0,23570.25,25.7,0.0,20.0,2.0,12.0,0.0,0.0
2023-07-21,77.0,822545.0,10682.402597402597,15.766233766233766,0.0,77.0,9.0,51.0,0.0,0.0
2023-07-22,15.0,303174.0,20211.6,8.466666666666667,0.0,15.0,1.0,0.0,0.0,0.0
2023-07-23,49.0,722328.0,14741.387755102041,11.306122448979592,0.0,49.0,3.0,22.0,1.0,0.0
2023-07-24,10.0,175427.0,17542.7,22.1,0.0,10.0,0.0,3.0,0.0,0.0
2023-07-25,86.0,823447.0,9574.96511627907,17.08139534883721,0.0,86.0,5.0,22.0,1.0,0.0
2023-07-26,68.0,838763.0,12334.75,16.16176470588235,0.0,68.0,1.0,45.0,1.0,0.0
2023-07-27,18.0,396765.0,22042.5,18.666666666666668,0.0,18.0,0.0,9.0,0.0,0.0
2023-07-28,41.0,699727.0,17066.51219512195,35.41463414634146,0.0,41.0,2.0,27.0,0.0,0.0
2023-07-29,34.0,619795.0,18229.264705882353,23.294117647058822,0.0,34.0,1.0,13.0,0.0,0.0
2023-07-30,19.0,410337.0,21596.684210526317,23.842105263157894,0.0,19.0,0.0,6.0,0.0,0.0
2023-07-31,10.0,271534.0,27153.4,45.0,0.0,10.0,0.0,0.0,0.0,0.0
2023-08-01,84.0,1249279.0,14872.369047619048,20.761904761904763,0.0,84.0,1.0,54.0,5.0,0.0
2023-08-02,28.0,602270.0,21509.64285714286,29.214285714285715,0.0,28.0,0.0,3.0,0.0,0.0
2023-08-03,15.0,579636.0,38642.4,25.266666666666666,0.0,15.0,0.0,3.0,0.0,0.0
2023-08-04,32.0,763689.0,23865.28125,21.375,0.0,32.0,1.0,4.0,0.0,0.0
2023-08-05,24.0,444712.0,18529.666666666668,17.0,0.0,24.0,1.0,8.0,0.0,0.0
2023-08-06,17.0,545749.0,32102.882352941175,30.0,0.0,17.0,1.0,6.0,0.0,0.0
2023-08-07,32.0,820391.0,25637.21875,34.40625,0.0,32.0,1.0,17.0,0.0,0.0
2023-08-08,32.0,622860.0,19464.375,27.40625,0.0,32.0,1.0,8.0,0.0,0.0
2023-08-09,31.0,723023.0,23323.322580645163,22.161290322580644,0.0,31.0,1.0,19.0,0.0,0.0
2023-08-10,31.0,567197.0,18296.677419354837,17.64516129032258,0.0,31.0,0.0,1.0,0.0,0.0
2023-08-11,20.0,312863.0,15643.15,16.05,0.0,20.0,0.0,3.0,0.0,0.0
2023-08-12,14.0,307899.0,21992.785714285714,18.071428571428573,0.0,14.0,2.0,1.0,0.0,0.0
2023-08-13,48.0,705939.0,14707.0625,17.375,0.0,48.0,3.0,15.0,2.0,0.0
2023-08-14,12.0,518389.0,43199.083333333336,58.416666666666664,0.0,12.0,0.0,0.0,0.0,0.0
2023-08-15,23.0,690248.0,30010.782608695652,25.956521739130434,0.0,23.0,1.0,2.0,0.0,0.0
2023-08-16,33.0,517167.0,15671.727272727272,8.848484848484848,0.0,33.0,0.0,4.0,0.0,0.0
2023-08-17,94.0,1166774.0,12412.489361702128,13.797872340425531,0.0,94.0,0.0,28.0,1.0,0.0
2023-08-18,23.0,491654.0,21376.260869565216,17.304347826086957,0.0,23.0,2.0,4.0,0.0,0.0
2023-08-19,18.0,457369.0,25409.38888888889,26.666666666666668,0.0,18.0,0.0,0.0,0.0,0.0
2023-08-20,15.0,360568.0,24037.866666666665,14.8,0.0,15.0,1.0,2.0,0.0,0.0
2023-08-21,13.0,402718.0,30978.30769230769,34.61538461538461,0.0,13.0,1.0,0.0,0.0,0.0
2023-08-22,26.0,451851.0,17378.884615384617,6.923076923076923,0.0,26.0,1.0,5.0,0.0,0.0
2023-08-23,63.0,1193397.0,18942.809523809523,11.444444444444445,0.0,63.0,2.0,4.0,0.0,0.0
2023-08-24,80.0,3377672.0,42220.9,12.3375,1.0,79.0,2.0,16.0,0.0,0.0
2023-08-25,33.0,921894.0,27936.18181818182,13.121212121212121,0.0,33.0,0.0,13.0,0.0,0.0
2023-08-26,26.0,663924.0,25535.53846153846,26.5,0.0,26.0,1.0,0.0,0.0,0.0
2023-08-27,46.0,965687.0,20993.195652173912,23.934782608695652,0.0,46.0,1.0,36.0,0.0,0.0
2023-08-28,10.0,417811.0,41781.1,47.1,0.0,10.0,0.0,1.0,0.0,0.0
2023-08-29,55.0,929283.0,16896.054545454546,20.763636363636362,0.0,55.0,0.0,6.0,0.0,0.0
2023-08-30,99.0,1278330.0,12912.424242424242,7.101010101010101,0.0,99.0,1.0,4.0,0.0,0.0
2023-08-31,35.0,587865.0,16796.14285714286,20.8,0.0,35.0,0.0,4.0,0.0,0.0
2023-09-01,40.0,610423.0,15260.575,14.975,0.0,40.0,4.0,11.0,0.0,0.0
2023-09-02,47.0,618555.0,13160.744680851063,15.085106382978724,0.0,47.0,1.0,11.0,0.0,0.0
2023-09-03,25.0,539656.0,21586.24,27.24,0.0,25.0,0.0,9.0,0.0,0.0
2023-09-04,33.0,585146.0,17731.696969696968,12.969696969696969,0.0,33.0,1.0,1.0,0.0,0.0
2023-09-05,55.0,649040.0,11800.727272727272,9.6,0.0,55.0,0.0,3.0,0.0,0.0
2023-09-06,49.0,688830.0,14057.755102040815,17.571428571428573,0.0,49.0,0.0,5.0,0.0,0.0
2023-09-07,32.0,434585.0,13580.78125,8.78125,0.0,32.0,2.0,1.0,0.0,0.0
2023-09-08,21.0,473468.0,22546.095238095237,35.61904761904762,0.0,21.0,0.0,5.0,0.0,0.0
2023-09-09,15.0,426316.0,28421.066666666666,10.933333333333334,0.0,15.0,0.0,3.0,0.0,0.0
2023-09-10,12.0,262350.0,21862.5,56.666666666666664,0.0,12.0,1.0,2.0,0.0,0.0
2023-09-11,22.0,498476.0,22658.0,38.13636363636363,0.0,22.0,1.0,0.0,0.0,0.0
2023-09-12,37.0,577184.0,15599.567567567568,17.594594594594593,0.0,37.0,1.0,1.0,0.0,0.0
2023-09-13,30.0,485530.0,16184.333333333334,20.8,0.0,30.0,0.0,3.0,0.0,0.0
2023-09-14,42.0,548763.0,13065.785714285714,13.833333333333334,0.0,42.0,0.0,5.0,0.0,0.0
2023-09-15,29.0,487674.0,16816.344827586207,15.10344827586207,0.0,29.0,0.0,9.0,0.0,0.0
2023-09-16,24.0,428147.0,17839.458333333332,18.958333333333332,0.0,24.0,1.0,6.0,0.0,0.0
2023-09-17,21.0,448376.0,21351.238095238095,15.571428571428571,0.0,21.0,0.0,5.0,0.0,0.0
2023-09-18,14.0,380602.0,27185.85714285714,32.57142857142857,0.0,14.0,0.0,4.0,0.0,0.0
2023-09-19,38.0,532484.0,14012.736842105263,17.736842105263158,0.0,38.0,1.0,6.0,0.0,0.0
2023-09-20,65.0,807366.0,12421.015384615384,17.353846153846153,0.0,65.0,0.0,17.0,0.0,0.0
2023-09-21,13.0,310114.0,23854.923076923078,21.53846153846154,0.0,13.0,1.0,2.0,0.0,0.0
2023-09-22,17.0,287945.0,16937.941176470587,26.705882352941178,0.0,17.0,0.0,2.0,0.0,0.0
2023-09-23,37.0,764878.0,20672.37837837838,39.945945945945944,0.0,37.0,8.0,14.0,0.0,0.0
2023-09-24,31.0,447137.0,14423.774193548386,24.35483870967742,0.0,31.0,0.0,6.0,0.0,0.0
2023-09-25,9.0,200236.0,22248.444444444445,83.0,0.0,9.0,0.0,4.0,0.0,0.0
2023-09-26,88.0,936565.0,10642.78409090909,18.272727272727273,0.0,88.0,2.0,44.0,2.0,0.0
2023-09-27,64.0,924173.0,14440.203125,26.15625,0.0,64.0,3.0,12.0,0.0,0.0
2023-09-28,12.0,319959.0,26663.25,30.666666666666668,0.0,12.0,1.0,0.0,0.0,0.0
2023-09-29,33.0,485677.0,14717.484848484848,15.818181818181818,0.0,33.0,2.0,10.0,0.0,0.0
2023-09-30,28.0,646206.0,23078.785714285714,44.535714285714285,0.0,28.0,3.0,16.0,0.0,0.0
2023-10-01,27.0,517477.0,19165.814814814814,31.22222222222222,0.0,27.0,3.0,4.0,0.0,0.0
2023-10-02,19.0,489408.0,25758.315789473683,20.36842105263158,0.0,19.0,2.0,2.0,0.0,0.0
2023-10-03,14.0,503702.0,35978.71428571428,52.5,0.0,14.0,0.0,0.0,0.0,0.0
2023-10-04,63.0,800976.0,12713.904761904761,19.365079365079364,0.0,63.0,0.0,13.0,0.0,0.0
2023-10-05,25.0,621274.0,24850.96,67.96,0.0,25.0,2.0,5.0,0.0,0.0
2023-10-06,10.0,306047.0,30604.7,47.1,0.0,10.0,1.0,1.0,0.0,0.0
2023-10-07,57.0,921377.0,16164.508771929824,28.45614035087719,0.0,57.0,2.0,18.0,0.0,0.0
2023-10-08,13.0,298506.0,22962.0,20.76923076923077,0.0,13.0,0.0,3.0,0.0,0.0
2023-10-09,43.0,726907.0,16904.81395348837,22.953488372093023,0.0,43.0,6.0,3.0,0.0,0.0
2023-10-10,25.0,514047.0,20561.88,25.76,0.0,25.0,1.0,0.0,0.0,0.0
2023-10-11,30.0,577681.0,19256.033333333333,13.6,0.0,30.0,2.0,5.0,0.0,0.0
2023-10-12,7.0,147640.0,21091.428571428572,32.42857142857143,0.0,7.0,0.0,0.0,0.0,0.0
2023-10-13,37.0,644941.0,17430.837837837837,21.513513513513512,0.0,37.0,1.0,12.0,0.0,0.0
2023-10-14,35.0,553633.0,15818.085714285715,17.857142857142858,0.0,35.0,2.0,2.0,0.0,0.0
2023-10-15,26.0,453885.0,17457.115384615383,19.884615384615383,0.0,26.0,0.0,0.0,0.0,0.0
2023-10-16,80.0,976936.0,12211.7,15.35,0.0,80.0,3.0,11.0,0.0,0.0
2023-10-17,54.0,675362.0,12506.703703703704,10.648148148148149,0.0,54.0,0.0,0.0,0.0,0.0
2023-10-18,20.0,312464.0,15623.2,14.0,0.0,20.0,0.0,1.0,0.0,0.0
2023-10-19,30.0,485845.0,16194.833333333334,17.9,0.0,30.0,5.0,11.0,0.0,0.0
2023-10-20,16.0,363368.0,22710.5,31.875,0.0,16.0,0.0,0.0,0.0,0.0
2023-10-21,33.0,452996.0,13727.151515151516,14.93939393939394,0.0,33.0,0.0,17.0,1.0,0.0
2023-10-22,36.0,556258.0,15451.611111111111,26.86111111111111,0.0,36.0,1.0,18.0,0.0,0.0
2023-10-23,53.0,722685.0,13635.566037735849,32.62264150943396,0.0,53.0,2.0,25.0,1.0,0.0
2023-10-24,16.0,381609.0,23850.5625,47.8125,0.0,16.0,0.0,0.0,0.0,0.0
2023-10-25,21.0,527599.0,25123.761904761905,29.238095238095237,0.0,21.0,0.0,1.0,0.0,0.0
2023-10-26,14.0,312956.0,22354.0,57.07142857142857,0.0,14.0,3.0,6.0,0.0,0.0
2023-10-27,33.0,449760.0,13629.09090909091,7.757575757575758,0.0,33.0,1.0,4.0,0.0,0.0
2023-10-28,31.0,448167.0,14457.0,38.354838709677416,0.0,31.0,2.0,15.0,0.0,0.0
2023-10-29,24.0,400507.0,16687.791666666668,24.541666666666668,0.0,24.0,3.0,6.0,0.0,0.0
2023-10-30,10.0,258873.0,25887.3,35.8,0.0,10.0,0.0,0.0,0.0,0.0
2023-10-31,78.0,810132.0,10386.307692307691,8.14102564102564,0.0,78.0,2.0,5.0,0.0,0.0
2023-11-01,28.0,521440.0,18622.85714285714,40.107142857142854,0.0,28.0,1.0,0.0,0.0,0.0
2023-11-02,21.0,460625.0,21934.52380952381,50.857142857142854,0.0,21.0,1.0,2.0,0.0,0.0
2023-11-03,10.0,300408.0,30040.8,8.6,0.0,10.0,1.0,0.0,0.0,0.0
2023-11-04,11.0,247315.0,22483.18181818182,25.363636363636363,0.0,11.0,0.0,0.0,0.0,0.0
2023-11-05,17.0,272559.0,16032.882352941177,48.1764705882353,0.0,17.0,0.0,3.0,0.0,0.0
2023-11-06,32.0,737494.0,23046.6875,38.90625,0.0,32.0,0.0,11.0,0.0,0.0
2023-11-07,31.0,421726.0,13604.064516129032,8.903225806451612,0.0,31.0,1.0,1.0,0.0,0.0
2023-11-08,38.0,619992.0,16315.578947368422,30.289473684210527,0.0,38.0,0.0,18.0,0.0,0.0
2023-11-09,34.0,566884.0,16673.058823529413,25.235294117647058,0.0,34.0,0.0,1.0,0.0,0.0
2023-11-10,9.0,199362.0,22151.333333333332,49.111111111111114,0.0,9.0,0.0,0.0,0.0,0.0
2023-11-11,21.0,424056.0,20193.14285714286,15.571428571428571,0.0,21.0,1.0,4.0,0.0,0.0
2023-11-12,16.0,338962.0,21185.125,15.125,0.0,16.0,0.0,1.0,0.0,0.0
2023-11-13,19.0,344484.0,18130.736842105263,49.21052631578947,0.0,19.0,2.0,13.0,1.0,0.0
2023-11-14,10.0,213027.0,21302.7,37.7,0.0,10.0,0.0,0.0,0.0,0.0
2023-11-15,44.0,500711.0,11379.795454545454,16.181818181818183,0.0,44.0,0.0,2.0,0.0,0.0
2023-11-16,33.0,422844.0,12813.454545454546,19.666666666666668,0.0,33.0,0.0,1.0,0.0,0.0
2023-11-17,24.0,455290.0,18970.416666666668,12.25,0.0,24.0,1.0,1.0,0.0,0.0
2023-11-18,34.0,502578.0,14781.70588235294,27.41176470588235,0.0,34.0,1.0,13.0,0.0,0.0
2023-11-19,42.0,710937.0,16927.071428571428,22.952380952380953,0.0,42.0,0.0,8.0,2.0,0.0
2023-11-20,31.0,462985.0,14935.0,9.0,0.0,31.0,1.0,2.0,0.0,0.0
2023-11-21,23.0,374845.0,16297.608695652174,21.608695652173914,0.0,23.0,0.0,0.0,0.0,0.0
2023-11-22,61.0,599045.0,9820.409836065573,18.704918032786885,0.0,61.0,0.0,2.0,0.0,0.0
2023-11-23,18.0,373246.0,20735.88888888889,21.666666666666668,0.0,18.0,0.0,5.0,0.0,0.0
2023-11-24,13.0,245280.0,18867.69230769231,12.76923076923077,0.0,13.0,1.0,2.0,0.0,0.0
2023-11-25,27.0,522409.0,19348.48148148148,21.333333333333332,0.0,27.0,0.0,1.0,0.0,0.0
2023-11-26,9.0,123785.0,13753.888888888889,14.666666666666666,0.0,9.0,0.0,2.0,1.0,0.0
2023-11-27,22.0,328219.0,14919.045454545454,27.454545454545453,0.0,22.0,3.0,5.0,0.0,0.0
2023-11-28,70.0,653909.0,9341.557142857142,18.02857142857143,0.0,70.0,5.0,20.0,1.0,0.0
2023-11-29,48.0,603090.0,12564.375,37.354166666666664,0.0,48.0,0.0,2.0,0.0,0.0
2023-11-30,56.0,510828.0,9121.92857142857,23.392857142857142,0.0,56.0,0.0,7.0,0.0,0.0
2023-12-01,59.0,657429.0,11142.864406779661,13.101694915254237,0.0,59.0,0.0,3.0,1.0,0.0
2023-12-02,52.0,667862.0,12843.5,19.384615384615383,0.0,52.0,2.0,3.0,0.0,0.0
2023-12-03,14.0,291899.0,20849.928571428572,24.071428571428573,0.0,14.0,0.0,6.0,0.0,0.0
2023-12-04,11.0,240392.0,21853.81818181818,54.45454545454545,0.0,11.0,0.0,1.0,0.0,0.0
2023-12-05,36.0,464656.0,12907.111111111111,20.583333333333332,0.0,36.0,2.0,0.0,0.0,0.0
2023-12-06,22.0,352473.0,16021.5,10.0,0.0,22.0,0.0,3.0,0.0,0.0
2023-12-07,34.0,471553.0,13869.20588235294,16.647058823529413,0.0,34.0,1.0,0.0,0.0,0.0
2023-12-08,34.0,389155.0,11445.735294117647,32.05882352941177,0.0,34.0,1.0,4.0,0.0,0.0
2023-12-09,40.0,527062.0,13176.55,23.975,0.0,40.0,0.0,4.0,0.0,0.0
2023-12-10,10.0,248740.0,24874.0,57.1,0.0,10.0,0.0,0.0,0.0,0.0
2023-12-11,37.0,472965.0,12782.837837837838,12.135135135135135,0.0,37.0,0.0,3.0,0.0,0.0
2023-12-12,49.0,501480.0,10234.285714285714,13.0,0.0,49.0,0.0,7.0,2.0,0.0
2023-12-13,34.0,465380.0,13687.64705882353,26.176470588235293,0.0,34.0,2.0,0.0,0.0,0.0
2023-12-14,14.0,258923.0,18494.5,32.0,0.0,14.0,2.0,1.0,0.0,0.0
2023-12-15,15.0,202836.0,13522.4,13.8,0.0,15.0,0.0,0.0,0.0,0.0
2023-12-16,24.0,332836.0,13868.166666666666,20.0,0.0,24.0,1.0,5.0,0.0,0.0
2023-12-17,31.0,323147.0,10424.09677419355,20.741935483870968,0.0,31.0,0.0,16.0,0.0,0.0
2023-12-18,41.0,511477.0,12475.048780487805,32.146341463414636,0.0,41.0,2.0,3.0,0.0,0.0
2023-12-19,60.0,658056.0,10967.6,23.233333333333334,0.0,60.0,1.0,11.0,0.0,0.0
2023-12-20,16.0,242537.0,15158.5625,8.3125,0.0,16.0,0.0,0.0,0.0,0.0
2023-12-21,66.0,795538.0,12053.60606060606,12.606060606060606,0.0,66.0,3.0,34.0,2.0,0.0
2023-12-22,52.0,529300.0,10178.846153846154,26.76923076923077,0.0,52.0,1.0,6.0,0.0,0.0
2023-12-23,32.0,593810.0,18556.5625,21.0,0.0,32.0,0.0,23.0,0.0,0.0
2023-12-24,13.0,294577.0,22659.76923076923,34.0,0.0,13.0,0.0,1.0,0.0,0.0
2023-12-25,13.0,375175.0,28859.615384615383,41.38461538461539,0.0,13.0,0.0,0.0,0.0,0.0
2023-12-26,81.0,766109.0,9458.135802469136,17.555555555555557,0.0,81.0,0.0,8.0,0.0,0.0
2023-12-27,35.0,587901.0,16797.17142857143,37.34285714285714,0.0,35.0,3.0,7.0,1.0,0.0
2023-12-28,10.0,196212.0,19621.2,35.0,0.0,10.0,0.0,0.0,0.0,0.0
2023-12-29,43.0,472645.0,10991.744186046511,8.55813953488372,0.0,43.0,0.0,3.0,0.0,0.0
2023-12-30,48.0,507622.0,10575.458333333334,15.395833333333334,0.0,48.0,0.0,2.0,0.0,0.0
2023-12-31,37.0,453189.0,12248.351351351352,23.405405405405407,0.0,37.0,2.0,4.0,0.0,0.0
2024-01-01,16.0,256161.0,16010.0625,33.625,0.0,16.0,0.0,1.0,0.0,0.0
2024-01-02,36.0,536286.0,14896.833333333334,43.55555555555556,0.0,36.0,4.0,23.0,4.0,0.0
2024-01-03,41.0,538844.0,13142.536585365853,34.78048780487805,0.0,41.0,1.0,15.0,0.0,0.0
2024-01-04,120.0,896517.0,7470.975,34.675,0.0,120.0,1.0,4.0,0.0,0.0
2024-01-05,54.0,677598.0,12548.111111111111,38.074074074074076,0.0,54.0,0.0,18.0,0.0,0.0
2024-01-06,67.0,716849.0,10699.23880597015,28.791044776119403,0.0,67.0,4.0,28.0,0.0,0.0
2024-01-07,26.0,393229.0,15124.192307692309,19.153846153846153,0.0,26.0,0.0,6.0,0.0,0.0
2024-01-08,37.0,556396.0,15037.72972972973,36.54054054054054,0.0,37.0,1.0,3.0,0.0,0.0
2024-01-09,67.0,789293.0,11780.492537313432,21.70149253731343,0.0,67.0,0.0,6.0,0.0,0.0
2024-01-10,45.0,743119.0,16513.755555555555,17.822222222222223,0.0,45.0,1.0,9.0,0.0,0.0
2024-01-11,28.0,432008.0,15428.857142857143,12.535714285714286,0.0,28.0,2.0,0.0,0.0,0.0
2024-01-12,37.0,469257.0,12682.621621621622,22.35135135135135,0.0,37.0,1.0,2.0,0.0,0.0
2024-01-13,29.0,528064.0,18209.103448275862,44.10344827586207,0.0,29.0,0.0,0.0,0.0,0.0
2024-01-14,21.0,364344.0,17349.714285714286,13.285714285714286,0.0,21.0,0.0,5.0,0.0,0.0
2024-01-15,20.0,492650.0,24632.5,37.15,0.0,20.0,1.0,6.0,0.0,0.0
2024-01-16,58.0,705611.0,12165.706896551725,34.51724137931034,0.0,58.0,0.0,11.0,0.0,0.0
2024-01-17,29.0,483634.0,16677.03448275862,41.13793103448276,0.0,29.0,0.0,5.0,0.0,0.0
2024-01-18,41.0,392734.0,9578.878048780487,11.365853658536585,0.0,41.0,1.0,2.0,0.0,0.0
2024-01-19,76.0,834720.0,10983.157894736842,23.776315789473685,0.0,76.0,3.0,6.0,0.0,0.0
2024-01-20,41.0,553083.0,13489.829268292682,25.853658536585368,0.0,41.0,0.0,13.0,0.0,0.0
2024-01-21,31.0,481491.0,15531.967741935483,20.06451612903226,0.0,31.0,1.0,9.0,0.0,0.0
2024-01-22,88.0,720852.0,8191.5,31.84090909090909,0.0,88.0,1.0,13.0,1.0,0.0
2024-01-23,37.0,696584.0,18826.594594594593,17.91891891891892,0.0,37.0,1.0,7.0,0.0,0.0
2024-01-24,85.0,913977.0,10752.670588235294,26.31764705882353,0.0,85.0,0.0,3.0,0.0,0.0
2024-01-25,32.0,557622.0,17425.6875,35.96875,0.0,32.0,1.0,3.0,0.0,0.0
2024-01-26,41.0,633078.0,15440.926829268292,26.585365853658537,0.0,41.0,1.0,3.0,0.0,0.0
2024-01-27,30.0,487248.0,16241.6,15.7,0.0,30.0,0.0,8.0,0.0,0.0
2024-01-28,25.0,481799.0,19271.96,48.68,0.0,25.0,0.0,3.0,0.0,0.0
2024-01-29,6.0,147512.0,24585.333333333332,42.666666666666664,0.0,6.0,0.0,0.0,0.0,0.0
2024-01-30,53.0,763358.0,14402.981132075472,35.83018867924528,0.0,53.0,0.0,2.0,0.0,0.0
2024-01-31,47.0,604935.0,12870.95744680851,10.382978723404255,0.0,47.0,1.0,3.0,0.0,0.0
2024-02-01,19.0,311222.0,16380.105263157895,11.0,0.0,19.0,0.0,9.0,0.0,0.0
2024-02-02,26.0,473294.0,18203.615384615383,14.5,0.0,26.0,0.0,5.0,0.0,0.0
2024-02-03,12.0,223858.0,18654.833333333332,22.25,0.0,12.0,0.0,2.0,0.0,0.0
2024-02-04,31.0,465303.0,15009.774193548386,20.258064516129032,0.0,31.0,0.0,1.0,0.0,0.0
2024-02-05,15.0,338079.0,22538.6,48.4,0.0,15.0,0.0,0.0,0.0,0.0
2024-02-06,42.0,429064.0,10215.809523809523,15.071428571428571,0.0,42.0,0.0,3.0,0.0,0.0
2024-02-07,47.0,586885.0,12486.91489361702,18.70212765957447,0.0,47.0,0.0,14.0,1.0,0.0
2024-02-08,94.0,1011522.0,10760.872340425532,12.01063829787234,0.0,94.0,2.0,7.0,0.0,0.0
2024-02-09,28.0,420789.0,15028.17857142857,17.535714285714285,0.0,28.0,1.0,7.0,0.0,0.0
2024-02-10,25.0,433152.0,17326.08,33.32,0.0,25.0,0.0,1.0,0.0,0.0
2024-02-11,37.0,579172.0,15653.297297297297,17.0,0.0,37.0,0.0,8.0,0.0,0.0
2024-02-12,8.0,106264.0,13283.0,68.0,0.0,8.0,1.0,0.0,0.0,0.0
2024-02-13,71.0,807798.0,11377.43661971831,18.112676056338028,0.0,71.0,3.0,21.0,1.0,0.0
2024-02-14,26.0,377153.0,14505.884615384615,26.76923076923077,0.0,26.0,0.0,3.0,0.0,0.0
2024-02-15,25.0,406933.0,16277.32,13.8,0.0,25.0,0.0,1.0,0.0,0.0
2024-02-16,45.0,627117.0,13935.933333333332,24.91111111111111,0.0,45.0,1.0,0.0,0.0,0.0
2024-02-17,77.0,834848.0,10842.181818181818,12.103896103896103,0.0,77.0,5.0,15.0,0.0,0.0
2024-02-18,25.0,409326.0,16373.04,14.84,0.0,25.0,0.0,0.0,0.0,0.0
2024-02-19,12.0,296773.0,24731.083333333332,50.25,0.0,12.0,0.0,1.0,0.0,0.0
2024-02-20,35.0,530899.0,15168.542857142857,36.65714285714286,0.0,35.0,0.0,0.0,0.0,0.0
2024-02-21,28.0,328274.0,11724.07142857143,6.642857142857143,0.0,28.0,0.0,0.0,0.0,0.0
2024-02-22,27.0,367442.0,13608.962962962964,9.555555555555555,0.0,27.0,0.0,1.0,0.0,0.0
2024-02-23,30.0,390766.0,13025.533333333333,19.466666666666665,0.0,30.0,0.0,9.0,0.0,0.0
2024-02-24,28.0,428787.0,15313.82142857143,14.214285714285714,0.0,28.0,0.0,4.0,0.0,0.0
2024-02-25,14.0,219384.0,15670.285714285714,15.714285714285714,0.0,14.0,0.0,0.0,0.0,0.0
2024-02-26,36.0,644018.0,17889.38888888889,37.52777777777778,0.0,36.0,1.0,1.0,0.0,0.0
2024-02-27,13.0,247359.0,19027.615384615383,19.307692307692307,0.0,13.0,0.0,1.0,0.0,0.0
2024-02-28,18.0,317951.0,17663.944444444445,25.61111111111111,0.0,18.0,0.0,0.0,0.0,0.0
2024-02-29,24.0,345182.0,14382.583333333334,27.0,0.0,24.0,1.0,2.0,0.0,0.0
2024-03-01,35.0,408878.0,11682.228571428572,5.714285714285714,0.0,35.0,0.0,2.0,0.0,0.0
2024-03-02,66.0,715888.0,10846.787878787878,38.71212121212121,0.0,66.0,1.0,5.0,0.0,0.0
2024-03-03,12.0,240850.0,20070.833333333332,30.0,0.0,12.0,0.0,0.0,0.0,0.0
2024-03-04,23.0,473597.0,20591.17391304348,38.26086956521739,0.0,23.0,2.0,3.0,0.0,0.0
2024-03-05,55.0,941018.0,17109.418181818182,42.67272727272727,0.0,55.0,0.0,29.0,1.0,0.0
2024-03-06,16.0,417155.0,26072.1875,27.9375,0.0,16.0,0.0,1.0,0.0,0.0
2024-03-07,89.0,3127348.0,35138.74157303371,20.179775280898877,0.0,89.0,2.0,2.0,0.0,0.0
2024-03-08,3.0,144052.0,48017.333333333336,29.333333333333332,0.0,3.0,0.0,1.0,1.0,0.0
2024-03-09,28.0,423903.0,15139.392857142857,28.928571428571427,0.0,28.0,1.0,11.0,0.0,0.0
2024-03-10,15.0,292907.0,19527.133333333335,22.933333333333334,0.0,15.0,1.0,0.0,0.0,0.0
2024-03-11,47.0,563188.0,11982.72340425532,18.914893617021278,0.0,47.0,0.0,20.0,1.0,0.0
2024-03-12,67.0,754856.0,11266.507462686568,29.791044776119403,0.0,67.0,2.0,15.0,0.0,0.0
2024-03-13,11.0,183236.0,16657.81818181818,29.272727272727273,0.0,11.0,0.0,1.0,0.0,0.0
2024-03-14,31.0,426147.0,13746.677419354839,19.677419354838708,0.0,31.0,0.0,0.0,0.0,0.0
2024-03-15,19.0,295042.0,15528.526315789473,11.368421052631579,0.0,19.0,0.0,0.0,0.0,0.0
2024-03-16,52.0,546878.0,10516.884615384615,16.03846153846154,0.0,52.0,2.0,14.0,0.0,0.0
2024-03-17,53.0,541080.0,10209.056603773584,26.50943396226415,0.0,53.0,2.0,5.0,0.0,0.0
2024-03-18,27.0,500682.0,18543.777777777777,38.851851851851855,0.0,27.0,1.0,8.0,0.0,0.0
2024-03-19,27.0,499659.0,18505.88888888889,20.074074074074073,0.0,27.0,1.0,0.0,0.0,0.0
2024-03-20,29.0,450347.0,15529.206896551725,16.03448275862069,0.0,29.0,2.0,3.0,0.0,0.0
2024-03-21,14.0,287554.0,20539.571428571428,38.0,0.0,14.0,0.0,0.0,0.0,0.0
2024-03-22,48.0,1020867.0,21268.0625,50.458333333333336,0.0,48.0,0.0,8.0,0.0,0.0
2024-03-23,24.0,426497.0,17770.708333333332,10.25,0.0,24.0,1.0,6.0,1.0,0.0
2024-03-24,23.0,434788.0,18903.82608695652,24.956521739130434,0.0,23.0,4.0,6.0,0.0,0.0
2024-03-25,26.0,559427.0,21516.423076923078,40.88461538461539,0.0,26.0,1.0,1.0,1.0,0.0
2024-03-26,37.0,774260.0,20925.945945945947,33.21621621621622,0.0,37.0,0.0,6.0,0.0,0.0
2024-03-27,28.0,472605.0,16878.75,41.285714285714285,0.0,28.0,0.0,0.0,0.0,0.0
2024-03-28,31.0,550535.0,17759.1935483871,11.580645161290322,0.0,31.0,1.0,0.0,0.0,0.0
2024-03-29,12.0,247966.0,20663.833333333332,10.0,0.0,12.0,0.0,0.0,0.0,0.0
2024-03-30,13.0,247920.0,19070.76923076923,14.461538461538462,0.0,13.0,1.0,2.0,0.0,0.0
2024-03-31,77.0,814227.0,10574.376623376624,19.675324675324674,0.0,77.0,2.0,13.0,0.0,0.0
2024-04-01,25.0,317183.0,12687.32,31.64,0.0,25.0,0.0,4.0,0.0,0.0
2024-04-02,60.0,970530.0,16175.5,20.466666666666665,0.0,60.0,3.0,14.0,0.0,0.0
2024-04-03,10.0,204269.0,20426.9,4.5,0.0,10.0,0.0,0.0,0.0,0.0
2024-04-04,10.0,186146.0,18614.6,49.9,0.0,10.0,0.0,0.0,1.0,0.0
2024-04-05,40.0,484060.0,12101.5,13.375,0.0,40.0,1.0,5.0,0.0,0.0
2024-04-06,7.0,232033.0,33147.57142857143,65.57142857142857,0.0,7.0,0.0,0.0,0.0,0.0
2024-04-07,25.0,443554.0,17742.16,27.0,0.0,25.0,1.0,4.0,2.0,0.0
2024-04-08,17.0,335952.0,19761.882352941175,61.1764705882353,0.0,17.0,0.0,0.0,1.0,0.0
2024-04-09,22.0,273740.0,12442.727272727272,9.0,0.0,22.0,0.0,1.0,0.0,0.0
2024-04-10,36.0,671209.0,18644.694444444445,28.27777777777778,0.0,36.0,4.0,1.0,0.0,0.0
2024-04-11,10.0,189832.0,18983.2,31.3,0.0,10.0,0.0,0.0,0.0,0.0
2024-04-12,49.0,557458.0,11376.69387755102,19.6734693877551,0.0,49.0,2.0,12.0,2.0,0.0
2024-04-13,45.0,735537.0,16345.266666666666,29.91111111111111,0.0,45.0,2.0,8.0,1.0,0.0
2024-04-14,15.0,272351.0,18156.733333333334,29.333333333333332,0.0,15.0,1.0,2.0,0.0,0.0
2024-04-15,69.0,849135.0,12306.304347826086,17.82608695652174,0.0,69.0,2.0,4.0,0.0,0.0
2024-04-16,43.0,671002.0,15604.697674418605,11.906976744186046,0.0,43.0,3.0,4.0,0.0,0.0
2024-04-17,25.0,543862.0,21754.48,20.52,0.0,25.0,0.0,0.0,1.0,0.0
2024-04-18,9.0,240559.0,26728.777777777777,27.22222222222222,0.0,9.0,0.0,5.0,1.0,0.0
2024-04-19,25.0,463067.0,18522.68,22.6,0.0,25.0,0.0,2.0,0.0,0.0
2024-04-20,33.0,555126.0,16822.0,36.45454545454545,0.0,33.0,3.0,4.0,0.0,0.0
2024-04-21,6.0,162336.0,27056.0,63.5,0.0,6.0,0.0,0.0,0.0,0.0
2024-04-22,45.0,740783.0,16461.844444444443,35.6,0.0,45.0,2.0,3.0,0.0,0.0
2024-04-23,13.0,335106.0,25777.384615384617,44.38461538461539,0.0,13.0,2.0,0.0,0.0,0.0
2024-04-24,20.0,419082.0,20954.1,32.75,0.0,20.0,1.0,1.0,0.0,0.0
2024-04-25,37.0,563266.0,15223.405405405405,16.83783783783784,0.0,37.0,0.0,2.0,0.0,0.0
2024-04-26,34.0,547563.0,16104.79411764706,42.35294117647059,0.0,34.0,1.0,13.0,2.0,0.0
2024-04-27,21.0,284033.0,13525.380952380952,29.428571428571427,0.0,21.0,1.0,3.0,0.0,0.0
2024-04-28,71.0,814005.0,11464.859154929578,21.056338028169016,0.0,71.0,1.0,49.0,2.0,0.0
2024-04-29,25.0,486254.0,19450.16,20.08,0.0,25.0,0.0,1.0,0.0,0.0
2024-04-30,50.0,689403.0,13788.06,19.22,0.0,50.0,0.0,13.0,0.0,0.0
2024-05-01,45.0,589600.0,13102.222222222223,21.066666666666666,0.0,45.0,4.0,19.0,4.0,0.0
2024-05-02,35.0,573913.0,16397.514285714286,9.285714285714286,0.0,35.0,4.0,8.0,0.0,0.0
2024-05-03,31.0,558216.0,18006.967741935485,19.516129032258064,0.0,31.0,2.0,1.0,0.0,0.0
2024-05-04,3.0,85557.0,28519.0,40.333333333333336,0.0,3.0,0.0,0.0,0.0,0.0
2024-05-05,48.0,689845.0,14371.770833333334,76.625,0.0,48.0,0.0,2.0,0.0,0.0
2024-05-06,27.0,427659.0,15839.222222222223,39.7037037037037,0.0,27.0,0.0,2.0,0.0,0.0
2024-05-07,52.0,671209.0,12907.865384615385,19.442307692307693,0.0,52.0,3.0,28.0,2.0,0.0
2024-05-08,4.0,132290.0,33072.5,92.5,0.0,4.0,0.0,0.0,0.0,0.0
2024-05-09,34.0,533284.0,15684.823529411764,26.5,0.0,34.0,0.0,2.0,0.0,0.0
2024-05-10,36.0,535150.0,14865.277777777777,23.555555555555557,0.0,36.0,1.0,3.0,0.0,0.0
2024-05-11,50.0,779057.0,15581.14,25.86,0.0,50.0,6.0,19.0,2.0,0.0
2024-05-12,28.0,637258.0,22759.214285714286,18.642857142857142,0.0,28.0,0.0,11.0,0.0,0.0
2024-05-13,22.0,376707.0,17123.045454545456,25.90909090909091,0.0,22.0,1.0,1.0,0.0,0.0
2024-05-14,28.0,486438.0,17372.785714285714,45.107142857142854,0.0,28.0,0.0,1.0,0.0,0.0
2024-05-15,18.0,396303.0,22016.833333333332,44.111111111111114,0.0,18.0,2.0,2.0,0.0,0.0
2024-05-16,22.0,368006.0,16727.545454545456,52.0,0.0,22.0,0.0,0.0,0.0,0.0
2024-05-17,40.0,543438.0,13585.95,27.325,0.0,40.0,2.0,0.0,0.0,0.0
2024-05-18,17.0,245349.0,14432.29411764706,33.588235294117645,0.0,17.0,5.0,4.0,4.0,0.0
2024-05-19,35.0,429783.0,12279.514285714286,67.22857142857143,0.0,35.0,0.0,5.0,1.0,0.0
2024-05-20,19.0,337115.0,17742.894736842107,15.68421052631579,0.0,19.0,0.0,6.0,1.0,0.0
2024-05-21,31.0,594447.0,19175.709677419356,18.967741935483872,0.0,31.0,1.0,0.0,0.0,0.0
2024-05-22,11.0,200119.0,18192.636363636364,8.454545454545455,0.0,11.0,0.0,1.0,0.0,0.0
2024-05-23,49.0,657906.0,13426.65306122449,21.612244897959183,0.0,49.0,3.0,12.0,1.0,0.0
2024-05-24,26.0,432408.0,16631.076923076922,39.03846153846154,0.0,26.0,2.0,5.0,0.0,0.0
2024-05-25,20.0,319314.0,15965.7,39.1,0.0,20.0,1.0,2.0,1.0,0.0
2024-05-26,104.0,1059439.0,10186.913461538461,49.58653846153846,0.0,104.0,3.0,8.0,0.0,0.0
2024-05-27,13.0,277879.0,21375.30769230769,71.61538461538461,0.0,13.0,0.0,0.0,0.0,0.0
2024-05-28,13.0,269135.0,20702.69230769231,51.92307692307692,0.0,13.0,1.0,0.0,0.0,0.0
2024-05-29,74.0,1106956.0,14958.864864864865,31.16216216216216,0.0,74.0,0.0,7.0,0.0,0.0
2024-05-30,59.0,1418094.0,24035.491525423728,32.54237288135593,0.0,59.0,0.0,9.0,0.0,0.0
2024-05-31,28.0,666669.0,23809.60714285714,22.857142857142858,0.0,28.0,0.0,3.0,1.0,0.0
2024-06-01,12.0,228106.0,19008.833333333332,4.833333333333333,0.0,12.0,0.0,0.0,0.0,0.0
2024-06-02,43.0,768145.0,17863.837209302324,17.46511627906977,0.0,43.0,3.0,3.0,0.0,0.0
2024-06-03,26.0,442492.0,17018.923076923078,62.03846153846154,0.0,26.0,1.0,5.0,1.0,0.0
2024-06-04,32.0,551994.0,17249.8125,24.125,0.0,32.0,1.0,0.0,0.0,0.0
2024-06-05,32.0,505349.0,15792.15625,27.9375,0.0,32.0,1.0,7.0,0.0,0.0
2024-06-06,24.0,358465.0,14936.041666666666,29.208333333333332,0.0,24.0,0.0,2.0,0.0,0.0
2024-06-07,18.0,295494.0,16416.333333333332,42.388888888888886,0.0,18.0,0.0,0.0,0.0,0.0
2024-06-08,14.0,350107.0,25007.64285714286,17.642857142857142,0.0,14.0,3.0,4.0,0.0,0.0
2024-06-09,38.0,519938.0,13682.578947368422,40.526315789473685,0.0,38.0,3.0,13.0,0.0,0.0
2024-06-10,18.0,278645.0,15480.277777777777,74.66666666666667,0.0,18.0,0.0,2.0,0.0,0.0
2024-06-11,18.0,345553.0,19197.38888888889,20.11111111111111,0.0,18.0,0.0,1.0,0.0,0.0
2024-06-12,7.0,152944.0,21849.14285714286,10.571428571428571,0.0,7.0,0.0,1.0,0.0,0.0
2024-06-13,19.0,313478.0,16498.842105263157,38.10526315789474,0.0,19.0,0.0,4.0,0.0,0.0
2024-06-14,21.0,304396.0,14495.047619047618,11.523809523809524,0.0,21.0,0.0,8.0,0.0,0.0
2024-06-15,37.0,398051.0,10758.135135135135,31.83783783783784,0.0,37.0,1.0,12.0,1.0,0.0
2024-06-16,18.0,285039.0,15835.5,42.22222222222222,0.0,18.0,0.0,3.0,0.0,0.0
2024-06-17,45.0,555142.0,12336.488888888889,50.333333333333336,0.0,45.0,1.0,24.0,0.0,0.0
2024-06-18,51.0,504847.0,9898.960784313726,16.41176470588235,0.0,51.0,2.0,11.0,0.0,0.0
2024-06-19,19.0,250058.0,13160.947368421053,12.157894736842104,0.0,19.0,0.0,1.0,0.0,0.0
2024-06-20,25.0,357263.0,14290.52,24.2,0.0,25.0,2.0,7.0,0.0,0.0
2024-06-21,28.0,363185.0,12970.892857142857,48.5,0.0,28.0,0.0,0.0,0.0,0.0
2024-06-22,46.0,652486.0,14184.478260869566,13.434782608695652,0.0,46.0,1.0,16.0,1.0,0.0
2024-06-23,6.0,115557.0,19259.5,2.6666666666666665,0.0,6.0,0.0,0.0,1.0,0.0
2024-06-24,10.0,214682.0,21468.2,30.7,0.0,10.0,1.0,0.0,0.0,0.0
2024-06-25,21.0,296631.0,14125.285714285714,11.047619047619047,0.0,21.0,0.0,0.0,0.0,0.0
2024-06-26,39.0,678364.0,17393.94871794872,19.53846153846154,0.0,39.0,1.0,8.0,1.0,0.0
2024-06-27,38.0,717256.0,18875.157894736843,11.026315789473685,0.0,38.0,0.0,0.0,1.0,0.0
2024-06-28,43.0,759304.0,17658.232558139534,16.651162790697676,0.0,43.0,4.0,17.0,0.0,0.0
2024-06-29,11.0,285075.0,25915.909090909092,55.18181818181818,0.0,11.0,0.0,0.0,0.0,0.0
2024-06-30,55.0,504644.0,9175.345454545455,16.363636363636363,0.0,55.0,0.0,43.0,7.0,0.0
2024-07-01,27.0,785569.0,29095.14814814815,42.888888888888886,0.0,27.0,0.0,8.0,1.0,0.0
2024-07-02,11.0,268957.0,24450.636363636364,22.272727272727273,0.0,11.0,0.0,0.0,0.0,0.0
2024-07-03,17.0,316853.0,18638.41176470588,39.0,0.0,17.0,1.0,1.0,1.0,0.0
2024-07-04,12.0,328806.0,27400.5,64.66666666666667,0.0,12.0,0.0,3.0,1.0,0.0
2024-07-05,27.0,356513.0,13204.185185185184,10.925925925925926,0.0,27.0,0.0,0.0,0.0,0.0
2024-07-06,7.0,170427.0,24346.714285714286,37.714285714285715,0.0,7.0,0.0,1.0,0.0,0.0
2024-07-07,82.0,831041.0,10134.646341463415,33.53658536585366,0.0,82.0,3.0,37.0,4.0,0.0
2024-07-08,45.0,527506.0,11722.355555555556,24.066666666666666,0.0,45.0,1.0,5.0,2.0,0.0
2024-07-09,26.0,433352.0,16667.384615384617,28.884615384615383,0.0,26.0,1.0,6.0,1.0,0.0
2024-07-10,12.0,312663.0,26055.25,49.416666666666664,0.0,12.0,0.0,0.0,1.0,0.0
2024-07-11,15.0,417596.0,27839.733333333334,14.933333333333334,0.0,15.0,0.0,2.0,0.0,0.0
2024-07-12,23.0,489711.0,21291.782608695652,27.347826086956523,0.0,23.0,0.0,1.0,0.0,0.0
2024-07-13,5.0,458533.0,91706.6,48.2,0.0,5.0,1.0,0.0,0.0,0.0
2024-07-14,5.0,686513.0,137302.6,42.6,0.0,5.0,0.0,2.0,0.0,0.0
2024-07-15,8.0,573189.0,71648.625,61.625,0.0,8.0,0.0,0.0,1.0,0.0
2024-07-16,11.0,464923.0,42265.72727272727,16.545454545454547,0.0,11.0,0.0,3.0,0.0,0.0
2024-07-17,6.0,189470.0,31578.333333333332,5.333333333333333,0.0,6.0,0.0,0.0,0.0,0.0
2024-07-18,14.0,411309.0,29379.214285714286,14.214285714285714,0.0,14.0,1.0,4.0,0.0,0.0
2024-07-19,19.0,602264.0,31698.105263157893,47.05263157894737,0.0,19.0,0.0,0.0,1.0,0.0
2024-07-20,28.0,761820.0,27207.85714285714,48.964285714285715,0.0,28.0,1.0,9.0,0.0,0.0
2024-07-21,17.0,748374.0,44022.0,31.352941176470587,0.0,17.0,0.0,0.0,0.0,0.0
2024-07-22,25.0,567933.0,22717.32,35.16,0.0,25.0,2.0,6.0,5.0,0.0
2024-07-23,18.0,655804.0,36433.555555555555,40.44444444444444,0.0,18.0,1.0,2.0,1.0,0.0
2024-07-24,28.0,630759.0,22527.10714285714,26.428571428571427,0.0,28.0,1.0,6.0,0.0,0.0
2024-07-25,24.0,566821.0,23617.541666666668,24.708333333333332,0.0,24.0,3.0,1.0,0.0,0.0
2024-07-26,36.0,705704.0,19602.88888888889,25.86111111111111,0.0,36.0,1.0,4.0,0.0,0.0
2024-07-27,33.0,609572.0,18471.878787878788,26.333333333333332,0.0,33.0,5.0,8.0,0.0,0.0
2024-07-28,24.0,567857.0,23660.708333333332,42.583333333333336,0.0,24.0,0.0,1.0,1.0,0.0
2024-07-29,24.0,455616.0,18984.0,20.625,0.0,24.0,2.0,10.0,0.0,0.0
2024-07-30,48.0,727020.0,15146.25,15.708333333333334,0.0,48.0,1.0,28.0,6.0,0.0
2024-07-31,49.0,1003016.0,20469.714285714286,25.714285714285715,0.0,49.0,3.0,8.0,0.0,0.0
2024-08-01,25.0,698783.0,27951.32,29.12,0.0,25.0,0.0,2.0,0.0,0.0
2024-08-02,16.0,321435.0,20089.6875,51.5625,0.0,16.0,0.0,0.0,3.0,0.0
2024-08-03,52.0,901036.0,17327.615384615383,42.84615384615385,0.0,52.0,4.0,17.0,0.0,0.0
2024-08-04,20.0,376178.0,18808.9,10.45,0.0,20.0,1.0,8.0,3.0,0.0
2024-08-05,41.0,881272.0,21494.439024390245,17.0,0.0,41.0,1.0,3.0,2.0,0.0
2024-08-06,39.0,714188.0,18312.51282051282,13.35897435897436,0.0,39.0,1.0,1.0,0.0,0.0
2024-08-07,35.0,663271.0,18950.6,16.6,0.0,35.0,4.0,2.0,0.0,0.0
2024-08-08,77.0,1136614.0,14761.22077922078,16.77922077922078,0.0,77.0,1.0,38.0,6.0,0.0
2024-08-09,36.0,501685.0,13935.694444444445,23.97222222222222,0.0,36.0,3.0,13.0,3.0,0.0
2024-08-10,23.0,552874.0,24038.0,21.043478260869566,0.0,23.0,1.0,2.0,0.0,0.0
2024-08-11,39.0,895810.0,22969.48717948718,49.94871794871795,1.0,38.0,3.0,11.0,0.0,0.0
2024-08-12,36.0,5645080.0,156807.77777777778,13.416666666666666,11.0,25.0,1.0,1.0,0.0,0.0
2024-08-13,50.0,1152678.0,23053.56,31.92,1.0,49.0,1.0,2.0,0.0,0.0
2024-08-14,24.0,416683.0,17361.791666666668,33.708333333333336,0.0,24.0,3.0,7.0,2.0,0.0
2024-08-15,25.0,1468016.0,58720.64,21.52,1.0,24.0,0.0,1.0,0.0,0.0
2024-08-16,13.0,291585.0,22429.615384615383,24.76923076923077,0.0,13.0,1.0,0.0,0.0,0.0
2024-08-17,70.0,1724346.0,24633.514285714286,48.22857142857143,7.0,63.0,2.0,9.0,0.0,0.0
2024-08-18,63.0,2502360.0,39720.0,12.34920634920635,6.0,57.0,3.0,4.0,0.0,0.0
2024-08-19,18.0,431067.0,23948.166666666668,59.611111111111114,0.0,18.0,0.0,4.0,0.0,0.0
2024-08-20,58.0,856094.0,14760.241379310344,15.362068965517242,0.0,58.0,0.0,6.0,0.0,0.0
2024-08-21,46.0,1145882.0,24910.478260869564,29.23913043478261,4.0,42.0,0.0,14.0,0.0,0.0
2024-08-22,85.0,2138936.0,25163.95294117647,32.68235294117647,4.0,81.0,5.0,14.0,0.0,0.0
2024-08-23,49.0,1724180.0,35187.34693877551,18.489795918367346,4.0,45.0,6.0,11.0,0.0,0.0
2024-08-24,27.0,918296.0,34010.96296296296,19.925925925925927,2.0,25.0,2.0,2.0,0.0,0.0
2024-08-25,26.0,2965507.0,114057.96153846153,36.38461538461539,11.0,15.0,3.0,3.0,1.0,0.0
2024-08-26,34.0,1435697.0,42226.382352941175,28.558823529411764,5.0,29.0,0.0,12.0,1.0,0.0
2024-08-27,28.0,1508516.0,53875.57142857143,44.17857142857143,4.0,24.0,3.0,1.0,0.0,0.0
2024-08-28,64.0,1466001.0,22906.265625,15.359375,5.0,59.0,4.0,33.0,3.0,0.0
2024-08-29,49.0,1855057.0,37858.30612244898,36.30612244897959,6.0,43.0,5.0,22.0,0.0,1.0
2024-08-30,47.0,914074.0,19448.382978723403,25.851063829787233,2.0,45.0,4.0,23.0,0.0,0.0
2024-08-31,34.0,2427962.0,71410.64705882352,19.323529411764707,12.0,22.0,7.0,1.0,0.0,0.0
2024-09-01,48.0,2366977.0,49312.020833333336,19.979166666666668,6.0,42.0,1.0,0.0,0.0,0.0
2024-09-02,9.0,519446.0,57716.22222222222,31.88888888888889,3.0,6.0,0.0,0.0,0.0,0.0
2024-09-03,23.0,602487.0,26195.08695652174,34.91304347826087,3.0,20.0,1.0,2.0,2.0,0.0
2024-09-04,47.0,1605204.0,34153.27659574468,21.04255319148936,1.0,46.0,2.0,3.0,0.0,0.0
2024-09-05,29.0,1122706.0,38714.0,36.44827586206897,4.0,25.0,1.0,6.0,0.0,0.0
2024-09-06,44.0,1268766.0,28835.590909090908,19.25,5.0,39.0,3.0,4.0,1.0,0.0
2024-09-07,27.0,870100.0,32225.925925925927,21.11111111111111,2.0,25.0,6.0,2.0,3.0,0.0
2024-09-08,14.0,1177021.0,84072.92857142857,38.285714285714285,3.0,11.0,0.0,3.0,0.0,0.0
2024-09-09,60.0,803608.0,13393.466666666667,17.25,0.0,60.0,2.0,11.0,0.0,0.0
2024-09-10,39.0,894893.0,22945.97435897436,14.871794871794872,1.0,38.0,1.0,5.0,0.0,0.0
2024-09-11,48.0,1222272.0,25464.0,12.8125,1.0,47.0,2.0,4.0,0.0,0.0
2024-09-12,72.0,1403346.0,19490.916666666668,16.84722222222222,2.0,70.0,2.0,9.0,0.0,0.0
2024-09-13,19.0,363182.0,19114.842105263157,22.736842105263158,0.0,19.0,1.0,1.0,1.0,0.0
2024-09-14,25.0,828288.0,33131.52,27.76,2.0,23.0,0.0,4.0,1.0,0.0
2024-09-15,28.0,1306190.0,46649.642857142855,17.25,1.0,27.0,1.0,5.0,2.0,0.0
2024-09-16,8.0,1412195.0,176524.375,53.875,4.0,4.0,0.0,0.0,0.0,0.0
2024-09-17,63.0,1984246.0,31495.968253968254,23.873015873015873,4.0,59.0,2.0,13.0,1.0,0.0
2024-09-18,33.0,805583.0,24411.60606060606,26.606060606060606,1.0,32.0,2.0,16.0,1.0,0.0
2024-09-19,50.0,1037004.0,20740.08,17.44,2.0,48.0,0.0,16.0,5.0,0.0
2024-09-20,40.0,840054.0,21001.35,16.775,1.0,39.0,2.0,21.0,2.0,0.0
2024-09-21,43.0,1025205.0,23841.976744186046,24.930232558139537,2.0,41.0,0.0,5.0,0.0,0.0
2024-09-22,9.0,269566.0,29951.777777777777,52.44444444444444,0.0,9.0,1.0,3.0,0.0,0.0
2024-09-23,33.0,503714.0,15264.060606060606,36.03030303030303,0.0,33.0,0.0,17.0,7.0,0.0
2024-09-24,36.0,597496.0,16597.11111111111,37.416666666666664,1.0,35.0,0.0,4.0,1.0,0.0
2024-09-25,33.0,546368.0,16556.60606060606,29.848484848484848,0.0,33.0,0.0,8.0,0.0,0.0
2024-09-26,26.0,579688.0,22295.69230769231,24.846153846153847,0.0,26.0,1.0,12.0,4.0,0.0
2024-09-27,40.0,593227.0,14830.675,27.7,0.0,40.0,2.0,7.0,1.0,0.0
2024-09-28,36.0,669331.0,18592.527777777777,16.5,1.0,35.0,1.0,0.0,0.0,0.0
2024-09-29,42.0,1174714.0,27969.380952380954,23.357142857142858,1.0,41.0,1.0,5.0,2.0,0.0
2024-09-30,35.0,2008194.0,57376.97142857143,46.05714285714286,8.0,27.0,2.0,10.0,6.0,0.0
2024-10-01,81.0,3400197.0,41977.74074074074,19.308641975308642,7.0,74.0,7.0,7.0,3.0,0.0
2024-10-02,24.0,849736.0,35405.666666666664,33.666666666666664,3.0,21.0,5.0,2.0,2.0,0.0
2024-10-03,56.0,1871945.0,33427.58928571428,38.464285714285715,5.0,51.0,3.0,8.0,2.0,0.0
2024-10-04,26.0,966517.0,37173.730769230766,34.76923076923077,3.0,23.0,0.0,6.0,0.0,0.0
2024-10-05,29.0,655221.0,22593.827586206895,26.275862068965516,2.0,27.0,0.0,18.0,1.0,0.0
2024-10-06,31.0,650057.0,20969.58064516129,17.419354838709676,1.0,30.0,0.0,6.0,1.0,0.0
2024-10-07,18.0,346156.0,19230.88888888889,17.0,0.0,18.0,3.0,2.0,1.0,0.0
2024-10-08,26.0,525901.0,20226.96153846154,33.38461538461539,3.0,23.0,2.0,3.0,0.0,0.0
2024-10-09,30.0,506869.0,16895.633333333335,34.8,3.0,27.0,2.0,0.0,0.0,0.0
2024-10-10,46.0,758233.0,16483.32608695652,28.76086956521739,12.0,34.0,0.0,0.0,0.0,0.0
2024-10-11,73.0,899405.0,12320.616438356165,31.84931506849315,6.0,67.0,1.0,14.0,0.0,0.0
2024-10-12,41.0,544542.0,13281.512195121952,13.512195121951219,5.0,36.0,3.0,12.0,1.0,0.0
2024-10-13,27.0,487492.0,18055.25925925926,25.37037037037037,5.0,22.0,2.0,1.0,0.0,0.0
2024-10-14,34.0,527847.0,15524.911764705883,32.85294117647059,3.0,31.0,0.0,6.0,1.0,0.0
2024-10-15,32.0,557629.0,17425.90625,33.78125,4.0,28.0,0.0,4.0,2.0,0.0
2024-10-16,17.0,373415.0,21965.58823529412,42.64705882352941,7.0,10.0,0.0,4.0,0.0,0.0
2024-10-17,21.0,406013.0,19333.95238095238,49.38095238095238,2.0,19.0,0.0,13.0,0.0,0.0
2024-10-18,31.0,329515.0,10629.516129032258,30.774193548387096,6.0,25.0,3.0,25.0,2.0,0.0
2024-10-19,46.0,565351.0,12290.239130434782,10.282608695652174,4.0,42.0,3.0,6.0,0.0,0.0
2024-10-20,31.0,543690.0,17538.387096774193,11.67741935483871,5.0,26.0,1.0,2.0,1.0,0.0
2024-10-21,65.0,893093.0,13739.892307692307,25.984615384615385,12.0,53.0,3.0,15.0,0.0,0.0
2024-10-22,32.0,549132.0,17160.375,22.4375,3.0,29.0,1.0,6.0,1.0,0.0
2024-10-23,54.0,763671.0,14142.055555555555,24.74074074074074,12.0,42.0,0.0,15.0,2.0,0.0
2024-10-24,35.0,499016.0,14257.6,24.37142857142857,6.0,29.0,1.0,1.0,1.0,0.0
2024-10-25,47.0,657381.0,13986.829787234043,31.46808510638298,11.0,36.0,2.0,12.0,2.0,0.0
2024-10-26,39.0,595803.0,15277.0,29.897435897435898,6.0,33.0,1.0,14.0,0.0,0.0
2024-10-27,11.0,279594.0,25417.636363636364,7.181818181818182,3.0,8.0,0.0,1.0,1.0,0.0
2024-10-28,13.0,289783.0,22291.0,29.23076923076923,1.0,12.0,0.0,3.0,0.0,0.0
2024-10-29,69.0,1056893.0,15317.289855072464,29.869565217391305,22.0,47.0,3.0,22.0,2.0,0.0
2024-10-30,51.0,1002352.0,19653.960784313724,36.11764705882353,12.0,39.0,0.0,5.0,4.0,0.0
2024-10-31,53.0,885828.0,16713.735849056604,30.71698113207547,15.0,38.0,0.0,6.0,0.0,0.0
2024-11-01,46.0,675047.0,14674.934782608696,28.82608695652174,9.0,37.0,0.0,9.0,0.0,0.0
2024-11-02,44.0,632613.0,14377.568181818182,26.954545454545453,13.0,31.0,2.0,10.0,1.0,0.0
2024-11-03,53.0,735153.0,13870.811320754718,26.735849056603772,15.0,38.0,0.0,11.0,1.0,0.0
2024-11-04,49.0,922206.0,18820.530612244896,20.918367346938776,15.0,34.0,3.0,5.0,2.0,0.0
2024-11-05,53.0,1750639.0,33030.92452830189,23.037735849056602,24.0,29.0,2.0,4.0,0.0,0.0
2024-11-06,0.0,0.0,,,0.0,0.0,0.0,0.0,0.0,0.0
2024-11-07,6.0,1897197.0,316199.5,2.6666666666666665,1.0,5.0,0.0,1.0,0.0,0.0
2024-11-08,4.0,236548.0,59137.0,68.0,0.0,4.0,0.0,0.0,0.0,0.0
2024-11-09,14.0,632930.0,45209.28571428572,25.785714285714285,1.0,13.0,0.0,5.0,0.0,0.0
2024-11-10,13.0,636498.0,48961.38461538462,30.46153846153846,2.0,11.0,1.0,1.0,1.0,0.0
2024-11-11,14.0,564347.0,40310.5,6.0,1.0,13.0,2.0,2.0,0.0,0.0
2024-11-12,13.0,669018.0,51462.92307692308,39.0,4.0,9.0,0.0,0.0,0.0,0.0
2024-11-13,23.0,760473.0,33064.04347826087,13.043478260869565,12.0,11.0,0.0,4.0,0.0,0.0
2024-11-14,8.0,470312.0,58789.0,45.25,1.0,7.0,0.0,0.0,1.0,0.0
2024-11-15,1.0,49787.0,49787.0,1.0,0.0,1.0,0.0,0.0,0.0,0.0
2024-11-16,8.0,251210.0,31401.25,12.625,2.0,6.0,0.0,1.0,0.0,0.0
2024-11-17,13.0,472936.0,36379.692307692305,15.384615384615385,1.0,12.0,0.0,0.0,0.0,0.0
2024-11-18,4.0,166103.0,41525.75,20.5,0.0,4.0,1.0,0.0,0.0,0.0
2024-11-19,22.0,758928.0,34496.72727272727,13.818181818181818,2.0,20.0,1.0,2.0,0.0,0.0
2024-11-20,10.0,406249.0,40624.9,26.9,2.0,8.0,0.0,0.0,0.0,0.0
2024-11-21,2.0,170261.0,85130.5,117.0,0.0,2.0,0.0,0.0,0.0,0.0
2024-11-22,9.0,261586.0,29065.11111111111,19.666666666666668,0.0,9.0,0.0,0.0,0.0,0.0
2024-11-23,3.0,78508.0,26169.333333333332,35.0,0.0,3.0,0.0,0.0,1.0,0.0
2024-11-24,1.0,24593.0,24593.0,28.0,0.0,1.0,0.0,0.0,0.0,0.0
2024-11-25,11.0,366283.0,33298.454545454544,59.45454545454545,1.0,10.0,0.0,0.0,0.0,0.0
2024-11-26,11.0,293566.0,26687.81818181818,22.363636363636363,0.0,11.0,0.0,4.0,0.0,0.0
2024-11-27,18.0,511825.0,28434.722222222223,14.722222222222221,0.0,18.0,0.0,0.0,0.0,0.0
2024-11-28,11.0,532391.0,48399.181818181816,13.818181818181818,2.0,9.0,0.0,1.0,0.0,0.0
2024-11-29,1.0,48016.0,48016.0,15.0,0.0,1.0,0.0,0.0,0.0,0.0
2024-11-30,6.0,332900.0,55483.333333333336,130.33333333333334,1.0,5.0,0.0,0.0,0.0,0.0
2024-12-01,3.0,102253.0,34084.333333333336,46.0,0.0,3.0,0.0,0.0,0.0,0.0
2024-12-02,7.0,74462.0,10637.42857142857,57.142857142857146,0.0,7.0,0.0,1.0,0.0,0.0
2024-12-03,3.0,98774.0,32924.666666666664,13.666666666666666,0.0,3.0,0.0,0.0,0.0,0.0
2024-12-04,34.0,38844.0,1142.4705882352941,75.67647058823529,1.0,33.0,0.0,0.0,2.0,0.0
2024-12-05,26.0,68232.0,2624.3076923076924,45.61538461538461,0.0,26.0,0.0,0.0,0.0,0.0
2024-12-06,11.0,122426.0,11129.636363636364,14.272727272727273,1.0,10.0,1.0,0.0,0.0,0.0
2024-12-07,25.0,155409.0,6216.36,12.52,1.0,24.0,2.0,1.0,0.0,0.0
2024-12-08,30.0,177749.0,5924.966666666666,28.933333333333334,0.0,30.0,0.0,2.0,0.0,0.0
2024-12-09,4.0,129.0,32.25,132.25,0.0,4.0,0.0,0.0,0.0,0.0
2024-12-10,28.0,282091.0,10074.67857142857,43.892857142857146,0.0,28.0,0.0,1.0,1.0,0.0
2024-12-11,15.0,160486.0,10699.066666666668,60.2,1.0,14.0,0.0,0.0,0.0,0.0
2024-12-12,5.0,122389.0,24477.8,40.4,0.0,5.0,0.0,0.0,0.0,0.0
2024-12-13,8.0,100824.0,12603.0,18.75,1.0,7.0,0.0,0.0,1.0,0.0
2024-12-14,17.0,669875.0,39404.41176470588,42.88235294117647,3.0,14.0,0.0,2.0,0.0,0.0
2024-12-15,1.0,9049.0,9049.0,56.0,0.0,1.0,0.0,0.0,0.0,0.0
2024-12-16,16.0,195709.0,12231.8125,46.3125,0.0,16.0,0.0,7.0,0.0,0.0
2024-12-17,20.0,199573.0,9978.65,30.55,0.0,20.0,0.0,0.0,0.0,0.0
2024-12-18,22.0,61264.0,2784.7272727272725,32.18181818181818,0.0,22.0,0.0,0.0,0.0,0.0
2024-12-19,8.0,305013.0,38126.625,51.625,0.0,8.0,0.0,0.0,0.0,0.0
2024-12-20,8.0,244520.0,30565.0,30.5,0.0,8.0,0.0,0.0,0.0,0.0
2024-12-21,8.0,26671.0,3333.875,116.25,0.0,8.0,0.0,0.0,0.0,0.0
2024-12-22,34.0,175681.0,5167.088235294118,60.3235294117647,1.0,33.0,0.0,10.0,0.0,0.0
2024-12-23,2.0,22296.0,11148.0,3.0,0.0,2.0,0.0,0.0,0.0,0.0
2024-12-24,9.0,30114.0,3346.0,35.55555555555556,0.0,9.0,1.0,0.0,0.0,0.0
2024-12-25,43.0,370736.0,8621.767441860466,13.30232558139535,1.0,42.0,0.0,0.0,1.0,0.0
2024-12-26,14.0,26552.0,1896.5714285714287,3.642857142857143,0.0,14.0,0.0,0.0,0.0,0.0
2024-12-27,5.0,3079.0,615.8,29.2,0.0,5.0,0.0,1.0,0.0,0.0
2024-12-28,13.0,194641.0,14972.384615384615,34.07692307692308,0.0,13.0,2.0,3.0,1.0,0.0
2024-12-29,3.0,129.0,43.0,117.33333333333333,0.0,3.0,0.0,0.0,0.0,0.0
2024-12-30,16.0,82655.0,5165.9375,16.875,0.0,16.0,0.0,1.0,0.0,0.0
2024-12-31,6.0,52833.0,8805.5,33.5,2.0,4.0,0.0,0.0,0.0,0.0
2025-01-01,9.0,145960.0,16217.777777777777,18.0,0.0,9.0,0.0,1.0,0.0,0.0
2025-01-02,13.0,191618.0,14739.846153846154,68.23076923076923,0.0,13.0,0.0,1.0,1.0,0.0
2025-01-03,38.0,209056.0,5501.473684210527,36.8421052631579,4.0,34.0,1.0,0.0,0.0,0.0
2025-01-04,2.0,59.0,29.5,215.0,0.0,2.0,0.0,0.0,0.0,0.0
2025-01-05,3.0,13233.0,4411.0,111.66666666666667,1.0,2.0,0.0,0.0,0.0,0.0
2025-01-06,9.0,193536.0,21504.0,48.77777777777778,0.0,9.0,0.0,0.0,0.0,0.0
2025-01-07,35.0,12532.0,358.0571428571429,10.628571428571428,0.0,35.0,1.0,6.0,2.0,0.0
2025-01-08,23.0,930.0,40.43478260869565,16.217391304347824,0.0,23.0,0.0,0.0,0.0,0.0
2025-01-09,9.0,483.0,53.666666666666664,83.0,0.0,9.0,0.0,0.0,0.0,0.0
2025-01-10,3.0,127.0,42.333333333333336,119.0,0.0,3.0,0.0,0.0,0.0,0.0
2025-01-11,16.0,44053.0,2753.3125,44.1875,0.0,16.0,0.0,2.0,1.0,0.0
2025-01-12,20.0,175481.0,8774.05,18.85,0.0,20.0,1.0,12.0,5.0,0.0
2025-01-13,19.0,55099.0,2899.9473684210525,6.7368421052631575,1.0,18.0,0.0,9.0,2.0,0.0
2025-01-14,11.0,397.0,36.09090909090909,44.09090909090909,0.0,11.0,0.0,0.0,0.0,0.0
2025-01-15,14.0,9739.0,695.6428571428571,32.42857142857143,0.0,14.0,0.0,1.0,0.0,0.0
2025-01-16,15.0,500.0,33.333333333333336,74.4,0.0,15.0,0.0,0.0,1.0,0.0
2025-01-17,18.0,70377.0,3909.8333333333335,41.44444444444444,1.0,17.0,0.0,7.0,1.0,0.0
2025-01-18,11.0,12498.0,1136.1818181818182,24.454545454545453,1.0,10.0,1.0,1.0,1.0,0.0
2025-01-19,31.0,173501.0,5596.806451612903,13.903225806451612,2.0,29.0,5.0,21.0,3.0,0.0
2025-01-20,5.0,455388.0,91077.6,5.8,4.0,1.0,0.0,0.0,0.0,0.0
2025-01-21,25.0,255780.0,10231.2,19.08,0.0,25.0,0.0,11.0,1.0,0.0
2025-01-22,16.0,91311.0,5706.9375,47.8125,1.0,15.0,1.0,5.0,0.0,0.0
2025-01-23,6.0,382.0,63.666666666666664,13.5,0.0,6.0,0.0,0.0,0.0,0.0
2025-01-24,10.0,962.0,96.2,12.9,0.0,10.0,0.0,0.0,0.0,0.0
2025-01-25,41.0,1469198.0,35834.09756097561,14.487804878048781,3.0,38.0,1.0,2.0,2.0,0.0
2025-01-26,16.0,3491.0,218.1875,31.5,0.0,16.0,0.0,1.0,1.0,0.0
2025-01-27,7.0,553.0,79.0,14.285714285714286,0.0,7.0,0.0,0.0,0.0,0.0
2025-01-28,17.0,843551.0,49620.64705882353,21.058823529411764,2.0,15.0,0.0,0.0,0.0,0.0
2025-01-29,13.0,197287.0,15175.923076923076,27.0,1.0,12.0,0.0,1.0,0.0,0.0
2025-01-30,10.0,660.0,66.0,30.1,0.0,10.0,0.0,0.0,0.0,0.0
2025-01-31,19.0,1407337.0,74070.36842105263,20.736842105263158,4.0,15.0,0.0,0.0,0.0,0.0
2025-02-01,12.0,1856887.0,154740.58333333334,36.5,5.0,7.0,1.0,0.0,0.0,0.0
2025-02-02,39.0,131399.0,3369.2051282051284,43.333333333333336,0.0,39.0,0.0,18.0,6.0,0.0
2025-02-03,16.0,54858.0,3428.625,59.375,1.0,15.0,1.0,0.0,0.0,0.0
2025-02-04,9.0,31107.0,3456.3333333333335,9.777777777777779,1.0,8.0,0.0,0.0,0.0,0.0
2025-02-05,15.0,1163.0,77.53333333333333,26.4,0.0,15.0,1.0,0.0,0.0,0.0
2025-02-06,20.0,76407.0,3820.35,49.7,3.0,17.0,1.0,0.0,0.0,0.0
2025-02-07,19.0,56299.0,2963.1052631578946,28.68421052631579,2.0,17.0,1.0,0.0,0.0,0.0
2025-02-08,5.0,501.0,100.2,31.2,0.0,5.0,0.0,0.0,0.0,0.0
2025-02-09,31.0,53753.0,1733.967741935484,10.580645161290322,2.0,29.0,2.0,0.0,0.0,0.0
2025-02-10,10.0,2674.0,267.4,33.7,0.0,10.0,0.0,1.0,0.0,0.0
2025-02-11,28.0,203246.0,7258.785714285715,30.714285714285715,3.0,25.0,1.0,5.0,3.0,0.0
2025-02-12,8.0,485.0,60.625,67.375,0.0,8.0,0.0,0.0,0.0,0.0
2025-02-13,18.0,2524.0,140.22222222222223,28.88888888888889,0.0,18.0,1.0,0.0,0.0,0.0
2025-02-14,6.0,528.0,88.0,16.5,0.0,6.0,0.0,0.0,0.0,0.0
2025-02-15,35.0,32215.0,920.4285714285714,15.142857142857142,1.0,34.0,0.0,0.0,0.0,0.0
2025-02-16,46.0,9680.0,210.43478260869566,12.804347826086957,0.0,46.0,0.0,0.0,1.0,0.0
2025-02-17,30.0,56044.0,1868.1333333333334,12.366666666666667,3.0,27.0,0.0,0.0,0.0,0.0
2025-02-18,38.0,114602.0,3015.842105263158,5.605263157894737,2.0,36.0,0.0,5.0,3.0,0.0
2025-02-19,23.0,63490.0,2760.4347826086955,27.82608695652174,3.0,20.0,1.0,0.0,1.0,0.0
2025-02-20,14.0,3106.0,221.85714285714286,38.785714285714285,0.0,14.0,1.0,0.0,0.0,0.0
2025-02-21,7.0,2219.0,317.0,52.285714285714285,0.0,7.0,0.0,0.0,0.0,0.0
2025-02-22,12.0,2447.0,203.91666666666666,16.75,0.0,12.0,0.0,0.0,0.0,0.0
2025-02-23,14.0,3375.0,241.07142857142858,54.07142857142857,0.0,14.0,0.0,1.0,0.0,0.0
2025-02-24,36.0,406215.0,11283.75,35.888888888888886,2.0,34.0,0.0,8.0,3.0,0.0
2025-02-25,15.0,3081.0,205.4,29.066666666666666,0.0,15.0,0.0,0.0,0.0,0.0
2025-02-26,26.0,17660.0,679.2307692307693,38.07692307692308,1.0,25.0,1.0,0.0,1.0,0.0
2025-02-27,14.0,28335.0,2023.9285714285713,35.642857142857146,1.0,13.0,2.0,0.0,1.0,0.0
2025-02-28,7.0,45321.0,6474.428571428572,46.142857142857146,1.0,6.0,0.0,0.0,1.0,0.0
2025-03-01,18.0,7476.0,415.3333333333333,22.61111111111111,0.0,18.0,0.0,2.0,0.0,0.0
2025-03-02,12.0,5847.0,487.25,22.083333333333332,0.0,12.0,2.0,0.0,1.0,0.0
2025-03-03,7.0,752.0,107.42857142857143,33.714285714285715,0.0,7.0,0.0,0.0,0.0,0.0
2025-03-04,9.0,13255.0,1472.7777777777778,14.11111111111111,1.0,8.0,0.0,0.0,0.0,0.0
2025-03-05,9.0,12314.0,1368.2222222222222,84.55555555555556,1.0,8.0,0.0,1.0,0.0,0.0
2025-03-06,9.0,21233.0,2359.222222222222,40.0,1.0,8.0,0.0,0.0,0.0,0.0
2025-03-07,33.0,3984.0,120.72727272727273,21.545454545454547,0.0,33.0,2.0,0.0,1.0,0.0
2025-03-08,21.0,1880.0,89.52380952380952,8.19047619047619,0.0,21.0,0.0,0.0,0.0,0.0
2025-03-09,18.0,2509.0,139.38888888888889,15.277777777777779,0.0,18.0,0.0,0.0,0.0,0.0
2025-03-10,141.0,18078.0,128.2127659574468,6.099290780141844,0.0,141.0,2.0,0.0,3.0,0.0
2025-03-11,21.0,41946.0,1997.4285714285713,92.71428571428571,3.0,18.0,0.0,1.0,2.0,0.0
2025-03-12,24.0,7389.0,307.875,23.625,0.0,24.0,2.0,0.0,0.0,0.0
2025-03-13,10.0,1356.0,135.6,35.5,0.0,10.0,0.0,0.0,1.0,0.0
2025-03-14,18.0,2487.0,138.16666666666666,39.333333333333336,0.0,18.0,0.0,0.0,0.0,0.0
2025-03-15,4.0,73.0,18.25,137.5,0.0,4.0,0.0,0.0,0.0,0.0
2025-03-16,4.0,523.0,130.75,46.25,0.0,4.0,0.0,0.0,0.0,0.0
2025-03-17,39.0,120308.0,3084.8205128205127,36.51282051282051,0.0,39.0,0.0,0.0,1.0,0.0
2025-03-18,22.0,4567.0,207.5909090909091,28.545454545454547,0.0,22.0,0.0,1.0,1.0,0.0
2025-03-19,26.0,4641.0,178.5,21.576923076923077,0.0,26.0,0.0,0.0,2.0,0.0
2025-03-20,19.0,6294.0,331.2631578947368,53.473684210526315,1.0,18.0,0.0,0.0,1.0,0.0
2025-03-21,15.0,52096.0,3473.0666666666666,41.333333333333336,2.0,13.0,0.0,3.0,0.0,0.0
2025-03-22,8.0,1211.0,151.375,23.75,0.0,8.0,0.0,0.0,0.0,0.0
2025-03-23,21.0,3092.0,147.23809523809524,33.80952380952381,0.0,21.0,0.0,0.0,0.0,0.0
2025-03-24,32.0,16171.0,505.34375,30.78125,1.0,31.0,0.0,0.0,1.0,0.0
2025-03-25,18.0,3508.0,194.88888888888889,14.833333333333334,0.0,18.0,0.0,0.0,0.0,0.0
2025-03-26,16.0,2686.0,167.875,49.625,0.0,16.0,0.0,0.0,0.0,0.0
2025-03-27,18.0,6710.0,372.77777777777777,63.77777777777778,0.0,18.0,0.0,1.0,1.0,0.0
2025-03-28,16.0,7171.0,448.1875,50.6875,1.0,15.0,1.0,0.0,0.0,0.0
2025-03-29,8.0,1362.0,170.25,45.125,0.0,8.0,0.0,0.0,0.0,0.0
2025-03-30,9.0,2303.0,255.88888888888889,102.77777777777777,0.0,9.0,0.0,1.0,0.0,0.0
2025-03-31,59.0,98517.0,1669.7796610169491,17.966101694915253,6.0,53.0,1.0,2.0,1.0,0.0
2025-04-01,31.0,22574.0,728.1935483870968,36.12903225806452,1.0,30.0,0.0,0.0,3.0,0.0
2025-04-02,18.0,29546.0,1641.4444444444443,27.27777777777778,2.0,16.0,1.0,0.0,1.0,0.0
2025-04-03,18.0,3906.0,217.0,14.61111111111111,1.0,17.0,0.0,0.0,0.0,0.0
2025-04-04,15.0,304914.0,20327.6,28.8,1.0,14.0,0.0,0.0,1.0,0.0
2025-04-05,5.0,44711.0,8942.2,24.0,0.0,5.0,0.0,2.0,0.0,0.0
2025-04-06,7.0,437.0,62.42857142857143,14.142857142857142,0.0,7.0,0.0,0.0,0.0,0.0
2025-04-07,24.0,74960.0,3123.3333333333335,41.333333333333336,2.0,22.0,0.0,0.0,0.0,0.0
2025-04-08,15.0,1453.0,96.86666666666666,31.0,0.0,15.0,1.0,0.0,0.0,0.0
2025-04-09,16.0,3523.0,220.1875,31.75,0.0,16.0,0.0,0.0,1.0,0.0
2025-04-10,18.0,2152.0,119.55555555555556,56.333333333333336,0.0,18.0,0.0,0.0,0.0,0.0
2025-04-11,15.0,1224.0,81.6,89.26666666666667,0.0,15.0,0.0,0.0,0.0,0.0
2025-04-12,5.0,50331.0,10066.2,20.0,0.0,5.0,0.0,2.0,0.0,0.0
2025-04-13,11.0,5627.0,511.54545454545456,86.0,0.0,11.0,0.0,2.0,0.0,0.0
2025-04-14,14.0,298497.0,21321.214285714286,28.928571428571427,0.0,14.0,2.0,0.0,0.0,0.0
2025-04-15,12.0,375325.0,31277.083333333332,30.666666666666668,0.0,12.0,0.0,0.0,0.0,0.0
2025-04-16,18.0,465003.0,25833.5,44.05555555555556,1.0,17.0,0.0,0.0,0.0,0.0
2025-04-17,13.0,134792.0,10368.615384615385,41.53846153846154,0.0,13.0,0.0,1.0,0.0,0.0
2025-04-18,16.0,54117.0,3382.3125,27.8125,3.0,13.0,0.0,0.0,0.0,0.0
2025-04-19,3.0,498.0,166.0,14.0,0.0,3.0,0.0,0.0,0.0,0.0
2025-04-20,23.0,12865.0,559.3478260869565,34.869565217391305,0.0,23.0,0.0,2.0,0.0,0.0
2025-04-21,21.0,3006.0,143.14285714285714,48.523809523809526,0.0,21.0,2.0,0.0,1.0,0.0
2025-04-22,4.0,55.0,13.75,30.5,0.0,4.0,0.0,0.0,0.0,0.0
2025-04-23,9.0,4632.0,514.6666666666666,46.666666666666664,1.0,8.0,1.0,1.0,1.0,0.0
2025-04-24,11.0,1233.0,112.0909090909091,43.0,0.0,11.0,1.0,0.0,0.0,0.0
2025-04-25,17.0,1447.0,85.11764705882354,21.529411764705884,0.0,17.0,0.0,0.0,0.0,0.0
2025-04-26,11.0,822.0,74.72727272727273,40.45454545454545,0.0,11.0,0.0,0.0,0.0,0.0
2025-04-27,10.0,816.0,81.6,62.0,0.0,10.0,1.0,0.0,0.0,0.0
2025-04-28,29.0,43327.0,1494.0344827586207,43.172413793103445,1.0,28.0,2.0,1.0,1.0,0.0
2025-04-29,47.0,6329.0,134.6595744680851,22.170212765957448,0.0,47.0,1.0,0.0,0.0,0.0
2025-04-30,10.0,22218.0,2221.8,79.2,0.0,10.0,0.0,0.0,1.0,0.0
2025-05-01,25.0,25384.0,1015.36,37.56,2.0,23.0,1.0,0.0,0.0,0.0
2025-05-02,13.0,2003.0,154.07692307692307,13.076923076923077,0.0,13.0,1.0,0.0,0.0,0.0
2025-05-03,3.0,359.0,119.66666666666667,21.333333333333332,0.0,3.0,0.0,0.0,0.0,0.0
2025-05-04,16.0,3090.0,193.125,37.125,0.0,16.0,1.0,0.0,0.0,0.0
2025-05-05,30.0,67703.0,2256.766666666667,35.46666666666667,7.0,23.0,3.0,0.0,0.0,0.0
2025-05-06,32.0,11529.0,360.28125,38.90625,1.0,31.0,1.0,0.0,0.0,0.0
2025-05-07,12.0,19155.0,1596.25,46.5,0.0,12.0,0.0,2.0,0.0,0.0
2025-05-08,34.0,24447.0,719.0294117647059,50.6764705882353,2.0,32.0,2.0,0.0,1.0,0.0
2025-05-09,21.0,21243.0,1011.5714285714286,45.19047619047619,1.0,20.0,0.0,0.0,0.0,0.0
2025-05-10,20.0,8971.0,448.55,26.7,1.0,19.0,0.0,0.0,1.0,0.0
2025-05-11,13.0,27686.0,2129.6923076923076,73.6923076923077,1.0,12.0,0.0,1.0,0.0,0.0
2025-05-12,26.0,45375.0,1745.1923076923076,36.76923076923077,2.0,24.0,1.0,1.0,1.0,0.0
2025-05-13,25.0,6683.0,267.32,15.84,0.0,25.0,2.0,11.0,0.0,0.0
2025-05-14,17.0,4591.0,270.05882352941177,5.882352941176471,0.0,17.0,0.0,4.0,1.0,0.0
2025-05-15,12.0,28165.0,2347.0833333333335,26.75,0.0,12.0,0.0,1.0,1.0,0.0
2025-05-16,25.0,2498.0,99.92,41.12,0.0,25.0,0.0,0.0,0.0,0.0
2025-05-17,23.0,3827.0,166.3913043478261,27.0,0.0,23.0,1.0,1.0,0.0,0.0
2025-05-18,21.0,18575.0,884.5238095238095,6.619047619047619,0.0,21.0,0.0,1.0,3.0,0.0
2025-05-19,14.0,1570.0,112.14285714285714,40.714285714285715,0.0,14.0,1.0,0.0,0.0,0.0
2025-05-20,9.0,696.0,77.33333333333333,41.333333333333336,0.0,9.0,0.0,0.0,0.0,0.0
2025-05-21,10.0,11167.0,1116.7,10.8,0.0,10.0,1.0,0.0,2.0,0.0
2025-05-22,13.0,866.0,66.61538461538461,52.07692307692308,0.0,13.0,1.0,0.0,0.0,0.0
2025-05-23,9.0,8185.0,909.4444444444445,62.22222222222222,0.0,9.0,0.0,0.0,1.0,0.0
2025-05-24,6.0,158.0,26.333333333333332,9.666666666666666,0.0,6.0,0.0,0.0,0.0,0.0
2025-05-25,14.0,4094.0,292.42857142857144,66.5,0.0,14.0,0.0,0.0,1.0,0.0
2025-05-26,24.0,14613.0,608.875,38.166666666666664,0.0,24.0,0.0,0.0,4.0,0.0
2025-05-27,12.0,1693.0,141.08333333333334,71.16666666666667,0.0,12.0,0.0,0.0,0.0,0.0
2025-05-28,19.0,3109.0,163.6315789473684,44.10526315789474,0.0,19.0,1.0,0.0,1.0,0.0
2025-05-29,6.0,1536.0,256.0,94.5,0.0,6.0,0.0,0.0,0.0,0.0
2025-05-30,27.0,7161.0,265.22222222222223,29.333333333333332,0.0,27.0,2.0,0.0,1.0,0.0
2025-05-31,15.0,1294.0,86.26666666666667,23.466666666666665,0.0,15.0,1.0,1.0,0.0,0.0
2025-06-01,11.0,1465.0,133.1818181818182,20.90909090909091,0.0,11.0,0.0,0.0,0.0,0.0
2025-06-02,10.0,184571.0,18457.1,73.3,1.0,9.0,0.0,0.0,0.0,0.0
2025-06-03,5.0,686.0,137.2,25.4,0.0,5.0,0.0,0.0,0.0,0.0
2025-06-04,16.0,19174.0,1198.375,37.625,0.0,16.0,0.0,0.0,1.0,0.0
2025-06-05,14.0,2704.0,193.14285714285714,29.785714285714285,0.0,14.0,2.0,0.0,2.0,0.0
2025-06-06,18.0,6168.0,342.6666666666667,38.5,0.0,18.0,0.0,2.0,1.0,0.0
2025-06-07,14.0,1684.0,120.28571428571429,14.714285714285714,0.0,14.0,0.0,0.0,0.0,0.0
2025-06-08,6.0,256630.0,42771.666666666664,44.833333333333336,0.0,6.0,0.0,0.0,0.0,0.0
2025-06-09,30.0,697007.0,23233.566666666666,15.133333333333333,0.0,30.0,0.0,1.0,0.0,0.0
2025-06-10,18.0,520788.0,28932.666666666668,33.77777777777778,0.0,18.0,0.0,0.0,0.0,0.0
2025-06-11,15.0,537891.0,35859.4,24.933333333333334,0.0,15.0,0.0,1.0,0.0,0.0
2025-06-12,18.0,651302.0,36183.444444444445,58.833333333333336,0.0,18.0,0.0,0.0,0.0,0.0
2025-06-13,3.0,198472.0,66157.33333333333,94.0,0.0,3.0,0.0,0.0,0.0,0.0
2025-06-14,10.0,800670.0,80067.0,20.4,1.0,9.0,0.0,0.0,0.0,0.0
2025-06-15,7.0,264176.0,37739.42857142857,95.14285714285714,0.0,7.0,0.0,0.0,0.0,0.0
2025-06-16,7.0,2293.0,327.57142857142856,33.714285714285715,0.0,7.0,0.0,1.0,0.0,0.0
2025-06-17,28.0,1762509.0,62946.75,20.392857142857142,3.0,25.0,0.0,0.0,0.0,0.0
2025-06-18,13.0,1396.0,107.38461538461539,28.307692307692307,0.0,13.0,0.0,0.0,0.0,0.0
2025-06-19,29.0,6306.0,217.44827586206895,24.620689655172413,0.0,29.0,0.0,0.0,0.0,0.0
2025-06-20,16.0,2132.0,133.25,73.75,0.0,16.0,0.0,0.0,0.0,0.0
2025-06-21,17.0,2963270.0,174310.0,25.705882352941178,3.0,14.0,0.0,0.0,2.0,0.0
2025-06-22,9.0,7354.0,817.1111111111111,58.0,0.0,9.0,0.0,0.0,1.0,0.0
2025-06-23,36.0,14712.0,408.6666666666667,30.13888888888889,0.0,36.0,1.0,0.0,1.0,0.0
2025-06-24,49.0,567581.0,11583.285714285714,24.612244897959183,1.0,48.0,1.0,2.0,3.0,0.0
2025-06-25,27.0,493380.0,18273.333333333332,42.77777777777778,1.0,26.0,0.0,1.0,2.0,0.0
2025-06-26,19.0,4017.0,211.42105263157896,17.842105263157894,0.0,19.0,0.0,0.0,1.0,0.0
2025-06-27,13.0,49926.0,3840.4615384615386,94.15384615384616,0.0,13.0,0.0,1.0,0.0,0.0
2025-06-28,20.0,3151.0,157.55,51.5,0.0,20.0,0.0,0.0,0.0,0.0
2025-06-29,26.0,7020.0,270.0,26.884615384615383,0.0,26.0,0.0,0.0,0.0,0.0
2025-06-30,16.0,2343.0,146.4375,33.125,0.0,16.0,0.0,0.0,0.0,0.0
2025-07-01,35.0,6408.0,183.0857142857143,28.542857142857144,0.0,35.0,0.0,1.0,0.0,0.0
2025-07-02,32.0,11740.0,366.875,44.40625,0.0,32.0,0.0,0.0,2.0,0.0
2025-07-03,35.0,8551.0,244.31428571428572,30.542857142857144,0.0,35.0,0.0,6.0,4.0,0.0
2025-07-04,28.0,649149.0,23183.89285714286,5.964285714285714,2.0,26.0,1.0,0.0,1.0,0.0
2025-07-05,9.0,1371.0,152.33333333333334,26.11111111111111,0.0,9.0,0.0,0.0,1.0,0.0
2025-07-06,6.0,470.0,78.33333333333333,89.83333333333333,0.0,6.0,0.0,0.0,0.0,0.0
2025-07-07,20.0,10001.0,500.05,14.5,0.0,20.0,0.0,0.0,1.0,0.0
2025-07-08,10.0,1852.0,185.2,43.8,0.0,10.0,1.0,0.0,0.0,0.0
2025-07-09,33.0,132340.0,4010.3030303030305,30.272727272727273,0.0,33.0,0.0,4.0,1.0,0.0
2025-07-10,12.0,1519.0,126.58333333333333,58.583333333333336,0.0,12.0,0.0,0.0,0.0,0.0
2025-07-11,12.0,1246.0,103.83333333333333,37.083333333333336,0.0,12.0,1.0,1.0,0.0,0.0
2025-07-12,11.0,1264.0,114.9090909090909,46.72727272727273,0.0,11.0,0.0,0.0,1.0,0.0
2025-07-13,4.0,404.0,101.0,11.25,0.0,4.0,0.0,0.0,0.0,0.0
2025-07-14,5.0,545.0,109.0,40.0,0.0,5.0,0.0,0.0,0.0,0.0
2025-07-15,21.0,42758.0,2036.095238095238,49.38095238095238,0.0,21.0,1.0,0.0,2.0,0.0
2025-07-16,27.0,5300.0,196.2962962962963,38.77777777777778,0.0,27.0,3.0,0.0,2.0,0.0
2025-07-17,23.0,87147.0,3789.0,18.130434782608695,1.0,22.0,2.0,0.0,0.0,0.0
2025-07-18,32.0,27831.0,869.71875,58.46875,0.0,32.0,0.0,1.0,1.0,0.0
2025-07-19,13.0,2243.0,172.53846153846155,20.46153846153846,0.0,13.0,0.0,0.0,0.0,0.0
2025-07-20,34.0,7995.0,235.14705882352942,27.029411764705884,0.0,34.0,3.0,0.0,1.0,0.0
2025-07-21,27.0,264855.0,9809.444444444445,33.888888888888886,1.0,26.0,0.0,0.0,0.0,0.0
2025-07-22,15.0,5544.0,369.6,61.93333333333333,0.0,15.0,2.0,0.0,0.0,0.0
2025-07-23,25.0,8327.0,333.08,26.04,0.0,25.0,0.0,1.0,1.0,0.0
2025-07-24,17.0,3763.0,221.35294117647058,80.0,0.0,17.0,2.0,0.0,0.0,0.0
2025-07-25,21.0,4864.0,231.61904761904762,7.333333333333333,0.0,21.0,0.0,0.0,0.0,0.0
2025-07-26,17.0,14993.0,881.9411764705883,39.294117647058826,0.0,17.0,0.0,0.0,2.0,0.0
2025-07-27,3.0,38.0,12.666666666666666,5.666666666666667,0.0,3.0,0.0,0.0,0.0,0.0
2025-07-28,12.0,2775.0,231.25,20.166666666666668,0.0,12.0,1.0,0.0,0.0,0.0
2025-07-29,15.0,473706.0,31580.4,50.733333333333334,1.0,14.0,0.0,0.0,0.0,0.0
2025-07-30,41.0,3963.0,96.65853658536585,21.146341463414632,0.0,41.0,0.0,0.0,0.0,0.0
2025-07-31,55.0,339332.0,6169.672727272728,19.509090909090908,0.0,55.0,1.0,3.0,0.0,0.0
2025-08-01,22.0,365076.0,16594.363636363636,55.77272727272727,0.0,22.0,1.0,3.0,0.0,0.0
2025-08-02,8.0,224.0,28.0,49.375,0.0,8.0,1.0,0.0,0.0,0.0
2025-08-03,11.0,2672.0,242.9090909090909,30.90909090909091,0.0,11.0,0.0,0.0,0.0,0.0
2025-08-04,16.0,5411.0,338.1875,53.875,0.0,16.0,1.0,0.0,2.0,0.0
2025-08-05,12.0,1000.0,83.33333333333333,30.5,0.0,12.0,1.0,0.0,0.0,0.0
2025-08-06,13.0,2197.0,169.0,27.846153846153847,0.0,13.0,0.0,0.0,0.0,0.0
2025-08-07,32.0,4183.0,130.71875,23.15625,0.0,32.0,4.0,0.0,0.0,0.0
2025-08-08,31.0,4572.0,147.48387096774192,23.387096774193548,0.0,31.0,1.0,0.0,1.0,0.0
2025-08-09,12.0,9451.0,787.5833333333334,26.916666666666668,0.0,12.0,1.0,0.0,1.0,0.0
2025-08-10,7.0,921.0,131.57142857142858,68.14285714285714,0.0,7.0,0.0,0.0,1.0,0.0
2025-08-11,25.0,3080.0,123.2,28.72,0.0,25.0,3.0,0.0,0.0,0.0
2025-08-12,23.0,73041.0,3175.695652173913,45.34782608695652,0.0,23.0,2.0,0.0,1.0,0.0
2025-08-13,18.0,173506.0,9639.222222222223,33.72222222222222,0.0,18.0,1.0,0.0,2.0,0.0
2025-08-14,19.0,2304.0,121.26315789473684,21.842105263157894,0.0,19.0,0.0,0.0,0.0,0.0
2025-08-15,9.0,1607.0,178.55555555555554,14.222222222222221,0.0,9.0,0.0,0.0,0.0,0.0
2025-08-16,10.0,3133.0,313.3,19.1,0.0,10.0,0.0,0.0,1.0,0.0
2025-08-17,39.0,6869.0,176.12820512820514,17.794871794871796,0.0,39.0,0.0,1.0,0.0,0.0
2025-08-18,20.0,3211.0,160.55,58.0,0.0,20.0,3.0,0.0,0.0,0.0
2025-08-19,36.0,4588.0,127.44444444444444,48.138888888888886,0.0,36.0,0.0,0.0,0.0,0.0
2025-08-20,12.0,102021.0,8501.75,30.166666666666668,0.0,12.0,0.0,0.0,0.0,0.0
2025-08-21,25.0,697091.0,27883.64,50.28,0.0,25.0,1.0,0.0,0.0,0.0
2025-08-22,19.0,138206.0,7274.0,71.05263157894737,0.0,19.0,1.0,0.0,0.0,0.0
2025-08-23,6.0,1037.0,172.83333333333334,44.833333333333336,0.0,6.0,0.0,0.0,0.0,0.0
2025-08-24,14.0,3211.0,229.35714285714286,79.07142857142857,0.0,14.0,0.0,0.0,1.0,0.0
2025-08-25,17.0,2047.0,120.41176470588235,23.235294117647058,0.0,17.0,2.0,0.0,0.0,0.0
2025-08-26,10.0,1320.0,132.0,31.1,0.0,10.0,1.0,0.0,0.0,0.0
2025-08-27,14.0,1876.0,134.0,40.285714285714285,0.0,14.0,0.0,0.0,0.0,0.0
2025-08-28,8.0,1310.0,163.75,41.5,0.0,8.0,0.0,0.0,1.0,0.0
2025-08-29,6.0,753.0,125.5,109.0,0.0,6.0,0.0,1.0,0.0,0.0
2025-08-30,42.0,5621.0,133.83333333333334,13.738095238095237,0.0,42.0,0.0,0.0,0.0,0.0
2025-08-31,36.0,5757.0,159.91666666666666,23.666666666666668,0.0,36.0,0.0,0.0,0.0,0.0
2025-09-01,8.0,1383.0,172.875,79.625,0.0,8.0,0.0,0.0,0.0,0.0
2025-09-02,5.0,564.0,112.8,70.6,0.0,5.0,0.0,0.0,0.0,0.0
2025-09-03,19.0,6262.0,329.57894736842104,3.789473684210526,0.0,19.0,2.0,0.0,0.0,0.0
2025-09-04,28.0,1551409.0,55407.46428571428,8.892857142857142,5.0,23.0,0.0,0.0,0.0,0.0
2025-09-05,9.0,865.0,96.11111111111111,87.88888888888889,0.0,9.0,0.0,0.0,0.0,0.0
2025-09-06,10.0,1751.0,175.1,1.5,0.0,10.0,0.0,0.0,0.0,0.0
2025-09-07,4.0,294.0,73.5,61.75,0.0,4.0,0.0,0.0,0.0,0.0
2025-09-08,33.0,7075.0,214.3939393939394,18.424242424242426,0.0,33.0,0.0,0.0,0.0,0.0
2025-09-09,12.0,4756.0,396.3333333333333,61.583333333333336,0.0,12.0,0.0,2.0,0.0,0.0
2025-09-10,9.0,1335336.0,148370.66666666666,23.11111111111111,1.0,8.0,0.0,0.0,0.0,0.0
2025-09-11,20.0,169724.0,8486.2,32.5,1.0,19.0,1.0,0.0,0.0,0.0
2025-09-12,9.0,1611.0,179.0,15.555555555555555,0.0,9.0,0.0,0.0,0.0,0.0
2025-09-13,7.0,705.0,100.71428571428571,56.142857142857146,0.0,7.0,0.0,0.0,0.0,0.0
2025-09-14,5.0,1011.0,202.2,139.4,0.0,5.0,0.0,0.0,0.0,0.0
2025-09-15,20.0,387330.0,19366.5,85.65,1.0,19.0,0.0,1.0,5.0,0.0
2025-09-16,53.0,476672.0,8993.811320754718,32.132075471698116,1.0,52.0,0.0,7.0,0.0,0.0
2025-09-17,2.0,93.0,46.5,58.5,0.0,2.0,0.0,0.0,0.0,0.0
2025-09-18,12.0,1538.0,128.16666666666666,33.916666666666664,0.0,12.0,0.0,0.0,0.0,0.0
2025-09-19,14.0,3139.0,224.21428571428572,44.0,0.0,14.0,0.0,0.0,0.0,0.0
2025-09-20,20.0,16319.0,815.95,46.75,0.0,20.0,0.0,0.0,2.0,0.0
2025-09-21,5.0,6926.0,1385.2,28.4,0.0,5.0,0.0,3.0,0.0,0.0
2025-09-22,4.0,461.0,115.25,43.0,0.0,4.0,0.0,0.0,0.0,0.0
2025-09-23,14.0,4516.0,322.57142857142856,104.78571428571429,0.0,14.0,0.0,5.0,0.0,0.0
2025-09-24,5.0,597.0,119.4,255.0,0.0,5.0,0.0,0.0,0.0,0.0
2025-09-25,22.0,7474.0,339.72727272727275,26.454545454545453,0.0,22.0,0.0,3.0,0.0,0.0
2025-09-26,16.0,14884.0,930.25,66.0,0.0,16.0,0.0,0.0,1.0,0.0
2025-09-27,24.0,33590.0,1399.5833333333333,20.458333333333332,0.0,24.0,0.0,0.0,2.0,0.0
2025-09-28,22.0,4882.0,221.9090909090909,17.045454545454547,0.0,22.0,1.0,0.0,0.0,0.0
2025-09-29,7.0,198744.0,28392.0,33.57142857142857,1.0,6.0,0.0,0.0,0.0,0.0
2025-09-30,12.0,51841.0,4320.083333333333,10.083333333333334,5.0,7.0,1.0,1.0,0.0,0.0
2025-10-01,14.0,2445.0,174.64285714285714,29.714285714285715,0.0,14.0,0.0,0.0,0.0,0.0
2025-10-02,20.0,7136.0,356.8,8.6,1.0,19.0,0.0,0.0,0.0,0.0
2025-10-03,13.0,3374.0,259.53846153846155,68.07692307692308,0.0,13.0,0.0,0.0,0.0,0.0
2025-10-04,9.0,3338.0,370.8888888888889,37.333333333333336,0.0,9.0,0.0,0.0,1.0,0.0
2025-10-05,12.0,4857.0,404.75,67.25,0.0,12.0,0.0,3.0,0.0,0.0
2025-10-06,22.0,3303.0,150.13636363636363,13.636363636363637,0.0,22.0,1.0,0.0,1.0,0.0
2025-10-07,17.0,2522.0,148.35294117647058,29.0,0.0,17.0,0.0,0.0,0.0,0.0
2025-10-08,16.0,43001.0,2687.5625,35.5,0.0,16.0,0.0,1.0,0.0,0.0
2025-10-09,34.0,102575.0,3016.9117647058824,16.08823529411765,0.0,34.0,0.0,2.0,1.0,0.0
2025-10-10,19.0,2343.0,123.3157894736842,38.78947368421053,0.0,19.0,0.0,0.0,0.0,0.0
2025-10-11,7.0,543.0,77.57142857142857,28.142857142857142,0.0,7.0,0.0,0.0,0.0,0.0
2025-10-12,13.0,38878.0,2990.6153846153848,54.46153846153846,1.0,12.0,0.0,1.0,1.0,0.0
2025-10-13,13.0,13278.0,1021.3846153846154,24.076923076923077,1.0,12.0,0.0,7.0,0.0,0.0
2025-10-14,27.0,16569.0,613.6666666666666,59.25925925925926,1.0,26.0,0.0,2.0,0.0,0.0
2025-10-15,3.0,283.0,94.33333333333333,2.3333333333333335,0.0,3.0,0.0,0.0,0.0,0.0
2025-10-16,8.0,1195.0,149.375,91.25,0.0,8.0,1.0,0.0,0.0,0.0
2025-10-17,5.0,660.0,132.0,171.0,0.0,5.0,0.0,0.0,0.0,0.0
2025-10-18,17.0,90300.0,5311.764705882353,22.352941176470587,0.0,17.0,1.0,2.0,0.0,0.0
2025-10-19,9.0,11885.0,1320.5555555555557,43.666666666666664,0.0,9.0,0.0,0.0,1.0,0.0
2025-10-20,8.0,1414.0,176.75,104.75,0.0,8.0,0.0,0.0,0.0,0.0
2025-10-21,5.0,620.0,124.0,54.0,0.0,5.0,0.0,0.0,0.0,0.0
2025-10-22,22.0,3758.0,170.8181818181818,52.45454545454545,0.0,22.0,1.0,0.0,0.0,0.0
2025-10-23,18.0,7398.0,411.0,28.333333333333332,0.0,18.0,0.0,0.0,1.0,0.0
2025-10-24,7.0,2295.0,327.85714285714283,49.57142857142857,0.0,7.0,0.0,0.0,1.0,0.0
2025-10-25,42.0,33934.0,807.952380952381,91.78571428571429,0.0,42.0,0.0,1.0,4.0,0.0
2025-10-26,7.0,1205.0,172.14285714285714,33.714285714285715,0.0,7.0,0.0,0.0,0.0,0.0
2025-10-27,14.0,1940.0,138.57142857142858,34.785714285714285,0.0,14.0,1.0,0.0,0.0,0.0
2025-10-28,9.0,29973.0,3330.3333333333335,12.777777777777779,0.0,9.0,0.0,1.0,0.0,0.0
2025-10-29,47.0,73170.0,1556.8085106382978,27.04255319148936,0.0,47.0,2.0,8.0,5.0,0.0
2025-10-30,16.0,1811.0,113.1875,73.75,0.0,16.0,0.0,0.0,1.0,0.0
2025-10-31,12.0,1610.0,134.16666666666666,44.083333333333336,0.0,12.0,0.0,0.0,0.0,0.0
2025-11-01,13.0,2050.0,157.69230769230768,30.23076923076923,0.0,13.0,0.0,0.0,0.0,0.0
2025-11-02,72.0,21559.0,299.43055555555554,94.125,0.0,72.0,0.0,3.0,1.0,0.0
2025-11-03,72.0,47820.0,664.1666666666666,106.70833333333333,0.0,72.0,0.0,1.0,8.0,0.0
2025-11-04,18.0,2831.0,157.27777777777777,64.66666666666667,0.0,18.0,0.0,0.0,0.0,0.0
2025-11-05,38.0,49295.0,1297.2368421052631,28.263157894736842,0.0,38.0,1.0,1.0,2.0,0.0
2025-11-06,6.0,12465.0,2077.5,69.66666666666667,0.0,6.0,0.0,1.0,0.0,0.0
2025-11-07,19.0,2279.0,119.94736842105263,52.36842105263158,0.0,19.0,1.0,1.0,0.0,0.0
2025-11-08,11.0,2355.0,214.0909090909091,27.181818181818183,0.0,11.0,0.0,0.0,0.0,0.0
2025-11-09,44.0,39777.0,904.0227272727273,31.795454545454547,0.0,44.0,0.0,4.0,0.0,0.0
2025-11-10,18.0,3820.0,212.22222222222223,51.388888888888886,0.0,18.0,1.0,0.0,1.0,0.0
2025-11-11,18.0,1062.0,59.0,41.5,0.0,18.0,0.0,0.0,0.0,0.0
2025-11-12,6.0,776.0,129.33333333333334,88.16666666666667,0.0,6.0,0.0,0.0,0.0,0.0
2025-11-13,2.0,339.0,169.5,27.0,0.0,2.0,2.0,0.0,0.0,0.0
2025-11-14,26.0,6216.0,239.07692307692307,41.96153846153846,0.0,26.0,1.0,0.0,1.0,0.0
2025-11-15,5.0,29923.0,5984.6,85.4,0.0,5.0,0.0,1.0,0.0,0.0
2025-11-16,5.0,1094.0,218.8,145.4,0.0,5.0,0.0,0.0,0.0,0.0
2025-11-17,33.0,71471.0,2165.787878787879,29.696969696969695,0.0,33.0,2.0,9.0,0.0,0.0
2025-11-18,6.0,444.0,74.0,79.83333333333333,0.0,6.0,0.0,0.0,0.0,0.0
2025-11-19,20.0,4427.0,221.35,41.65,0.0,20.0,0.0,1.0,0.0,0.0
2025-11-20,24.0,37883.0,1578.4583333333333,20.041666666666668,0.0,24.0,1.0,16.0,3.0,0.0
2025-11-21,5.0,524.0,104.8,16.8,0.0,5.0,1.0,0.0,0.0,0.0
2025-11-22,34.0,6941.0,204.14705882352942,21.470588235294116,0.0,34.0,3.0,1.0,1.0,0.0
2025-11-23,42.0,10011.0,238.35714285714286,11.785714285714286,0.0,42.0,5.0,1.0,0.0,0.0
2025-11-24,13.0,11504.0,884.9230769230769,67.38461538461539,0.0,13.0,1.0,0.0,1.0,0.0
2025-11-25,17.0,5772.0,339.52941176470586,50.35294117647059,1.0,16.0,0.0,0.0,0.0,0.0
2025-11-26,17.0,26601.0,1564.764705882353,92.17647058823529,1.0,16.0,0.0,0.0,4.0,0.0
2025-11-27,4.0,363.0,90.75,158.0,0.0,4.0,0.0,0.0,0.0,0.0
2025-11-28,12.0,64105.0,5342.083333333333,75.75,3.0,9.0,0.0,1.0,1.0,0.0
2025-11-29,19.0,20448.0,1076.2105263157894,25.263157894736842,1.0,18.0,0.0,0.0,0.0,0.0
2025-11-30,10.0,1257.0,125.7,48.3,0.0,10.0,0.0,1.0,0.0,0.0
2025-12-01,169.0,29677.0,175.60355029585799,6.757396449704142,1.0,168.0,75.0,0.0,2.0,0.0
2025-12-02,22.0,23267.0,1057.590909090909,25.727272727272727,1.0,21.0,0.0,1.0,1.0,0.0
2025-12-03,8.0,1128.0,141.0,47.375,0.0,8.0,1.0,0.0,0.0,0.0
2025-12-04,29.0,5855.0,201.89655172413794,31.06896551724138,0.0,29.0,3.0,2.0,1.0,0.0
2025-12-05,9.0,1346.0,149.55555555555554,75.33333333333333,0.0,9.0,1.0,0.0,1.0,0.0
2025-12-06,20.0,2164.0,108.2,42.2,0.0,20.0,1.0,1.0,0.0,0.0
2025-12-07,12.0,24939.0,2078.25,86.25,0.0,12.0,0.0,3.0,0.0,0.0
2025-12-08,5.0,219.0,43.8,133.0,0.0,5.0,0.0,0.0,0.0,0.0
2025-12-09,12.0,12834.0,1069.5,98.91666666666667,0.0,12.0,0.0,1.0,0.0,0.0
2025-12-10,6.0,664.0,110.66666666666667,112.5,0.0,6.0,2.0,0.0,0.0,0.0
2025-12-11,5.0,381.0,76.2,108.4,0.0,5.0,0.0,0.0,0.0,0.0
2025-12-12,22.0,3174.0,144.27272727272728,7.818181818181818,0.0,22.0,0.0,0.0,0.0,0.0
2025-12-13,11.0,7434.0,675.8181818181819,40.36363636363637,0.0,11.0,0.0,1.0,1.0,0.0
2025-12-14,3.0,838.0,279.3333333333333,11.0,0.0,3.0,0.0,0.0,0.0,0.0
2025-12-15,11.0,9552.0,868.3636363636364,35.45454545454545,0.0,11.0,1.0,9.0,0.0,0.0
2025-12-16,17.0,5182.0,304.8235294117647,48.1764705882353,0.0,17.0,1.0,1.0,0.0,0.0
2025-12-17,2.0,125.0,62.5,124.0,0.0,2.0,0.0,0.0,0.0,0.0
2025-12-18,9.0,1389.0,154.33333333333334,88.33333333333333,0.0,9.0,0.0,0.0,1.0,0.0
2025-12-19,14.0,2264.0,161.71428571428572,45.357142857142854,0.0,14.0,0.0,0.0,0.0,0.0
2025-12-20,6.0,3824.0,637.3333333333334,62.5,0.0,6.0,0.0,2.0,0.0,0.0
2025-12-21,8.0,1430.0,178.75,7.875,0.0,8.0,0.0,0.0,0.0,0.0
2025-12-22,3.0,407.0,135.66666666666666,10.333333333333334,0.0,3.0,0.0,0.0,0.0,0.0
2025-12-23,12.0,21884.0,1823.6666666666667,85.0,1.0,11.0,1.0,1.0,0.0,0.0
2025-12-24,20.0,47242.0,2362.1,18.75,1.0,19.0,4.0,1.0,0.0,0.0
2025-12-25,126.0,9904.0,78.60317460317461,4.785714285714286,0.0,126.0,62.0,0.0,0.0,0.0
2025-12-26,18.0,2167.0,120.38888888888889,14.333333333333334,0.0,18.0,2.0,0.0,0.0,0.0
2025-12-27,4.0,503.0,125.75,32.75,0.0,4.0,0.0,0.0,1.0,0.0
2025-12-28,7.0,1007.0,143.85714285714286,28.285714285714285,0.0,7.0,2.0,0.0,0.0,0.0
2025-12-29,0.0,0.0,,,0.0,0.0,0.0,0.0,0.0,0.0
2025-12-30,19.0,1872.0,98.52631578947368,10.421052631578947,0.0,19.0,0.0,0.0,0.0,0.0
2025-12-31,16.0,20906.0,1306.625,60.6875,0.0,16.0,0.0,0.0,1.0,0.0
2026-01-01,4.0,387.0,96.75,48.0,0.0,4.0,0.0,0.0,1.0,0.0
2026-01-02,10.0,919.0,91.9,23.6,0.0,10.0,0.0,0.0,0.0,0.0
2026-01-03,72.0,121667.0,1689.8194444444443,2.888888888888889,0.0,72.0,20.0,4.0,1.0,0.0
2026-01-04,1.0,31.0,31.0,1.0,0.0,1.0,0.0,0.0,0.0,0.0
2026-01-05,97.0,10477.0,108.01030927835052,9.29896907216495,0.0,97.0,43.0,0.0,0.0,0.0
2026-01-06,15.0,1870.0,124.66666666666667,120.86666666666666,0.0,15.0,0.0,0.0,0.0,0.0
2026-01-07,11.0,1738.0,158.0,126.63636363636364,0.0,11.0,0.0,0.0,0.0,0.0
2026-01-08,1.0,13.0,13.0,23.0,0.0,1.0,0.0,0.0,0.0,0.0
