date,close,high,low,open,volume,simple_return_pct,log_return,next_simple_return_pct,next_log_return
2009-05-04,907.24,907.85,879.21,879.21,7038840000,0.0338681739447535,0.0333072766091565,-0.003791719941801608,-0.003798926735055886
2009-05-05,903.8,907.7,897.34,906.1,6882860000,-0.003791719941801608,-0.003798926735055886,0.017404292985173653,0.01725457296237231
2009-05-06,919.53,920.28,903.95,903.95,8555040000,0.017404292985173653,0.01725457296237231,-0.013202396876665246,-0.013290323268540793
2009-05-07,907.39,929.58,901.36,919.58,9120100000,-0.013202396876665246,-0.013290323268540793,0.02406903316104425,0.023783939541346093
2009-05-08,929.23,930.17,909.03,909.03,8163280000,0.02406903316104425,0.023783939541346093,-0.021512435026850185,-0.021747200481074702
2009-05-11,909.24,922.99,908.68,922.99,6150600000,-0.021512435026850185,-0.021747200481074702,-0.0009788394703268422,-0.0009793188465282718
2009-05-12,908.35,915.57,896.46,910.52,6871750000,-0.0009788394703268422,-0.0009793188465282718,-0.026894919359277902,-0.02726320607983457
2009-05-13,883.92,905.4,882.8,905.4,7091820000,-0.026894919359277902,-0.02726320607983457,0.010351615530817426,0.010298404457450127
2009-05-14,893.07,898.36,882.52,884.24,6134870000,0.010351615530817426,0.010298404457450127,-0.011410079836966958,-0.011475674233448351
2009-05-15,882.88,896.97,878.94,892.76,5439720000,-0.011410079836966958,-0.011475674233448351,0.030389180862631537,0.029936576373611083
2009-05-18,909.71,910.0,886.07,886.07,5702150000,0.030389180862631537,0.029936576373611083,-0.0017368172274681015,-0.0017383272431764048
2009-05-19,908.13,916.39,905.22,909.67,6616270000,-0.0017368172274681015,-0.0017383272431764048,-0.005131423915078148,-0.005144634884210452
2009-05-20,903.47,924.6,901.37,908.62,8205060000,-0.005131423915078148,-0.005144634884210452,-0.016757612316955717,-0.01689960969556584
2009-05-21,888.33,900.42,879.61,900.42,6019840000,-0.016757612316955717,-0.01689960969556584,-0.0014971913590670072,-0.0014983132699999018
2009-05-22,887.0,896.65,883.75,888.68,5155320000,-0.0014971913590670072,-0.0014983132699999018,0.026302142051860322,0.025962188826917313
2009-05-26,910.33,911.76,881.46,887.0,5667050000,0.026302142051860322,0.025962188826917313,-0.018971142333000235,-0.01915340326737425
2009-05-27,893.06,913.84,891.87,909.95,5698800000,-0.018971142333000235,-0.01915340326737425,0.015418896826641104,0.015301233587101505
2009-05-28,906.83,909.45,887.6,892.96,5738980000,0.015418896826641104,0.015301233587101505,0.013574760429187371,0.013483448796435801
2009-05-29,919.14,920.02,903.56,907.02,6050420000,0.013574760429187371,0.013483448796435801,0.02581761211567346,0.02548996497720596
2009-06-01,942.87,947.77,923.26,923.26,6370440000,0.02581761211567346,0.02548996497720596,0.0019833062882474994,0.0019813421329166413
2009-06-02,944.74,949.38,938.46,942.87,5987340000,0.0019833062882474994,0.0019813421329166413,-0.0137392298410145,-0.013834486568385958
2009-06-03,931.76,942.51,923.85,942.51,5323770000,-0.0137392298410145,-0.013834486568385958,0.011483643856787129,0.011418207308851205
2009-06-04,942.46,942.47,929.32,932.49,5352890000,0.011483643856787129,0.011418207308851205,-0.002514695583897497,-0.0025178627415764552
2009-06-05,940.09,951.69,934.13,945.67,5277910000,-0.002514695583897497,-0.0025178627415764552,-0.001010541543894794,-0.001011052485248075
2009-06-08,939.14,946.33,926.44,938.12,4483430000,-0.001010541543894794,-0.001011052485248075,0.003503205059948389,0.003497083130518968
2009-06-09,942.43,946.92,936.15,940.35,4439950000,0.003503205059948389,0.003497083130518968,-0.003480364589412477,-0.003486435147513123
2009-06-10,939.15,949.77,927.97,942.73,5379420000,-0.003480364589412477,-0.003486435147513123,0.006111909705584839,0.006093307742659376
2009-06-11,944.89,956.23,939.04,939.04,5500840000,0.006111909705584839,0.006093307742659376,0.0013969880091864173,0.0013960131292622697
2009-06-12,946.21,946.3,935.66,943.44,4528120000,0.0013969880091864173,0.0013960131292622697,-0.02376850804789632,-0.024055536315656614
2009-06-15,923.72,942.45,919.65,942.45,4697880000,-0.02376850804789632,-0.024055536315656614,-0.01272030485428488,-0.012801900619248449
2009-06-16,911.97,928.0,911.6,925.6,4951200000,-0.01272030485428488,-0.012801900619248449,-0.0013816243955393492,-0.0013825797185576352
2009-06-17,910.71,918.44,903.78,911.89,5523650000,-0.0013816243955393492,-0.0013825797185576352,0.008411019973427303,0.008375844448658284
2009-06-18,918.37,921.93,907.94,910.86,4684010000,0.008411019973427303,0.008375844448658284,0.0031142132256063437,0.0031093741076927695
2009-06-19,921.23,927.09,915.8,919.96,5713390000,0.0031142132256063437,0.0031093741076927695,-0.030600392952899957,-0.031078360927762203
2009-06-22,893.04,918.13,893.04,918.13,4903940000,-0.030600392952899957,-0.031078360927762203,0.0023067275821913036,0.002304071170416657
2009-06-23,895.1,898.69,888.86,893.46,5071020000,0.0023067275821913036,0.002304071170416657,0.006524410680371018,0.006503218839248371
2009-06-24,900.94,910.85,896.31,896.31,4636720000,0.006524410680371018,0.006503218839248371,0.021444269318711573,0.021217576096281384
2009-06-25,920.26,921.42,896.27,899.45,4911240000,0.021444269318711573,0.021217576096281384,-0.0014778432182209755,-0.0014789363055836941
2009-06-26,918.9,922.0,913.03,918.84,6076660000,-0.0014778432182209755,-0.0014789363055836941,0.009065186636195488,0.009024344474136607
2009-06-29,927.23,927.99,916.18,919.86,4211760000,0.009065186636195488,0.009024344474136607,-0.008530785242065075,-0.008567380664245961
2009-06-30,919.32,930.01,912.86,927.15,4627570000,-0.008530785242065075,-0.008567380664245961,0.004361919679763293,0.004352434081724914
2009-07-01,923.33,931.92,920.82,920.82,3919400000,0.004361919679763293,0.004352434081724914,-0.029144509546966013,-0.0295776472524855
2009-07-02,896.42,921.24,896.42,921.24,3931000000,-0.029144509546966013,-0.0295776472524855,0.00256576158497146,0.002562475638153287
2009-07-06,898.72,898.72,886.36,894.27,4712580000,0.00256576158497146,0.002562475638153287,-0.01968354993768917,-0.01987985121431268
2009-07-07,881.03,898.6,879.93,898.6,4673300000,-0.01968354993768917,-0.01987985121431268,-0.0016685016401257746,-0.0016698951392400763
2009-07-08,879.56,886.8,869.32,881.9,5721780000,-0.0016685016401257746,-0.0016698951392400763,0.0035472281595343436,0.003540951584310035
2009-07-09,882.68,887.86,878.45,881.28,4347170000,0.0035472281595343436,0.003540951584310035,-0.004021842570353873,-0.0040299519295311295
2009-07-10,879.13,883.57,872.81,880.03,3912080000,-0.004021842570353873,-0.0040299519295311295,0.024933741312433755,0.024627967878931317
2009-07-13,901.05,901.05,875.32,879.57,4499440000,0.024933741312433755,0.024627967878931317,0.00531602019865729,0.005301940041504133
2009-07-14,905.84,905.84,896.5,900.77,4149030000,0.00531602019865729,0.005301940041504133,0.029629956725249373,0.029199472375008
2009-07-15,932.68,933.95,910.15,910.15,5238830000,0.029629956725249373,0.029199472375008,0.008641763520178536,0.008604637219621987
2009-07-16,940.74,943.96,927.45,930.17,4898640000,0.008641763520178536,0.008604637219621987,-0.0003826774666751964,-0.0003827507063823333
2009-07-17,940.38,941.89,934.65,940.56,5141380000,-0.0003826774666751964,-0.0003827507063823333,0.011431548948297454,0.011366702521417232
2009-07-20,951.13,951.62,940.99,942.07,4853150000,0.011431548948297454,0.011366702521417232,0.0036272644118049424,0.003620701753126186
2009-07-21,954.58,956.53,943.22,951.97,5309300000,0.0036272644118049424,0.003620701753126186,-0.0005342663789310587,-0.00053440915006703
2009-07-22,954.07,959.83,947.75,953.4,4634100000,-0.0005342663789310587,-0.00053440915006703,0.023289695724632242,0.02302262940740808
2009-07-23,976.29,979.42,953.27,954.07,5761650000,0.023289695724632242,0.02302262940740808,0.003042128875641481,0.0030375109647431194
2009-07-24,979.26,979.79,965.95,972.16,4458300000,0.003042128875641481,0.0030375109647431194,0.002981843432796172,0.0029774065555280248
2009-07-27,982.18,982.49,972.29,978.63,4631290000,0.002981843432796172,0.0029774065555280248,-0.0026064468834632315,-0.002609849580059383
2009-07-28,979.62,982.35,969.35,981.48,5490350000,-0.0026064468834632315,-0.002609849580059383,-0.004562993813927885,-0.004573436047540637
2009-07-29,975.15,977.76,968.65,977.66,5178770000,-0.004562993813927885,-0.004573436047540637,0.01189560580423521,0.011825409224369018
2009-07-30,986.75,996.68,976.01,976.01,6035180000,0.01189560580423521,0.011825409224369018,0.0007398023815556876,0.0007395288626654475
2009-07-31,987.48,993.18,982.85,986.8,5139070000,0.0007398023815556876,0.0007395288626654475,0.015342082877627838,0.015225583178395025
2009-08-03,1002.63,1003.61,990.22,990.22,5603440000,0.015342082877627838,0.015225583178395025,0.0030120782342439867,0.0030075510152131053
2009-08-04,1005.65,1007.12,996.68,1001.41,5713700000,0.0030120782342439867,0.0030075510152131053,-0.0029135385074329223,-0.0029177911228645812
2009-08-05,1002.72,1006.64,994.31,1005.41,7242120000,-0.0029135385074329223,-0.0029177911228645812,-0.005624700813786521,-0.005640579011475083
2009-08-06,997.08,1008.0,992.49,1004.06,6753380000,-0.005624700813786521,-0.005640579011475083,0.013439242588358047,0.013349737000829563
2009-08-07,1010.48,1018.0,999.83,999.83,6827090000,0.013439242588358047,0.013349737000829563,-0.003344944976644726,-0.0033505518116208367
2009-08-10,1007.1,1010.12,1000.99,1008.89,5406080000,-0.003344944976644726,-0.0033505518116208367,-0.012660113196306222,-0.01274093529858868
2009-08-11,994.35,1005.77,992.4,1005.77,5773160000,-0.012660113196306222,-0.01274093529858868,0.011525116910544586,0.011459208667389599
2009-08-12,1005.81,1012.78,993.36,994.0,5498170000,0.011525116910544586,0.011459208667389599,0.006880027042881043,0.006856467654583368
2009-08-13,1012.73,1013.14,1000.82,1005.86,5250660000,0.006880027042881043,0.006856467654583368,-0.008531395337355474,-0.008567996009098858
2009-08-14,1004.09,1012.6,994.6,1012.23,4940750000,-0.008531395337355474,-0.008567996009098858,-0.024260773436644123,-0.024559914167756866
2009-08-17,979.73,998.18,978.51,998.18,4088570000,-0.024260773436644123,-0.024559914167756866,0.010145652373612979,0.010094530726770492
2009-08-18,989.67,991.2,980.62,980.62,4198970000,0.010145652373612979,0.010094530726770492,0.00686087281619141,0.006837444128079486
2009-08-19,996.46,999.61,980.62,986.88,4257000000,0.00686087281619141,0.006837444128079486,0.010948758605463293,0.010889254881918217
2009-08-20,1007.37,1008.92,996.39,996.41,4893160000,0.010948758605463293,0.010889254881918217,0.01862275033006755,0.018451470119857618
2009-08-21,1026.13,1027.59,1009.06,1009.06,5885550000,0.01862275033006755,0.018451470119857618,-0.0005457398185416684,-0.0005458887887182097
2009-08-24,1025.57,1035.82,1022.48,1026.59,6302450000,-0.0005457398185416684,-0.0005458887887182097,0.0023694140819252585,0.002366611446575528
2009-08-25,1028.0,1037.75,1026.21,1026.63,5768740000,0.0023694140819252585,0.002366611446575528,0.0001167315175096828,0.0001167247049162505
2009-08-26,1028.12,1032.47,1021.57,1027.35,5080060000,0.0001167315175096828,0.0001167247049162505,0.002781776446329376,0.0027779144666822218
2009-08-27,1030.98,1033.33,1016.2,1027.81,5785880000,0.002781776446329376,0.0027779144666822218,-0.0019883993869910244,-0.0019903788774991863
2009-08-28,1028.93,1039.47,1023.13,1031.62,5785780000,-0.0019883993869910244,-0.0019903788774991863,-0.008076351160914763,-0.008109141555451227
2009-08-31,1020.62,1025.21,1014.62,1025.21,5004560000,-0.008076351160914763,-0.008109141555451227,-0.02212380709764661,-0.02237220908516203
2009-09-01,998.04,1028.45,996.28,1019.52,6862360000,-0.02212380709764661,-0.02237220908516203,-0.0032964610636847524,-0.0033019063615583625
2009-09-02,994.75,1000.34,991.97,996.07,5842730000,-0.0032964610636847524,-0.0033019063615583625,0.008534807740638417,0.008498592185028414
2009-09-03,1003.24,1003.43,992.25,996.12,4624280000,0.008534807740638417,0.008498592185028414,0.013117499302260693,0.013032209953942669
2009-09-04,1016.4,1016.48,1001.65,1003.84,4097370000,0.013117499302260693,0.013032209953942669,0.00884494293585214,0.008806055564248823
2009-09-08,1025.39,1026.07,1018.67,1018.67,5235160000,0.00884494293585214,0.008806055564248823,0.0077824047435608446,0.007752278036300137
2009-09-09,1033.37,1036.34,1023.97,1025.36,5202550000,0.0077824047435608446,0.007752278036300137,0.010422210824777345,0.01036827402233454
2009-09-10,1044.14,1044.14,1028.04,1032.99,5191380000,0.010422210824777345,0.01036827402233454,-0.001350393625376034,-0.0013513062285225982
2009-09-11,1042.73,1048.18,1038.4,1043.92,4922600000,-0.001350393625376034,-0.0013513062285225982,0.006339129017099321,0.006319121248784945
2009-09-14,1049.34,1049.74,1035.0,1040.15,4979610000,0.006339129017099321,0.006319121248784945,0.00313530409590812,0.0031303992794079125
2009-09-15,1052.63,1056.04,1043.42,1049.03,6185620000,0.00313530409590812,0.0031303992794079125,0.015323522985284388,0.015207303563779619
2009-09-16,1068.76,1068.76,1052.87,1053.99,6793530000,0.015323522985284388,0.015207303563779619,-0.003059620494778925,-0.003064310702846008
2009-09-17,1065.49,1074.77,1061.2,1067.87,6668110000,-0.003059620494778925,-0.003064310702846008,0.002637284254192851,0.0026338127223454674
2009-09-18,1068.3,1071.52,1064.27,1066.6,5607970000,0.002637284254192851,0.0026338127223454674,-0.0034072825985208555,-0.003413100605362237
2009-09-21,1064.66,1067.28,1057.46,1067.14,4615280000,-0.0034072825985208555,-0.003413100605362237,0.006574868972254011,0.006553348797967811
2009-09-22,1071.66,1073.81,1066.35,1066.35,5246600000,0.006574868972254011,0.006553348797967811,-0.010068491872422425,-0.010119521956322259
2009-09-23,1060.87,1080.15,1060.39,1072.69,5531930000,-0.010068491872422425,-0.010119521956322259,-0.009511061675794297,-0.009556580675496985
2009-09-24,1050.78,1066.29,1045.85,1062.56,5505610000,-0.009511061675794297,-0.009556580675496985,-0.006090713565160999,-0.0061093376220662104
2009-09-25,1044.38,1053.47,1041.17,1049.48,4507090000,-0.006090713565160999,-0.0061093376220662104,0.01780960952909849,0.017652876598941023
2009-09-28,1062.98,1065.13,1045.38,1045.38,3726950000,0.01780960952909849,0.017652876598941023,-0.0022295809892943774,-0.002232070205616143
2009-09-29,1060.61,1069.62,1057.83,1063.69,4949900000,-0.0022295809892943774,-0.002232070205616143,-0.0033282733521274865,-0.003333824374182154
2009-09-30,1057.08,1063.4,1046.47,1061.02,5998860000,-0.0033282733521274865,-0.003333824374182154,-0.025759639762364284,-0.026097229359217995
2009-10-01,1029.85,1054.91,1029.45,1054.91,5791450000,-0.025759639762364284,-0.026097229359217995,-0.0045055105112393745,-0.004515690913838788
2009-10-02,1025.21,1030.6,1019.95,1029.71,5583240000,-0.0045055105112393745,-0.004515690913838788,0.01487500121926244,0.014765453401865216
2009-10-05,1040.46,1042.58,1025.92,1026.87,4313310000,0.01487500121926244,0.014765453401865216,0.013705476423889529,0.01361240580248467
2009-10-06,1054.72,1060.55,1042.02,1042.02,5029840000,0.013705476423889529,0.01361240580248467,0.0027116201456309774,0.0027079503363128705
2009-10-07,1057.58,1058.02,1050.1,1053.65,4238220000,0.0027116201456309774,0.0027079503363128705,0.007469884074963629,0.007442122654925316
2009-10-08,1065.48,1070.67,1060.03,1060.03,4988400000,0.007469884074963629,0.007442122654925316,0.005640650223373456,0.00562480132669331
2009-10-09,1071.49,1071.51,1063.0,1065.28,3763780000,0.005640650223373456,0.00562480132669331,0.004386415178863068,0.00437682290005114
2009-10-12,1076.19,1079.46,1071.63,1071.63,3710430000,0.004386415178863068,0.00437682290005114,-0.002787611852925642,-0.0027915044786162592
2009-10-13,1073.19,1075.3,1066.71,1074.96,4320480000,-0.002787611852925642,-0.0027915044786162592,0.01754582133638949,0.017393670575083283
2009-10-14,1092.02,1093.17,1078.68,1078.68,5406420000,0.01754582133638949,0.017393670575083283,0.0041574330140472515,0.004148814767678174
2009-10-15,1096.56,1096.56,1086.41,1090.36,5369780000,0.0041574330140472515,0.004148814767678174,-0.00809805209017278,-0.008131019415374443
2009-10-16,1087.68,1094.67,1081.53,1094.67,4894740000,-0.00809805209017278,-0.008131019415374443,0.009405339805825363,0.009361384989114529
2009-10-19,1097.91,1100.17,1086.48,1088.22,4619240000,0.009405339805825363,0.009361384989114529,-0.006239127068703332,-0.006258671758938771
2009-10-20,1091.06,1098.64,1086.16,1098.64,5396930000,-0.006239127068703332,-0.006258671758938771,-0.008853775227759986,-0.00889320279002224
2009-10-21,1081.4,1101.36,1080.77,1090.36,5616290000,-0.008853775227759986,-0.00889320279002224,0.01064361013501025,0.010587365660837816
2009-10-22,1092.91,1095.21,1074.31,1080.96,5192410000,0.01064361013501025,0.010587365660837816,-0.012178495942026468,-0.012253261464892761
2009-10-23,1079.6,1095.83,1075.49,1095.62,4767460000,-0.012178495942026468,-0.012253261464892761,-0.011717302704705279,-0.01178649129621555
2009-10-26,1066.95,1091.75,1065.23,1080.36,6363380000,-0.011717302704705279,-0.01178649129621555,-0.0033178686911289335,-0.0033233850224763683
2009-10-27,1063.41,1072.48,1060.62,1067.54,5337380000,-0.0033178686911289335,-0.0033233850224763683,-0.0195409108434188,-0.019734358686821434
2009-10-28,1042.63,1063.26,1042.19,1061.51,6600350000,-0.0195409108434188,-0.019734358686821434,0.022519973528480675,0.02227014275721744
2009-10-29,1066.11,1066.83,1043.69,1043.69,5595040000,0.022519973528480675,0.02227014275721744,-0.02806464623725491,-0.028465985208026727
2009-10-30,1036.19,1065.41,1033.38,1065.41,6512420000,-0.02806464623725491,-0.028465985208026727,0.006456344878835063,0.006435591961670014
2009-11-02,1042.88,1052.18,1029.38,1036.18,6202640000,0.006456344878835063,0.006435591961670014,0.0024259742252223937,0.0024230363003456684
2009-11-03,1045.41,1046.36,1033.94,1040.92,5487500000,0.0024259742252223937,0.0024230363003456684,0.0010426531217415658,0.0010421099365118228
2009-11-04,1046.5,1061.0,1045.15,1047.14,5635510000,0.0010426531217415658,0.0010421099365118228,0.019235547061634106,0.019052882642820033
2009-11-05,1066.63,1066.65,1047.3,1047.3,4848350000,0.019235547061634106,0.019052882642820033,0.002503211047879539,0.0025000832337363182
2009-11-06,1069.3,1071.48,1059.32,1064.95,4277130000,0.002503211047879539,0.0025000832337363182,0.022238847844384235,0.02199517078210792
2009-11-09,1093.08,1093.19,1072.31,1072.31,4460030000,0.022238847844384235,0.02199517078210792,-6.403922860165334e-05,-6.40412792005996e-05
2009-11-10,1093.01,1096.42,1087.4,1091.86,4394770000,-6.403922860165334e-05,-6.40412792005996e-05,0.005031975919707943,0.00501935784042459
2009-11-11,1098.51,1105.37,1093.81,1096.04,4286700000,0.005031975919707943,0.00501935784042459,-0.010259351303128716,-0.010312341187162764
2009-11-12,1087.24,1101.97,1084.9,1098.31,4160250000,-0.010259351303128716,-0.010312341187162764,0.005739303189728151,0.005722896135947424
2009-11-13,1093.48,1097.79,1085.33,1087.59,3792610000,0.005739303189728151,0.005722896135947424,0.014467571423345538,0.014363914689886566
2009-11-16,1109.3,1113.69,1094.13,1094.13,4565850000,0.014467571423345538,0.014363914689886566,0.000919498783016337,0.0009190763029704436
2009-11-17,1110.32,1110.52,1102.19,1109.22,3824070000,0.000919498783016337,0.0009190763029704436,-0.00046833345341878996,-0.0004684431557834475
2009-11-18,1109.8,1111.1,1102.7,1109.44,4293340000,-0.00046833345341878996,-0.0004684431557834475,-0.013425842494142914,-0.013516784012421476
2009-11-19,1094.9,1106.44,1088.4,1106.44,4178030000,-0.013425842494142914,-0.013516784012421476,-0.0032149054708192626,-0.0032200843821982767
2009-11-20,1091.38,1094.66,1086.81,1094.66,3751230000,-0.0032149054708192626,-0.0032200843821982767,0.01361578918433537,0.013523927236078707
2009-11-23,1106.24,1112.38,1094.86,1094.86,3827920000,0.01361578918433537,0.013523927236078707,-0.0005333381544690985,-0.0005334804298521139
2009-11-24,1105.65,1107.56,1097.63,1105.83,3700820000,-0.0005333381544690985,-0.0005334804298521139,0.004504137837471278,0.004494024564986252
2009-11-25,1110.63,1111.18,1104.75,1106.49,3036350000,0.004504137837471278,0.004494024564986252,-0.017233462089084717,-0.017383686624440835
2009-11-27,1091.49,1105.47,1083.74,1105.47,2362910000,-0.017233462089084717,-0.017383686624440835,0.0037929802380234356,0.0037858050263810984
2009-11-30,1095.63,1097.24,1086.25,1091.07,3895520000,0.0037929802380234356,0.0037858050263810984,0.012075244379945671,0.01200292025538591
2009-12-01,1108.86,1112.28,1098.89,1098.89,4249310000,0.012075244379945671,0.01200292025538591,0.0003426942986490822,0.00034263559236974076
2009-12-02,1109.24,1115.58,1105.29,1109.03,3941340000,0.0003426942986490822,0.00034263559236974076,-0.008402149219285171,-0.008437646249111204
2009-12-03,1099.92,1117.28,1098.74,1110.59,4810030000,-0.008402149219285171,-0.008437646249111204,0.00550949159938896,0.0054943698671588515
2009-12-04,1105.98,1119.13,1096.52,1100.43,5781140000,0.00550949159938896,0.0054943698671588515,-0.0024683990668908917,-0.0024714505864806445
2009-12-07,1103.25,1110.72,1100.83,1105.52,4103360000,-0.0024683990668908917,-0.0024714505864806445,-0.01025152957171982,-0.01030443840928602
2009-12-08,1091.94,1103.04,1088.61,1103.04,4748030000,-0.01025152957171982,-0.01030443840928602,0.0036723629503452315,0.0036656362889903138
2009-12-09,1095.95,1097.04,1085.89,1091.07,4115410000,0.0036723629503452315,0.0036656362889903138,0.005839682467265739,0.005822697613629019
2009-12-10,1102.35,1106.25,1098.69,1098.69,3996490000,0.005839682467265739,0.005822697613629019,0.00368304077652315,0.0036762749892007445
2009-12-11,1106.41,1108.5,1101.34,1103.96,3791090000,0.00368304077652315,0.0036762749892007445,0.0069594454135446515,0.006935340247747815
2009-12-14,1114.11,1114.76,1107.84,1107.84,4548490000,0.0069594454135446515,0.006935340247747815,-0.005547028569889756,-0.005562470463760016
2009-12-15,1107.93,1114.11,1105.35,1114.11,5045100000,-0.005547028569889756,-0.005562470463760016,0.0011282301228416891,0.0011275941495411885
2009-12-16,1109.18,1116.21,1107.96,1108.61,4829820000,0.0011282301228416891,0.0011275941495411885,-0.011810526695396728,-0.011880825020866261
2009-12-17,1096.08,1106.36,1095.88,1106.36,7615070000,-0.011810526695396728,-0.011880825020866261,0.005829866433107123,0.00581293852157132
2009-12-18,1102.47,1103.74,1093.88,1097.86,6325890000,0.005829866433107123,0.00581293852157132,0.010503687175161147,0.01044890671699057
2009-12-21,1114.05,1117.68,1105.31,1105.31,3977340000,0.010503687175161147,0.01044890671699057,0.0035635743458553026,0.0035572398592781294
2009-12-22,1118.02,1120.27,1114.51,1114.51,3641130000,0.0035635743458553026,0.0035572398592781294,0.002298706642099413,0.002296068657847357
2009-12-23,1120.59,1121.58,1116.0,1118.84,3166870000,0.002298706642099413,0.002296068657847357,0.005256159701585883,0.005242394308515762
2009-12-24,1126.48,1126.48,1121.08,1121.08,1267710000,0.005256159701585883,0.005242394308515762,0.001154037355301396,0.001153371966066168
2009-12-28,1127.78,1130.38,1123.51,1127.53,2716400000,0.001154037355301396,0.001153371966066168,-0.0014009824611181942,-0.001401964754604196
2009-12-29,1126.2,1130.38,1126.08,1128.55,2491020000,-0.0014009824611181942,-0.001401964754604196,0.00019534718522473682,0.00019532810744783544
2009-12-30,1126.42,1126.42,1121.94,1125.53,2277300000,0.00019534718522473682,0.00019532810744783544,-0.01004953747270132,-0.010100374956649935
2009-12-31,1115.1,1127.64,1114.81,1126.6,2076990000,-0.01004953747270132,-0.010100374956649935,0.01604340417899741,0.01591606889240873
2010-01-04,1132.99,1133.87,1116.56,1116.56,3991400000,0.01604340417899741,0.01591606889240873,0.003115649740951021,0.0031108061622855104
2010-01-05,1136.52,1136.63,1129.66,1132.66,2491020000,0.003115649740951021,0.0031108061622855104,0.0005455249357688707,0.0005453761911345774
2010-01-06,1137.14,1139.19,1133.95,1135.71,4972660000,0.0005455249357688707,0.0005453761911345774,0.004001266334840103,0.0039932825584234055
2010-01-07,1141.69,1142.46,1131.32,1136.27,5270680000,0.004001266334840103,0.0039932825584234055,0.002881692928903501,0.0028775488113092444
2010-01-08,1144.98,1145.39,1136.22,1140.52,4389590000,0.002881692928903501,0.0028775488113092444,0.0017467554018411047,0.0017452315988401989
2010-01-11,1146.98,1149.74,1142.02,1145.96,4255780000,0.0017467554018411047,0.0017452315988401989,-0.00938115747441104,-0.009425437682848987
2010-01-12,1136.22,1143.81,1131.77,1143.81,4716160000,-0.00938115747441104,-0.009425437682848987,0.008325852387741861,0.008291383667578442
2010-01-13,1145.68,1148.4,1133.18,1137.31,4170360000,0.008325852387741861,0.008291383667578442,0.002426506528873551,0.0024235673156261114
2010-01-14,1148.46,1150.41,1143.8,1145.68,3915200000,0.002426506528873551,0.0024235673156261114,-0.010823189314386306,-0.010882186102969552
2010-01-15,1136.03,1147.77,1131.39,1147.72,4758730000,-0.010823189314386306,-0.010882186102969552,0.012499669903083488,0.01242219397685807
2010-01-19,1150.23,1150.45,1135.77,1136.03,4724830000,0.012499669903083488,0.01242219397685807,-0.010597880423915296,-0.010654437906525255
2010-01-20,1138.04,1147.95,1129.25,1147.95,4810560000,-0.010597880423915296,-0.010654437906525255,-0.01894485255351297,-0.019126605455027455
2010-01-21,1116.48,1141.58,1114.84,1138.68,6874290000,-0.01894485255351297,-0.019126605455027455,-0.022141014617368948,-0.022389806068551035
2010-01-22,1091.76,1115.49,1090.18,1115.49,6208650000,-0.022141014617368948,-0.022389806068551035,0.0045980801641385405,0.004587541286927027
2010-01-25,1096.78,1102.97,1092.4,1092.4,4481390000,0.0045980801641385405,0.004587541286927027,-0.0042032130418132585,-0.004212071372766148
2010-01-26,1092.17,1103.69,1089.86,1095.8,4731910000,-0.0042032130418132585,-0.004212071372766148,0.004880192644002301,0.004868323105307144
2010-01-27,1097.5,1099.51,1083.11,1091.94,5319120000,0.004880192644002301,0.004868323105307144,-0.011817767653758526,-0.011888152547708633
2010-01-28,1084.53,1100.22,1078.46,1096.93,5452400000,-0.011817767653758526,-0.011888152547708633,-0.009829142577890915,-0.009877767489622453
2010-01-29,1073.87,1096.45,1071.59,1087.61,5412850000,-0.009829142577890915,-0.009877767489622453,0.014266158846042876,0.014165354795150988
2010-02-01,1089.19,1089.38,1073.89,1073.89,4077610000,0.014266158846042876,0.014165354795150988,0.012972943196320141,0.01288951533068827
2010-02-02,1103.32,1104.73,1087.96,1090.05,4749540000,0.012972943196320141,0.01288951533068827,-0.005474386397418707,-0.005489425763279087
2010-02-03,1097.28,1102.72,1093.97,1100.67,4285450000,-0.005474386397418707,-0.005489425763279087,-0.031140638670166254,-0.031635815571409806
2010-02-04,1063.11,1097.25,1062.78,1097.25,5859690000,-0.031140638670166254,-0.031635815571409806,0.002897160218604089,0.0028929715381732983
2010-02-05,1066.19,1067.13,1044.5,1064.12,6438900000,0.002897160218604089,0.0028929715381732983,-0.0088633358031871,-0.008902848815299853
2010-02-08,1056.74,1071.2,1056.51,1065.51,4089820000,-0.0088633358031871,-0.008902848815299853,0.013040104472244796,0.012955814287673312
2010-02-09,1070.52,1079.28,1060.06,1060.06,5114260000,0.013040104472244796,0.012955814287673312,-0.0022325598774426414,-0.0022350557547347752
2010-02-10,1068.13,1073.67,1059.34,1069.68,4251450000,-0.0022325598774426414,-0.0022350557547347752,0.009680469605759523,0.009633914071687014
2010-02-11,1078.47,1080.04,1060.59,1067.1,4400870000,0.009680469605759523,0.009633914071687014,-0.0027446289651079647,-0.0027484023651562135
2010-02-12,1075.51,1077.81,1062.97,1075.95,4160680000,-0.0027446289651079647,-0.0027484023651562135,0.01800076242898707,0.01784066707597497
2010-02-16,1094.87,1095.67,1079.13,1079.13,4080770000,0.01800076242898707,0.01784066707597497,0.004237946057522812,0.004228991255194203
2010-02-17,1099.51,1101.03,1094.72,1096.14,4259230000,0.004237946057522812,0.004228991255194203,0.0065847513892551834,0.006563166615592701
2010-02-18,1106.75,1108.24,1097.48,1099.03,3878620000,0.0065847513892551834,0.006563166615592701,0.0021865823356674863,0.002184195243594415
2010-02-19,1109.17,1112.42,1100.8,1105.49,3944280000,0.0021865823356674863,0.002184195243594415,-0.0010458270598736608,-0.0010463743185851612
2010-02-22,1108.01,1112.29,1105.38,1110.0,3814440000,-0.0010458270598736608,-0.0010463743185851612,-0.012102778855786589,-0.012176613827442041
2010-02-23,1094.6,1108.58,1092.18,1107.49,4521050000,-0.012102778855786589,-0.012176613827442041,0.009720445824958901,0.00967350622884524
2010-02-24,1105.24,1106.42,1095.5,1095.89,4168360000,0.009720445824958901,0.00967350622884524,-0.002080995982772893,-0.0020831642635576906
2010-02-25,1102.94,1103.5,1086.02,1101.24,4521130000,-0.002080995982772893,-0.0020831642635576906,0.0014053348323570525,0.00140434827355034
2010-02-26,1104.49,1107.24,1097.56,1103.1,3945190000,0.0014053348323570525,0.00140434827355034,0.010158534708326838,0.010107283593191702
2010-03-01,1115.71,1116.11,1105.36,1105.36,3847640000,0.010158534708326838,0.010107283593191702,0.0023303546620536686,0.0023276435966405676
2010-03-02,1118.31,1123.46,1116.51,1117.01,4134680000,0.0023303546620536686,0.0023276435966405676,0.000429219089518984,0.00042912700135530314
2010-03-03,1118.79,1125.64,1116.58,1119.36,3951320000,0.000429219089518984,0.00042912700135530314,0.003736179265098949,0.003729217083266287
2010-03-04,1122.97,1123.73,1116.66,1119.12,3945010000,0.003736179265098949,0.003729217083266287,0.014007497974122263,0.0139102995934497
2010-03-05,1138.7,1139.38,1125.12,1125.12,4133000000,0.014007497974122263,0.0139102995934497,-0.00017563888644944736,-0.00017565431276499765
2010-03-08,1138.5,1141.05,1136.77,1138.4,3774680000,-0.00017563888644944736,-0.00017565431276499765,0.001712779973649603,0.0017113148387610981
2010-03-09,1140.45,1145.37,1134.9,1137.56,5185570000,0.001712779973649603,0.0017113148387610981,0.004524529790871812,0.004514324876007007
2010-03-10,1145.61,1148.26,1140.09,1140.22,5469120000,0.004524529790871812,0.004514324876007007,0.004041515000742013,0.004033370016998894
2010-03-11,1150.24,1150.24,1138.99,1143.96,4669060000,0.004041515000742013,0.004033370016998894,-0.00021734594519406958,-0.00021736956824699424
2010-03-12,1149.99,1153.41,1146.97,1151.71,4928160000,-0.00021734594519406958,-0.00021736956824699424,0.00045217784502482594,0.00045207564343076404
2010-03-15,1150.51,1150.98,1141.45,1148.53,4164110000,0.00045217784502482594,0.00045207564343076404,0.0077791588078330864,0.007749057161496351
2010-03-16,1159.46,1160.28,1150.35,1150.83,4369770000,0.0077791588078330864,0.007749057161496351,0.005821675607610377,0.005804795137565081
2010-03-17,1166.21,1169.84,1159.94,1159.94,4963200000,0.005821675607610377,0.005804795137565081,-0.00032584182951622687,-0.0003258949274998341
2010-03-18,1165.83,1167.77,1161.16,1166.13,4234510000,-0.00032584182951622687,-0.0003258949274998341,-0.005086504893509258,-0.005099485194476214
2010-03-19,1159.9,1169.2,1155.33,1166.68,5212410000,-0.005086504893509258,-0.005099485194476214,0.005095266833347489,0.0050823298874814495
2010-03-22,1165.81,1167.82,1152.88,1157.25,4261680000,0.005095266833347489,0.0050823298874814495,0.007170979833763802,0.0071453906182156945
2010-03-23,1174.17,1174.72,1163.83,1166.47,4411640000,0.007170979833763802,0.0071453906182156945,-0.005493242034799062,-0.005508385371629812
2010-03-24,1167.72,1173.04,1166.01,1172.7,4705750000,-0.005493242034799062,-0.005508385371629812,-0.0017041756585483014,-0.0017056294177613758
2010-03-25,1165.73,1180.69,1165.09,1170.03,5668900000,-0.0017041756585483014,-0.0017056294177613758,0.0007377351530799547,0.0007374631602661291
2010-03-26,1166.59,1173.93,1161.48,1167.58,4708420000,0.0007377351530799547,0.0007374631602661291,0.005683230612297363,0.005667141985337086
2010-03-29,1173.22,1174.85,1167.71,1167.71,4375580000,0.005683230612297363,0.005667141985337086,4.261775285119285e-05,4.2616844740564804e-05
2010-03-30,1173.27,1177.83,1168.92,1173.75,4085000000,4.261775285119285e-05,4.2616844740564804e-05,-0.0032729039351555578,-0.0032782716003415245
2010-03-31,1169.43,1174.56,1165.77,1171.75,4484340000,-0.0032729039351555578,-0.0032782716003415245,0.007413868294810166,0.00738652065793466
2010-04-01,1178.1,1181.43,1170.69,1171.23,4006870000,0.007413868294810166,0.00738652065793466,0.007928019692725607,0.007896758064435913
2010-04-05,1187.44,1187.73,1178.71,1178.71,3881620000,0.007928019692725607,0.007896758064435913,0.001684295627568444,0.0016828787923777017
2010-04-06,1189.44,1191.8,1182.77,1186.01,4086180000,0.001684295627568444,0.0016828787923777017,-0.005876715092816842,-0.00589405093486044
2010-04-07,1182.45,1189.6,1177.25,1188.23,5101430000,-0.005876715092816842,-0.00589405093486044,0.0033743498668019622,0.0033686695230149477
2010-04-08,1186.44,1188.55,1175.12,1181.75,4726970000,0.0033743498668019622,0.0033686695230149477,0.0066838609622061895,0.006661622998832402
2010-04-09,1194.37,1194.66,1187.15,1187.47,4511570000,0.0066838609622061895,0.006661622998832402,0.0017666217336338441,0.001765063092874738
2010-04-12,1196.48,1199.2,1194.71,1194.94,4607090000,0.0017666217336338441,0.001765063092874738,0.0006853436747793484,0.0006851089340489951
2010-04-13,1197.3,1199.04,1188.82,1195.94,5403580000,0.0006853436747793484,0.0006851089340489951,0.011150087697319178,0.01108838371569334
2010-04-14,1210.65,1210.65,1198.69,1198.69,5760040000,0.011150087697319178,0.01108838371569334,0.0008425226118200513,0.000842167888871758
2010-04-15,1211.67,1213.92,1208.5,1210.77,5995330000,0.0008425226118200513,0.000842167888871758,-0.016126503090775457,-0.016257950246036473
2010-04-16,1192.13,1210.17,1186.77,1210.17,8108470000,-0.016126503090775457,-0.016257950246036473,0.004521318983667699,0.004511128525653854
2010-04-19,1197.52,1197.87,1183.68,1192.06,6597740000,0.004521318983667699,0.004511128525653854,0.00805832052909361,0.008026025643238168
2010-04-20,1207.17,1208.58,1199.04,1199.04,5316590000,0.00805832052909361,0.008026025643238168,-0.0010189120007952912,-0.0010194314445029012
2010-04-21,1205.94,1210.99,1198.85,1207.16,5724310000,-0.0010189120007952912,-0.0010194314445029012,0.002263794218617887,0.0022612356970690673
2010-04-22,1208.67,1210.27,1190.19,1202.52,6035780000,0.002263794218617887,0.0022612356970690673,0.007123532477847361,0.007098279974131413
2010-04-23,1217.28,1217.28,1205.1,1207.87,5326060000,0.007123532477847361,0.007098279974131413,-0.004296464248159881,-0.00430572057317188
2010-04-26,1212.05,1219.8,1211.07,1217.07,5647760000,-0.004296464248159881,-0.00430572057317188,-0.023381873685078935,-0.023659566893072765
2010-04-27,1183.71,1211.38,1181.62,1209.92,7454540000,-0.023381873685078935,-0.023659566893072765,0.006462731581214909,0.006441937673680552
2010-04-28,1191.36,1195.05,1181.81,1184.59,6342310000,0.006462731581214909,0.006441937673680552,0.012943190975020169,0.01286014370883258
2010-04-29,1206.78,1209.36,1193.3,1193.3,6059410000,0.012943190975020169,0.01286014370883258,-0.016647607683256238,-0.016787736487182545
2010-04-30,1186.69,1207.99,1186.32,1206.77,6048260000,-0.016647607683256238,-0.016787736487182545,0.013120528528933306,0.013035199954753045
2010-05-03,1202.26,1205.13,1188.58,1188.58,4938050000,0.013120528528933306,0.013035199954753045,-0.023838437609169483,-0.024127171031983346
2010-05-04,1173.6,1197.5,1168.12,1197.5,6594720000,-0.023838437609169483,-0.024127171031983346,-0.0065865712338105675,-0.006608358415364349
2010-05-05,1165.87,1175.95,1158.15,1169.24,6795940000,-0.0065865712338105675,-0.006608358415364349,-0.032353521404616115,-0.032888466472885715
2010-05-06,1128.15,1167.58,1065.79,1164.38,10617810000,-0.032353521404616115,-0.032888466472885715,-0.015308248016664416,-0.015426628935558498
2010-05-07,1110.88,1135.13,1094.15,1127.04,9472910000,-0.015308248016664416,-0.015426628935558498,0.043974146622497434,0.04303472538226554
2010-05-10,1159.73,1163.85,1122.27,1122.27,6893700000,0.043974146622497434,0.04303472538226554,-0.0033973424848887657,-0.00340312655689989
2010-05-11,1155.79,1170.48,1147.71,1156.39,5842550000,-0.0033973424848887657,-0.00340312655689989,0.013739520155045648,0.01364598869249329
2010-05-12,1171.67,1172.87,1155.43,1155.43,5225460000,0.013739520155045648,0.01364598869249329,-0.01214505790879683,-0.012219411759088954
2010-05-13,1157.44,1173.57,1156.14,1170.04,4870640000,-0.01214505790879683,-0.012219411759088954,-0.018800110588885754,-0.018979079305601415
2010-05-14,1135.68,1157.19,1126.14,1157.19,6126400000,-0.018800110588885754,-0.018979079305601415,0.001109467455621349,0.0011088524514465206
2010-05-17,1136.94,1141.88,1114.96,1136.52,5922920000,0.001109467455621349,0.0011088524514465206,-0.014195999788907177,-0.014297726886780986
2010-05-18,1120.8,1148.66,1117.2,1138.78,6170840000,-0.014195999788907177,-0.014297726886780986,-0.005130264097073511,-0.005143469084670231
2010-05-19,1115.05,1124.27,1100.66,1119.57,6765800000,-0.005130264097073511,-0.005143469084670231,-0.03897583068023858,-0.03975572015145415
2010-05-20,1071.59,1107.34,1071.58,1107.34,8328570000,-0.03897583068023858,-0.03975572015145415,0.015024402989949559,0.014912654559367987
2010-05-21,1087.69,1090.16,1055.9,1067.26,5452130000,0.015024402989949559,0.014912654559367987,-0.012908089621123664,-0.012992122932899614
2010-05-24,1073.65,1089.95,1072.7,1084.78,5224040000,-0.012908089621123664,-0.012992122932899614,0.00035393284589946283,0.0003538702264447118
2010-05-25,1074.03,1074.75,1040.78,1067.42,7329580000,0.00035393284589946283,0.0003538702264447118,-0.005660921948176467,-0.0056770056947721146
2010-05-26,1067.95,1090.75,1065.59,1075.51,4521050000,-0.005660921948176467,-0.0056770056947721146,0.032876070977105654,0.0323472129280415
2010-05-27,1103.06,1103.52,1074.27,1074.27,5698460000,0.032876070977105654,0.0323472129280415,-0.012374666835892723,-0.012451870600623242
2010-05-28,1089.41,1102.59,1084.78,1102.59,4871210000,-0.012374666835892723,-0.012451870600623242,-0.017165254587345524,-0.017314285467303576
2010-06-01,1070.71,1094.77,1069.89,1087.3,5271480000,-0.017165254587345524,-0.017314285467303576,0.025842665147425503,0.02551438718007349
2010-06-02,1098.38,1098.56,1072.03,1073.01,5026360000,0.025842665147425503,0.02551438718007349,0.004051421183925319,0.004043236276677301
2010-06-03,1102.83,1105.67,1091.81,1098.82,4995970000,0.004051421183925319,0.004043236276677301,-0.03441146867604239,-0.03501748652291547
2010-06-04,1064.88,1098.43,1060.5,1098.43,6180580000,-0.03441146867604239,-0.03501748652291547,-0.01353204116895812,-0.013624433691096281
2010-06-07,1050.47,1071.36,1049.86,1065.84,5467560000,-0.01353204116895812,-0.013624433691096281,0.010976039296695772,0.010916239754216572
2010-06-08,1062.0,1063.15,1042.17,1050.81,6192750000,0.010976039296695772,0.010916239754216572,-0.0059416195856872855,-0.0059593412390872465
2010-06-09,1055.69,1077.74,1052.25,1062.75,5983200000,-0.0059416195856872855,-0.0059593412390872465,0.02950676808532804,0.0290798216120606
2010-06-10,1086.84,1087.85,1058.77,1058.77,5144780000,0.02950676808532804,0.0290798216120606,0.004379669500570449,0.004370106659325958
2010-06-11,1091.6,1092.25,1077.12,1082.65,4059280000,0.004379669500570449,0.004370106659325958,-0.0018046903627700894,-0.0018063207783149315
2010-06-14,1089.63,1105.91,1089.03,1095.0,4425830000,-0.0018046903627700894,-0.0018063207783149315,0.023494213632150318,0.02322247259286971
2010-06-15,1115.23,1115.59,1091.21,1091.21,4644490000,0.023494213632150318,0.02322247259286971,-0.0005559391336317221,-0.0005560937250901566
2010-06-16,1114.61,1118.74,1107.13,1114.02,5002600000,-0.0005559391336317221,-0.0005560937250901566,0.0012829599590888918,0.0012821376691954428
2010-06-17,1116.04,1117.72,1105.87,1115.98,4557760000,0.0012829599590888918,0.0012821376691954428,0.0013171570911436614,0.0013162904007037828
2010-06-18,1117.51,1121.01,1113.93,1116.16,4555360000,0.0013171570911436614,0.0013162904007037828,-0.0038567887535680967,-0.003864245341811379
2010-06-21,1113.2,1131.23,1108.24,1122.79,4514360000,-0.0038567887535680967,-0.003864245341811379,-0.016070786920589386,-0.01620132244496867
2010-06-22,1095.31,1118.5,1094.18,1113.9,4514380000,-0.016070786920589386,-0.01620132244496867,-0.0029854561722252315,-0.0029899215361501785
2010-06-23,1092.04,1099.64,1085.31,1095.57,4526150000,-0.0029854561722252315,-0.0029899215361501785,-0.01680341379436645,-0.016946192862424502
2010-06-24,1073.69,1090.93,1071.6,1090.93,4814830000,-0.01680341379436645,-0.016946192862424502,0.0028592983077051493,0.002855218289774183
2010-06-25,1076.76,1083.56,1067.89,1075.1,5128840000,0.0028592983077051493,0.002855218289774183,-0.002033879416025952,-0.002035950557543315
2010-06-28,1074.57,1082.6,1071.45,1077.5,3896410000,-0.002033879416025952,-0.002035950557543315,-0.031017057985984975,-0.031508270947024665
2010-06-29,1041.24,1071.1,1035.18,1071.1,6136700000,-0.031017057985984975,-0.031508270947024665,-0.010112942261150115,-0.010164425453543183
2010-06-30,1030.71,1048.08,1028.33,1040.56,5067080000,-0.010112942261150115,-0.010164425453543183,-0.0032404847144202886,-0.0032457464551476313
2010-07-01,1027.37,1033.58,1010.91,1031.1,6435770000,-0.0032404847144202886,-0.0032457464551476313,-0.0046623903754244855,-0.004673293219507561
2010-07-02,1022.58,1032.95,1015.93,1027.65,3968500000,-0.0046623903754244855,-0.004673293219507561,0.005358993917346178,0.005344685605450304
2010-07-06,1028.06,1042.5,1018.35,1028.09,4691240000,0.005358993917346178,0.005344685605450304,0.03133085617570952,0.030850061581731633
2010-07-07,1060.27,1060.89,1028.54,1028.54,4931220000,0.03133085617570952,0.030850061581731633,0.00941269676591805,0.00936867337267307
2010-07-08,1070.25,1071.25,1058.24,1062.92,4548460000,0.00941269676591805,0.00936867337267307,0.0072039243167485445,0.007178100004060206
2010-07-09,1077.96,1078.16,1068.1,1070.5,3506570000,0.0072039243167485445,0.007178100004060206,0.000732865783517056,0.0007325973685221687
2010-07-12,1078.75,1080.78,1070.45,1077.23,3426990000,0.000732865783517056,0.0007325973685221687,0.015378910776361554,0.015261853940210991
2010-07-13,1095.34,1099.46,1080.65,1080.65,4640460000,0.015378910776361554,0.015261853940210991,-0.00015520295068183199,-0.00015521499590610117
2010-07-14,1095.17,1099.08,1087.68,1095.61,4521050000,-0.00015520295068183199,-0.00015521499590610117,0.001196161326552092,0.0011954464955711874
2010-07-15,1096.48,1098.66,1080.53,1094.46,4552470000,0.001196161326552092,0.0011954464955711874,-0.028819495111629845,-0.029242932098749713
2010-07-16,1064.88,1093.85,1063.32,1093.85,5297350000,-0.028819495111629845,-0.029242932098749713,0.005981894673578125,0.005964074173225686
2010-07-19,1071.25,1074.7,1061.11,1066.85,4089500000,0.005981894673578125,0.005964074173225686,0.011416569428237988,0.011351892195398526
2010-07-20,1083.48,1083.94,1056.88,1064.53,4713280000,0.011416569428237988,0.011351892195398526,-0.012819802857459428,-0.012902685652813713
2010-07-21,1069.59,1088.96,1065.25,1086.67,4747180000,-0.012819802857459428,-0.012902685652813713,0.022513299488589267,0.022263615685037746
2010-07-22,1093.67,1097.5,1072.14,1072.14,4826900000,0.022513299488589267,0.022263615685037746,0.008220029807894491,0.008186429368369252
2010-07-23,1102.66,1103.73,1087.88,1092.17,4524570000,0.008220029807894491,0.008186429368369252,0.011200188634755914,0.011137930955885434
2010-07-26,1115.01,1115.01,1101.3,1102.89,4009650000,0.011200188634755914,0.011137930955885434,-0.0010493179433368471,-0.0010498688628368148
2010-07-27,1113.84,1120.95,1109.78,1117.36,4725690000,-0.0010493179433368471,-0.0010498688628368148,-0.006921999569058257,-0.006946067738954189
2010-07-28,1106.13,1114.66,1103.11,1112.84,4002390000,-0.006921999569058257,-0.006946067738954189,-0.0041586431974542926,-0.0041673144027251485
2010-07-29,1101.53,1115.9,1092.82,1108.07,4612420000,-0.0041586431974542926,-0.0041673144027251485,6.354797418128832e-05,6.354595509431585e-05
2010-07-30,1101.6,1106.44,1088.01,1098.44,4006450000,6.354797418128832e-05,6.354595509431585e-05,0.02202251270878719,0.021783519629687675
2010-08-02,1125.86,1127.3,1107.53,1107.53,4144180000,0.02202251270878719,0.021783519629687675,-0.004796333469525349,-0.004807872789303521
2010-08-03,1120.46,1125.44,1116.76,1125.34,4071820000,-0.004796333469525349,-0.004807872789303521,0.006051086161040997,0.006032851860419904
2010-08-04,1127.24,1128.75,1119.46,1121.06,4057850000,0.006051086161040997,0.006032851860419904,-0.0012685852169902478,-0.0012693905523797281
2010-08-05,1125.81,1126.56,1118.81,1125.78,3685560000,-0.0012685852169902478,-0.0012693905523797281,-0.0037039997868200114,-0.0037108765803768487
2010-08-06,1121.64,1123.06,1107.17,1122.07,3857890000,-0.0037039997868200114,-0.0037108765803768487,0.0054830426874932225,0.005468065530920585
2010-08-09,1127.79,1129.24,1120.91,1122.8,3979360000,0.0054830426874932225,0.005468065530920585,-0.005967423013149675,-0.005985299233984592
2010-08-10,1121.06,1127.16,1111.58,1122.92,3979360000,-0.005967423013149675,-0.005985299233984592,-0.028178688027402532,-0.02858332684063827
2010-08-11,1089.47,1116.89,1088.55,1116.89,4511860000,-0.028178688027402532,-0.02858332684063827,-0.00537876215040356,-0.005393279772831977
2010-08-12,1083.61,1086.72,1076.69,1081.48,4521050000,-0.00537876215040356,-0.005393279772831977,-0.004023587822186814,-0.004031704230371289
2010-08-13,1079.25,1086.25,1079.0,1082.22,3328890000,-0.004023587822186814,-0.004031704230371289,0.00012045401899474228,0.0001204467649919063
2010-08-16,1079.38,1082.62,1069.49,1077.49,3142450000,0.00012045401899474228,0.0001204467649919063,0.012192184402156636,0.012118458371228052
2010-08-17,1092.54,1100.14,1081.16,1081.16,3968210000,0.012192184402156636,0.012118458371228052,0.0014827832390578166,0.001481685001488934
2010-08-18,1094.16,1099.77,1085.76,1092.08,3724260000,0.0014827832390578166,0.001481685001488934,-0.016935365942823744,-0.01708040915809832
2010-08-19,1075.63,1092.44,1070.66,1092.44,4290540000,-0.016935365942823744,-0.01708040915809832,-0.0036629696085085373,-0.0036696947092675234
2010-08-20,1071.69,1075.63,1063.91,1075.63,3761570000,-0.0036629696085085373,-0.0036696947092675234,-0.004040347488546314,-0.0040485317447247786
2010-08-23,1067.36,1081.58,1067.08,1073.36,3210950000,-0.004040347488546314,-0.0040485317447247786,-0.01451244191275669,-0.014618777443950457
2010-08-24,1051.87,1063.2,1046.68,1063.2,4436330000,-0.01451244191275669,-0.014618777443950457,0.003289379866333375,0.0032839816909079997
2010-08-25,1055.33,1059.38,1039.83,1048.98,4360190000,0.003289379866333375,0.0032839816909079997,-0.007684800015161031,-0.007714480246337092
2010-08-26,1047.22,1061.45,1045.4,1056.28,3646710000,-0.007684800015161031,-0.007714480246337092,0.016586772597925847,0.016450714533391333
2010-08-27,1064.59,1065.21,1039.7,1049.27,4102460000,0.016586772597925847,0.016450714533391333,-0.014719281601367484,-0.014828685114819894
2010-08-30,1048.92,1064.4,1048.79,1062.9,2917990000,-0.014719281601367484,-0.014828685114819894,0.0003908782366623953,0.0003908018636654939
2010-08-31,1049.33,1055.14,1040.88,1046.88,4038770000,0.0003908782366623953,0.0003908018636654939,0.02950454099282407,0.02907765834807642
2010-09-01,1080.29,1081.3,1049.72,1049.72,4396880000,0.02950454099282407,0.02907765834807642,0.009080894944875961,0.009039911542174104
2010-09-02,1090.1,1090.1,1080.39,1080.66,3704210000,0.009080894944875961,0.009039911542174104,0.013218970736629698,0.013132362555402658
2010-09-03,1104.51,1105.1,1093.61,1093.61,3534500000,0.013218970736629698,0.013132362555402658,-0.011471150102760563,-0.011537451266510625
2010-09-07,1091.84,1102.6,1091.15,1102.6,3107380000,-0.011471150102760563,-0.011537451266510625,0.0064386723329425966,0.006418032629720949
2010-09-08,1098.87,1103.26,1092.36,1092.36,3224640000,0.0064386723329425966,0.006418032629720949,0.004832236752300156,0.0048205989722323915
2010-09-09,1104.18,1110.27,1101.15,1101.15,3387770000,0.004832236752300156,0.0048205989722323915,0.0048633374993207745,0.004851549676828218
2010-09-10,1109.55,1110.88,1103.92,1104.57,3061160000,0.0048633374993207745,0.004851549676828218,0.011130638547158789,0.011069148848932673
2010-09-13,1121.9,1123.87,1113.38,1113.38,4521050000,0.011130638547158789,0.011069148848932673,-0.0007130760317320961,-0.0007133303913713077
2010-09-14,1121.1,1127.36,1115.58,1121.16,4521050000,-0.0007130760317320961,-0.0007133303913713077,0.0035411649273036083,0.00353490976547272
2010-09-15,1125.07,1126.46,1114.63,1119.43,3369840000,0.0035411649273036083,0.00353490976547272,-0.00036442176931195114,-0.0003644881870614647
2010-09-16,1124.66,1125.44,1118.88,1123.89,3364080000,-0.00036442176931195114,-0.0003644881870614647,0.0008269165792327282,0.0008265748720807875
2010-09-17,1125.59,1131.47,1122.43,1126.39,4086140000,0.0008269165792327282,0.0008265748720807875,0.01520980108209935,0.015095291707627323
2010-09-20,1142.71,1144.86,1126.57,1126.57,3364080000,0.01520980108209935,0.015095291707627323,-0.0025640801253161705,-0.0025673730087764227
2010-09-21,1139.78,1148.59,1136.22,1142.82,4175660000,-0.0025640801253161705,-0.0025673730087764227,-0.004825492638930284,-0.00483717291908741
2010-09-22,1134.28,1144.38,1131.58,1139.49,3911070000,-0.004825492638930284,-0.00483717291908741,-0.008331276228091822,-0.008366175280827977
2010-09-23,1124.83,1136.77,1122.79,1131.1,3847850000,-0.008331276228091822,-0.008366175280827977,0.021194313807419984,0.02097283822184383
2010-09-24,1148.67,1148.9,1131.69,1131.69,4123950000,0.021194313807419984,0.02097283822184383,-0.005667424064352722,-0.005683544849854091
2010-09-27,1142.16,1149.92,1142.0,1148.64,3587860000,-0.005667424064352722,-0.005683544849854091,0.004850458779855682,0.004838733205657932
2010-09-28,1147.7,1150.0,1132.09,1142.31,4025840000,0.004850458779855682,0.004838733205657932,-0.0025877842641806037,-0.0025911383655897063
2010-09-29,1144.73,1148.63,1140.26,1146.75,3990280000,-0.0025877842641806037,-0.0025911383655897063,-0.0030836965922095283,-0.0030884609816881144
2010-09-30,1141.2,1157.16,1136.08,1145.97,4284160000,-0.0030836965922095283,-0.0030884609816881144,0.00441640378548902,0.004406680092947396
2010-10-01,1146.24,1150.3,1139.42,1143.49,4298910000,0.00441640378548902,0.004406680092947396,-0.008034966499162466,-0.008067420805565715
2010-10-04,1137.03,1148.16,1131.87,1144.96,3604110000,-0.008034966499162466,-0.008067420805565715,0.02086136689445306,0.020646748273304517
2010-10-05,1160.75,1162.76,1140.68,1140.68,4068840000,0.02086136689445306,0.020646748273304517,-0.0006719793237131011,-0.0006722052030153325
2010-10-06,1159.97,1162.33,1154.85,1159.81,4073160000,-0.0006719793237131011,-0.0006722052030153325,-0.0016465943084735812,-0.001647951434844234
2010-10-07,1158.06,1163.87,1151.41,1161.57,3910550000,-0.0016465943084735812,-0.001647951434844234,0.0061223079978585115,0.006103642814175685
2010-10-08,1165.15,1167.73,1155.58,1158.36,3871420000,0.0061223079978585115,0.006103642814175685,0.00014590396086333612,0.00014589331791565788
2010-10-11,1165.32,1168.68,1162.02,1165.32,2505900000,0.00014590396086333612,0.00014589331791565788,0.0038186935777297926,0.003811420876341655
2010-10-12,1169.77,1172.58,1155.71,1164.28,4076170000,0.0038186935777297926,0.003811420876341655,0.007121057985757906,0.00709582298146908
2010-10-13,1178.1,1184.38,1171.32,1171.32,4969410000,0.007121057985757906,0.00709582298146908,-0.0036414565826330403,-0.003648102825229549
2010-10-14,1173.81,1178.89,1166.71,1177.82,4969410000,-0.0036414565826330403,-0.003648102825229549,0.002027585384346775,0.0020255326074200258
2010-10-15,1176.19,1181.2,1167.12,1177.47,5724910000,0.002027585384346775,0.0020255326074200258,0.007243727629039576,0.0072176178463409565
2010-10-18,1184.71,1185.53,1174.55,1176.83,4450050000,0.007243727629039576,0.0072176178463409565,-0.015877303306294333,-0.01600469794135919
2010-10-19,1165.9,1178.64,1159.71,1178.64,5600120000,-0.015877303306294333,-0.01600469794135919,0.010524058667124025,0.010469066254142375
2010-10-20,1178.17,1182.94,1166.74,1166.74,5027880000,0.010524058667124025,0.010469066254142375,0.0017739375472130003,0.0017723659783045339
2010-10-21,1180.26,1189.43,1171.17,1179.82,4625470000,0.0017739375472130003,0.0017723659783045339,0.00238930405164961,0.0023864542032575107
2010-10-22,1183.08,1183.93,1178.99,1180.52,3177890000,0.00238930405164961,0.0023864542032575107,0.002146938499509643,0.0021446371204069184
2010-10-25,1185.62,1196.14,1184.74,1184.74,4221380000,0.002146938499509643,0.0021446371204069184,1.6868811254955318e-05,1.6868668978158766e-05
2010-10-26,1185.64,1187.11,1177.72,1184.88,4203680000,1.6868811254955318e-05,1.6868668978158766e-05,-0.0026905300091090156,-0.002694155990308462
2010-10-27,1182.45,1183.84,1171.7,1183.84,4335670000,-0.0026905300091090156,-0.002694155990308462,0.0011247832889338394,0.0011241511941456764
2010-10-28,1183.78,1189.53,1177.1,1184.47,4283460000,0.0011247832889338394,0.0011241511941456764,-0.00043927081045458394,-0.0004393673181400836
2010-10-29,1183.26,1185.46,1179.7,1183.87,3537880000,-0.00043927081045458394,-0.0004393673181400836,0.0009465375319035463,0.0009460898477315376
2010-11-01,1184.38,1195.81,1177.65,1185.71,4129180000,0.0009465375319035463,0.0009460898477315376,0.007759333997534368,0.007729385187609348
2010-11-02,1193.57,1195.88,1187.86,1187.86,3866200000,0.007759333997534368,0.007729385187609348,0.003678041505734919,0.0036712940509606175
2010-11-03,1197.96,1198.3,1183.56,1193.79,4665480000,0.003678041505734919,0.0036712940509606175,0.019282780727236215,0.01909922381617784
2010-11-04,1221.06,1221.25,1198.34,1198.34,5695470000,0.019282780727236215,0.01909922381617784,0.003922821155389444,0.003915146955609237
2010-11-05,1225.85,1227.08,1220.29,1221.2,5637460000,0.003922821155389444,0.003915146955609237,-0.002120977281070191,-0.0021232297388884083
2010-11-08,1223.25,1224.57,1217.55,1223.24,3937230000,-0.002120977281070191,-0.0021232297388884083,-0.008052319640302397,-0.0080849146610354
2010-11-09,1213.4,1226.84,1208.94,1223.59,4848040000,-0.008052319640302397,-0.0080849146610354,0.004376133179495589,0.004366585752434095
2010-11-10,1218.71,1218.75,1204.33,1213.14,4561300000,0.004376133179495589,0.004366585752434095,-0.004242190512919408,-0.0042512141320765855
2010-11-11,1213.54,1215.45,1204.49,1213.04,3931120000,-0.004242190512919408,-0.0042512141320765855,-0.011808428234751145,-0.011878701482340309
2010-11-12,1199.21,1210.5,1194.08,1209.07,4213620000,-0.011808428234751145,-0.011878701482340309,-0.001217468166543001,-0.0012182098829831606
2010-11-15,1197.75,1207.43,1197.15,1200.44,3503370000,-0.001217468166543001,-0.0012182098829831606,-0.016205385097057046,-0.0163381284080449
2010-11-16,1178.34,1194.79,1173.0,1194.79,5116380000,-0.016205385097057046,-0.0163381284080449,0.00021216287319458793,0.00021214036983506886
2010-11-17,1178.59,1183.56,1175.82,1178.33,3904780000,0.00021216287319458793,0.00021214036983506886,0.015357333763225567,0.015240603506340206
2010-11-18,1196.69,1200.29,1183.75,1183.75,4687260000,0.015357333763225567,0.015240603506340206,0.002540340439044275,0.0025371192284322393
2010-11-19,1199.73,1199.97,1189.44,1196.12,3675390000,0.002540340439044275,0.0025371192284322393,-0.0015753544547524312,-0.001576596630330781
2010-11-22,1197.84,1198.94,1184.58,1198.07,3689500000,-0.0015753544547524312,-0.001576596630330781,-0.014284044613637747,-0.014387043583311629
2010-11-23,1180.73,1192.51,1176.91,1192.51,4133070000,-0.014284044613637747,-0.014387043583311629,0.014922971382111072,0.014812719350008895
2010-11-24,1198.35,1198.62,1183.7,1183.7,3384250000,0.014922971382111072,0.014812719350008895,-0.007468602661993451,-0.007496632323667193
2010-11-26,1189.4,1194.16,1186.93,1194.16,1613820000,-0.007468602661993451,-0.007496632323667193,-0.001378846477215534,-0.0013797979607531208
2010-11-29,1187.76,1190.34,1173.64,1189.08,3673450000,-0.001378846477215534,-0.0013797979607531208,-0.006070249882131118,-0.006088748748767805
2010-11-30,1180.55,1187.4,1174.14,1182.96,4284700000,-0.006070249882131118,-0.006088748748767805,0.02161704290373123,0.02138670815746615
2010-12-01,1206.07,1207.61,1186.6,1186.6,4548110000,0.02161704290373123,0.02138670815746615,0.012818493122289887,0.012737031643018829
2010-12-02,1221.53,1221.89,1206.81,1206.81,4970800000,0.012818493122289887,0.012737031643018829,0.0026032925920771444,0.0025999098954114317
2010-12-03,1224.71,1225.57,1216.82,1219.93,3735780000,0.0026032925920771444,0.0025999098954114317,-0.0012982665284028139,-0.0012991100065108331
2010-12-06,1223.12,1225.8,1220.67,1223.87,3527370000,-0.0012982665284028139,-0.0012991100065108331,0.0005150761985741603,0.0005149435923619067
2010-12-07,1223.75,1235.05,1223.25,1227.25,6970630000,0.0005150761985741603,0.0005149435923619067,0.0037017364657814245,0.003694901900663627
2010-12-08,1228.28,1228.93,1219.5,1225.02,4607590000,0.0037017364657814245,0.003694901900663627,0.003842772006382944,0.0038354074189605823
2010-12-09,1233.0,1234.71,1226.85,1230.14,4522510000,0.003842772006382944,0.0038354074189605823,0.0060016220600163095,0.005983684061949668
2010-12-10,1240.4,1240.4,1232.58,1233.85,4547310000,0.0060016220600163095,0.005983684061949668,4.837149306680111e-05,4.8370323203855544e-05
2010-12-13,1240.46,1246.73,1240.34,1242.52,4361240000,4.837149306680111e-05,4.8370323203855544e-05,0.0009109523886299264,0.0009105377233105524
2010-12-14,1241.59,1246.59,1238.17,1241.84,4132350000,0.0009109523886299264,0.0009105377233105524,-0.005122463937370592,-0.005135628732467859
2010-12-15,1235.23,1244.25,1234.01,1241.58,4407340000,-0.005122463937370592,-0.005135628732467859,0.006185082940019182,0.006166033821100105
2010-12-16,1242.87,1243.75,1232.85,1236.34,4736820000,0.006185082940019182,0.006166033821100105,0.0008367729529237256,0.0008364230536136011
2010-12-17,1243.91,1245.81,1239.87,1243.63,4632470000,0.0008367729529237256,0.0008364230536136011,0.0025484158821778014,0.0025451741767312723
2010-12-20,1247.08,1250.2,1241.51,1245.76,3548140000,0.0025484158821778014,0.0025451741767312723,0.006030086281553659,0.006011978070857421
2010-12-21,1254.6,1255.82,1249.43,1249.43,3479670000,0.006030086281553659,0.006011978070857421,0.0033795632073967408,0.0033738653176371234
2010-12-22,1258.84,1259.39,1254.94,1254.94,1285590000,0.0033795632073967408,0.0033738653176371234,-0.0016443710082297835,-0.0016457244701686808
2010-12-23,1256.77,1258.59,1254.05,1257.53,2515020000,-0.0016443710082297835,-0.0016457244701686808,0.0006126817158269571,0.0006124941030118858
2010-12-27,1257.54,1258.43,1251.48,1254.66,1992470000,0.0006126817158269571,0.0006124941030118858,0.0007713472334875959,0.0007710498980996865
2010-12-28,1258.51,1259.9,1256.22,1259.1,2478450000,0.0007713472334875959,0.0007710498980996865,0.0010091298440217944,0.0010086210147884852
2010-12-29,1259.78,1262.6,1258.78,1258.78,2214380000,0.0010091298440217944,0.0010086210147884852,-0.0015081998444171907,-0.0015093383226483204
2010-12-30,1257.88,1261.09,1256.32,1259.44,1970720000,-0.0015081998444171907,-0.0015093383226483204,-0.00019079721436066066,-0.0001908154184647296
2010-12-31,1257.64,1259.34,1254.19,1256.76,1799770000,-0.00019079721436066066,-0.0001908154184647296,0.011314843675455544,0.01125130963440283
2011-01-03,1271.87,1276.17,1257.62,1257.62,4286670000,0.011314843675455544,0.01125130963440283,-0.0013130272747999827,-0.001313890050426815
2011-01-04,1270.2,1274.12,1262.66,1272.95,4796420000,-0.0013130272747999827,-0.001313890050426815,0.005007085498346608,0.0049945917332972515
2011-01-05,1276.56,1277.63,1265.36,1268.78,4764920000,0.005007085498346608,0.0049945917332972515,-0.0021228927743310866,-0.0021251493053446057
2011-01-06,1273.85,1278.17,1270.43,1276.29,4844100000,-0.0021228927743310866,-0.0021251493053446057,-0.0018448011932330477,-0.0018465049346529077
2011-01-07,1271.5,1276.83,1261.7,1274.41,4963110000,-0.0018448011932330477,-0.0018465049346529077,-0.001376327172630698,-0.0013772751808198854
2011-01-10,1269.75,1271.52,1262.18,1270.84,4036450000,-0.001376327172630698,-0.0013772751808198854,0.0037251427446347574,0.0037182215832849935
2011-01-11,1274.48,1277.25,1269.62,1272.58,4050750000,0.0037251427446347574,0.0037182215832849935,0.009007595254535206,0.00896726885011282
2011-01-12,1285.96,1286.87,1275.65,1275.65,4226940000,0.009007595254535206,0.00896726885011282,-0.001710784161249257,-0.001712249223647914
2011-01-13,1283.76,1286.7,1280.47,1285.78,4310840000,-0.001710784161249257,-0.001712249223647914,0.007384557861282559,0.007357425505636377
2011-01-14,1293.24,1293.24,1281.24,1282.9,4661590000,0.007384557861282559,0.007357425505636377,0.0013763879867618733,0.0013754416330838501
2011-01-18,1295.02,1296.06,1290.16,1293.22,5284990000,0.0013763879867618733,0.0013754416330838501,-0.010115673889206311,-0.010167184992425787
2011-01-19,1281.92,1294.6,1278.92,1294.52,4743710000,-0.010115673889206311,-0.010167184992425787,-0.0012949326010983642,-0.0012957717508255116
2011-01-20,1280.26,1283.35,1271.26,1280.85,4935320000,-0.0012949326010983642,-0.0012957717508255116,0.0024135722431379847,0.0024106642558033367
2011-01-21,1283.35,1291.21,1282.07,1283.63,4935320000,0.0024135722431379847,0.0024106642558033367,0.0058362878404176755,0.005819322689537693
2011-01-24,1290.84,1291.93,1282.47,1283.29,3902470000,0.0058362878404176755,0.005819322689537693,0.00026339437885414263,0.000263359696644669
2011-01-25,1291.18,1291.26,1281.07,1288.17,4595380000,0.00026339437885414263,0.000263359696644669,0.004220945181926616,0.004212061981042009
2011-01-26,1296.63,1299.74,1291.97,1291.97,4730980000,0.004220945181926616,0.004212061981042009,0.0022442794012169642,0.0022417647678586914
2011-01-27,1299.54,1301.29,1294.41,1297.51,4309190000,0.0022442794012169642,0.0022417647678586914,-0.017852470874309412,-0.01801374858601659
2011-01-28,1276.34,1302.67,1275.1,1299.63,5618630000,-0.017852470874309412,-0.01801374858601659,0.007662535061190523,0.007633326949972496
2011-01-31,1286.12,1287.17,1276.5,1276.5,4167160000,0.007662535061190523,0.007633326949972496,0.016693621124000968,0.01655581418074286
2011-02-01,1307.59,1308.86,1289.14,1289.14,5164500000,0.016693621124000968,0.01655581418074286,-0.0027225659419236603,-0.0027262788652279426
2011-02-02,1304.03,1307.61,1302.62,1305.91,4098260000,-0.0027225659419236603,-0.0027262788652279426,0.0023542403165570658,0.0023514734345755294
2011-02-03,1307.1,1308.6,1294.83,1302.77,4370990000,0.0023542403165570658,0.0023514734345755294,0.002884247570958509,0.0028800961095791244
2011-02-04,1310.87,1311.0,1301.67,1307.01,3925950000,0.002884247570958509,0.0028800961095791244,0.006240130600288385,0.006220741603444067
2011-02-07,1319.05,1322.85,1311.85,1311.85,3902270000,0.006240130600288385,0.006220741603444067,0.004184829991281669,0.004176097943201374
2011-02-08,1324.57,1324.87,1316.03,1318.76,3881530000,0.004184829991281669,0.004176097943201374,-0.0027858097344797272,-0.0027896973241534964
2011-02-09,1320.88,1324.54,1314.89,1322.48,3922240000,-0.0027858097344797272,-0.0027896973241534964,0.0007495003331110528,0.0007492195980016669
2011-02-10,1321.87,1322.78,1311.74,1318.13,4184610000,0.0007495003331110528,0.0007492195980016669,0.005507349436782993,0.005492239439842426
2011-02-11,1329.15,1330.79,1316.08,1318.66,4219300000,0.005507349436782993,0.005492239439842426,0.002384982883797848,0.0023821433260880175
2011-02-14,1332.32,1332.96,1326.9,1328.73,3567040000,0.002384982883797848,0.0023821433260880175,-0.0032349585685120807,-0.003240202358999328
2011-02-15,1328.01,1330.43,1324.61,1330.43,3926860000,-0.0032349585685120807,-0.003240202358999328,0.006257483000881026,0.0062379862455999606
2011-02-16,1336.32,1337.61,1329.51,1329.51,1966450000,0.006257483000881026,0.0062379862455999606,0.0030756106321840893,0.0030708906172792973
2011-02-17,1340.43,1341.5,1331.0,1334.37,1966450000,0.0030756106321840893,0.0030708906172792973,0.0019247554889101348,0.0019229055205082848
2011-02-18,1343.01,1344.07,1338.12,1340.38,1162310000,0.0019247554889101348,0.0019229055205082848,-0.02052851430741387,-0.020742153105926635
2011-02-22,1315.44,1338.91,1312.33,1338.91,1322780000,-0.02052851430741387,-0.020742153105926635,-0.0061120233534026625,-0.006130778227341465
2011-02-23,1307.4,1317.91,1299.55,1315.44,1330340000,-0.0061120233534026625,-0.006130778227341465,-0.0009943399112744,-0.0009948345951537798
2011-02-24,1306.1,1310.91,1294.26,1307.09,1222900000,-0.0009943399112744,-0.0009948345951537798,0.010550493836612995,0.010495225773550236
2011-02-25,1319.88,1320.61,1307.34,1307.34,3836030000,0.010550493836612995,0.010495225773550236,0.005561111616207537,0.005545705724534893
2011-02-28,1327.22,1329.38,1320.55,1321.61,1252850000,0.005561111616207537,0.005545705724534893,-0.015739666370307992,-0.015864850224639092
2011-03-01,1306.33,1332.09,1306.14,1328.64,1180420000,-0.015739666370307992,-0.015864850224639092,0.0016152120827050975,0.0016139090306173224
2011-03-02,1308.44,1314.19,1302.58,1305.47,1025000000,0.0016152120827050975,0.0016139090306173224,0.017218978325334033,0.01707241180952882
2011-03-03,1330.97,1332.28,1312.37,1312.37,4340470000,0.017218978325334033,0.01707241180952882,-0.00737807764262155,-0.007405430280443107
2011-03-04,1321.15,1331.08,1312.59,1330.73,4223740000,-0.00737807764262155,-0.007405430280443107,-0.008341217878363505,-0.008376200503835498
2011-03-07,1310.13,1327.68,1303.99,1322.72,3964730000,-0.008341217878363505,-0.008376200503835498,0.008922778655553243,0.008883205891223349
2011-03-08,1321.82,1325.74,1306.86,1311.05,4531420000,0.008922778655553243,0.008883205891223349,-0.0013617587871268544,-0.0013626868232272332
2011-03-09,1320.02,1323.21,1312.27,1319.92,3709520000,-0.0013617587871268544,-0.0013626868232272332,-0.018870926198087945,-0.019051254369579457
2011-03-10,1295.11,1315.72,1294.21,1315.72,4723020000,-0.018870926198087945,-0.019051254369579457,0.007080479650377169,0.007055530751890258
2011-03-11,1304.28,1308.35,1291.99,1293.43,3740400000,0.007080479650377169,0.007055530751890258,-0.0060493145643572,-0.006067685794074695
2011-03-14,1296.39,1301.19,1286.37,1301.19,4050370000,-0.0060493145643572,-0.006067685794074695,-0.011200333233055026,-0.011263529286306983
2011-03-15,1281.87,1288.46,1261.12,1288.46,5201400000,-0.011200333233055026,-0.011263529286306983,-0.01949495658686118,-0.01968748964337206
2011-03-16,1256.88,1280.91,1249.05,1279.46,5833000000,-0.01949495658686118,-0.01968748964337206,0.01339825599898159,0.013309293117774694
2011-03-17,1273.72,1278.88,1261.61,1261.61,4134950000,0.01339825599898159,0.013309293117774694,0.004310209465188564,0.00430094711793838
2011-03-18,1279.21,1288.88,1276.18,1276.71,4685500000,0.004310209465188564,0.00430094711793838,0.01498581155556944,0.014874633633061064
2011-03-21,1298.38,1300.58,1281.65,1281.65,4223730000,0.01498581155556944,0.014874633633061064,-0.00355057841309947,-0.003556896676727053
2011-03-22,1293.77,1299.35,1292.7,1298.29,3576550000,-0.00355057841309947,-0.003556896676727053,0.002913964615039788,0.002909727249843295
2011-03-23,1297.54,1300.51,1284.05,1292.19,3842350000,0.002913964615039788,0.002909727249843295,0.009340752500886396,0.009297397442382284
2011-03-24,1309.66,1311.34,1297.74,1300.61,4223740000,0.009340752500886396,0.009297397442382284,0.0031611257883723543,0.003156139934757779
2011-03-25,1313.8,1319.18,1310.15,1311.8,4223740000,0.0031611257883723543,0.003156139934757779,-0.002747754604962682,-0.0027515366122545675
2011-03-28,1310.19,1319.74,1310.19,1315.45,3215170000,-0.002747754604962682,-0.0027515366122545675,0.007060044726337367,0.0070352392937787864
2011-03-29,1319.44,1319.45,1305.26,1309.37,3482580000,0.007060044726337367,0.0070352392937787864,0.006684654095676867,0.006662410865996059
2011-03-30,1328.26,1331.74,1321.89,1321.89,3809570000,0.006684654095676867,0.006662410865996059,-0.0018294610994835647,-0.0018311366072702206
2011-03-31,1325.83,1329.77,1325.03,1327.44,3566270000,-0.0018294610994835647,-0.0018311366072702206,0.0049629288822852224,0.004950654146415294
2011-04-01,1332.41,1337.85,1328.89,1329.48,4223740000,0.0049629288822852224,0.004950654146415294,0.00034523907806138787,0.0003451794967636779
2011-04-04,1332.87,1336.74,1329.1,1333.56,4223740000,0.00034523907806138787,0.0003451794967636779,-0.00018006257174352225,-0.00018007878495468458
2011-04-05,1332.63,1338.21,1330.03,1332.03,3852280000,-0.00018006257174352225,-0.00018007878495468458,0.0021836518763647117,0.002181271173726725
2011-04-06,1335.54,1339.38,1331.09,1335.94,4223740000,0.0021836518763647117,0.002181271173726725,-0.0015199844257752781,-0.0015211407740053193
2011-04-07,1333.51,1338.8,1326.56,1334.82,4005600000,-0.0015199844257752781,-0.0015211407740053193,-0.004004469407803413,-0.004012508764839378
2011-04-08,1328.17,1339.46,1322.94,1336.16,3582810000,-0.004004469407803413,-0.004012508764839378,-0.00279331712054931,-0.0027972257111361096
2011-04-11,1324.46,1333.77,1321.06,1329.01,3478970000,-0.00279331712054931,-0.0027972257111361096,-0.007776754299865574,-0.00780715094764831
2011-04-12,1314.16,1321.96,1309.51,1321.96,4275490000,-0.007776754299865574,-0.00780715094764831,0.00019023558775188576,0.00019021749525698333
2011-04-13,1314.41,1321.35,1309.19,1314.03,3850860000,0.00019023558775188576,0.00019021749525698333,8.368773822464703e-05,8.368423660124305e-05
2011-04-14,1314.52,1316.79,1302.42,1311.13,3872630000,8.368773822464703e-05,8.368423660124305e-05,0.00392538721358382,0.0039177029836831535
2011-04-15,1319.68,1322.88,1313.68,1314.54,4223740000,0.00392538721358382,0.0039177029836831535,-0.011017822502424779,-0.01107896825226009
2011-04-18,1305.14,1313.35,1294.7,1313.35,4223740000,-0.011017822502424779,-0.01107896825226009,0.005731185926413973,0.0057148251616446506
2011-04-19,1312.62,1312.7,1303.97,1305.99,3886300000,0.005731185926413973,0.0057148251616446506,0.013514954823178105,0.013424442423331911
2011-04-20,1330.36,1332.66,1319.12,1319.12,4236280000,0.013514954823178105,0.013424442423331911,0.005276767190835807,0.005262893837745057
2011-04-21,1337.38,1337.49,1332.83,1333.23,3587240000,0.005276767190835807,0.005262893837745057,-0.001592666257907327,-0.0015939358990673606
2011-04-25,1335.25,1337.55,1331.47,1337.14,2142130000,-0.001592666257907327,-0.0015939358990673606,0.008979591836734802,0.008939515038808828
2011-04-26,1347.24,1349.55,1336.75,1336.75,3908060000,0.008979591836734802,0.008939515038808828,0.006249814435438372,0.00623036533863236
2011-04-27,1355.66,1357.49,1344.25,1348.43,4051570000,0.006249814435438372,0.00623036533863236,0.003555463759349564,0.003549158040161472
2011-04-28,1360.48,1361.71,1353.6,1353.86,4036820000,0.003555463759349564,0.003549158040161472,0.002300658591085414,0.0022980161282694822
2011-04-29,1363.61,1364.56,1358.69,1360.14,3479070000,0.002300658591085414,0.0022980161282694822,-0.001752700552210551,-0.0017542383289275007
2011-05-02,1361.22,1370.58,1358.59,1365.21,3846250000,-0.001752700552210551,-0.0017542383289275007,-0.0033793214910154967,-0.003385044294317407
2011-05-03,1356.62,1360.84,1349.52,1359.76,4223740000,-0.0033793214910154967,-0.003385044294317407,-0.006855272662941725,-0.006878877987061037
2011-05-04,1347.32,1355.9,1341.5,1355.9,4223740000,-0.006855272662941725,-0.006878877987061037,-0.009069857197993025,-0.009111238759396649
2011-05-05,1335.1,1348.0,1329.17,1344.16,3846250000,-0.009069857197993025,-0.009111238759396649,0.003819938581379745,0.0038126611430211355
2011-05-06,1340.2,1354.36,1335.58,1340.24,4223740000,0.003819938581379745,0.0038126611430211355,0.00454409789583643,0.004533804653547277
2011-05-09,1346.29,1349.44,1338.64,1340.2,4265250000,0.00454409789583643,0.004533804653547277,0.008074040511331315,0.008041619839871084
2011-05-10,1357.16,1359.44,1348.34,1348.34,4223740000,0.008074040511331315,0.008041619839871084,-0.01111143859235475,-0.011173631758988237
2011-05-11,1342.08,1354.51,1336.36,1354.51,3846250000,-0.01111143859235475,-0.011173631758988237,0.004895386266094537,0.004883442825391279
2011-05-12,1348.65,1351.05,1332.03,1339.39,3777210000,0.004895386266094537,0.004883442825391279,-0.008067326585845191,-0.008100043542688503
2011-05-13,1337.77,1350.47,1333.36,1348.69,3426660000,-0.008067326585845191,-0.008100043542688503,-0.006204355008708529,-0.006223682001732072
2011-05-16,1329.47,1343.33,1327.32,1334.77,3846250000,-0.006204355008708529,-0.006223682001732072,-0.0003685679255642782,-0.0003686358634158104
2011-05-17,1328.98,1330.42,1318.51,1326.1,4053970000,-0.0003685679255642782,-0.0003686358634158104,0.008803744224894272,0.008765217224823568
2011-05-18,1340.68,1341.82,1326.59,1328.54,3922030000,0.008803744224894272,0.008765217224823568,0.0021779992242740853,0.0021756308222586783
2011-05-19,1343.6,1346.82,1336.36,1342.4,3626110000,0.0021779992242740853,0.0021756308222586783,-0.0076883000893122055,-0.007718007432380335
2011-05-20,1333.27,1342.0,1330.67,1342.0,4066020000,-0.0076883000893122055,-0.007718007432380335,-0.011925566464407122,-0.011997246485370225
2011-05-23,1317.37,1333.07,1312.88,1333.07,3255580000,-0.011925566464407122,-0.011997246485370225,-0.0008274061197688365,-0.0008277486091439203
2011-05-24,1316.28,1323.72,1313.87,1317.7,3846250000,-0.0008274061197688365,-0.0008277486091439203,0.0031832132980824657,0.00317815760069947
2011-05-25,1320.47,1325.86,1311.8,1316.36,4109670000,0.0031832132980824657,0.00317815760069947,0.003953137897869663,0.003945344779678825
2011-05-26,1325.69,1328.51,1314.41,1320.64,3259470000,0.003953137897869663,0.003945344779678825,0.004080893723268586,0.004072589461352033
2011-05-27,1331.1,1334.62,1325.69,1325.69,3124560000,0.004080893723268586,0.004072589461352033,0.010592742844264258,0.010537032813141153
2011-05-31,1345.2,1345.2,1331.1,1331.1,4696240000,0.010592742844264258,0.010537032813141153,-0.022784716027356544,-0.02304829914304651
2011-06-01,1314.55,1345.2,1313.71,1345.2,4241090000,-0.022784716027356544,-0.02304829914304651,-0.001224753718002236,-0.0012255043417858898
2011-06-02,1312.94,1318.03,1305.61,1314.55,3762170000,-0.001224753718002236,-0.0012255043417858898,-0.009733879689856284,-0.009781563581920035
2011-06-03,1300.16,1312.94,1297.9,1312.94,3505030000,-0.009733879689856284,-0.009781563581920035,-0.010760214127492063,-0.010818523892467404
2011-06-06,1286.17,1300.26,1284.72,1300.26,3555980000,-0.010760214127492063,-0.010818523892467404,-0.0009563277016257921,-0.0009567852747120464
2011-06-07,1284.94,1296.22,1284.74,1286.31,3846250000,-0.0009563277016257921,-0.0009567852747120464,-0.004186965928370312,-0.004195755814094214
2011-06-08,1279.56,1287.04,1277.42,1284.63,3970810000,-0.004186965928370312,-0.004195755814094214,0.0073775360280097235,0.007350455121099006
2011-06-09,1289.0,1294.54,1279.63,1279.63,3332510000,0.0073775360280097235,0.007350455121099006,-0.013979829325058146,-0.01407846751476718
2011-06-10,1270.98,1288.6,1268.28,1288.6,3846250000,-0.013979829325058146,-0.01407846751476718,0.0006687752757714716,0.0006685517452423052
2011-06-13,1271.83,1277.04,1265.64,1271.31,4132520000,0.0006687752757714716,0.0006685517452423052,0.01261174842549706,0.012532882723673302
2011-06-14,1287.87,1292.5,1272.22,1272.22,3500280000,0.01261174842549706,0.012532882723673302,-0.017431883652852975,-0.017585608026490646
2011-06-15,1265.42,1287.87,1261.9,1287.87,4070500000,-0.017431883652852975,-0.017585608026490646,0.0017543582367909316,0.001752821147853282
2011-06-16,1267.64,1274.11,1258.07,1265.53,3846250000,0.0017543582367909316,0.001752821147853282,0.003045028557003393,0.0030404018474758767
2011-06-17,1271.5,1279.82,1267.4,1268.58,4916460000,0.003045028557003393,0.0030404018474758767,0.0053952025167125495,0.005380700548932206
2011-06-20,1278.36,1280.42,1267.56,1271.5,3464660000,0.0053952025167125495,0.005380700548932206,0.013423448793767001,0.013334152526697675
2011-06-21,1295.52,1297.62,1278.4,1278.4,4056150000,0.013423448793767001,0.013334152526697675,-0.006468445103124498,-0.006489456149024326
2011-06-22,1287.14,1298.61,1286.79,1295.48,3718420000,-0.006468445103124498,-0.006489456149024326,-0.0028279752008328884,-0.0028319814775847074
2011-06-23,1283.5,1286.6,1262.87,1286.6,4983450000,-0.0028279752008328884,-0.0028319814775847074,-0.011725749902609994,-0.011795038682533874
2011-06-24,1268.45,1283.93,1267.24,1283.04,3665340000,-0.011725749902609994,-0.011795038682533874,0.00918443769955446,0.009142517233402692
2011-06-27,1280.1,1284.91,1267.53,1268.44,3479070000,0.00918443769955446,0.009142517233402692,0.012944301226466726,0.012861239773101529
2011-06-28,1296.67,1296.8,1280.21,1280.21,3681500000,0.012944301226466726,0.012861239773101529,0.008282755057184898,0.00824864128276027
2011-06-29,1307.41,1309.21,1296.85,1296.85,4347540000,0.008282755057184898,0.00824864128276027,0.010119243389602461,0.010068386646291337
2011-06-30,1320.64,1321.97,1307.64,1307.64,4200500000,0.010119243389602461,0.010068386646291337,0.014409680155076376,0.01430684739491854
2011-07-01,1339.67,1341.01,1318.18,1320.64,3796930000,0.014409680155076376,0.01430684739491854,-0.001336149947375076,-0.0013370433916550409
2011-07-05,1337.88,1340.89,1334.3,1339.59,3722320000,-0.001336149947375076,-0.0013370433916550409,0.001001584596525884,0.0010010833453429403
2011-07-06,1339.22,1340.94,1330.92,1337.56,3564190000,0.001001584596525884,0.0010010833453429403,0.010453846268723588,0.010399582665769434
2011-07-07,1353.22,1356.48,1339.62,1339.62,4069530000,0.010453846268723588,0.010399582665769434,-0.006961174088470523,-0.0069855160925432255
2011-07-08,1343.8,1352.39,1333.71,1352.39,3594360000,-0.006961174088470523,-0.0069855160925432255,-0.01809048965619875,-0.018256123199656974
2011-07-11,1319.49,1343.31,1316.42,1343.31,3879130000,-0.01809048965619875,-0.018256123199656974,-0.0044335311370301556,-0.004443388381926191
2011-07-12,1313.64,1327.17,1313.33,1319.61,4227890000,-0.0044335311370301556,-0.004443388381926191,0.0031058737553666393,0.00310106049315579
2011-07-13,1317.72,1331.48,1314.45,1314.45,4060080000,0.0031058737553666393,0.00310106049315579,-0.00671614607048554,-0.006738800871784166
2011-07-14,1308.87,1326.88,1306.51,1317.74,4358570000,-0.00671614607048554,-0.006738800871784166,0.005554409528830462,0.005539040679880189
2011-07-15,1316.14,1317.7,1307.52,1308.87,4242760000,0.005554409528830462,0.005539040679880189,-0.008129834212165954,-0.008163061525228133
2011-07-18,1305.44,1315.94,1295.92,1315.94,4118160000,-0.008129834212165954,-0.008163061525228133,0.01630867753401155,0.01617711948389583
2011-07-19,1326.73,1328.14,1307.07,1307.07,4304600000,0.01630867753401155,0.01617711948389583,-0.0006708222471791814,-0.0006710473490973826
2011-07-20,1325.84,1330.43,1323.65,1328.66,3767420000,-0.0006708222471791814,-0.0006710473490973826,0.013546129246364558,0.013455200670761065
2011-07-21,1343.8,1347.0,1325.65,1325.65,4837430000,0.013546129246364558,0.013455200670761065,0.0009078731954159647,0.0009074613278100096
2011-07-22,1345.02,1346.1,1336.95,1343.8,3522830000,0.0009078731954159647,0.0009074613278100096,-0.005643038765222763,-0.005659020861895793
2011-07-25,1337.43,1344.32,1331.09,1344.32,3536890000,-0.005643038765222763,-0.005659020861895793,-0.0041048877324421085,-0.004113335911232914
2011-07-26,1331.94,1338.51,1329.59,1337.39,4007050000,-0.0041048877324421085,-0.004113335911232914,-0.020308722615132724,-0.020517780024378287
2011-07-27,1304.89,1331.91,1303.49,1331.91,3479040000,-0.020308722615132724,-0.020517780024378287,-0.0032339890718757758,-0.003239229716375921
2011-07-28,1300.67,1316.32,1299.16,1304.84,4951800000,-0.0032339890718757758,-0.003239229716375921,-0.006450521654224439,-0.006471416171186788
2011-07-29,1292.28,1304.16,1282.86,1300.12,5061190000,-0.006450521654224439,-0.006471416171186788,-0.004132231404958664,-0.004140792666031388
2011-08-01,1286.94,1307.38,1274.73,1292.59,4967390000,-0.004132231404958664,-0.004140792666031388,-0.025556747012292824,-0.025888993656482444
2011-08-02,1254.05,1286.56,1254.03,1286.56,5206290000,-0.025556747012292824,-0.025888993656482444,0.0050157489733264615,0.005003212008481522
2011-08-03,1260.34,1261.2,1234.56,1254.25,6446940000,0.0050157489733264615,0.005003212008481522,-0.047820429407937515,-0.04900163740665529
2011-08-04,1200.07,1260.23,1199.54,1260.23,4266530000,-0.047820429407937515,-0.04900163740665529,-0.0005749664602896498,-0.0005751318168909164
2011-08-05,1199.38,1218.11,1168.09,1200.28,5454590000,-0.0005749664602896498,-0.0005751318168909164,-0.06663442778769035,-0.06895833042745467
2011-08-08,1119.46,1198.48,1119.28,1198.48,2615150000,-0.06663442778769035,-0.06895833042745467,0.047406785414396246,0.04631738118329726
2011-08-09,1172.53,1172.88,1101.54,1120.23,2366660000,0.047406785414396246,0.04631738118329726,-0.044152388425029665,-0.04515678075483553
2011-08-10,1120.76,1171.77,1118.01,1171.77,5018070000,-0.044152388425029665,-0.04515678075483553,0.046290017488133106,0.04525059058532176
2011-08-11,1172.64,1186.29,1121.3,1121.3,3685050000,0.046290017488133106,0.04525059058532176,0.00526163187337958,0.005247837853274869
2011-08-12,1178.81,1189.04,1170.74,1172.87,5640380000,0.00526163187337958,0.005247837853274869,0.021784681161510333,0.021550785789564535
2011-08-15,1204.49,1204.49,1178.86,1178.86,4272850000,0.021784681161510333,0.021550785789564535,-0.009738561548871316,-0.009786291472722999
2011-08-16,1192.76,1204.22,1180.53,1204.22,5071600000,-0.009738561548871316,-0.009786291472722999,0.000947382541332864,0.0009469340577277265
2011-08-17,1193.89,1208.47,1184.36,1192.89,4388340000,0.000947382541332864,0.0009469340577277265,-0.04459372303981102,-0.04561860806650028
2011-08-18,1140.65,1189.62,1131.03,1189.62,3234810000,-0.04459372303981102,-0.04561860806650028,-0.015008986104414257,-0.015122760800306435
2011-08-19,1123.53,1154.54,1122.05,1140.47,5167560000,-0.015008986104414257,-0.015122760800306435,0.00025811504810735464,0.00025808174214938097
2011-08-22,1123.82,1145.49,1121.09,1123.55,5436260000,0.00025811504810735464,0.00025808174214938097,0.03428484988699254,0.03371022159734199
2011-08-23,1162.35,1162.35,1124.36,1124.36,5013170000,0.03428484988699254,0.03371022159734199,0.013119972469565866,0.013034651096542811
2011-08-24,1177.6,1178.56,1156.3,1162.16,5315310000,0.013119972469565866,0.013034651096542811,-0.01556555706521734,-0.015687972317898854
2011-08-25,1159.27,1190.68,1155.47,1176.69,5748420000,-0.01556555706521734,-0.015687972317898854,0.015121585135473126,0.015008393630514818
2011-08-26,1176.8,1181.23,1135.91,1158.85,5035320000,0.015121585135473126,0.015008393630514818,0.028280081577158445,0.027887582820491672
2011-08-29,1210.08,1210.28,1177.91,1177.91,4228070000,0.028280081577158445,0.027887582820491672,0.0023469522676187182,0.002344202476723716
2011-08-30,1212.92,1220.1,1195.77,1209.76,4572570000,0.0023469522676187182,0.002344202476723716,0.004922006397783951,0.004909932925226356
2011-08-31,1218.89,1230.71,1209.35,1213.0,5267840000,0.004922006397783951,0.004909932925226356,-0.0118714568172682,-0.011942485261153978
2011-09-01,1204.42,1229.29,1203.85,1219.12,4780410000,-0.0118714568172682,-0.011942485261153978,-0.025281878414506576,-0.025606955849665675
2011-09-02,1173.97,1203.9,1170.56,1203.9,4401740000,-0.025281878414506576,-0.025606955849665675,-0.007436305868122717,-0.007464093032212224
2011-09-06,1165.24,1173.97,1140.13,1173.97,5103980000,-0.007436305868122717,-0.007464093032212224,0.028646459098554677,0.028243820652058067
2011-09-07,1198.62,1198.62,1165.85,1165.85,4441040000,0.028646459098554677,0.028243820652058067,-0.010612204034639694,-0.01066891504794603
2011-09-08,1185.9,1204.4,1183.34,1197.98,4465170000,-0.010612204034639694,-0.01066891504794603,-0.026705455771987574,-0.027068525002559386
2011-09-09,1154.23,1185.37,1148.37,1185.37,4586370000,-0.026705455771987574,-0.027068525002559386,0.006965682749538571,0.00694153445616869
2011-09-12,1162.27,1162.52,1136.07,1153.5,5168550000,0.006965682749538571,0.00694153445616869,0.009120083973603199,0.009078747147885844
2011-09-13,1172.87,1176.41,1157.44,1162.59,4681370000,0.009120083973603199,0.009078747147885844,0.01347975478953356,0.013389711169736475
2011-09-14,1188.68,1202.38,1162.73,1173.32,4986740000,0.01347975478953356,0.013389711169736475,0.017187131944677914,0.017041104018524895
2011-09-15,1209.11,1209.11,1189.44,1189.44,4479730000,0.017187131944677914,0.017041104018524895,0.005706676811869871,0.005690455416002148
2011-09-16,1216.01,1220.06,1204.46,1209.21,5248890000,0.005706676811869871,0.005690455416002148,-0.009802550965863799,-0.009850912270881551
2011-09-19,1204.09,1214.99,1188.36,1214.99,4254190000,-0.009802550965863799,-0.009850912270881551,-0.0016610054065725466,-0.0016623864054958564
2011-09-20,1202.09,1220.39,1201.29,1204.5,4315610000,-0.0016610054065725466,-0.0016623864054958564,-0.029390478250380547,-0.029831031890565053
2011-09-21,1166.76,1206.3,1166.21,1203.63,4728550000,-0.029390478250380547,-0.029831031890565053,-0.03188316363262367,-0.03240250026243683
2011-09-22,1129.56,1164.55,1114.22,1164.55,6703140000,-0.03188316363262367,-0.03240250026243683,0.006082014235631705,0.006063593439679295
2011-09-23,1136.43,1141.72,1121.36,1128.82,5639930000,0.006082014235631705,0.006063593439679295,0.02333623716374955,0.023068110546269296
2011-09-26,1162.95,1164.19,1131.07,1136.91,4762830000,0.02333623716374955,0.023068110546269296,0.010688335698009421,0.010631619216616886
2011-09-27,1175.38,1195.86,1163.32,1163.32,5548130000,0.010688335698009421,0.010631619216616886,-0.0206911807245318,-0.020908242602619344
2011-09-28,1151.06,1184.71,1150.4,1175.39,4787920000,-0.0206911807245318,-0.020908242602619344,0.00811425989957093,0.008081516300173678
2011-09-29,1160.4,1175.87,1139.93,1151.74,5285740000,0.00811425989957093,0.008081516300173678,-0.024974146845915257,-0.02529129228036273
2011-09-30,1131.42,1159.93,1131.34,1159.93,4416790000,-0.024974146845915257,-0.02529129228036273,-0.028450973113432698,-0.02886354629481778
2011-10-03,1099.23,1138.99,1098.92,1131.21,5670340000,-0.028450973113432698,-0.02886354629481778,0.022488469201168204,0.022239331806361014
2011-10-04,1123.95,1125.12,1074.77,1097.42,3714670000,0.022488469201168204,0.022239331806361014,0.017865563414742658,0.017707849893700365
2011-10-05,1144.03,1146.07,1115.68,1124.03,2510620000,0.017865563414742658,0.017707849893700365,0.018303715811648358,0.01813821922314528
2011-10-06,1164.97,1165.55,1134.95,1144.11,5098330000,0.018303715811648358,0.01813821922314528,-0.008163300342498125,-0.00819680252892006
2011-10-07,1155.46,1171.4,1150.26,1165.03,5580380000,-0.008163300342498125,-0.00819680252892006,0.03412493725442678,0.033555597853170506
2011-10-10,1194.89,1194.91,1158.15,1158.15,4446800000,0.03412493725442678,0.033555597853170506,0.0005439831281539576,0.0005438352229682857
2011-10-11,1195.54,1199.24,1187.3,1194.6,4424500000,0.0005439831281539576,0.0005438352229682857,0.00979473710624501,0.009747079611157516
2011-10-12,1207.25,1220.25,1196.19,1196.19,5355360000,0.00979473710624501,0.009747079611157516,-0.002973700559121939,-0.002978130791599371
2011-10-13,1203.66,1207.46,1190.58,1206.96,4436270000,-0.002973700559121939,-0.002978130791599371,0.017380323347124582,0.017231013084970263
2011-10-14,1224.58,1224.61,1205.65,1205.65,4116690000,0.017380323347124582,0.017231013084970263,-0.019369906416893956,-0.01955996128718929
2011-10-17,1200.86,1224.47,1198.55,1224.47,4300700000,-0.019369906416893956,-0.01955996128718929,0.020418699931715745,0.020213033197288798
2011-10-18,1225.38,1233.1,1191.48,1200.75,4840170000,0.020418699931715745,0.020213033197288798,-0.01264913741043594,-0.012729818838075795
2011-10-19,1209.88,1229.64,1206.31,1223.46,4846390000,-0.01264913741043594,-0.012729818838075795,0.004554170661553281,0.004543831804408512
2011-10-20,1215.39,1219.53,1197.34,1209.92,4870290000,0.004554170661553281,0.004543831804408512,0.01880877742946696,0.018634079544892792
2011-10-21,1238.25,1239.03,1215.39,1215.39,4980770000,0.01880877742946696,0.018634079544892792,0.012873006258833142,0.01279085339877292
2011-10-24,1254.19,1256.55,1238.72,1238.72,4309380000,0.012873006258833142,0.01279085339877292,-0.020044809797558627,-0.020248432646129442
2011-10-25,1229.05,1254.19,1226.79,1254.19,4473970000,-0.020044809797558627,-0.020248432646129442,0.010536593303771324,0.010481470272433699
2011-10-26,1242.0,1246.28,1221.06,1229.17,4873530000,0.010536593303771324,0.010481470272433699,0.03429146537842187,0.033716617775602885
2011-10-27,1284.59,1292.66,1243.97,1243.97,6367610000,0.03429146537842187,0.033716617775602885,0.0003892292482425841,0.0003891535181890043
2011-10-28,1285.09,1287.08,1277.01,1284.39,4536690000,0.0003892292482425841,0.0003891535181890043,-0.024737567018652373,-0.02504868216973945
2011-10-31,1253.3,1284.96,1253.16,1284.96,4310210000,-0.024737567018652373,-0.02504868216973945,-0.027942232506183662,-0.02834004470968389
2011-11-01,1218.28,1251.0,1215.42,1251.0,5645540000,-0.027942232506183662,-0.02834004470968389,0.0161046721607514,0.01597636762997209
2011-11-02,1237.9,1242.48,1219.62,1219.62,4110530000,0.0161046721607514,0.01597636762997209,0.018781807900476677,0.01860760756451947
2011-11-03,1261.15,1263.21,1234.81,1238.25,4849140000,0.018781807900476677,0.01860760756451947,-0.0062799825556040245,-0.006299784593889073
2011-11-04,1253.23,1260.82,1238.92,1260.82,3830650000,-0.0062799825556040245,-0.006299784593889073,0.006295731828953821,0.006275996498243774
2011-11-07,1261.12,1261.7,1240.75,1253.21,3429740000,0.006295731828953821,0.006275996498243774,0.011735600101497212,0.011667272007859919
2011-11-08,1275.92,1277.55,1254.99,1261.12,3908490000,0.011735600101497212,0.011667272007859919,-0.036695090601291724,-0.03738529279356369
2011-11-09,1229.1,1275.18,1226.64,1275.18,4659740000,-0.036695090601291724,-0.03738529279356369,0.008624196566593634,0.008587220623166268
2011-11-10,1239.7,1246.22,1227.7,1229.59,4002760000,0.008624196566593634,0.008587220623166268,0.01948051948051943,0.01929320293467885
2011-11-11,1263.85,1266.98,1240.12,1240.12,3370180000,0.01948051948051943,0.01929320293467885,-0.009550183961704262,-0.009596079408942321
2011-11-14,1251.78,1263.85,1246.68,1263.85,3219680000,-0.009550183961704262,-0.009596079408942321,0.004817140392081587,0.004805575097530124
2011-11-15,1257.81,1264.25,1244.34,1251.7,3599300000,0.004817140392081587,0.004805575097530124,-0.016616182094274845,-0.016755779391136084
2011-11-16,1236.91,1259.61,1235.67,1257.81,4085010000,-0.016616182094274845,-0.016755779391136084,-0.01679992885496917,-0.016942648369624176
2011-11-17,1216.13,1237.73,1209.43,1236.56,4596450000,-0.01679992885496917,-0.016942648369624176,-0.0003946946461316214,-0.0003947725585652186
2011-11-18,1215.65,1223.51,1211.36,1216.19,3827610000,-0.0003946946461316214,-0.0003947725585652186,-0.018648459671780637,-0.018824534649997567
2011-11-21,1192.98,1215.62,1183.16,1215.62,4050070000,-0.018648459671780637,-0.018824534649997567,-0.004140890878304826,-0.004149488108607474
2011-11-22,1188.04,1196.81,1181.65,1192.98,3911710000,-0.004140890878304826,-0.004149488108607474,-0.022095215649304722,-0.022342971201496673
2011-11-23,1161.79,1187.48,1161.79,1187.48,3798940000,-0.022095215649304722,-0.022342971201496673,-0.0026855111508963248,-0.0026891236049403243
2011-11-25,1158.67,1172.66,1158.66,1161.41,1664200000,-0.0026855111508963248,-0.0026891236049403243,0.029240422208221428,0.0288210760216857
2011-11-28,1192.55,1197.35,1158.67,1158.67,3920750000,0.029240422208221428,0.0288210760216857,0.002213743658546985,0.0022112969383296607
2011-11-29,1195.19,1203.67,1191.8,1192.56,3992650000,0.002213743658546985,0.0022112969383296607,0.04331528878253654,0.04240342063777991
2011-11-30,1246.96,1247.11,1196.72,1196.72,5801910000,0.04331528878253654,0.04240342063777991,-0.0019086418168987596,-0.001910465594686547
2011-12-01,1244.58,1251.09,1239.73,1246.91,3818680000,-0.0019086418168987596,-0.001910465594686547,-0.00024104517186518404,-0.0002410742279219324
2011-12-02,1244.28,1260.08,1243.35,1246.03,4144310000,-0.00024104517186518404,-0.0002410742279219324,0.01028707364901793,0.01023452180275579
2011-12-05,1257.08,1266.73,1244.33,1244.33,4148060000,0.01028707364901793,0.01023452180275579,0.0011057371050371412,0.001105126228035855
2011-12-06,1258.47,1266.03,1253.03,1257.19,3734230000,0.0011057371050371412,0.001105126228035855,0.0020183238376758617,0.00201628975861266
2011-12-07,1261.01,1267.06,1244.8,1258.14,4160540000,0.0020183238376758617,0.00201628975861266,-0.021141783173805218,-0.02136847142775983
2011-12-08,1234.35,1260.87,1231.47,1260.87,4298370000,-0.021141783173805218,-0.02136847142775983,0.016883379916555308,0.016742439809384415
2011-12-09,1255.19,1258.25,1234.48,1234.48,3830610000,0.016883379916555308,0.016742439809384415,-0.014914076753320238,-0.015026409891996106
2011-12-12,1236.47,1255.05,1227.25,1255.05,3600570000,-0.014914076753320238,-0.015026409891996106,-0.00868601745291031,-0.008723960779886826
2011-12-13,1225.73,1249.86,1219.43,1236.83,4121570000,-0.00868601745291031,-0.008723960779886826,-0.011348339356954673,-0.011413223108981121
2011-12-14,1211.82,1225.73,1209.47,1225.73,4298290000,-0.011348339356954673,-0.011413223108981121,0.003243055899391001,0.003237808535543156
2011-12-15,1215.75,1225.6,1212.12,1212.12,3810340000,0.003243055899391001,0.003237808535543156,0.0032161217355541893,0.0032109610779535356
2011-12-16,1219.66,1231.04,1215.2,1216.09,5345800000,0.0032161217355541893,0.0032109610779535356,-0.011732777987308096,-0.011802150179861203
2011-12-19,1205.35,1224.57,1202.37,1219.74,3659820000,-0.011732777987308096,-0.011802150179861203,0.029825361928070615,0.02938923633991441
2011-12-20,1241.3,1242.82,1205.72,1205.72,4055590000,0.029825361928070615,0.02938923633991441,0.001949569000241791,0.0019476710569789914
2011-12-21,1243.72,1245.09,1229.51,1241.25,2959020000,0.001949569000241791,0.0019476710569789914,0.008265526002637191,0.00823155361398492
2011-12-22,1254.0,1255.22,1243.72,1243.72,3492250000,0.008265526002637191,0.00823155361398492,0.009035087719298174,0.008994515513423385
2011-12-23,1265.33,1265.42,1254.0,1254.0,2233830000,0.009035087719298174,0.008994515513423385,7.903076667759024e-05,7.902764391107808e-05
2011-12-27,1265.43,1269.37,1262.3,1265.02,2130590000,7.903076667759024e-05,7.902764391107808e-05,-0.012477971914685138,-0.012556475533817963
2011-12-28,1249.64,1265.85,1248.64,1265.38,2349980000,-0.012477971914685138,-0.012556475533817963,0.01070708364008821,0.010650168721478698
2011-12-29,1263.02,1263.54,1249.75,1249.75,2278130000,0.01070708364008821,0.010650168721478698,-0.0042913018004465675,-0.004300535862919215
2011-12-30,1257.6,1264.12,1257.46,1262.82,2271850000,-0.0042913018004465675,-0.004300535862919215,0.015473918575063639,0.015355418375209207
2012-01-03,1277.06,1284.62,1258.86,1258.86,3943710000,0.015473918575063639,0.015355418375209207,0.00018793165552133395,0.00018791399857992464
2012-01-04,1277.3,1278.73,1268.1,1277.03,3592580000,0.00018793165552133395,0.00018791399857992464,0.0029437093869881803,0.0029393851586132893
2012-01-05,1281.06,1283.05,1265.26,1277.3,4315950000,0.0029437093869881803,0.0029393851586132893,-0.0025369615786926536,-0.0025401851188711095
2012-01-06,1277.81,1281.84,1273.34,1280.93,3656830000,-0.0025369615786926536,-0.0025401851188711095,0.002261682096712514,0.002259128343552906
2012-01-09,1280.7,1281.99,1274.55,1277.83,3371600000,0.002261682096712514,0.002259128343552906,0.008885765596938988,0.008846519498231472
2012-01-10,1292.08,1296.46,1280.77,1280.77,4221960000,0.008885765596938988,0.008846519498231472,0.00030957835428147007,0.0003095304447903228
2012-01-11,1292.48,1293.8,1285.41,1292.02,3968120000,0.00030957835428147007,0.0003095304447903228,0.0023365932161425462,0.0023338676271165535
2012-01-12,1295.5,1296.82,1285.77,1292.48,4019890000,0.0023365932161425462,0.0023338676271165535,-0.0049478965650329165,-0.004960177933283264
2012-01-13,1289.09,1294.82,1277.58,1294.82,3692370000,-0.0049478965650329165,-0.004960177933283264,0.003552893901899834,0.0035465972840967364
2012-01-17,1293.67,1303.0,1290.22,1290.22,4010490000,0.003552893901899834,0.0035465972840967364,0.011107933244181245,0.01104669323633066
2012-01-18,1308.04,1308.11,1290.99,1293.65,4096160000,0.011107933244181245,0.01104669323633066,0.004938686890309185,0.004926531580627023
2012-01-19,1314.5,1315.49,1308.07,1308.07,4465890000,0.004938686890309185,0.004926531580627023,0.000669456066945795,0.0006692320811931821
2012-01-20,1315.38,1315.38,1309.17,1314.49,3912620000,0.000669456066945795,0.0006692320811931821,0.00047134668308768113,0.00047123563413351943
2012-01-23,1316.0,1322.28,1309.89,1315.29,3770910000,0.00047134668308768113,0.00047123563413351943,-0.001025835866261371,-0.001026362395993147
2012-01-24,1314.65,1315.96,1306.06,1315.96,3693560000,-0.001025835866261371,-0.001026362395993147,0.008679116114555185,0.00864166910161756
2012-01-25,1326.06,1328.3,1307.65,1314.4,4410910000,0.008679116114555185,0.00864166910161756,-0.005753887456072748,-0.005770504840198372
2012-01-26,1318.43,1333.47,1313.6,1326.28,4522070000,-0.005753887456072748,-0.005770504840198372,-0.0015928035618122394,-0.0015940734220098644
2012-01-27,1316.33,1320.06,1311.72,1318.25,4007380000,-0.0015928035618122394,-0.0015940734220098644,-0.0025221638950718717,-0.0025253499086551
2012-01-30,1313.01,1316.16,1300.49,1316.16,3659010000,-0.0025221638950718717,-0.0025253499086551,-0.0004569652934859336,-0.00045706973394398057
2012-01-31,1312.41,1321.41,1306.69,1313.53,4235550000,-0.0004569652934859336,-0.00045706973394398057,0.008899657881302314,0.008860289331437619
2012-02-01,1324.09,1330.52,1312.45,1312.45,4504360000,0.008899657881302314,0.008860289331437619,0.001095091723372299,0.0010944925478258915
2012-02-02,1325.54,1329.19,1321.57,1324.24,4120920000,0.001095091723372299,0.0010944925478258915,0.014605368378170613,0.0144997372641607
2012-02-03,1344.9,1345.34,1326.21,1326.21,4608550000,0.014605368378170613,0.0144997372641607,-0.0004238233325899454,-0.00042391317108323237
2012-02-06,1344.33,1344.36,1337.52,1344.32,3379700000,-0.0004238233325899454,-0.00042391317108323237,0.0020233127282736074,0.0020212685879011623
2012-02-07,1347.05,1349.24,1335.92,1344.33,3742460000,0.0020233127282736074,0.0020212685879011623,0.0021602761590142627,0.0021579461175579256
2012-02-08,1349.96,1351.0,1341.95,1347.04,4096730000,0.0021602761590142627,0.0021579461175579256,0.001474117751637083,0.0014730323066491182
2012-02-09,1351.95,1354.32,1344.63,1349.97,4209890000,0.001474117751637083,0.0014730323066491182,-0.006886349347239085,-0.006910169670604592
2012-02-10,1342.64,1351.21,1337.35,1351.21,3877580000,-0.006886349347239085,-0.006910169670604592,0.006800035750461619,0.0067770197880235375
2012-02-13,1351.77,1353.35,1343.06,1343.06,3618040000,0.006800035750461619,0.0067770197880235375,-0.0009395089401302847,-0.0009399505552771627
2012-02-14,1350.5,1351.3,1340.83,1351.3,3889520000,-0.0009395089401302847,-0.0009399505552771627,-0.005383191410588628,-0.005397732995705936
2012-02-15,1343.23,1355.87,1340.8,1350.52,4080340000,-0.005383191410588628,-0.005397732995705936,0.011025662023629534,0.01096532252888617
2012-02-16,1358.04,1359.02,1341.22,1342.61,4108880000,0.011025662023629534,0.01096532252888617,0.002348973520662101,0.002346218995056878
2012-02-17,1361.23,1363.4,1357.24,1358.06,3717640000,0.002348973520662101,0.002346218995056878,0.0007199371156969558,0.000719678085287958
2012-02-21,1362.21,1367.76,1358.11,1361.22,3795200000,0.0007199371156969558,0.000719678085287958,-0.003340160474523013,-0.00334575126341362
2012-02-22,1357.66,1362.7,1355.53,1362.11,3633710000,-0.003340160474523013,-0.00334575126341362,0.004272056332218721,0.004262957005584894
2012-02-23,1363.46,1364.24,1352.28,1357.53,3786450000,0.004272056332218721,0.004262957005584894,0.0016722162733047163,0.0016708196763969795
2012-02-24,1365.74,1368.92,1363.46,1363.46,3505360000,0.0016722162733047163,0.0016708196763969795,0.0013545770058722706,0.0013536603940939738
2012-02-27,1367.59,1371.94,1354.92,1365.2,3648890000,0.0013545770058722706,0.0013536603940939738,0.003356269057246841,0.0033506493568948885
2012-02-28,1372.18,1373.09,1365.97,1367.56,3579120000,0.003356269057246841,0.0033506493568948885,-0.004736987858735775,-0.0047482429432547935
2012-02-29,1365.68,1378.04,1363.81,1372.2,4482370000,-0.004736987858735775,-0.0047482429432547935,0.006158104387557817,0.006139220748028996
2012-03-01,1374.09,1376.17,1365.9,1365.9,3919240000,0.006158104387557817,0.006139220748028996,-0.0032457844828212012,-0.003251063467334742
2012-03-02,1369.63,1374.53,1366.42,1374.09,3283490000,-0.0032457844828212012,-0.003251063467334742,-0.0038696582288648695,-0.003877164727582936
2012-03-05,1364.33,1369.59,1359.13,1369.59,3429480000,-0.0038696582288648695,-0.003877164727582936,-0.015370181700908203,-0.015489527433395317
2012-03-06,1343.36,1363.63,1340.03,1363.63,4191060000,-0.015370181700908203,-0.015489527433395317,0.006900607432110739,0.006876907208801028
2012-03-07,1352.63,1354.85,1343.39,1343.39,3580380000,0.006900607432110739,0.006876907208801028,0.009817910293280496,0.00977002776120633
2012-03-08,1365.91,1368.72,1352.65,1352.65,3543060000,0.009817910293280496,0.00977002776120633,0.0036312787811787484,0.0036247016059477617
2012-03-09,1370.87,1374.76,1365.97,1365.97,3639470000,0.0036312787811787484,0.0036247016059477617,0.00016048202966012504,0.00016046915379674782
2012-03-12,1371.09,1373.04,1366.69,1370.78,3081870000,0.00016048202966012504,0.00016046915379674782,0.01813155956210033,0.01796914314001119
2012-03-13,1395.95,1396.13,1371.92,1371.92,4386470000,0.01813155956210033,0.01796914314001119,-0.0011963179196963214,-0.0011970340792054287
2012-03-14,1394.28,1399.42,1389.97,1395.95,4502280000,-0.0011963179196963214,-0.0011970340792054287,0.005967237570645656,0.005949504120039123
2012-03-15,1402.6,1402.63,1392.78,1394.17,4271650000,0.005967237570645656,0.005949504120039123,0.0011193497789820928,0.0011187237741202927
2012-03-16,1404.17,1405.88,1401.47,1402.55,5163950000,0.0011193497789820928,0.0011187237741202927,0.003973877806818127,0.003966002810361202
2012-03-19,1409.75,1414.0,1402.43,1404.17,3932570000,0.003973877806818127,0.003966002810361202,-0.003000532009221457,-0.0030050426304927035
2012-03-20,1405.52,1409.59,1397.68,1409.59,3695280000,-0.003000532009221457,-0.0030050426304927035,-0.0018711935796003054,-0.0018729464492867856
2012-03-21,1402.89,1407.75,1400.64,1405.52,3573590000,-0.0018711935796003054,-0.0018729464492867856,-0.007206552188696258,-0.007232644820101418
2012-03-22,1392.78,1402.89,1388.73,1402.89,3740590000,-0.007206552188696258,-0.007232644820101418,0.003108890133402209,0.0031040675271881042
2012-03-23,1397.11,1399.18,1386.87,1392.78,3472950000,0.003108890133402209,0.0031040675271881042,0.013885807130433525,0.013790282585130287
2012-03-26,1416.51,1416.58,1397.11,1397.11,3576950000,0.013885807130433525,0.013790282585130287,-0.0028167820911959573,-0.0028207566873393645
2012-03-27,1412.52,1419.15,1411.95,1416.55,3513640000,-0.0028167820911959573,-0.0028207566873393645,-0.004941522951887434,-0.004953772647860423
2012-03-28,1405.54,1413.65,1397.2,1412.52,3892800000,-0.004941522951887434,-0.004953772647860423,-0.0016079229335344003,-0.0016092170290043855
2012-03-29,1403.28,1405.39,1391.56,1405.39,3832000000,-0.0016079229335344003,-0.0016092170290043855,0.0036984778518898143,0.0036916552995440582
2012-03-30,1408.47,1410.89,1401.42,1403.31,3676890000,0.0036984778518898143,0.0036916552995440582,0.007504597187018458,0.007476577793073292
2012-04-02,1419.04,1422.38,1404.46,1408.47,3572010000,0.007504597187018458,0.007476577793073292,-0.003988612019393267,-0.003996587747434638
2012-04-03,1413.38,1419.0,1404.62,1418.98,3822090000,-0.003988612019393267,-0.003996587747434638,-0.010202493313900107,-0.01025489547530353
2012-04-04,1398.96,1413.09,1394.09,1413.09,3938290000,-0.010202493313900107,-0.01025489547530353,-0.0006290387144737286,-0.0006292366423330919
2012-04-05,1398.08,1401.6,1392.92,1398.79,3303740000,-0.0006290387144737286,-0.0006292366423330919,-0.011358434424353359,-0.011423434105777059
2012-04-09,1382.2,1397.45,1378.24,1397.45,3468980000,-0.011358434424353359,-0.011423434105777059,-0.017081464332224128,-0.01722903544536177
2012-04-10,1358.59,1383.01,1357.38,1382.18,4631730000,-0.017081464332224128,-0.01722903544536177,0.0074488992264039044,0.007421293181564509
2012-04-11,1368.71,1374.71,1358.98,1358.98,3743040000,0.0074488992264039044,0.007421293181564509,0.01377939811939699,0.013685325404961968
2012-04-12,1387.57,1388.13,1368.77,1368.77,3618280000,0.01377939811939699,0.013685325404961968,-0.012475046303970228,-0.012553512960530443
2012-04-13,1370.26,1387.61,1369.85,1387.61,3631160000,-0.012475046303970228,-0.012553512960530443,-0.0005035540700305541,-0.0005036808959588716
2012-04-16,1369.57,1379.66,1365.38,1370.27,3574780000,-0.0005035540700305541,-0.0005036808959588716,0.015486612586432358,0.015367918875513488
2012-04-17,1390.78,1392.76,1369.57,1369.57,3456200000,0.015486612586432358,0.015367918875513488,-0.004055278333021661,-0.004063523272098461
2012-04-18,1385.14,1390.78,1383.29,1390.78,3463140000,-0.004055278333021661,-0.004063523272098461,-0.005934418181555712,-0.005952096817443118
2012-04-19,1376.92,1390.46,1370.3,1385.08,4180020000,-0.005934418181555712,-0.005952096817443118,0.0011692763559247865,0.0011685932847406632
2012-04-20,1378.53,1387.4,1376.96,1376.96,3833320000,0.0011692763559247865,0.0011685932847406632,-0.008407506546828758,-0.008443048985726152
2012-04-23,1366.94,1378.53,1358.79,1378.53,3654860000,-0.008407506546828758,-0.008443048985726152,0.003679751854507085,0.0036729981305998567
2012-04-24,1371.97,1375.57,1366.82,1366.97,3617100000,0.003679751854507085,0.0036729981305998567,0.013644613220405777,0.013552363677729872
2012-04-25,1390.69,1391.37,1372.11,1372.11,3998430000,0.013644613220405777,0.013552363677729872,0.006680137198081582,0.006657923951737078
2012-04-26,1399.98,1402.09,1387.28,1390.64,4034700000,0.006680137198081582,0.006657923951737078,0.0024143202045743273,0.0024114104160489723
2012-04-27,1403.36,1406.64,1397.31,1400.19,3645830000,0.0024143202045743273,0.0024114104160489723,-0.003883536654885278,-0.0038910971640511403
2012-04-30,1397.91,1403.26,1394.0,1403.26,3574010000,-0.003883536654885278,-0.0038910971640511403,0.00565844725339959,0.0056424983763752054
2012-05-01,1405.82,1415.32,1395.73,1397.86,3807950000,0.00565844725339959,0.0056424983763752054,-0.0024967634547807815,-0.002499885566521046
2012-05-02,1402.31,1405.5,1393.92,1405.5,3803860000,-0.0024967634547807815,-0.002499885566521046,-0.007658791565345768,-0.007688270722404974
2012-05-03,1391.57,1403.07,1388.71,1402.32,4004910000,-0.007658791565345768,-0.007688270722404974,-0.01614722938838864,-0.016279016486759133
2012-05-04,1369.1,1391.51,1367.96,1391.51,3975140000,-0.01614722938838864,-0.016279016486759133,0.000350595281571886,0.00035053383740709244
2012-05-07,1369.58,1373.91,1363.94,1368.79,3559390000,0.000350595281571886,0.00035053383740709244,-0.004278683976109421,-0.004287863738619395
2012-05-08,1363.72,1369.16,1347.75,1369.16,4261670000,-0.004278683976109421,-0.004287863738619395,-0.00670225559499027,-0.006724816572818403
2012-05-09,1354.58,1363.73,1343.13,1363.2,4288540000,-0.00670225559499027,-0.006724816572818403,0.002517385462652788,0.0025142221555989205
2012-05-10,1357.99,1365.88,1354.58,1354.58,3727990000,0.002517385462652788,0.0025142221555989205,-0.003387359258904654,-0.00339310934903185
2012-05-11,1353.39,1365.66,1348.89,1358.11,3869070000,-0.003387359258904654,-0.00339310934903185,-0.011112835176852354,-0.011175044036911441
2012-05-14,1338.35,1351.93,1336.61,1351.93,3688120000,-0.011112835176852354,-0.011175044036911441,-0.005745881122277252,-0.0057624522046803815
2012-05-15,1330.66,1344.94,1328.41,1338.36,4114040000,-0.005745881122277252,-0.0057624522046803815,-0.0044038296785055,-0.004413555099659481
2012-05-16,1324.8,1341.78,1324.79,1330.78,4280420000,-0.0044038296785055,-0.004413555099659481,-0.015051328502415529,-0.01516574932256603
2012-05-17,1304.86,1326.36,1304.86,1324.82,4664280000,-0.015051328502415529,-0.01516574932256603,-0.007387765737320362,-0.00741519043358835
2012-05-18,1295.22,1312.24,1291.98,1305.05,4512470000,-0.007387765737320362,-0.00741519043358835,0.016035885795463223,0.015908669197356163
2012-05-21,1315.99,1316.39,1295.73,1295.73,3786750000,0.016035885795463223,0.015908669197356163,0.000486325883935379,0.0004862076658294832
2012-05-22,1316.63,1328.49,1310.04,1316.09,4123680000,0.000486325883935379,0.0004862076658294832,0.0016937180529077445,0.0016922853300106668
2012-05-23,1318.86,1320.71,1296.53,1316.02,4108330000,0.0016937180529077445,0.0016922853300106668,0.0013799796794202734,0.0013790283825421373
2012-05-24,1320.68,1324.14,1310.5,1318.72,3937670000,0.0013799796794202734,0.0013790283825421373,-0.002165551079746919,-0.002167899276191806
2012-05-25,1317.82,1324.2,1314.23,1320.81,2872660000,-0.002165551079746919,-0.002167899276191806,0.011078903036833676,0.011017981539835837
2012-05-29,1332.42,1334.93,1318.9,1318.9,3441640000,0.011078903036833676,0.011017981539835837,-0.01433481935125569,-0.014438555426152216
2012-05-30,1313.32,1331.25,1310.76,1331.25,3534290000,-0.01433481935125569,-0.014438555426152216,-0.0022766728596229635,-0.0022792684195200048
2012-05-31,1310.33,1319.74,1298.9,1313.09,4557620000,-0.0022766728596229635,-0.0022792684195200048,-0.024642647272061224,-0.024951359516333108
2012-06-01,1278.04,1309.87,1277.25,1309.87,4669350000,-0.024642647272061224,-0.024951359516333108,0.00010954273731655917,0.00010953673794903053
2012-06-04,1278.18,1282.55,1266.74,1278.29,4011960000,0.00010954273731655917,0.00010953673794903053,0.0057268929258789125,0.005710556615777151
2012-06-05,1285.5,1287.62,1274.16,1277.82,3403230000,0.0057268929258789125,0.005710556615777151,0.0230493971217427,0.022787772335250183
2012-06-06,1315.13,1315.13,1285.61,1285.61,4268360000,0.0230493971217427,0.022787772335250183,-0.00010645335442127646,-0.00010645902098176338
2012-06-07,1314.99,1329.05,1312.68,1316.15,4258140000,-0.00010645335442127646,-0.00010645902098176338,0.00811413014547635,0.00808138759045486
2012-06-08,1325.66,1325.81,1307.77,1314.99,3497190000,0.00811413014547635,0.00808138759045486,-0.01262012884148278,-0.012700439066485178
2012-06-11,1308.93,1335.52,1307.73,1325.72,3537530000,-0.01262012884148278,-0.012700439066485178,0.011650737625388707,0.011583390373813106
2012-06-12,1324.18,1324.31,1306.62,1309.4,3442920000,0.011650737625388707,0.011583390373813106,-0.007023214366626895,-0.0070479932229503646
2012-06-13,1314.88,1327.28,1310.51,1324.02,3506510000,-0.007023214366626895,-0.0070479932229503646,0.01081467510343126,0.010756614732241909
2012-06-14,1329.1,1333.68,1314.14,1314.88,3687720000,0.01081467510343126,0.010756614732241909,0.010337822586712786,0.010284752736562524
2012-06-15,1342.84,1343.32,1329.19,1329.19,4401570000,0.010337822586712786,0.010284752736562524,0.001444699294033569,0.0014436567200249713
2012-06-18,1344.78,1348.22,1334.46,1342.42,3259430000,0.001444699294033569,0.0014436567200249713,0.009815731941284156,0.009767870585814924
2012-06-19,1357.98,1363.46,1344.83,1344.83,3815350000,0.009815731941284156,0.009767870585814924,-0.0016863282228014587,-0.0016877516747354983
2012-06-20,1355.69,1361.57,1346.45,1358.04,3695700000,-0.0016863282228014587,-0.0016877516747354983,-0.022261726500896306,-0.022513258771434952
2012-06-21,1325.51,1358.27,1324.41,1355.43,4094470000,-0.022261726500896306,-0.022513258771434952,0.0071745969475900395,0.007148981972021054
2012-06-22,1335.02,1337.82,1325.92,1325.92,5271490000,0.0071745969475900395,0.007148981972021054,-0.015954817156297207,-0.016083465459972662
2012-06-25,1313.72,1334.9,1309.27,1334.9,3501820000,-0.015954817156297207,-0.016083465459972662,0.004772706512803371,0.004761353258577372
2012-06-26,1319.99,1324.24,1310.3,1314.09,3412940000,0.004772706512803371,0.004761353258577372,0.008984916552398081,0.00894479235230087
2012-06-27,1331.85,1334.4,1320.71,1320.71,3286910000,0.008984916552398081,0.00894479235230087,-0.0021098472050155026,-0.002112076068222122
2012-06-28,1329.04,1331.52,1313.29,1331.52,3969370000,-0.0021098472050155026,-0.002112076068222122,0.02492024318304953,0.024614798034165282
2012-06-29,1362.16,1362.17,1330.12,1330.12,4590480000,0.02492024318304953,0.024614798034165282,0.002459329300522617,0.0024563100993451855
2012-07-02,1365.51,1366.35,1355.7,1362.33,3301650000,0.002459329300522617,0.0024563100993451855,0.006232103756105722,0.006212764505379634
2012-07-03,1374.02,1374.81,1363.53,1365.75,2116390000,0.006232103756105722,0.006212764505379634,-0.004686976899899609,-0.00469799521801216
2012-07-05,1367.58,1373.85,1363.02,1373.72,3041520000,-0.004686976899899609,-0.00469799521801216,-0.009432720572105424,-0.009477490437645376
2012-07-06,1354.68,1367.09,1348.03,1367.09,2745140000,-0.009432720572105424,-0.009477490437645376,-0.0016387633979980665,-0.0016401076395319903
2012-07-09,1352.46,1354.87,1346.65,1354.66,2904860000,-0.0016387633979980665,-0.0016401076395319903,-0.008125933484169567,-0.008159128832764184
2012-07-10,1341.47,1361.54,1336.27,1352.96,3470600000,-0.008125933484169567,-0.008159128832764184,-1.4909017719388906e-05,-1.490912885989825e-05
2012-07-11,1341.45,1345.0,1333.25,1341.4,3426290000,-1.4909017719388906e-05,-1.490912885989825e-05,-0.004987140780498778,-0.0049996180683616704
2012-07-12,1334.76,1341.29,1325.41,1341.29,3654440000,-0.004987140780498778,-0.0049996180683616704,0.016497347837813425,0.01636274497101934
2012-07-13,1356.78,1357.7,1334.81,1334.81,3212930000,0.016497347837813425,0.01636274497101934,-0.0023143029820603678,-0.002316985120192678
2012-07-16,1353.64,1357.26,1348.51,1356.5,2862720000,-0.0023143029820603678,-0.002316985120192678,0.0074096510150409856,0.007382334405661178
2012-07-17,1363.67,1365.36,1345.07,1353.68,3566680000,0.0074096510150409856,0.007382334405661178,0.006680501880953482,0.006658286214577447
2012-07-18,1372.78,1375.26,1358.96,1363.58,3642630000,0.006680501880953482,0.006658286214577447,0.0027171141770714335,0.002713429495304103
2012-07-19,1376.51,1380.39,1371.21,1373.01,4043360000,0.0027171141770714335,0.002713429495304103,-0.010061677721193374,-0.01011263852275059
2012-07-20,1362.66,1376.51,1362.19,1376.51,3925020000,-0.010061677721193374,-0.01011263852275059,-0.008909045543275762,-0.008948968382666001
2012-07-23,1350.52,1362.34,1337.56,1362.34,3717180000,-0.008909045543275762,-0.008948968382666001,-0.009040961999822295,-0.009082079512297794
2012-07-24,1338.31,1351.53,1329.24,1350.52,3891290000,-0.009040961999822295,-0.009082079512297794,-0.0003138286346211494,-0.00031387788913235705
2012-07-25,1337.89,1343.98,1331.5,1338.35,3719170000,-0.0003138286346211494,-0.00031387788913235705,0.016540971230818657,0.016405659452859416
2012-07-26,1360.02,1363.13,1338.17,1338.17,4429300000,0.016540971230818657,0.016405659452859416,0.019080601755856463,0.018900849989626385
2012-07-27,1385.97,1389.19,1360.05,1360.05,4399010000,0.019080601755856463,0.018900849989626385,-0.0004834159469542243,-0.00048353283011341573
2012-07-30,1385.3,1391.74,1381.37,1385.94,3212060000,-0.0004834159469542243,-0.00048353283011341573,-0.004316754493611463,-0.004326098578733877
2012-07-31,1379.32,1387.16,1379.17,1385.27,3821570000,-0.004316754493611463,-0.004326098578733877,-0.002899979700142108,-0.0029041927884913225
2012-08-01,1375.32,1385.03,1373.35,1379.32,4440920000,-0.002899979700142108,-0.0029041927884913225,-0.00750370822790325,-0.007532002677547946
2012-08-02,1365.0,1375.13,1354.65,1375.13,4193740000,-0.00750370822790325,-0.007532002677547946,0.019040293040293088,0.01886129520593171
2012-08-03,1390.99,1394.16,1365.45,1365.45,3751170000,0.019040293040293088,0.01886129520593171,0.00232927627085755,0.002326567712056992
2012-08-06,1394.23,1399.63,1391.04,1391.04,3122050000,0.00232927627085755,0.002326567712056992,0.005106761438213203,0.005093766155781033
2012-08-07,1401.35,1407.14,1394.46,1394.46,3682490000,0.005106761438213203,0.005093766155781033,0.0006208299140115781,0.0006206372788455045
2012-08-08,1402.22,1404.14,1396.13,1401.23,3221790000,0.0006208299140115781,0.0006206372788455045,0.0004136298155781315,0.000413544294347905
2012-08-09,1402.8,1405.95,1398.8,1402.26,3119610000,0.0004136298155781315,0.000413544294347905,0.0021884801824920697,0.0021860889478816747
2012-08-10,1405.87,1405.98,1395.62,1402.58,2767980000,0.0021884801824920697,0.0021860889478816747,-0.0012518938450923889,-0.0012526781188120387
2012-08-13,1404.11,1405.87,1397.32,1405.87,2499990000,-0.0012518938450923889,-0.0012526781188120387,-0.00012819508443062677,-0.0001282033021227822
2012-08-14,1403.93,1410.03,1400.6,1404.36,2930900000,-0.00012819508443062677,-0.0001282033021227822,0.001139657960154583,0.0011390090430037803
2012-08-15,1405.53,1407.73,1401.83,1403.89,2655750000,0.001139657960154583,0.0011390090430037803,0.007100524357359861,0.007075434332495446
2012-08-16,1415.51,1417.44,1404.15,1405.57,3114100000,0.007100524357359861,0.007075434332495446,0.0018721167635693536,0.0018703665370596102
2012-08-17,1418.16,1418.71,1414.67,1415.84,2922990000,0.0018721167635693536,0.0018703665370596102,-2.1154171602644212e-05,-2.115439535528785e-05
2012-08-20,1418.13,1418.13,1412.12,1417.85,2766320000,-2.1154171602644212e-05,-2.115439535528785e-05,-0.003497563693032446,-0.0035036944682847937
2012-08-21,1413.17,1426.68,1410.86,1418.13,3282950000,-0.003497563693032446,-0.0035036944682847937,0.00022644126325910285,0.0002264156293058998
2012-08-22,1413.49,1416.12,1406.78,1413.09,3062690000,0.00022644126325910285,0.0002264156293058998,-0.008072218409751808,-0.00810497516365437
2012-08-23,1402.08,1413.49,1400.5,1413.49,3008240000,-0.008072218409751808,-0.00810497516365437,0.006454695880406369,0.006433953540105122
2012-08-24,1411.13,1413.46,1398.04,1401.99,2598790000,0.006454695880406369,0.006433953540105122,-0.0004889698326873138,-0.0004890894174197595
2012-08-27,1410.44,1416.17,1409.11,1411.13,2472500000,-0.0004889698326873138,-0.0004890894174197595,-0.0008082584158135564,-0.0008085852327604881
2012-08-28,1409.3,1413.63,1405.59,1410.44,2629090000,-0.0008082584158135564,-0.0008085852327604881,0.0008443908323281235,0.0008440345349446528
2012-08-29,1410.49,1413.95,1406.57,1409.32,2571220000,0.0008443908323281235,0.0008440345349446528,-0.007805797985097396,-0.007836422697165871
2012-08-30,1399.48,1410.08,1397.01,1410.08,2530280000,-0.007805797985097396,-0.007836422697165871,0.005073312944807951,0.005060487054237251
2012-08-31,1406.58,1413.09,1398.96,1400.07,2938250000,0.005073312944807951,0.005060487054237251,-0.0011659486129476093,-0.0011666288598383128
2012-09-04,1404.94,1409.31,1396.56,1406.54,3200310000,-0.0011659486129476093,-0.0011666288598383128,-0.001067661252437846,-0.0010682316087138285
2012-09-05,1403.44,1408.81,1401.25,1404.94,3389110000,-0.001067661252437846,-0.0010682316087138285,0.02043550133956562,0.020229498271412946
2012-09-06,1432.12,1432.12,1403.74,1403.74,3952870000,0.02043550133956562,0.020229498271412946,0.00404993994916647,0.004041761017721236
2012-09-07,1437.92,1437.92,1431.45,1432.12,3717620000,0.00404993994916647,0.004041761017721236,-0.006147768999666292,-0.00616674434215865
2012-09-10,1429.08,1438.74,1428.98,1437.92,3223670000,-0.006147768999666292,-0.00616674434215865,0.003134883981302572,0.003129980477784836
2012-09-11,1433.56,1437.76,1429.13,1429.13,3509630000,0.003134883981302572,0.003129980477784836,0.0020926923184241275,0.0020905056879527827
2012-09-12,1436.56,1439.15,1432.99,1433.56,3641200000,0.0020926923184241275,0.0020905056879527827,0.01630979562287682,0.01617821963021452
2012-09-13,1459.99,1463.76,1435.34,1436.56,4606550000,0.01630979562287682,0.01617821963021452,0.00395893122555635,0.003951115279070497
2012-09-14,1465.77,1474.51,1460.07,1460.07,5041990000,0.00395893122555635,0.003951115279070497,-0.003124637562509802,-0.003129529435335874
2012-09-17,1461.19,1465.63,1457.55,1465.42,3482430000,-0.003124637562509802,-0.003129529435335874,-0.001279778810421739,-0.0012805984266831857
2012-09-18,1459.32,1461.47,1456.13,1461.19,3377390000,-0.001279778810421739,-0.0012805984266831857,0.0011854836499192167,0.00118478151903211
2012-09-19,1461.05,1465.15,1457.88,1459.5,3451360000,0.0011854836499192167,0.00118478151903211,-0.0005407070257691382,-0.0005408532605288135
2012-09-20,1460.26,1461.23,1449.98,1461.05,3382520000,-0.0005407070257691382,-0.0005408532605288135,-7.532905099083553e-05,-7.533188836628922e-05
2012-09-21,1460.15,1467.07,1459.51,1460.34,4833870000,-7.532905099083553e-05,-7.533188836628922e-05,-0.0022326473307536787,-0.002235143403731278
2012-09-24,1456.89,1460.72,1452.06,1459.76,3008920000,-0.0022326473307536787,-0.002235143403731278,-0.010501822375059366,-0.010557355654258943
2012-09-25,1441.59,1463.24,1441.59,1456.94,3739900000,-0.010501822375059366,-0.010557355654258943,-0.005736721259165245,-0.005753239448359475
2012-09-26,1433.32,1441.6,1430.53,1441.6,3565380000,-0.005736721259165245,-0.005753239448359475,0.009648926966762561,0.009602673364694815
2012-09-27,1447.15,1450.2,1433.36,1433.36,3150330000,0.009648926966762561,0.009602673364694815,-0.004477766644784609,-0.004487821869708478
2012-09-28,1440.67,1447.13,1435.6,1447.13,3509230000,-0.004477766644784609,-0.004487821869708478,0.00265154407324375,0.002648034931983999
2012-10-01,1444.49,1457.14,1440.9,1440.9,3505080000,0.00265154407324375,0.002648034931983999,0.0008722801819327497,0.0008718999666616194
2012-10-02,1445.75,1451.52,1439.01,1444.99,3321790000,0.0008722801819327497,0.0008718999666616194,0.0036244163928755846,0.003617864023352092
2012-10-03,1450.99,1454.3,1441.99,1446.05,3531640000,0.0036244163928755846,0.003617864023352092,0.007174411953218218,0.007148798295437697
2012-10-04,1461.4,1463.14,1451.08,1451.08,3615860000,0.007174411953218218,0.007148798295437697,-0.00032160941562886514,-0.00032166114302795205
2012-10-05,1460.93,1470.96,1456.89,1461.4,3172940000,-0.00032160941562886514,-0.00032166114302795205,-0.0034567022376157386,-0.003462690436391353
2012-10-08,1455.88,1460.93,1453.1,1460.93,2328720000,-0.0034567022376157386,-0.003462690436391353,-0.009890925076242563,-0.009940165231843174
2012-10-09,1441.48,1455.9,1441.18,1455.9,3216320000,-0.009890925076242563,-0.009940165231843174,-0.006188084468740529,-0.006207310017350925
2012-10-10,1432.56,1442.52,1430.64,1441.48,3225060000,-0.006188084468740529,-0.006207310017350925,0.0001954542916178248,0.0001954351929163438
2012-10-11,1432.84,1443.9,1432.82,1432.82,3672540000,0.0001954542916178248,0.0001954351929163438,-0.002966137182099926,-0.002970544885050311
2012-10-12,1428.59,1438.43,1425.53,1432.84,3134750000,-0.002966137182099926,-0.002970544885050311,0.00807789498736522,0.008045443436660634
2012-10-15,1440.13,1441.31,1427.24,1428.75,3483810000,0.00807789498736522,0.008045443436660634,0.010269906189024569,0.010217529003082159
2012-10-16,1454.92,1455.51,1440.31,1440.31,3568770000,0.010269906189024569,0.010217529003082159,0.004117064855799546,0.004108612934416874
2012-10-17,1460.91,1462.2,1453.35,1454.22,3655320000,0.004117064855799546,0.004108612934416874,-0.002443682362363253,-0.0024466730272574805
2012-10-18,1457.34,1464.02,1452.63,1460.94,3880030000,-0.002443682362363253,-0.0024466730272574805,-0.01657128741405567,-0.01671012717006166
2012-10-19,1433.19,1457.34,1429.85,1457.34,3875170000,-0.01657128741405567,-0.01671012717006166,0.0004395788416049484,0.00043948225512983235
2012-10-22,1433.82,1435.46,1422.06,1433.21,3216220000,0.0004395788416049484,0.00043948225512983235,-0.014443932990194086,-0.014549262064668257
2012-10-23,1413.11,1433.74,1407.56,1433.74,3587670000,-0.014443932990194086,-0.014549262064668257,-0.0030853932107195448,-0.003090162849686388
2012-10-24,1408.75,1420.04,1407.1,1413.2,3385970000,-0.0030853932107195448,-0.003090162849686388,0.002995563442768523,0.0029910856826463454
2012-10-25,1412.97,1421.12,1405.14,1409.74,3512640000,0.002995563442768523,0.0029910856826463454,-0.0007289609828942112,-0.0007292268041415646
2012-10-26,1411.94,1417.09,1403.28,1412.97,3284910000,-0.0007289609828942112,-0.0007292268041415646,0.00015581398642994237,0.00015580184869156202
2012-10-31,1412.16,1418.76,1405.95,1410.99,3577110000,0.00015581398642994237,0.00015580184869156202,0.010926523906639396,0.010867260747050345
2012-11-01,1427.59,1428.35,1412.2,1412.2,3929890000,0.010926523906639396,0.010867260747050345,-0.00937944367780652,-0.009423707658092246
2012-11-02,1414.2,1434.27,1412.91,1427.59,3732480000,-0.00937944367780652,-0.009423707658092246,0.0021637675010606205,0.0021614299275310735
2012-11-05,1417.26,1419.9,1408.13,1414.02,2921040000,0.0021637675010606205,0.0021614299275310735,0.00785318149104608,0.007822505758014995
2012-11-06,1428.39,1433.38,1417.26,1417.26,3306970000,0.00785318149104608,0.007822505758014995,-0.023705010536338222,-0.023990494932418175
2012-11-07,1394.53,1428.27,1388.14,1428.27,4356490000,-0.023705010536338222,-0.023990494932418175,-0.012204828867073525,-0.01227991939441856
2012-11-08,1377.51,1401.23,1377.51,1394.53,3779520000,-0.012204828867073525,-0.01227991939441856,0.0016987172506914838,0.0016972760624259981
2012-11-09,1379.85,1391.39,1373.03,1377.55,3647350000,0.0016987172506914838,0.0016972760624259981,0.0001304489618436655,0.0001304404541177171
2012-11-12,1380.03,1384.87,1377.19,1379.86,2567540000,0.0001304489618436655,0.0001304404541177171,-0.003985420606798407,-0.00399338355969097
2012-11-13,1374.53,1388.81,1371.39,1380.03,3455550000,-0.003985420606798407,-0.00399338355969097,-0.013852007595323457,-0.01394884192572606
2012-11-14,1355.49,1380.13,1352.5,1374.64,4109510000,-0.013852007595323457,-0.01394884192572606,-0.0015935196866078138,-0.001594790689528524
2012-11-15,1353.33,1360.62,1348.05,1355.41,3928870000,-0.0015935196866078138,-0.001594790689528524,0.004839913398801521,0.0048282386725694085
2012-11-16,1359.88,1362.03,1343.35,1353.36,4045910000,0.004839913398801521,0.0048282386725694085,0.01986204665117519,0.01966736976809187
2012-11-19,1386.89,1386.89,1359.88,1359.88,3374800000,0.01986204665117519,0.01966736976809187,0.0006633547000842732,0.0006631347776075759
2012-11-20,1387.81,1389.77,1377.04,1386.82,3207160000,0.0006633547000842732,0.0006631347776075759,0.0023202023331725385,0.002317514819985913
2012-11-21,1391.03,1391.25,1386.39,1387.79,2667090000,0.0023202023331725385,0.002317514819985913,0.01302631862720438,0.012942205804867957
2012-11-23,1409.15,1409.16,1391.03,1391.03,1504960000,0.01302631862720438,0.012942205804867957,-0.0020295923074195032,-0.002031654720931559
2012-11-26,1406.29,1409.15,1397.68,1409.15,2948960000,-0.0020295923074195032,-0.002031654720931559,-0.005226518001265723,-0.005240224023848537
2012-11-27,1398.94,1409.01,1398.03,1406.29,3323120000,-0.005226518001265723,-0.005240224023848537,0.007855948074971142,0.007825250780979355
2012-11-28,1409.93,1410.31,1385.43,1398.77,3359250000,0.007855948074971142,0.007825250780979355,0.004269715517791761,0.004260626145993355
2012-11-29,1415.95,1419.7,1409.04,1409.96,3356850000,0.004269715517791761,0.004260626145993355,0.000162435114234194,0.00016242192307947768
2012-11-30,1416.18,1418.86,1411.63,1415.95,3966000000,0.000162435114234194,0.00016242192307947768,-0.0047451595136212,-0.004756453525113865
2012-12-03,1409.46,1423.73,1408.46,1416.34,3074280000,-0.0047451595136212,-0.004756453525113865,-0.0017098747037873618,-0.0017113382080492271
2012-12-04,1407.05,1413.14,1403.65,1409.46,3247710000,-0.0017098747037873618,-0.0017113382080492271,0.0015848761593404426,0.0015836215685260085
2012-12-05,1409.28,1415.56,1398.23,1407.05,4253920000,0.0015848761593404426,0.0015836215685260085,0.003306653042688623,0.0033011980873050694
2012-12-06,1413.94,1413.95,1405.93,1409.43,3229700000,0.003306653042688623,0.0033011980873050694,0.002920916021896147,0.002916658435379544
2012-12-07,1418.07,1420.34,1410.9,1413.95,3125160000,0.002920916021896147,0.002916658435379544,0.00033848822695636827,0.0003384309527405416
2012-12-10,1418.55,1421.64,1415.64,1418.07,2999430000,0.00033848822695636827,0.0003384309527405416,0.0065489408198511345,0.00652758967448202
2012-12-11,1427.84,1434.27,1418.55,1418.55,3650230000,0.0065489408198511345,0.00652758967448202,0.00044822949350065144,0.0004481290686690232
2012-12-12,1428.48,1438.59,1426.76,1427.84,3709050000,0.00044822949350065144,0.0004481290686690232,-0.006321404569892497,-0.00634146925043068
2012-12-13,1419.45,1431.36,1416.0,1428.48,3349960000,-0.006321404569892497,-0.00634146925043068,-0.0041354045581035725,-0.0041439789908631845
2012-12-14,1413.58,1419.45,1411.88,1419.45,3210170000,-0.0041354045581035725,-0.0041439789908631845,0.011870569759051541,0.011800667190939215
2012-12-17,1430.36,1430.67,1413.54,1413.54,3455610000,0.011870569759051541,0.011800667190939215,0.01148661875332091,0.011421148426265303
2012-12-18,1446.79,1448.0,1430.47,1430.47,4302240000,0.01148661875332091,0.011421148426265303,-0.007589214744365136,-0.007618159372240999
2012-12-19,1435.81,1447.75,1435.8,1446.79,3869800000,-0.007589214744365136,-0.007618159372240999,0.0054881913345081745,0.005473186088517688
2012-12-20,1443.69,1443.7,1432.82,1435.81,3686580000,0.0054881913345081745,0.005473186088517688,-0.009378744744370282,-0.009423002107227981
2012-12-21,1430.15,1443.67,1422.58,1443.67,5229160000,-0.009378744744370282,-0.009423002107227981,-0.0024403034646715005,-0.0024432858581227004
2012-12-24,1426.66,1430.15,1424.66,1430.15,1248960000,-0.0024403034646715005,-0.0024432858581227004,-0.004787405548624113,-0.004798901880980162
2012-12-26,1419.83,1429.42,1416.43,1426.66,2285030000,-0.004787405548624113,-0.004798901880980162,-0.0012184557306156307,-0.0012191986513380225
2012-12-27,1418.1,1422.8,1401.8,1419.83,2830180000,-0.0012184557306156307,-0.0012191986513380225,-0.011049996474155499,-0.0111115011894783
2012-12-28,1402.43,1418.1,1401.58,1418.1,2426680000,-0.011049996474155499,-0.0111115011894783,0.01694202206170714,0.016800106652478265
2012-12-31,1426.19,1426.74,1398.11,1402.43,3204330000,0.01694202206170714,0.016800106652478265,0.02540334738008254,0.025086044824864026
2013-01-02,1462.42,1462.43,1426.19,1426.19,4202600000,0.02540334738008254,0.025086044824864026,-0.0020855841687067445,-0.0020877620279685176
2013-01-03,1459.37,1465.47,1455.53,1462.42,3829730000,-0.0020855841687067445,-0.0020877620279685176,0.004865113028224677,0.004853316610966446
2013-01-04,1466.47,1467.94,1458.99,1459.37,3424290000,0.004865113028224677,0.004853316610966446,-0.0031231460582213932,-0.003128033257148679
2013-01-07,1461.89,1466.47,1456.62,1466.47,3304970000,-0.0031231460582213932,-0.003128033257148679,-0.0032423780174979377,-0.003247645915194656
2013-01-08,1457.15,1461.89,1451.64,1461.89,3601600000,-0.0032423780174979377,-0.003247645915194656,0.0026558693339737705,0.0026523487451191913
2013-01-09,1461.02,1464.73,1457.15,1457.15,3674390000,0.0026558693339737705,0.0026523487451191913,0.007597431931116505,0.007568716794297316
2013-01-10,1472.12,1472.3,1461.02,1461.02,4081840000,0.007597431931116505,0.007568716794297316,-4.755047142890323e-05,-4.755160198840902e-05
2013-01-11,1472.05,1472.75,1467.58,1472.12,3340650000,-4.755047142890323e-05,-4.755160198840902e-05,-0.0009306749091402278,-0.0009311082559243282
2013-01-14,1470.68,1472.05,1465.69,1472.05,3003010000,-0.0009306749091402278,-0.0009311082559243282,0.0011287295672748332,0.001128093030996665
2013-01-15,1472.34,1473.31,1463.76,1470.67,3135350000,0.0011287295672748332,0.001128093030996665,0.00019696537484570342,0.0001969459797129973
2013-01-16,1472.63,1473.96,1467.6,1472.33,3384080000,0.00019696537484570342,0.0001969459797129973,0.00564296530696784,0.005627103422306787
2013-01-17,1480.94,1485.16,1472.63,1472.63,3706710000,0.00564296530696784,0.005627103422306787,0.0034032438856401726,0.0033974659565910057
2013-01-18,1485.98,1485.98,1475.81,1480.95,3795740000,0.0034032438856401726,0.0033974659565910057,0.004428054213380994,0.00441827922681335
2013-01-22,1492.56,1492.56,1481.16,1485.98,3570950000,0.004428054213380994,0.00441827922681335,0.0015074770863483522,0.001506341983383369
2013-01-23,1494.81,1496.13,1489.9,1492.56,3552010000,0.0015074770863483522,0.001506341983383369,6.689813421001389e-06,6.689791044299383e-06
2013-01-24,1494.82,1502.27,1489.46,1494.81,3699430000,6.689813421001389e-06,6.689791044299383e-06,0.005445471695588733,0.0054306987208722545
2013-01-25,1502.96,1503.26,1494.82,1494.82,3476290000,0.005445471695588733,0.0054306987208722545,-0.0018496832916378159,-0.0018513960681661246
2013-01-28,1500.18,1503.23,1496.33,1502.96,3388540000,-0.0018496832916378159,-0.0018513960681661246,0.0051060539401937,0.005093062252180289
2013-01-29,1507.84,1509.35,1498.09,1500.18,3949640000,0.0051060539401937,0.005093062252180289,-0.003899617996604321,-0.003907241332048655
2013-01-30,1501.96,1509.94,1500.11,1507.84,3726810000,-0.003899617996604321,-0.003907241332048655,-0.0025633172654399017,-0.0025666081881304615
2013-01-31,1498.11,1504.19,1496.76,1501.96,3999880000,-0.0025633172654399017,-0.0025666081881304615,0.010052666359613216,0.010002474404177631
2013-02-01,1513.17,1514.41,1498.11,1498.11,3836320000,0.010052666359613216,0.010002474404177631,-0.011538690299173315,-0.011605777551404992
2013-02-04,1495.71,1513.17,1495.02,1513.17,3390000000,-0.011538690299173315,-0.011605777551404992,0.01041645773579103,0.01036258025857612
2013-02-05,1511.29,1514.96,1495.71,1495.71,3618360000,0.01041645773579103,0.01036258025857612,0.0005491996903306262,0.0005490489353745546
2013-02-06,1512.12,1512.53,1504.71,1511.29,3611570000,0.0005491996903306262,0.0005490489353745546,-0.0018054122688674346,-0.001807043989846203
2013-02-07,1509.39,1512.9,1498.49,1512.12,3614580000,-0.0018054122688674346,-0.001807043989846203,0.005657914786768137,0.005641968905585326
2013-02-08,1517.93,1518.31,1509.39,1509.39,2986150000,0.005657914786768137,0.005641968905585326,-0.0006060885548082595,-0.0006062723007243433
2013-02-11,1517.01,1518.31,1513.61,1517.93,2684100000,-0.0006060885548082595,-0.0006062723007243433,0.0015952432745993672,0.0015939722256221329
2013-02-12,1519.43,1522.29,1515.61,1517.01,3414370000,0.0015952432745993672,0.0015939722256221329,0.0005923273859276268,0.000592152029303837
2013-02-13,1520.33,1524.69,1515.93,1519.43,3385880000,0.0005923273859276268,0.000592152029303837,0.0006906395322070491,0.0006904011504762424
2013-02-14,1521.38,1523.14,1514.02,1520.33,3759740000,0.0006906395322070491,0.0006904011504762424,-0.0010451037873510094,-0.0010456502891147328
2013-02-15,1519.79,1524.24,1514.14,1521.38,3838510000,-0.0010451037873510094,-0.0010456502891147328,0.007336539916699136,0.007309758416980312
2013-02-19,1530.94,1530.94,1519.79,1519.79,3748910000,0.007336539916699136,0.007309758416980312,-0.01240414385932831,-0.01248171740825915
2013-02-20,1511.95,1530.94,1511.41,1530.94,4240570000,-0.01240414385932831,-0.01248171740825915,-0.0063031184893680425,-0.0063230670101523416
2013-02-21,1502.42,1511.95,1497.29,1511.95,4274600000,-0.0063031184893680425,-0.0063230670101523416,0.008772513677932858,0.00873425874497273
2013-02-22,1515.6,1515.64,1502.42,1502.42,3419320000,0.008772513677932858,0.00873425874497273,-0.018309580364212152,-0.018479275284333255
2013-02-25,1487.85,1525.84,1487.85,1515.6,4011050000,-0.018309580364212152,-0.018479275284333255,0.006109486843431933,0.0060908995959643225
2013-02-26,1496.94,1498.99,1485.01,1487.85,3975280000,0.006109486843431933,0.0060908995959643225,0.012725960960359162,0.012645666418416045
2013-02-27,1515.99,1520.08,1494.88,1496.94,3551850000,0.012725960960359162,0.012645666418416045,-0.000864121794998618,-0.0008644953634581831
2013-02-28,1514.68,1525.34,1514.46,1515.99,3912320000,-0.000864121794998618,-0.0008644953634581831,0.002323923204901268,0.0023212270716333073
2013-03-01,1518.2,1519.99,1501.48,1514.68,3695610000,0.002323923204901268,0.0023212270716333073,0.004610723224871549,0.004600126400740833
2013-03-04,1525.2,1525.27,1512.29,1518.2,3414430000,0.004610723224871549,0.004600126400740833,0.009565958562811394,0.009520494489536513
2013-03-05,1539.79,1543.47,1525.2,1525.2,3610690000,0.009565958562811394,0.009520494489536513,0.0010845634794356407,0.0010839757653689358
2013-03-06,1541.46,1545.25,1538.11,1539.79,3676890000,0.0010845634794356407,0.0010839757653689358,0.0018164597200056587,0.001814811952149328
2013-03-07,1544.26,1545.78,1541.46,1541.46,3634710000,0.0018164597200056587,0.001814811952149328,0.004481110693795198,0.004471100410919991
2013-03-08,1551.18,1552.48,1542.94,1544.26,3652260000,0.004481110693795198,0.004471100410919991,0.00324913936487059,0.0032438723173948535
2013-03-11,1556.22,1556.27,1547.36,1551.15,3091080000,0.00324913936487059,0.0032438723173948535,-0.0024032591792934044,-0.0024061516417888235
2013-03-12,1552.48,1556.77,1548.24,1556.22,3274910000,-0.0024032591792934044,-0.0024061516417888235,0.0013140265897144676,0.0013131640123256268
2013-03-13,1554.52,1556.39,1548.25,1552.48,3073830000,0.0013140265897144676,0.0013131640123256268,0.005603015721894922,0.0055873772173025285
2013-03-14,1563.23,1563.32,1554.52,1554.52,3459260000,0.005603015721894922,0.0055873772173025285,-0.0016184438630272302,-0.0016197549581095975
2013-03-15,1560.7,1563.62,1555.74,1563.21,5175850000,-0.0016184438630272302,-0.0016197549581095975,-0.005510347920804848,-0.005525585891369138
2013-03-18,1552.1,1560.7,1545.13,1560.7,3164560000,-0.005510347920804848,-0.005525585891369138,-0.002422524321886499,-0.0024254633815200036
2013-03-19,1548.34,1557.25,1538.57,1552.1,3796210000,-0.002422524321886499,-0.0024254633815200036,0.006697495382151253,0.006675166801552446
2013-03-20,1558.71,1561.56,1548.34,1548.34,3349090000,0.006697495382151253,0.006675166801552446,-0.008282490007762933,-0.008316980404400766
2013-03-21,1545.8,1558.71,1543.55,1558.71,3243270000,-0.008282490007762933,-0.008316980404400766,0.007174278690645686,0.00714866598212655
2013-03-22,1556.89,1557.74,1545.9,1545.9,2948380000,0.007174278690645686,0.00714866598212655,-0.0033399919069426742,-0.003345582130917859
2013-03-25,1551.69,1564.91,1546.22,1556.89,3178170000,-0.0033399919069426742,-0.003345582130917859,0.007785060160212298,0.007754912943538612
2013-03-26,1563.77,1563.95,1551.69,1551.69,2869260000,0.007785060160212298,0.007754912943538612,-0.0005883218120312783,-0.000588494941215648
2013-03-27,1562.85,1564.07,1551.9,1563.75,2914210000,-0.0005883218120312783,-0.000588494941215648,0.004056691301148607,0.004048485114815581
2013-03-28,1569.19,1570.28,1561.08,1562.86,3304440000,0.004056691301148607,0.004048485114815581,-0.0044736456388327905,-0.0044836823364220995
2013-04-01,1562.17,1570.57,1558.47,1569.18,2753110000,-0.0044736456388327905,-0.0044836823364220995,0.005172292388152311,0.005158962029794233
2013-04-02,1570.25,1573.66,1562.17,1562.17,3312160000,0.005172292388152311,0.005158962029794233,-0.010546091386721801,-0.010602095506201462
2013-04-03,1553.69,1571.47,1549.8,1570.25,4060610000,-0.010546091386721801,-0.010602095506201462,0.004048426648816772,0.0040402538202902035
2013-04-04,1559.98,1562.6,1552.52,1553.69,3350670000,0.004048426648816772,0.0040402538202902035,-0.004294926858036674,-0.004304176550396904
2013-04-05,1553.28,1559.98,1539.5,1559.98,3515410000,-0.004294926858036674,-0.004304176550396904,0.006302791512154959,0.006283011989032715
2013-04-08,1563.07,1563.07,1548.63,1553.26,2887120000,0.006302791512154959,0.006283011989032715,0.003544307036792871,0.003538040782594966
2013-04-09,1568.61,1573.89,1560.92,1563.11,3252780000,0.003544307036792871,0.003538040782594966,0.012189135604133705,0.012115446292433605
2013-04-10,1587.73,1589.07,1568.61,1568.61,3453350000,0.012189135604133705,0.012115446292433605,0.003552241250086574,0.003545946942665359
2013-04-11,1593.37,1597.35,1586.17,1587.73,3393950000,0.003552241250086574,0.003545946942665359,-0.0028367548027137257,-0.002840786017135281
2013-04-12,1588.85,1593.3,1579.97,1593.3,3206290000,-0.0028367548027137257,-0.002840786017135281,-0.02296629637788339,-0.023234130479996954
2013-04-15,1552.36,1588.84,1552.28,1588.84,4660130000,-0.02296629637788339,-0.023234130479996954,0.014307248318689014,0.014205865503323178
2013-04-16,1574.57,1575.35,1552.36,1552.36,3654700000,0.014307248318689014,0.014205865503323178,-0.01432772121912651,-0.014431354089724242
2013-04-17,1552.01,1574.57,1543.69,1574.57,4250310000,-0.01432772121912651,-0.014431354089724242,-0.006700987751367626,-0.006723540175262234
2013-04-18,1541.61,1554.38,1536.03,1552.03,3890800000,-0.006700987751367626,-0.006723540175262234,0.008847892787410716,0.008808979549016325
2013-04-19,1555.25,1555.89,1539.4,1541.61,3569870000,0.008847892787410716,0.008808979549016325,0.004661629963028435,0.004650798215427389
2013-04-22,1562.5,1565.55,1548.19,1555.25,2979880000,0.004661629963028435,0.004650798215427389,0.010419200000000073,0.010365294248898439
2013-04-23,1578.78,1579.58,1562.5,1562.5,3565150000,0.010419200000000073,0.010365294248898439,6.3340047378179776e-06,6.333984678094674e-06
2013-04-24,1578.79,1583.0,1575.8,1578.78,3598240000,6.3340047378179776e-06,6.333984678094674e-06,0.004034735461967864,0.0040266177447456745
2013-04-25,1585.16,1592.64,1578.93,1578.93,3908580000,0.004034735461967864,0.0040266177447456745,-0.0018420853415428429,-0.0018437840671979098
2013-04-26,1582.24,1585.78,1577.56,1585.16,3198620000,-0.0018420853415428429,-0.0018437840671979098,0.007186014763878923,0.0071603183893662135
2013-04-29,1593.61,1596.65,1582.34,1582.34,2891200000,0.007186014763878923,0.0071603183893662135,0.0024849241658875254,0.0024818418469955725
2013-04-30,1597.57,1597.57,1586.5,1593.58,3745070000,0.0024849241658875254,0.0024818418469955725,-0.009307886352397654,-0.009351475418805077
2013-05-01,1582.7,1597.55,1581.28,1597.55,3530320000,-0.009307886352397654,-0.009351475418805077,0.009407973715801932,0.009363994353694133
2013-05-02,1597.59,1598.6,1582.77,1582.77,3366950000,0.009407973715801932,0.009363994353694133,0.010534617768013232,0.0104795153331448
2013-05-03,1614.42,1618.46,1597.6,1597.6,3603910000,0.010534617768013232,0.0104795153331448,0.00190780589933226,0.0019059883489792062
2013-05-06,1617.5,1619.77,1614.21,1614.4,3062240000,0.00190780589933226,0.0019059883489792062,0.005230293663060381,0.0052166631841069
2013-05-07,1625.96,1626.03,1616.64,1617.55,3309580000,0.005230293663060381,0.0052166631841069,0.004139093212625067,0.004130550730288085
2013-05-08,1632.69,1632.78,1622.7,1625.95,3554700000,0.004139093212625067,0.004130550730288085,-0.0036871665778561713,-0.003693980932139126
2013-05-09,1626.67,1635.01,1623.09,1632.69,3457400000,-0.0036871665778561713,-0.003693980932139126,0.004321712455507276,0.00431240067515143
2013-05-10,1633.7,1633.7,1623.71,1626.69,3086470000,0.004321712455507276,0.00431240067515143,4.284752402528014e-05,4.284660609634315e-05
2013-05-13,1633.77,1636.0,1626.74,1632.1,2910600000,4.284752402528014e-05,4.284660609634315e-05,0.01014218647667664,0.010091099634557102
2013-05-14,1650.34,1651.1,1633.75,1633.75,3457790000,0.01014218647667664,0.010091099634557102,0.005114097701079734,0.005101065117816183
2013-05-15,1658.78,1661.49,1646.68,1649.13,3657440000,0.005114097701079734,0.005101065117816183,-0.005009705928453401,-0.005022296573084914
2013-05-16,1650.47,1660.51,1648.6,1658.07,3513130000,-0.005009705928453401,-0.005022296573084914,0.01030009633619522,0.010247411805593496
2013-05-17,1667.47,1667.47,1652.45,1652.45,3440710000,0.01030009633619522,0.010247411805593496,-0.0007076589084061835,-0.0007079094171616472
2013-05-20,1666.29,1672.84,1663.52,1665.71,3275080000,-0.0007076589084061835,-0.0007079094171616472,0.001722389259972923,0.001720907648621843
2013-05-21,1669.16,1674.93,1662.67,1666.2,3513560000,0.001722389259972923,0.001720907648621843,-0.008273622660500024,-0.00830803904001975
2013-05-22,1655.35,1687.18,1648.86,1669.39,4361020000,-0.008273622660500024,-0.00830803904001975,-0.0029238529616092412,-0.002928135769918223
2013-05-23,1650.51,1655.5,1635.53,1651.62,3945510000,-0.0029238529616092412,-0.002928135769918223,-0.0005513447358695966,-0.0005514967822677049
2013-05-24,1649.6,1649.78,1636.88,1646.67,2758080000,-0.0005513447358695966,-0.0005514967822677049,0.006340931134820593,0.0063209120130071905
2013-05-28,1660.06,1674.21,1652.63,1652.63,3457400000,0.006340931134820593,0.0063209120130071905,-0.007047938026336409,-0.007072892060328735
2013-05-29,1648.36,1656.57,1640.05,1656.57,3587140000,-0.007047938026336409,-0.007072892060328735,0.0036703147370720224,0.003663595567895728
2013-05-30,1654.41,1661.91,1648.61,1649.14,3498620000,0.0036703147370720224,0.003663595567895728,-0.014307215261029627,-0.014410550273650714
2013-05-31,1630.74,1658.99,1630.74,1652.13,4099600000,-0.014307215261029627,-0.014410550273650714,0.005935955455805386,0.005918407082218199
2013-06-03,1640.42,1640.42,1622.72,1631.71,3952070000,0.005935955455805386,0.005918407082218199,-0.005510783823654886,-0.005526024209600663
2013-06-04,1631.38,1646.53,1623.62,1640.73,3653840000,-0.005510783823654886,-0.005526024209600663,-0.013779744755973433,-0.01387556672524714
2013-06-05,1608.9,1629.31,1607.09,1629.05,3632350000,-0.013779744755973433,-0.01387556672524714,0.008490272857231584,0.00845443320669695
2013-06-06,1622.56,1622.56,1598.23,1609.29,3547380000,0.008490272857231584,0.00845443320669695,0.012831574795385103,0.012749947667659597
2013-06-07,1643.38,1644.4,1625.27,1625.27,3371990000,0.012831574795385103,0.012749947667659597,-0.0003468461341870066,-0.00034690629921981507
2013-06-10,1642.81,1648.69,1639.26,1644.67,2978730000,-0.0003468461341870066,-0.00034690629921981507,-0.010153334834825611,-0.01020523152075696
2013-06-11,1626.13,1640.13,1622.92,1638.64,3435710000,-0.010153334834825611,-0.01020523152075696,-0.008369564548959874,-0.008404786017584211
2013-06-12,1612.52,1637.71,1610.92,1629.94,3202550000,-0.008369564548959874,-0.008404786017584211,0.014784312752710083,0.014676090161454946
2013-06-13,1636.36,1639.25,1608.07,1612.15,3378620000,0.014784312752710083,0.014676090161454946,-0.0058850130778067555,-0.005902398007852176
2013-06-14,1626.73,1640.8,1623.96,1635.52,2939400000,-0.0058850130778067555,-0.005902398007852176,0.007567328321233413,0.007538839723718172
2013-06-17,1639.04,1646.5,1630.34,1630.64,3137080000,0.007567328321233413,0.007538839723718172,0.007791146036704388,0.007760951788880602
2013-06-18,1651.81,1654.19,1639.77,1639.77,3120980000,0.007791146036704388,0.007760951788880602,-0.01385147202160053,-0.013948298829170962
2013-06-19,1628.93,1652.45,1628.91,1651.83,3545060000,-0.01385147202160053,-0.013948298829170962,-0.025010282823694108,-0.02532835452574456
2013-06-20,1588.19,1624.62,1584.32,1624.62,4858850000,-0.025010282823694108,-0.02532835452574456,0.002669705765683039,0.0026661484311964016
2013-06-21,1592.43,1599.19,1577.7,1588.62,5797280000,0.002669705765683039,0.0026661484311964016,-0.012144960846002695,-0.012219313502973374
2013-06-24,1573.09,1588.77,1560.33,1588.77,4733660000,-0.012144960846002695,-0.012219313502973374,0.009497231563356134,0.009452416382998888
2013-06-25,1588.03,1593.79,1577.09,1577.52,3761170000,0.009497231563356134,0.009452416382998888,0.00959049892004571,0.009544802023650156
2013-06-26,1603.26,1606.83,1592.27,1592.27,3558340000,0.00959049892004571,0.009544802023650156,0.006199867769419942,0.006180727659270396
2013-06-27,1613.2,1620.07,1606.44,1606.44,3364540000,0.006199867769419942,0.006180727659270396,-0.004289610711629144,-0.00429883748729547
2013-06-28,1606.28,1615.94,1601.06,1611.12,4977190000,-0.004289610711629144,-0.00429883748729547,0.0054037901237642405,0.0053892420362545825
2013-07-01,1614.96,1626.61,1609.78,1609.78,3104690000,0.0054037901237642405,0.0053892420362545825,-0.0005449051369693647,-0.0005450536517269326
2013-07-02,1614.08,1624.26,1606.77,1614.29,3317130000,-0.0005449051369693647,-0.0005450536517269326,0.0008239988104679075,0.0008236595098241727
2013-07-03,1615.41,1618.97,1604.57,1611.48,1966050000,0.0008239988104679075,0.0008236595098241727,0.010201744448777639,0.010150057885384197
2013-07-05,1631.89,1632.07,1614.71,1618.65,2634140000,0.010201744448777639,0.010150057885384197,0.005251579456948763,0.005237838002118209
2013-07-08,1640.46,1644.68,1634.2,1634.2,3514590000,0.005251579456948763,0.005237838002118209,0.007229679480145856,0.0072036706293219874
2013-07-09,1652.32,1654.18,1642.89,1642.89,3155360000,0.007229679480145856,0.0072036706293219874,0.00018156289338633336,0.00018154641283901302
2013-07-10,1652.62,1657.92,1647.66,1651.56,3011010000,0.00018156289338633336,0.00018154641283901302,0.013554235093367062,0.013463198150456835
2013-07-11,1675.02,1676.63,1657.41,1657.41,3446340000,0.013554235093367062,0.013463198150456835,0.0030865303100859887,0.0030817767542262128
2013-07-12,1680.19,1680.19,1672.33,1675.26,3039070000,0.0030865303100859887,0.0030817767542262128,0.0013748445116326113,0.0013739002782673193
2013-07-15,1682.5,1684.51,1677.89,1679.59,2623200000,0.0013748445116326113,0.0013739002782673193,-0.0037087667161961324,-0.0037156612435484218
2013-07-16,1676.26,1683.73,1671.84,1682.7,3081710000,-0.0037087667161961324,-0.0037156612435484218,0.0027740326679632776,0.002770192140202006
2013-07-17,1680.91,1684.75,1677.91,1677.91,3153440000,0.0027740326679632776,0.002770192140202006,0.005032988083835344,0.005020364936359822
2013-07-18,1689.37,1693.12,1681.05,1681.05,3452370000,0.005032988083835344,0.005020364936359822,0.0016100676583579165,0.0016087728890168559
2013-07-19,1692.09,1692.09,1684.08,1686.15,3302580000,0.0016100676583579165,0.0016087728890168559,0.00203298878901248,0.002030925063851086
2013-07-22,1695.53,1697.61,1690.67,1694.41,2779130000,0.00203298878901248,0.002030925063851086,-0.0018519283056034341,-0.001853645244921124
2013-07-23,1692.39,1698.78,1691.13,1696.63,3096180000,-0.0018519283056034341,-0.001853645244921124,-0.0038111782745112732,-0.0038184593198933806
2013-07-24,1685.94,1698.38,1682.57,1696.06,3336120000,-0.0038111782745112732,-0.0038184593198933806,0.002556437358387509,0.0025531752308375314
2013-07-25,1690.25,1690.94,1680.07,1685.21,3322500000,0.002556437358387509,0.0025531752308375314,0.0008282798402603486,0.0008279370058089733
2013-07-26,1691.65,1691.85,1676.03,1687.31,2762770000,0.0008282798402603486,0.0008279370058089733,-0.0037359973989892215,-0.003742993668069835
2013-07-29,1685.33,1690.92,1681.86,1690.32,2840520000,-0.0037359973989892215,-0.003742993668069835,0.0003738140304867521,0.0003737441794290525
2013-07-30,1685.96,1693.19,1682.42,1687.92,3320530000,0.0003738140304867521,0.0003737441794290525,-0.00013642079290143716,-0.00013643009906418412
2013-07-31,1685.73,1698.43,1684.94,1687.76,3847390000,-0.00013642079290143716,-0.00013643009906418412,0.01254056106256618,0.012462579504871753
2013-08-01,1706.87,1707.85,1689.42,1689.42,3775170000,0.01254056106256618,0.012462579504871753,0.0016404295581973205,0.0016390855232919159
2013-08-02,1709.67,1709.67,1700.68,1706.1,3136630000,0.0016404295581973205,0.0016390855232919159,-0.001479817742605305,-0.001480913754279429
2013-08-05,1707.14,1709.24,1703.55,1708.01,2529300000,-0.001479817742605305,-0.001480913754279429,-0.005723022130581068,-0.005739461373172054
2013-08-06,1697.37,1705.79,1693.29,1705.79,3141210000,-0.005723022130581068,-0.005739461373172054,-0.003805887932507246,-0.00381314875241731
2013-08-07,1690.91,1695.3,1684.91,1695.3,3010230000,-0.003805887932507246,-0.00381314875241731,0.0038854817819991005,0.0038779527938558253
2013-08-08,1697.48,1700.18,1688.38,1693.35,3271660000,0.0038854817819991005,0.0038779527938558253,-0.003569997879209197,-0.0035763855287662917
2013-08-09,1691.42,1699.42,1686.02,1696.1,2957670000,-0.003569997879209197,-0.0035763855287662917,-0.0011528774639061323,-0.0011535425383448848
2013-08-12,1689.47,1691.49,1683.35,1688.37,2789160000,-0.0011528774639061323,-0.0011535425383448848,0.0027760185146821215,0.0027721724913956085
2013-08-13,1694.16,1696.81,1682.62,1690.65,3035560000,0.0027760185146821215,0.0027721724913956085,-0.005176606695943664,-0.005190051744275638
2013-08-14,1685.39,1695.52,1684.83,1693.88,2871430000,-0.005176606695943664,-0.005190051744275638,-0.01428156094435129,-0.014384523926260438
2013-08-15,1661.32,1679.61,1658.59,1679.61,3426690000,-0.01428156094435129,-0.014384523926260438,-0.003304601160523002,-0.0033100734140073594
2013-08-16,1655.83,1663.6,1652.61,1661.22,3211450000,-0.003304601160523002,-0.0033100734140073594,-0.005900364167819139,-0.005917840093265895
2013-08-19,1646.06,1659.18,1645.84,1655.25,2904530000,-0.005900364167819139,-0.005917840093265895,0.0038212458841111463,0.003813963470091846
2013-08-20,1652.35,1658.92,1646.08,1646.81,2994090000,0.0038212458841111463,0.003813963470091846,-0.005779647169183222,-0.005796413965205477
2013-08-21,1642.8,1656.99,1639.43,1650.66,2932180000,-0.005779647169183222,-0.005796413965205477,0.008619430241051829,0.008582495040714577
2013-08-22,1656.96,1659.55,1645.03,1645.03,2537460000,0.008619430241051829,0.008582495040714577,0.003946987253765855,0.003939218335413213
2013-08-23,1663.5,1664.85,1654.81,1659.92,2582670000,0.003946987253765855,0.003939218335413213,-0.004039675383228136,-0.004047856913079035
2013-08-26,1656.78,1669.51,1656.02,1664.29,2430670000,-0.004039675383228136,-0.004047856913079035,-0.01587416555004284,-0.016001509567328324
2013-08-27,1630.48,1652.54,1629.05,1652.54,3219190000,-0.01587416555004284,-0.016001509567328324,0.002747657131642267,0.0027438892221566106
2013-08-28,1634.96,1641.18,1627.47,1630.25,2784010000,0.002747657131642267,0.0027438892221566106,0.0019633507853402676,0.0019614259312179068
2013-08-29,1638.17,1646.41,1630.88,1633.5,2527550000,0.0019633507853402676,0.0019614259312179068,-0.003174273732274413,-0.0031793224259261555
2013-08-30,1632.97,1640.08,1628.05,1638.89,2734300000,-0.003174273732274413,-0.0031793224259261555,0.00416419162630044,0.004155545375136951
2013-09-03,1639.77,1651.35,1633.41,1635.95,3731610000,0.00416419162630044,0.004155545375136951,0.008116992017173086,0.008084226423429193
2013-09-04,1653.08,1655.72,1637.41,1640.72,3312150000,0.008116992017173086,0.008084226423429193,0.0012098628015582147,0.001209131507343265
2013-09-05,1655.08,1659.17,1653.07,1653.28,2957110000,0.0012098628015582147,0.001209131507343265,5.437803610708336e-05,5.4376557675273835e-05
2013-09-06,1655.17,1664.83,1640.62,1657.44,3123880000,5.437803610708336e-05,5.4376557675273835e-05,0.00999293123969136,0.009943332056093749
2013-09-09,1671.71,1672.4,1656.85,1656.85,3102780000,0.00999293123969136,0.009943332056093749,0.0073457716948512886,0.0073189229171092005
2013-09-10,1683.99,1684.09,1675.11,1675.11,3691800000,0.0073457716948512886,0.0073189229171092005,0.0030522746572130277,0.0030476259239930587
2013-09-11,1689.13,1689.13,1678.7,1681.04,3135460000,0.0030522746572130277,0.0030476259239930587,-0.00338043845056335,-0.0033861650418574234
2013-09-12,1683.42,1689.97,1681.96,1689.21,3106290000,-0.00338043845056335,-0.0033861650418574234,0.002714711717812568,0.0027110335432424617
2013-09-13,1687.99,1688.73,1682.22,1685.04,2736500000,0.002714711717812568,0.0027110335432424617,0.0056931616893465264,0.0056770168919803715
2013-09-16,1697.6,1704.95,1691.7,1691.7,3079800000,0.0056931616893465264,0.0056770168919803715,0.004217719132893594,0.00420884948659013
2013-09-17,1704.76,1705.52,1697.73,1697.73,2774240000,0.004217719132893594,0.00420884948659013,0.01217766723761704,0.012104115967809937
2013-09-18,1725.52,1729.44,1700.35,1705.74,3989760000,0.01217766723761704,0.012104115967809937,-0.0018429227131532278,-0.0018446229845168335
2013-09-19,1722.34,1729.86,1720.2,1727.34,3740130000,-0.0018429227131532278,-0.0018446229845168335,-0.007216925810234809,-0.00724309379693379
2013-09-20,1709.91,1725.23,1708.89,1722.44,5074030000,-0.007216925810234809,-0.00724309379693379,-0.0047195466428058275,-0.004730718868817136
2013-09-23,1701.84,1711.44,1697.1,1711.44,3126950000,-0.0047195466428058275,-0.004730718868817136,-0.0025971889249282176,-0.0026005674711671984
2013-09-24,1697.42,1707.63,1694.9,1702.6,3268930000,-0.0025971889249282176,-0.0026005674711671984,-0.0027394516383688616,-0.0027432108029442847
2013-09-25,1692.77,1701.71,1691.88,1698.02,3148730000,-0.0027394516383688616,-0.0027432108029442847,0.0034854114853171136,0.0034793515156158698
2013-09-26,1698.67,1703.85,1693.11,1694.05,2813930000,0.0034854114853171136,0.0034793515156158698,-0.004073775365432963,-0.004082095793020239
2013-09-27,1691.75,1695.52,1687.11,1695.52,2951700000,-0.004073775365432963,-0.004082095793020239,-0.006029259642382212,-0.0060475090187600816
2013-09-30,1681.55,1687.26,1674.99,1687.26,3308630000,-0.006029259642382212,-0.0060475090187600816,0.007998572745383736,0.007966753720975774
2013-10-01,1695.0,1696.55,1682.07,1682.41,3238690000,0.007998572745383736,0.007966753720975774,-0.0006666666666667043,-0.0006668889877037677
2013-10-02,1693.87,1693.87,1680.34,1691.9,3148600000,-0.0006666666666667043,-0.0006668889877037677,-0.008979437619179631,-0.009019995744482426
2013-10-03,1678.66,1692.35,1670.36,1692.35,3279650000,-0.008979437619179631,-0.009019995744482426,0.007053244850058871,0.007028487065576219
2013-10-04,1690.5,1691.94,1677.33,1678.79,2880270000,0.007053244850058871,0.007028487065576219,-0.008506359065365343,-0.008542744623655642
2013-10-07,1676.12,1687.15,1674.7,1687.15,2678490000,-0.008506359065365343,-0.008542744623655642,-0.012332052597665899,-0.012408723348868085
2013-10-08,1655.45,1676.79,1655.03,1676.22,3569230000,-0.012332052597665899,-0.012408723348868085,0.0005738620918782633,0.0005736974959952306
2013-10-09,1656.4,1662.47,1646.47,1656.99,3577840000,0.0005738620918782633,0.0005736974959952306,0.0218304757304999,0.021595603003649867
2013-10-10,1692.56,1692.56,1660.88,1660.88,3362300000,0.0218304757304999,0.021595603003649867,0.006286335491799466,0.006266658904207739
2013-10-11,1703.2,1703.44,1688.52,1691.09,2944670000,0.006286335491799466,0.006266658904207739,0.004074682949741781,0.004066403911189516
2013-10-14,1710.14,1711.03,1692.13,1699.86,2580580000,0.004074682949741781,0.004066403911189516,-0.007063749166735023,-0.007088815554411441
2013-10-15,1698.06,1711.57,1695.93,1709.17,3327740000,-0.007063749166735023,-0.007088815554411441,0.013827544374168221,0.013732816122981576
2013-10-16,1721.54,1721.76,1700.49,1700.49,3486180000,0.013827544374168221,0.013732816122981576,0.006743961801642717,0.006721323017650933
2013-10-17,1733.15,1733.45,1714.12,1720.17,3453590000,0.006743961801642717,0.006721323017650933,0.00654876958139794,0.0065274195501484516
2013-10-18,1744.5,1745.31,1735.74,1736.72,3664890000,0.00654876958139794,0.0065274195501484516,9.17168243050881e-05,9.171261857431335e-05
2013-10-21,1744.66,1747.79,1740.67,1745.2,3052710000,9.17168243050881e-05,9.171261857431335e-05,0.0057375075946028975,0.005721110785884598
2013-10-22,1754.67,1759.33,1746.48,1746.48,3850840000,0.0057375075946028975,0.005721110785884598,-0.0047245350977676015,-0.004735730991225781
2013-10-23,1746.38,1752.27,1740.5,1752.27,3713380000,-0.0047245350977676015,-0.004735730991225781,0.003258168325335653,0.0032528719960210105
2013-10-24,1752.07,1753.94,1745.5,1747.48,3671700000,0.003258168325335653,0.0032528719960210105,0.004394801577562557,0.00438517263831988
2013-10-25,1759.77,1759.82,1752.45,1756.01,3175720000,0.004394801577562557,0.00438517263831988,0.0013297192246712886,0.001328835930998072
2013-10-28,1762.11,1764.99,1757.67,1759.42,3282300000,0.0013297192246712886,0.001328835930998072,0.0055842143793520815,0.005568680457237637
2013-10-29,1771.95,1772.09,1762.93,1762.93,3358460000,0.0055842143793520815,0.005568680457237637,-0.004875984085329743,-0.004887910480131458
2013-10-30,1763.31,1775.22,1757.24,1772.27,3523040000,-0.004875984085329743,-0.004887910480131458,-0.0038393702752210768,-0.003846759576849974
2013-10-31,1756.54,1768.53,1755.72,1763.24,3826530000,-0.0038393702752210768,-0.003846759576849974,0.0029034351623078436,0.002899228335302809
2013-11-01,1761.64,1765.67,1752.7,1758.7,3686290000,0.0029034351623078436,0.002899228335302809,0.003570536545491665,0.0035641773126337483
2013-11-04,1767.93,1768.78,1761.56,1763.4,3194870000,0.003570536545491665,0.0035641773126337483,-0.0028055409433631606,-0.0028094838497391963
2013-11-05,1762.97,1767.03,1755.76,1765.67,3516680000,-0.0028055409433631606,-0.0028094838497391963,0.004265529192215345,0.004256457610153671
2013-11-06,1770.49,1773.74,1764.4,1765.0,3322100000,0.004265529192215345,0.004256457610153671,-0.013182791204694677,-0.01327045548901987
2013-11-07,1747.15,1774.54,1746.2,1770.74,4143200000,-0.013182791204694677,-0.01327045548901987,0.013427582062215393,0.01333823103901602
2013-11-08,1770.61,1770.78,1747.63,1748.37,3837170000,0.013427582062215393,0.01333823103901602,0.000722914701713151,0.0007226535247450411
2013-11-11,1771.89,1773.44,1767.85,1769.96,2534060000,0.000722914701713151,0.0007226535247450411,-0.0023703503039127494,-0.0023731640314203425
2013-11-12,1767.69,1771.78,1762.29,1769.51,3221030000,-0.0023703503039127494,-0.0023731640314203425,0.008095310829387525,0.008062719573425563
2013-11-13,1782.0,1782.0,1760.64,1764.37,3327480000,0.008095310829387525,0.008062719573425563,0.0048372615039280475,0.00482559954733418
2013-11-14,1790.62,1791.53,1780.22,1782.75,3139060000,0.0048372615039280475,0.00482559954733418,0.004222001317979451,0.004213113677386858
2013-11-15,1798.18,1798.22,1790.66,1790.66,3254820000,0.004222001317979451,0.004213113677386858,-0.003698183719093806,-0.0037050389068854113
2013-11-18,1791.53,1802.33,1788.0,1798.82,3168520000,-0.003698183719093806,-0.0037050389068854113,-0.0020429465317355344,-0.002045036193531233
2013-11-19,1787.87,1795.51,1784.72,1790.79,3224450000,-0.0020429465317355344,-0.002045036193531233,-0.003635611090291757,-0.003642235986195912
2013-11-20,1781.37,1795.73,1777.23,1789.59,3109140000,-0.003635611090291757,-0.003642235986195912,0.008128575197741128,0.008095716274424049
2013-11-21,1795.85,1797.16,1783.52,1783.52,3256630000,0.008128575197741128,0.008095716274424049,0.00496143887295708,0.004949171494279674
2013-11-22,1804.76,1804.84,1794.7,1797.21,3055140000,0.00496143887295708,0.004949171494279674,-0.0012633258715840645,-0.0012641245404365169
2013-11-25,1802.48,1808.1,1800.58,1806.33,2998540000,-0.0012633258715840645,-0.0012641245404365169,0.00014979361768219235,0.00014978239973848013
2013-11-26,1802.75,1808.42,1800.77,1802.87,3427120000,0.00014979361768219235,0.00014978239973848013,0.0024850922202190873,0.002482009484745951
2013-11-27,1807.23,1808.27,1802.77,1803.48,2613590000,0.0024850922202190873,0.002482009484745951,-0.000785732861893651,-0.0007860417117517002
2013-11-29,1805.81,1813.55,1803.98,1808.69,1598300000,-0.000785732861893651,-0.0007860417117517002,-0.0027190014453346567,-0.002722704643955981
2013-12-02,1800.9,1810.02,1798.6,1806.55,3095430000,-0.0027190014453346567,-0.002722704643955981,-0.0031928480204341803,-0.0031979560353163
2013-12-03,1795.15,1800.1,1787.85,1800.1,3475680000,-0.0031928480204341803,-0.0031979560353163,-0.001303512241316973,-0.0013043625524062031
2013-12-04,1792.81,1799.8,1779.09,1793.15,3610540000,-0.001303512241316973,-0.0013043625524062031,-0.004339556338931572,-0.004348999542987455
2013-12-05,1785.03,1792.82,1783.38,1792.82,3336880000,-0.004339556338931572,-0.004348999542987455,0.011237906365719308,0.011175230224585924
2013-12-06,1805.09,1806.04,1788.36,1788.36,3150030000,0.011237906365719308,0.011175230224585924,0.001817083912713402,0.0018154350128978636
2013-12-09,1808.37,1811.52,1806.21,1806.21,3129500000,0.001817083912713402,0.0018154350128978636,-0.0031796590299552063,-0.0031847248870443094
2013-12-10,1802.62,1808.52,1801.75,1807.6,3117150000,-0.0031796590299552063,-0.0031847248870443094,-0.011316861013413781,-0.011381383944921048
2013-12-11,1782.22,1802.97,1780.09,1802.76,3472240000,-0.011316861013413781,-0.011381383944921048,-0.0037705782675540034,-0.003777704817573199
2013-12-12,1775.5,1782.99,1772.28,1781.71,3306640000,-0.0037705782675540034,-0.003777704817573199,-0.0001013798929879739,-0.00010138503227667498
2013-12-13,1775.32,1780.92,1772.45,1777.98,3061070000,-0.0001013798929879739,-0.00010138503227667498,0.006319987382556347,0.0063001000102775595
2013-12-16,1786.54,1792.22,1777.48,1777.48,3209890000,0.006319987382556347,0.0063001000102775595,-0.0031009661132691546,-0.003105784071481868
2013-12-17,1781.0,1786.77,1777.05,1786.47,3270030000,-0.0031009661132691546,-0.003105784071481868,0.01664795058955648,0.016510892525584176
2013-12-18,1810.65,1811.08,1767.99,1781.46,4327770000,0.01664795058955648,0.016510892525584176,-0.0005799022450502234,-0.0005800704533898699
2013-12-19,1809.6,1810.88,1801.35,1809.0,3497210000,-0.0005799022450502234,-0.0005800704533898699,0.004818744473916947,0.004807171488047869
2013-12-20,1818.32,1823.75,1810.25,1810.39,5097700000,0.004818744473916947,0.004807171488047869,0.005318095824717428,0.005304004689709988
2013-12-23,1827.99,1829.75,1822.92,1822.92,2851540000,0.005318095824717428,0.005304004689709988,0.0029157708740199517,0.002911528259119612
2013-12-24,1833.32,1833.32,1828.02,1828.02,1307630000,0.0029157708740199517,0.002911528259119612,0.004745489058102237,0.0047342647208743665
2013-12-26,1842.02,1842.84,1834.96,1834.96,1982270000,0.004745489058102237,0.0047342647208743665,-0.0003365870077414179,-0.0003366436658622563
2013-12-27,1841.4,1844.89,1839.81,1842.97,2052920000,-0.0003365870077414179,-0.0003366436658622563,-0.00017921146953414624,-0.0001792275298283738
2013-12-30,1841.07,1842.47,1838.77,1841.47,2293860000,-0.00017921146953414624,-0.0001792275298283738,0.003959653896918658,0.0039518351004493735
2013-12-31,1848.36,1849.44,1842.41,1842.61,2312840000,0.003959653896918658,0.0039518351004493735,-0.008861910017529007,-0.00890141028044984
2014-01-02,1831.98,1845.86,1827.74,1845.86,3080600000,-0.008861910017529007,-0.00890141028044984,-0.000332973067391662,-0.0003330285152322327
2014-01-03,1831.37,1838.24,1829.13,1833.21,2774270000,-0.000332973067391662,-0.0003330285152322327,-0.0025117807979817552,-0.002514940611652187
2014-01-06,1826.77,1837.16,1823.73,1832.31,3294850000,-0.0025117807979817552,-0.002514940611652187,0.006081772746432401,0.006063353410313031
2014-01-07,1837.88,1840.1,1828.71,1828.71,3511750000,0.006081772746432401,0.006063353410313031,-0.0002122010142120434,-0.00021222353203285233
2014-01-08,1837.49,1840.02,1831.4,1837.9,3652140000,-0.0002122010142120434,-0.00021222353203285233,0.00034830121524476176,0.000348240572457387
2014-01-09,1838.13,1843.23,1830.38,1839.0,3581150000,0.00034830121524476176,0.000348240572457387,0.0023066921273249275,0.0023040357971461523
2014-01-10,1842.37,1843.15,1832.43,1840.06,3335710000,0.0023066921273249275,0.0023040357971461523,-0.01257619262146037,-0.012655942268644282
2014-01-13,1819.2,1843.45,1815.52,1841.26,3591350000,-0.01257619262146037,-0.012655942268644282,0.010817941952506738,0.01075984662417709
2014-01-14,1838.88,1839.26,1821.36,1821.36,3353270000,0.010817941952506738,0.01075984662417709,0.005166188114504422,0.005152889148329633
2014-01-15,1848.38,1850.84,1840.52,1840.52,3777800000,0.005166188114504422,0.005152889148329633,-0.001347125591058096,-0.001348033780458889
2014-01-16,1845.89,1847.99,1840.3,1847.99,3491310000,-0.001347125591058096,-0.001348033780458889,-0.0038951400137603454,-0.0039027458285236156
2014-01-17,1838.7,1846.04,1835.23,1844.23,3626120000,-0.0038951400137603454,-0.0039027458285236156,0.002773698808941072,0.0027698592046981876
2014-01-21,1843.8,1849.31,1832.38,1841.05,3782470000,0.002773698808941072,0.0027698592046981876,0.0005748996637378045,0.0005747344722354488
2014-01-22,1844.86,1846.87,1840.88,1844.71,3374170000,0.0005748996637378045,0.0005747344722354488,-0.008889563435707792,-0.008929311341099137
2014-01-23,1828.46,1842.29,1820.06,1842.29,3972250000,-0.008889563435707792,-0.008929311341099137,-0.020875490850223777,-0.02109646461003822
2014-01-24,1790.29,1826.96,1790.29,1826.96,4618450000,-0.020875490850223777,-0.02109646461003822,-0.0048763049561803,-0.004888232923261316
2014-01-27,1781.56,1795.98,1772.88,1791.03,4045200000,-0.0048763049561803,-0.004888232923261316,0.006140685691192083,0.006121908511444599
2014-01-28,1792.5,1793.87,1779.49,1783.0,3437830000,0.006140685691192083,0.006121908511444599,-0.010209205020920487,-0.010261676387288874
2014-01-29,1774.2,1790.15,1770.45,1790.15,3964020000,-0.010209205020920487,-0.010261676387288874,0.011267049938000318,0.011204049508506286
2014-01-30,1794.19,1798.77,1777.17,1777.17,3547510000,0.011267049938000318,0.011204049508506286,-0.00646531303819553,-0.006486303697573044
2014-01-31,1782.59,1793.88,1772.26,1790.88,4059690000,-0.00646531303819553,-0.006486303697573044,-0.02283194677407585,-0.02309663228816655
2014-02-03,1741.89,1784.83,1739.66,1782.68,4726040000,-0.02283194677407585,-0.02309663228816655,0.00764112544420148,0.007612079911712782
2014-02-04,1755.2,1758.73,1743.82,1743.82,4068410000,0.00764112544420148,0.007612079911712782,-0.0020282588878759444,-0.0020303185904787225
2014-02-05,1751.64,1755.79,1737.92,1753.38,3984290000,-0.0020282588878759444,-0.0020303185904787225,0.01243977072914526,0.012363032529603139
2014-02-06,1773.43,1774.06,1752.99,1752.99,3825410000,0.01243977072914526,0.012363032529603139,0.013301906475022829,0.013214212922079903
2014-02-07,1797.02,1798.03,1776.01,1776.01,3775990000,0.013301906475022829,0.013214212922079903,0.0015692646715117498,0.0015680346623456046
2014-02-10,1799.84,1799.94,1791.83,1796.2,3312160000,0.0015692646715117498,0.0015680346623456046,0.011062094408391898,0.011001356953851574
2014-02-11,1819.75,1823.54,1800.41,1800.45,3699380000,0.011062094408391898,0.011001356953851574,-0.0002692677565599988,-0.00026930401563143885
2014-02-12,1819.26,1826.55,1815.97,1820.12,3326380000,-0.0002692677565599988,-0.00026930401563143885,0.005810054637599871,0.005793241362750424
2014-02-13,1829.83,1830.25,1809.22,1814.82,3289510000,0.005810054637599871,0.005793241362750424,0.004809189924747104,0.0047976627138052634
2014-02-14,1838.63,1841.65,1825.59,1828.46,3114750000,0.004809189924747104,0.0047976627138052634,0.0011584712530525731,0.0011578007430249318
2014-02-18,1840.76,1842.87,1835.01,1839.03,3421110000,0.0011584712530525731,0.0011578007430249318,-0.006524479019535456,-0.006545856467982497
2014-02-19,1828.75,1847.5,1826.99,1838.9,3661570000,-0.006524479019535456,-0.006545856467982497,0.006031442241968499,0.006013325902815458
2014-02-20,1839.78,1842.79,1824.58,1829.24,3404980000,0.006031442241968499,0.006013325902815458,-0.0019187076715694307,-0.0019205507490625245
2014-02-21,1836.25,1846.13,1835.6,1841.07,3403880000,-0.0019187076715694307,-0.0019205507490625245,0.006186521443158455,0.006167463480648212
2014-02-24,1847.61,1858.71,1836.78,1836.78,4014530000,0.006186521443158455,0.006167463480648212,-0.0013476870118693807,-0.0013485959587527492
2014-02-25,1845.12,1852.91,1840.19,1847.66,3515560000,-0.0013476870118693807,-0.0013485959587527492,2.167880679859735e-05,2.1678571816661324e-05
2014-02-26,1845.16,1852.65,1840.66,1845.79,3716730000,2.167880679859735e-05,2.1678571816661324e-05,0.004948080383272879,0.004935878866371388
2014-02-27,1854.29,1854.53,1841.13,1844.9,3547460000,0.004948080383272879,0.004935878866371388,0.00278273624945391,0.002778871606797594
2014-02-28,1859.45,1867.92,1847.67,1855.12,3917450000,0.00278273624945391,0.002778871606797594,-0.007378525908198652,-0.007405881878043587
2014-03-03,1845.73,1857.68,1834.44,1857.68,3428220000,-0.007378525908198652,-0.007405881878043587,0.01526767186966671,0.015152293854515365
2014-03-04,1873.91,1876.23,1849.23,1849.23,3765770000,0.01526767186966671,0.015152293854515365,-5.336435581226873e-05,-5.3365779740162576e-05
2014-03-05,1873.81,1876.53,1871.11,1874.05,3392990000,-5.336435581226873e-05,-5.3365779740162576e-05,0.0017184239597398676,0.001716949158601179
2014-03-06,1877.03,1881.94,1874.18,1874.18,3360450000,0.0017184239597398676,0.001716949158601179,0.0005380841009468007,0.0005379393856073099
2014-03-07,1878.04,1883.57,1870.56,1878.52,3564740000,0.0005380841009468007,0.0005379393856073099,-0.00046324891908577914,-0.0004633562520154853
2014-03-10,1877.17,1877.87,1867.04,1877.86,3021350000,-0.00046324891908577914,-0.0004633562520154853,-0.0050821182950930854,-0.0050950761792528144
2014-03-11,1867.63,1882.35,1863.88,1878.26,3392400000,-0.0050821182950930854,-0.0050950761792528144,0.00030519963804387373,0.00030515307410829926
2014-03-12,1868.2,1868.38,1854.38,1866.15,3270860000,0.00030519963804387373,0.00030515307410829926,-0.011701102665667595,-0.01177009932020802
2014-03-13,1846.34,1874.4,1841.86,1869.06,3670990000,-0.011701102665667595,-0.01177009932020802,-0.0028217988019539897,-0.002825787581649674
2014-03-14,1841.13,1852.44,1839.57,1845.07,3285460000,-0.0028217988019539897,-0.002825787581649674,0.009613661175473576,0.009567743988496134
2014-03-17,1858.83,1862.3,1842.81,1842.81,2860490000,0.009613661175473576,0.009567743988496134,0.007219595121662481,0.00719365860408948
2014-03-18,1872.25,1873.76,1858.92,1858.92,2930190000,0.007219595121662481,0.00719365860408948,-0.006131659767659281,-0.006150535593061312
2014-03-19,1860.77,1874.14,1850.35,1872.25,3289210000,-0.006131659767659281,-0.006150535593061312,0.006040510111405606,0.006022339367196353
2014-03-20,1872.01,1873.49,1854.63,1860.09,3327540000,0.006040510111405606,0.006022339367196353,-0.0029326766416846173,-0.002936985363948364
2014-03-21,1866.52,1883.97,1863.46,1874.53,5270710000,-0.0029326766416846173,-0.002936985363948364,-0.004864667938195066,-0.004876538949937361
2014-03-24,1857.44,1873.34,1849.69,1867.67,3409000000,-0.004864667938195066,-0.004876538949937361,0.004403910758893792,0.004394241920648026
2014-03-25,1865.62,1871.87,1855.96,1859.48,3200560000,0.004403910758893792,0.004394241920648026,-0.007000353769792356,-0.007024971200665742
2014-03-26,1852.56,1875.92,1852.56,1867.09,3480850000,-0.007000353769792356,-0.007024971200665742,-0.0019000734119272167,-0.0019018808412744233
2014-03-27,1849.04,1855.55,1842.11,1852.11,3733430000,-0.0019000734119272167,-0.0019018808412744233,0.004640245749145455,0.004629512997768188
2014-03-28,1857.62,1866.63,1850.07,1850.07,2955520000,0.004640245749145455,0.004629512997768188,0.007924117957386345,0.007892887011329989
2014-03-31,1872.34,1875.18,1859.16,1859.16,3274300000,0.007924117957386345,0.007892887011329989,0.007039319781663611,0.0070146594306005365
2014-04-01,1885.52,1885.84,1873.96,1873.96,3336190000,0.007039319781663611,0.0070146594306005365,0.002853324281895775,0.002849261279041829
2014-04-02,1890.9,1893.17,1883.79,1886.61,3131660000,0.002853324281895775,0.002849261279041829,-0.0011264477233063896,-0.0011270826423899496
2014-04-03,1888.77,1893.8,1882.65,1891.43,3055600000,-0.0011264477233063896,-0.0011270826423899496,-0.012537259698110481,-0.012616514258563742
2014-04-04,1865.09,1897.28,1863.26,1890.25,3583750000,-0.012537259698110481,-0.012616514258563742,-0.010750151467221358,-0.010808351829803234
2014-04-07,1845.04,1864.04,1841.48,1863.92,3801540000,-0.010750151467221358,-0.010808351829803234,0.003750596193036415,0.00374358024432315
2014-04-08,1851.96,1854.95,1837.49,1845.48,3721450000,0.003750596193036415,0.00374358024432315,0.010918162379317087,0.01085898956046606
2014-04-09,1872.18,1872.43,1852.38,1852.64,3308650000,0.010918162379317087,0.01085898956046606,-0.020884743988291765,-0.021105915074922734
2014-04-10,1833.08,1872.53,1830.87,1872.28,3758780000,-0.020884743988291765,-0.021105915074922734,-0.009486765443952216,-0.009532051442590618
2014-04-11,1815.69,1835.07,1814.36,1830.65,3743460000,-0.009486765443952216,-0.009532051442590618,0.008217261757238248,0.008183683881893849
2014-04-14,1830.61,1834.19,1815.8,1818.18,3111540000,0.008217261757238248,0.008183683881893849,0.006757310404728489,0.006734582113406398
2014-04-15,1842.98,1844.02,1816.29,1831.45,3736440000,0.006757310404728489,0.006734582113406398,0.01048844805695115,0.010433825888179194
2014-04-16,1862.31,1862.31,1846.01,1846.01,3155080000,0.01048844805695115,0.010433825888179194,0.0013638975251166752,0.0013629682617378818
2014-04-17,1864.85,1869.63,1856.72,1861.73,3341430000,0.0013638975251166752,0.0013629682617378818,0.0037751025551653328,0.003767994738389568
2014-04-21,1871.89,1871.89,1863.18,1865.79,2642500000,0.0037751025551653328,0.003767994738389568,0.004092120797696275,0.0040837708429826225
2014-04-22,1879.55,1884.89,1872.57,1872.57,3215440000,0.004092120797696275,0.0040837708429826225,-0.0022132957356812977,-0.00221574869477238
2014-04-23,1875.39,1879.75,1873.91,1879.32,3085720000,-0.0022132957356812977,-0.00221574869477238,0.0017169762022830604,0.001715503883693198
2014-04-24,1878.61,1884.06,1870.24,1881.97,3191830000,0.0017169762022830604,0.001715503883693198,-0.008096411708656825,-0.008129365642879085
2014-04-25,1863.4,1877.72,1859.7,1877.72,3213020000,-0.008096411708656825,-0.008129365642879085,0.00323602017816893,0.0032307955332088844
2014-04-28,1869.43,1877.01,1850.61,1865.0,4034680000,0.00323602017816893,0.0032307955332088844,0.004760809444589897,0.004749512631766084
2014-04-29,1878.33,1880.6,1870.78,1870.78,3647820000,0.004760809444589897,0.004749512631766084,0.0029920195066894806,0.0029875523247041838
2014-04-30,1883.95,1885.2,1872.69,1877.1,3779230000,0.0029920195066894806,0.0029875523247041838,-0.00014331590541150074,-0.00014332617611718807
2014-05-01,1883.68,1888.59,1878.04,1884.39,3416740000,-0.00014331590541150074,-0.00014332617611718807,-0.0013484243608256063,-0.0013493343030381874
2014-05-02,1881.14,1891.33,1878.5,1885.3,3159560000,-0.0013484243608256063,-0.0013493343030381874,0.0018712057582104258,0.0018694572336087256
2014-05-05,1884.66,1885.51,1866.77,1879.45,2733730000,0.0018712057582104258,0.0018694572336087256,-0.008988358642938232,-0.009028997640356608
2014-05-06,1867.72,1883.69,1867.72,1883.69,3327260000,-0.008988358642938232,-0.009028997640356608,0.005616473561347535,0.005600759982857978
2014-05-07,1878.21,1878.83,1859.79,1868.53,3632950000,0.005616473561347535,0.005600759982857978,-0.001373648314086262,-0.0013745926338061829
2014-05-08,1875.63,1889.07,1870.05,1877.39,3393420000,-0.001373648314086262,-0.0013745926338061829,0.0015194894515442314,0.0015183361955399689
2014-05-09,1878.48,1878.57,1867.02,1875.27,3025020000,0.0015194894515442314,0.0015183361955399689,0.009672714109279834,0.009626232902744135
2014-05-12,1896.65,1897.13,1880.03,1880.03,3005740000,0.009672714109279834,0.009626232902744135,0.00042179632509942167,0.0004217073940358064
2014-05-13,1897.45,1902.17,1896.06,1896.75,2915680000,0.00042179632509942167,0.0004217073940358064,-0.0047010461408732995,-0.004712130811625354
2014-05-14,1888.53,1897.13,1885.77,1897.13,2822060000,-0.0047010461408732995,-0.004712130811625354,-0.009361778737960291,-0.009405875621160416
2014-05-15,1870.85,1888.16,1862.36,1888.16,3552640000,-0.009361778737960291,-0.009405875621160416,0.0037469599379960083,0.0037399575698852106
2014-05-16,1877.86,1878.28,1864.82,1871.19,3173650000,0.0037469599379960083,0.0037399575698852106,0.003844802061921504,0.0038374297012765974
2014-05-19,1885.08,1886.0,1872.42,1876.66,2664250000,0.003844802061921504,0.0038374297012765974,-0.006498397945975731,-0.0065196044560605956
2014-05-20,1872.83,1884.88,1868.14,1884.88,3007700000,-0.006498397945975731,-0.0065196044560605956,0.008116059653038521,0.00808330156592446
2014-05-21,1888.03,1888.8,1873.34,1873.34,2777140000,0.008116059653038521,0.00808330156592446,0.002362250599831528,0.002359464872078838
2014-05-22,1892.49,1896.33,1885.39,1888.19,2759800000,0.002362250599831528,0.002359464872078838,0.00424837119350685,0.00423937234257786
2014-05-23,1900.53,1901.26,1893.32,1893.32,2396280000,0.00424837119350685,0.00423937234257786,0.005987803402208947,0.0059699477493898685
2014-05-27,1911.91,1912.28,1902.01,1902.01,2911020000,0.005987803402208947,0.0059699477493898685,-0.0011140691768964928,-0.00111469021325644
2014-05-28,1909.78,1914.46,1907.3,1911.77,2976450000,-0.0011140691768964928,-0.00111469021325644,0.005367110347788806,0.005352758739255506
2014-05-29,1920.03,1920.03,1909.82,1910.6,2709050000,0.005367110347788806,0.005352758739255506,0.0018437211918562735,0.0018420236241803512
2014-05-30,1923.57,1924.03,1916.64,1920.33,3263490000,0.0018437211918562735,0.0018420236241803512,0.0007278133886472471,0.000727548660923367
2014-06-02,1924.97,1925.88,1915.98,1923.87,2509020000,0.0007278133886472471,0.000727548660923367,-0.0003792266892471696,-0.0003792986138724881
2014-06-03,1924.24,1925.07,1918.79,1923.07,2867180000,-0.0003792266892471696,-0.0003792986138724881,0.00189165592649565,0.0018898689985705139
2014-06-04,1927.88,1928.63,1918.6,1923.06,2793920000,0.00189165592649565,0.0018898689985705139,0.006525302404714051,0.006504104782935938
2014-06-05,1940.46,1941.74,1922.93,1928.52,3113270000,0.006525302404714051,0.006504104782935938,0.0046277686734073065,0.004617093474191693
2014-06-06,1949.44,1949.44,1942.41,1942.41,2864300000,0.0046277686734073065,0.004617093474191693,0.0009387311227839756,0.0009382907902712104
2014-06-09,1951.27,1955.55,1947.16,1948.97,2812180000,0.0009387311227839756,0.0009382907902712104,-0.0002459936349147318,-0.00024602389631178353
2014-06-10,1950.79,1950.86,1944.64,1950.34,2702360000,-0.0002459936349147318,-0.00024602389631178353,-0.0035370285884179786,-0.0035432986633579717
2014-06-11,1943.89,1949.37,1940.08,1949.37,2710620000,-0.0035370285884179786,-0.0035432986633579717,-0.007088878485922656,-0.007114123963848034
2014-06-12,1930.11,1943.35,1925.78,1943.35,3040480000,-0.007088878485922656,-0.007114123963848034,0.0031345363735746368,0.0031296339563013217
2014-06-13,1936.16,1937.3,1927.69,1930.8,2598230000,0.0031345363735746368,0.0031296339563013217,0.0008367077101065767,0.0008363578653421081
2014-06-16,1937.78,1941.15,1930.91,1934.84,2926130000,0.0008367077101065767,0.0008363578653421081,0.0021725892516177847,0.0021702325923408
2014-06-17,1941.99,1943.69,1933.55,1937.15,2971260000,0.0021725892516177847,0.0021702325923408,0.007718886297045868,0.00768924811236175
2014-06-18,1956.98,1957.74,1939.29,1942.73,3065220000,0.007718886297045868,0.00768924811236175,0.0012774785639098063,0.0012766632824317233
2014-06-19,1959.48,1959.87,1952.26,1957.5,2952150000,0.0012774785639098063,0.0012766632824317233,0.0017300508298119244,0.001728556015696327
2014-06-20,1962.87,1963.91,1959.17,1960.45,4336240000,0.0017300508298119244,0.001728556015696327,-0.0001324591032518807,-0.0001324678767336581
2014-06-23,1962.61,1963.74,1958.89,1962.92,2717630000,-0.0001324591032518807,-0.0001324678767336581,-0.006435308084642322,-0.006456103946242596
2014-06-24,1949.98,1968.17,1948.34,1961.97,3089700000,-0.006435308084642322,-0.006456103946242596,0.0048974861280628446,0.004885532455618504
2014-06-25,1959.53,1960.83,1947.49,1949.27,3106710000,0.0048974861280628446,0.004885532455618504,-0.0011788541129760244,-0.001179549508052484
2014-06-26,1957.22,1959.89,1944.69,1959.89,2778840000,-0.0011788541129760244,-0.001179549508052484,0.0019108735860047243,0.0019090501895577705
2014-06-27,1960.96,1961.47,1952.18,1956.56,4290590000,0.0019108735860047243,0.0019090501895577705,-0.0003722666449086365,-0.0003723359533374368
2014-06-30,1960.23,1964.24,1958.22,1960.79,3037350000,-0.0003722666449086365,-0.0003723359533374368,0.006677787810614122,0.006655590151633005
2014-07-01,1973.32,1978.58,1962.29,1962.29,3188240000,0.006677787810614122,0.006655590151633005,0.0006587882350557184,0.0006585713293444536
2014-07-02,1974.62,1976.67,1972.58,1973.06,2851480000,0.0006587882350557184,0.0006585713293444536,0.005479535302995053,0.005464577266607205
2014-07-03,1985.44,1985.59,1975.88,1975.88,1998090000,0.005479535302995053,0.005464577266607205,-0.003923563542590047,-0.003931280911030786
2014-07-07,1977.65,1984.22,1974.88,1984.22,2681260000,-0.003923563542590047,-0.003931280911030786,-0.0070487700048037505,-0.0070737299445003425
2014-07-08,1963.71,1976.39,1959.46,1976.39,3302430000,-0.0070487700048037505,-0.0070737299445003425,0.004644270284308805,0.004633518936331134
2014-07-09,1972.83,1974.15,1965.1,1965.1,2858800000,0.004644270284308805,0.004633518936331134,-0.004131121282624384,-0.004139677938001678
2014-07-10,1964.68,1969.84,1952.86,1966.67,3165690000,-0.004131121282624384,-0.004139677938001678,0.001470977461978551,0.0014698966344172243
2014-07-11,1967.57,1968.67,1959.63,1965.76,2684630000,0.001470977461978551,0.0014698966344172243,0.004843537968153511,0.004831845777309738
2014-07-14,1977.1,1979.85,1969.86,1969.86,2744920000,0.004843537968153511,0.004831845777309738,-0.0019321228061301987,-0.0019339917631568573
2014-07-15,1973.28,1982.52,1965.34,1977.36,3328740000,-0.0019321228061301987,-0.0019339917631568573,0.0042011270574879855,0.004192326961482922
2014-07-16,1981.57,1983.94,1975.67,1976.35,3390950000,0.0042011270574879855,0.004192326961482922,-0.011834050777918548,-0.011904630539099268
2014-07-17,1958.12,1981.8,1955.59,1979.75,3381680000,-0.011834050777918548,-0.011904630539099268,0.01026494801135791,0.010212621215764002
2014-07-18,1978.22,1979.91,1960.82,1961.54,3106060000,0.01026494801135791,0.010212621215764002,-0.0023202677154209317,-0.002322963707646372
2014-07-21,1973.63,1976.93,1965.77,1976.93,2611160000,-0.0023202677154209317,-0.002322963707646372,0.005016137776584273,0.005003598871257555
2014-07-22,1983.53,1986.24,1975.65,1975.65,2890480000,0.005016137776584273,0.005003598871257555,0.0017544478782776096,0.0017529106323480887
2014-07-23,1987.01,1989.23,1982.44,1985.32,2869720000,0.0017544478782776096,0.0017529106323480887,0.00048817066849182744,0.0004880515519555957
2014-07-24,1987.98,1991.39,1985.79,1988.07,3203530000,0.00048817066849182744,0.0004880515519555957,-0.004849143351542851,-0.004860938593827177
2014-07-25,1978.34,1984.6,1974.37,1984.6,2638960000,-0.004849143351542851,-0.004860938593827177,0.0002881203433182655,0.0002880788446230361
2014-07-28,1978.91,1981.52,1967.31,1978.25,2803320000,0.0002881203433182655,0.0002880788446230361,-0.004527745071781997,-0.004538026355257783
2014-07-29,1969.95,1984.85,1969.95,1980.03,3183300000,-0.004527745071781997,-0.004538026355257783,6.091525165596856e-05,6.0913396397368385e-05
2014-07-30,1970.07,1978.9,1962.42,1973.21,3448250000,6.091525165596856e-05,6.0913396397368385e-05,-0.019999289365352446,-0.020201982180386897
2014-07-31,1930.67,1965.14,1930.67,1965.14,4193000000,-0.019999289365352446,-0.020201982180386897,-0.0028591110857888458,-0.0028632061512498972
2014-08-01,1925.15,1937.35,1916.37,1929.8,3789660000,-0.0028591110857888458,-0.0028632061512498972,0.007189050203880276,0.007163332167737625
2014-08-04,1938.99,1942.92,1921.2,1926.62,3072920000,0.007189050203880276,0.007163332167737625,-0.009685454798632254,-0.009732663890958775
2014-08-05,1920.21,1936.34,1913.77,1936.34,3462520000,-0.009685454798632254,-0.009732663890958775,1.56232912025267e-05,1.5623169160183835e-05
2014-08-06,1920.24,1927.91,1911.45,1917.29,3539150000,1.56232912025267e-05,1.5623169160183835e-05,-0.005556597092030158,-0.0055720924051179815
2014-08-07,1909.57,1928.89,1904.78,1923.03,3230520000,-0.005556597092030158,-0.0055720924051179815,0.011531391884036735,0.01146541212583467
2014-08-08,1931.59,1932.38,1909.01,1910.35,2902280000,0.011531391884036735,0.01146541212583467,0.0027593847555642537,0.0027555846424938877
2014-08-11,1936.92,1944.9,1933.43,1933.43,2784890000,0.0027593847555642537,0.0027555846424938877,-0.001636618962063574,-0.0016379596859128
2014-08-12,1933.75,1939.65,1928.29,1935.73,2611700000,-0.001636618962063574,-0.0016379596859128,0.006707175177763425,0.006684782151863076
2014-08-13,1946.72,1948.41,1935.6,1935.6,2718020000,0.006707175177763425,0.006684782151863076,0.004345771348730265,0.004336355753249845
2014-08-14,1955.18,1955.23,1947.41,1947.41,2609460000,0.004345771348730265,0.004336355753249845,-6.137542323469969e-05,-6.137730678305776e-05
2014-08-15,1955.06,1964.04,1941.5,1958.87,3023380000,-6.137542323469969e-05,-6.137730678305776e-05,0.00853170746677856,0.008495518142763088
2014-08-18,1971.74,1971.99,1958.36,1958.36,2638160000,0.00853170746677856,0.008495518142763088,0.005000659316136913,0.004988197546781009
2014-08-19,1981.6,1982.57,1972.73,1972.73,2656430000,0.005000659316136913,0.004988197546781009,0.002477795720629894,0.002474731046194184
2014-08-20,1986.51,1988.57,1977.68,1980.46,2579560000,0.002477795720629894,0.002474731046194184,0.002949897055640305,0.00294555464699719
2014-08-21,1992.37,1994.76,1986.82,1986.82,2638920000,0.002949897055640305,0.00294555464699719,-0.0019926017757744274,-0.001994589647823374
2014-08-22,1988.4,1993.54,1984.76,1992.6,2301860000,-0.0019926017757744274,-0.001994589647823374,0.004787769060551117,0.004776344146317369
2014-08-25,1997.92,2001.95,1991.74,1991.74,2233880000,0.004787769060551117,0.004776344146317369,0.0010510931368623577,0.001050541125247729
2014-08-26,2000.02,2005.04,1998.59,1998.59,2451950000,0.0010510931368623577,0.001050541125247729,4.999950000494913e-05,4.9998250071612606e-05
2014-08-27,2000.12,2002.14,1996.2,2000.54,2344350000,4.999950000494913e-05,4.9998250071612606e-05,-0.0016898986060835952,-0.0016913280954213741
2014-08-28,1996.74,1998.55,1990.52,1997.42,2282400000,-0.0016898986060835952,-0.0016913280954213741,0.0033204122720034146,0.003314911875534921
2014-08-29,2003.37,2003.38,1994.65,1998.45,2259130000,0.0033204122720034146,0.003314911875534921,-0.0005440832197746159,-0.0005442312867592464
2014-09-02,2002.28,2006.12,1994.85,2004.07,2819980000,-0.0005440832197746159,-0.0005442312867592464,-0.0007791118125336505,-0.0007794154778782813
2014-09-03,2000.72,2009.28,1998.14,2003.57,2809980000,-0.0007791118125336505,-0.0007794154778782813,-0.0015344475988643413,-0.001535626069269506
2014-09-04,1997.65,2011.17,1992.54,2001.67,3072410000,-0.0015344475988643413,-0.001535626069269506,0.005035917202713236,0.005023279382596158
2014-09-05,2007.71,2007.71,1990.1,1998.0,2818300000,0.005035917202713236,0.005023279382596158,-0.0030731529952034986,-0.0030778848267845093
2014-09-08,2001.54,2007.17,1995.6,2007.17,2789090000,-0.0030731529952034986,-0.0030778848267845093,-0.006544960380507003,-0.006566472549267278
2014-09-09,1988.44,2001.01,1984.61,2000.73,2882830000,-0.006544960380507003,-0.006566472549267278,0.0036460743095090287,0.0036394434933185002
2014-09-10,1995.69,1996.66,1982.99,1988.41,2912430000,0.0036460743095090287,0.0036394434933185002,0.0008819004955680221,0.0008815118498071218
2014-09-11,1997.45,1997.65,1985.93,1992.85,2941690000,0.0008819004955680221,0.0008815118498071218,-0.005962602317955423,-0.005980449610726171
2014-09-12,1985.54,1996.74,1980.26,1996.74,3206570000,-0.005962602317955423,-0.005980449610726171,-0.0007101342707775959,-0.0007103865355538411
2014-09-15,1984.13,1987.18,1978.48,1986.04,2776530000,-0.0007101342707775959,-0.0007103865355538411,0.007484388623729243,0.007456519556098104
2014-09-16,1998.98,2002.28,1979.06,1981.93,3160310000,0.007484388623729243,0.007456519556098104,0.0012956607870013848,0.0012948221428846019
2014-09-17,2001.57,2010.74,1993.29,1999.3,3209420000,0.0012956607870013848,0.0012948221428846019,0.004891160439055353,0.004879237575787914
2014-09-18,2011.36,2012.34,2003.07,2003.07,3235340000,0.004891160439055353,0.004879237575787914,-0.00047728899848853423,-0.00047740293713845845
2014-09-19,2010.4,2019.26,2006.59,2012.74,4880220000,-0.00047728899848853423,-0.00047740293713845845,-0.008013330680461617,-0.0080456099735067
2014-09-22,1994.29,2009.08,1991.01,2009.08,3349670000,-0.008013330680461617,-0.0080456099735067,-0.005776491884329715,-0.005793240342941876
2014-09-23,1982.77,1995.41,1982.77,1992.78,3279350000,-0.005776491884329715,-0.005793240342941876,0.007832476787524412,0.0078019621743095095
2014-09-24,1998.3,1999.79,1978.63,1983.34,3313850000,0.007832476787524412,0.0078019621743095095,-0.0161687434319171,-0.016300883863057503
2014-09-25,1965.99,1997.32,1965.99,1997.32,3273050000,-0.0161687434319171,-0.016300883863057503,0.008575832023560492,0.00853926846933231
2014-09-26,1982.85,1986.37,1966.22,1966.22,2929440000,0.008575832023560492,0.00853926846933231,-0.002546839145674107,-0.002550087857627876
2014-09-29,1977.8,1981.28,1964.04,1978.96,3094440000,-0.002546839145674107,-0.002550087857627876,-0.002785923753665709,-0.0027898116618691174
2014-09-30,1972.29,1985.17,1968.96,1978.21,3951100000,-0.002785923753665709,-0.0027898116618691174,-0.013248558781923436,-0.01333710386960968
2014-10-01,1946.16,1971.44,1941.72,1971.44,4188590000,-0.013248558781923436,-0.01333710386960968,5.138323673214984e-06,5.138310472075119e-06
2014-10-02,1946.17,1952.32,1926.03,1945.83,4012510000,5.138323673214984e-06,5.138310472075119e-06,0.011165519969992266,0.011103645698160249
2014-10-03,1967.9,1971.19,1948.12,1948.12,3560970000,0.011165519969992266,0.011103645698160249,-0.0015651201788710045,-0.0015663462589335857
2014-10-06,1964.82,1977.84,1958.43,1970.01,3358220000,-0.0015651201788710045,-0.0015663462589335857,-0.015126067527814313,-0.01524163333900896
2014-10-07,1935.1,1962.36,1934.87,1962.36,3687870000,-0.015126067527814313,-0.01524163333900896,0.017461629889928165,0.017310927441677434
2014-10-08,1968.89,1970.36,1925.25,1935.55,4441890000,0.017461629889928165,0.017310927441677434,-0.020661387888607274,-0.02087782075594148
2014-10-09,1928.21,1967.68,1927.56,1967.68,4344020000,-0.020661387888607274,-0.02087782075594148,-0.011451034897651202,-0.011517102846274005
2014-10-10,1906.13,1936.98,1906.05,1925.63,4550540000,-0.011451034897651202,-0.011517102846274005,-0.016467921915084505,-0.016605025431830202
2014-10-13,1874.74,1912.09,1874.14,1905.65,4352580000,-0.016467921915084505,-0.016605025431830202,0.0015788856054705924,0.0015776404760320126
2014-10-14,1877.7,1898.71,1871.79,1877.11,4812010000,0.0015788856054705924,0.0015776404760320126,-0.008100335516855739,-0.008133321486981497
2014-10-15,1862.49,1874.18,1820.66,1874.18,6090800000,-0.008100335516855739,-0.008133321486981497,0.0001449672213005293,0.0001449567145683124
2014-10-16,1862.76,1876.01,1835.02,1855.95,5073150000,0.0001449672213005293,0.0001449567145683124,0.01288410745345625,0.012801813443832692
2014-10-17,1886.76,1898.16,1864.91,1864.91,4482120000,0.01288410745345625,0.012801813443832692,0.009142657253704778,0.009101116168173851
2014-10-20,1904.01,1905.03,1882.3,1885.62,3331210000,0.009142657253704778,0.009101116168173851,0.019574477024805637,0.019385360865204253
2014-10-21,1941.28,1942.45,1909.38,1909.38,3987090000,0.019574477024805637,0.019385360865204253,-0.0072993076732877915,-0.007326077968841473
2014-10-22,1927.11,1949.31,1926.83,1941.29,3761930000,-0.0072993076732877915,-0.007326077968841473,0.012303397315150733,0.012228325652846546
2014-10-23,1950.82,1961.95,1931.02,1931.02,3789250000,0.012303397315150733,0.012228325652846546,0.007053444192698377,0.007028685012031181
2014-10-24,1964.58,1965.27,1946.27,1951.59,3078380000,0.007053444192698377,0.007028685012031181,-0.0015015932158526368,-0.001502721736806668
2014-10-27,1961.63,1964.64,1951.37,1962.97,3538860000,-0.0015015932158526368,-0.001502721736806668,0.01193905068743839,0.011868342458139376
2014-10-28,1985.05,1985.05,1964.14,1964.14,3653260000,0.01193905068743839,0.011868342458139376,-0.001385355532606214,-0.001386316024766647
2014-10-29,1982.3,1991.4,1969.04,1983.29,3740350000,-0.001385355532606214,-0.001386316024766647,0.006230136709882483,0.006210809640156638
2014-10-30,1994.65,1999.4,1974.75,1979.49,3586150000,0.006230136709882483,0.006210809640156638,0.01173138144536634,0.011663102277224974
2014-10-31,2018.05,2018.19,2001.2,2001.2,4292290000,0.01173138144536634,0.011663102277224974,-0.00011892668665292039,-0.00011893375899205164
2014-11-03,2017.81,2024.46,2013.68,2018.21,3555440000,-0.00011892668665292039,-0.00011893375899205164,-0.0028298006254305896,-0.002833812080753587
2014-11-04,2012.1,2015.98,2001.01,2015.81,3956260000,-0.0028298006254305896,-0.002833812080753587,0.005700511902986927,0.0056843254698454955
2014-11-05,2023.57,2023.77,2014.42,2015.29,3766590000,0.005700511902986927,0.0056843254698454955,0.003775505665729373,0.0037683963328125326
2014-11-06,2031.21,2031.61,2015.86,2023.33,3669770000,0.003775505665729373,0.0037683963328125326,0.0003495453448929542,0.0003494842681511987
2014-11-07,2031.92,2034.26,2025.07,2032.36,3704280000,0.0003495453448929542,0.0003494842681511987,0.0031202015827394014,0.0031153438558825866
2014-11-10,2038.26,2038.7,2030.17,2032.01,3284940000,0.0031202015827394014,0.0031153438558825866,0.0006966726521642208,0.0006964300884238955
2014-11-11,2039.68,2041.28,2035.28,2038.2,2958320000,0.0006966726521642208,0.0006964300884238955,-0.0007010903671164082,-0.0007013362458967195
2014-11-12,2038.25,2040.33,2031.95,2037.75,3246650000,-0.0007010903671164082,-0.0007013362458967195,0.0005298663068808995,0.0005297259772977395
2014-11-13,2039.33,2046.18,2030.44,2039.21,3455270000,0.0005298663068808995,0.0005297259772977395,0.00024027499227696758,0.00024024613086403535
2014-11-14,2039.82,2042.22,2035.2,2039.74,3227130000,0.00024027499227696758,0.00024024613086403535,0.000735359002264957,0.0007350887583099522
2014-11-17,2041.32,2043.07,2034.46,2038.29,3152890000,0.000735359002264957,0.0007350887583099522,0.005133932945349251,0.005120799244120769
2014-11-18,2051.8,2056.08,2041.48,2041.48,3416190000,0.005133932945349251,0.005120799244120769,-0.0015011209669559822,-0.0015022487778296994
2014-11-19,2048.72,2052.14,2040.37,2051.16,3390850000,-0.0015011209669559822,-0.0015022487778296994,0.001967081885274835,0.001965149713115464
2014-11-20,2052.75,2053.84,2040.49,2045.87,3128290000,0.001967081885274835,0.001965149713115464,0.0052368773596394025,0.0052232126037382535
2014-11-21,2063.5,2071.46,2056.75,2057.46,3916420000,0.0052368773596394025,0.0052232126037382535,0.0028640659074388175,0.002859972285084541
2014-11-24,2069.41,2070.17,2065.07,2065.07,3128060000,0.0028640659074388175,0.002859972285084541,-0.0011500862564690628,-0.001150748113177924
2014-11-25,2067.03,2074.21,2064.75,2070.15,3392940000,-0.0011500862564690628,-0.001150748113177924,0.002805958307329659,0.0028020289550014527
2014-11-26,2072.83,2073.29,2066.62,2067.36,2745260000,0.002805958307329659,0.0028020289550014527,-0.002542417853852008,-0.0025456552865591015
2014-11-28,2067.56,2075.76,2065.06,2074.78,2504640000,-0.002542417853852008,-0.0025456552865591015,-0.006829306041904459,-0.006852732470835006
2014-12-01,2053.44,2065.78,2049.57,2065.78,4159010000,-0.006829306041904459,-0.006852732470835006,0.006384408602150504,0.006364114596567206
2014-12-02,2066.55,2068.77,2053.77,2053.77,3686650000,0.006384408602150504,0.006364114596567206,0.003764728654036764,0.0037576597991097705
2014-12-03,2074.33,2076.28,2066.65,2067.45,3612680000,0.003764728654036764,0.0037576597991097705,-0.001161820925310808,-0.0011624963624507377
2014-12-04,2071.92,2077.34,2062.34,2073.64,3408340000,-0.001161820925310808,-0.0011624963624507377,0.0016651222054904213,0.0016637374265151782
2014-12-05,2075.37,2079.47,2070.81,2072.78,3419620000,0.0016651222054904213,0.0016637374265151782,-0.0072565373885138396,-0.007282994123169773
2014-12-08,2060.31,2075.78,2054.27,2074.84,3800990000,-0.0072565373885138396,-0.007282994123169773,-0.0002378282879760274,-0.00023785657360814608
2014-12-09,2059.82,2060.6,2034.17,2056.55,3970150000,-0.0002378282879760274,-0.00023785657360814608,-0.016350943286306596,-0.016486095225712944
2014-12-10,2026.14,2058.86,2024.26,2058.86,4114440000,-0.016350943286306596,-0.016486095225712944,0.004535718163601654,0.0045254627925939775
2014-12-11,2035.33,2055.53,2027.92,2027.92,3917950000,0.004535718163601654,0.0045254627925939775,-0.016213586985894146,-0.016346465435817352
2014-12-12,2002.33,2032.25,2002.33,2030.36,4157650000,-0.016213586985894146,-0.016346465435817352,-0.006342610858349973,-0.006362810672940926
2014-12-15,1989.63,2018.69,1982.26,2005.03,4361990000,-0.006342610858349973,-0.006362810672940926,-0.008489015545603995,-0.008525252460965011
2014-12-16,1972.74,2016.89,1972.56,1986.71,4958680000,-0.008489015545603995,-0.008525252460965011,0.020352403256384655,0.020148061015694455
2014-12-17,2012.89,2016.75,1973.77,1973.77,4942370000,0.020352403256384655,0.020148061015694455,0.024015221894887473,0.023731391638557114
2014-12-18,2061.23,2061.23,2018.98,2018.98,4703380000,0.024015221894887473,0.023731391638557114,0.0045700867928373246,0.004559675654011466
2014-12-19,2070.65,2077.85,2061.03,2061.04,6465530000,0.0045700867928373246,0.004559675654011466,0.0038103977012049484,0.0038031565245638006
2014-12-22,2078.54,2078.76,2069.28,2069.28,3369520000,0.0038103977012049484,0.0038031565245638006,0.001746418158899976,0.0017448949438961451
2014-12-23,2082.17,2086.73,2079.77,2081.48,3043950000,0.001746418158899976,0.0017448949438961451,-0.00013927777270827946,-0.00013928747275794275
2014-12-24,2081.88,2087.56,2081.86,2083.25,1416980000,-0.00013927777270827946,-0.00013928747275794275,0.0033095087132783974,0.0033040443422532773
2014-12-26,2088.77,2092.7,2084.3,2084.3,1735230000,0.0033095087132783974,0.0033040443422532773,0.0008617511741360051,0.0008613800797716425
2014-12-29,2090.57,2093.55,2085.75,2087.63,2452360000,0.0008617511741360051,0.0008613800797716425,-0.004888618893411967,-0.004900607277808058
2014-12-30,2080.35,2088.49,2079.53,2088.49,2440280000,-0.004888618893411967,-0.004900607277808058,-0.010310765015502099,-0.01036428918775506
2014-12-31,2058.9,2085.58,2057.94,2082.11,2606070000,-0.010310765015502099,-0.01036428918775506,-0.0003399873718977764,-0.0003400451807075162
2015-01-02,2058.2,2072.36,2046.04,2058.9,2708700000,-0.0003399873718977764,-0.0003400451807075162,-0.018278107083859685,-0.018447215507429587
2015-01-05,2020.58,2054.44,2017.34,2054.44,3799120000,-0.018278107083859685,-0.018447215507429587,-0.008893486028764053,-0.008933269124887845
2015-01-06,2002.61,2030.25,1992.44,2022.15,4460110000,-0.008893486028764053,-0.008933269124887845,0.011629823080879564,0.011562716479232132
2015-01-07,2025.9,2029.61,2005.55,2005.55,3805480000,0.011629823080879564,0.011562716479232132,0.017888345920331616,0.01773023227055391
2015-01-08,2062.14,2064.08,2030.61,2030.61,3934010000,0.017888345920331616,0.01773023227055391,-0.008403891103416772,-0.008439402894368318
2015-01-09,2044.81,2064.43,2038.33,2063.45,3364140000,-0.008403891103416772,-0.008439402894368318,-0.008093661513783657,-0.008126593003387722
2015-01-12,2028.26,2049.3,2022.58,2046.13,3456460000,-0.008093661513783657,-0.008126593003387722,-0.0025785648782700177,-0.002581895102717448
2015-01-13,2023.03,2056.93,2008.25,2031.58,4107300000,-0.0025785648782700177,-0.002581895102717448,-0.005813062584341333,-0.0058300241971988576
2015-01-14,2011.27,2018.4,1988.44,2018.4,4378680000,-0.005813062584341333,-0.0058300241971988576,-0.00924788815027322,-0.009290915347145516
2015-01-15,1992.67,2021.35,1991.47,2013.75,4276720000,-0.00924788815027322,-0.009290915347145516,0.013424199691870697,0.013334893478396
2015-01-16,2019.42,2020.46,1988.12,1992.25,4056410000,0.013424199691870697,0.013334893478396,0.0015499499856392873,0.0015487500528907781
2015-01-20,2022.55,2028.94,2004.49,2020.76,3944340000,0.0015499499856392873,0.0015487500528907781,0.004731650639044682,0.004720491566868883
2015-01-21,2032.12,2038.29,2012.04,2020.19,3730070000,0.004731650639044682,0.004720491566868883,0.01526976753341347,0.015154358001382194
2015-01-22,2063.15,2064.62,2026.38,2034.3,4176050000,0.01526976753341347,0.015154358001382194,-0.005491602646438665,-0.00550673692932809
2015-01-23,2051.82,2062.98,2050.54,2062.98,3573560000,-0.005491602646438665,-0.00550673692932809,0.002568451423614171,0.002565158589374469
2015-01-26,2057.09,2057.62,2040.97,2050.42,3465760000,0.002568451423614171,0.002565158589374469,-0.0133878439932138,-0.01347826914874784
2015-01-27,2029.55,2047.86,2019.91,2047.86,3329810000,-0.0133878439932138,-0.01347826914874784,-0.013495602473454604,-0.013587495823831957
2015-01-28,2002.16,2042.49,2001.49,2032.34,4067530000,-0.013495602473454604,-0.013587495823831957,0.009534702521277083,0.00948953412967013
2015-01-29,2021.25,2024.64,1989.18,2002.45,4127140000,0.009534702521277083,0.00948953412967013,-0.012991960420531856,-0.013077094111243876
2015-01-30,1994.99,2023.32,1993.38,2019.35,4568650000,-0.012991960420531856,-0.013077094111243876,0.0129624709898295,0.012879177186226798
2015-02-02,2020.85,2021.66,1980.9,1996.67,4008330000,0.0129624709898295,0.012879177186226798,0.01443946854046585,0.014336212205417897
2015-02-03,2050.03,2050.3,2022.71,2022.71,4615900000,0.01443946854046585,0.014336212205417897,-0.004156036740925795,-0.004164697065034053
2015-02-04,2041.51,2054.74,2036.72,2048.86,4141920000,-0.004156036740925795,-0.004164697065034053,0.010291401952476242,0.010238806024834353
2015-02-05,2062.52,2063.55,2043.45,2043.45,3821990000,0.010291401952476242,0.010238806024834353,-0.0034181486724977894,-0.003424003889146327
2015-02-06,2055.47,2072.4,2049.97,2062.28,4232970000,-0.0034181486724977894,-0.003424003889146327,-0.004247203802536514,-0.00425624879230165
2015-02-09,2046.74,2056.16,2041.88,2053.47,3549540000,-0.004247203802536514,-0.00425624879230165,0.010675513255225422,0.010618932294575799
2015-02-10,2068.59,2070.86,2048.62,2049.38,3669850000,0.010675513255225422,0.010618932294575799,-2.9005264455483903e-05,-2.900568511630124e-05
2015-02-11,2068.53,2073.48,2057.99,2068.55,3596860000,-2.9005264455483903e-05,-2.900568511630124e-05,0.009644530173601451,0.009598318580950463
2015-02-12,2088.48,2088.53,2069.98,2069.98,3788350000,0.009644530173601451,0.009598318580950463,0.004074733777675421,0.004066454532854633
2015-02-13,2096.99,2097.03,2086.7,2088.78,3527450000,0.004074733777675421,0.004066454532854633,0.0015975278852071728,0.0015962531949234387
2015-02-17,2100.34,2101.3,2089.8,2096.47,3361750000,0.0015975278852071728,0.0015962531949234387,-0.00031423483816916953,-0.00031428422028125343
2015-02-18,2099.68,2100.23,2092.15,2099.16,3370020000,-0.00031423483816916953,-0.00031428422028125343,-0.0010620666006249113,-0.001062630993007247
2015-02-19,2097.45,2102.13,2090.79,2099.25,3247100000,-0.0010620666006249113,-0.001062630993007247,0.0061264869245991616,0.006107796303298104
2015-02-20,2110.3,2110.61,2085.44,2097.65,3281600000,0.0061264869245991616,0.006107796303298104,-0.0003032744159600087,-0.0003033204129457377
2015-02-23,2109.66,2110.05,2103.0,2109.83,3093680000,-0.0003032744159600087,-0.0003033204129457377,0.002758738374904146,0.0027549400403308333
2015-02-24,2115.48,2117.94,2105.87,2109.1,3199840000,0.002758738374904146,0.0027549400403308333,-0.0007657836519371353,-0.0007660770140154061
2015-02-25,2113.86,2119.59,2109.89,2115.3,3312340000,-0.0007657836519371353,-0.0007660770140154061,-0.0014759728648067183,-0.001477063185743682
2015-02-26,2110.74,2113.91,2103.76,2113.91,3408690000,-0.0014759728648067183,-0.001477063185743682,-0.002956309161715742,-0.00296068767526803
2015-02-27,2104.5,2112.74,2103.75,2110.88,3547380000,-0.002956309161715742,-0.00296068767526803,0.0061249703017343116,0.006106288914289237
2015-03-02,2117.39,2117.52,2104.5,2105.23,3409490000,0.0061249703017343116,0.006106288914289237,-0.004538606491954589,-0.00454893723637251
2015-03-03,2107.78,2115.76,2098.26,2115.76,3262300000,-0.004538606491954589,-0.00454893723637251,-0.0043885035440131,-0.0043981612914209805
2015-03-04,2098.53,2107.72,2094.49,2107.72,3421110000,-0.0043885035440131,-0.0043981612914209805,0.0011960753479816066,0.0011953606197183842
2015-03-05,2101.04,2104.25,2095.22,2098.54,3103030000,0.0011960753479816066,0.0011953606197183842,-0.014173932909416154,-0.014275342485307393
2015-03-06,2071.26,2100.91,2067.27,2100.91,3853570000,-0.014173932909416154,-0.014275342485307393,0.003944458928381467,0.003936699946892563
2015-03-09,2079.43,2083.49,2072.21,2072.25,3349090000,0.003944458928381467,0.003936699946892563,-0.016961378839393415,-0.01710687053188645
2015-03-10,2044.16,2076.14,2044.16,2076.14,3668900000,-0.016961378839393415,-0.01710687053188645,-0.0019176581089542788,-0.0019194991693251124
2015-03-11,2040.24,2050.08,2039.69,2044.69,3406570000,-0.0019176581089542788,-0.0019194991693251124,0.012601458651923192,0.012522721054237218
2015-03-12,2065.95,2066.41,2041.1,2041.1,3405860000,0.012601458651923192,0.012522721054237218,-0.006074687189912553,-0.00609321316658598
2015-03-13,2053.4,2064.56,2041.17,2064.56,3498560000,-0.006074687189912553,-0.00609321316658598,0.01353365150482122,0.013442889619502027
2015-03-16,2081.19,2081.41,2055.35,2055.35,3295600000,0.01353365150482122,0.013442889619502027,-0.003320215838054086,-0.0033257399856237396
2015-03-17,2074.28,2080.59,2065.08,2080.59,3221840000,-0.003320215838054086,-0.0033257399856237396,0.012158435698169878,0.012085115625505266
2015-03-18,2099.5,2106.85,2061.23,2072.84,4128210000,0.012158435698169878,0.012085115625505266,-0.004872588711598014,-0.004884498475311038
2015-03-19,2089.27,2098.69,2085.56,2098.69,3305220000,-0.004872588711598014,-0.004884498475311038,0.009012717360609157,0.008972345217324727
2015-03-20,2108.1,2113.92,2090.32,2090.32,5554120000,0.009012717360609157,0.008972345217324727,-0.0017456477396706749,-0.0017471731581735757
2015-03-23,2104.42,2114.86,2104.42,2107.99,3267960000,-0.0017456477396706749,-0.0017471731581735757,-0.006139458853270718,-0.006158382825834895
2015-03-24,2091.5,2107.63,2091.5,2103.94,3189820000,-0.006139458853270718,-0.006158382825834895,-0.014558928998326448,-0.01466595021813647
2015-03-25,2061.05,2097.43,2061.05,2093.1,3521140000,-0.014558928998326448,-0.01466595021813647,-0.0023774289803740745,-0.002380259551864185
2015-03-26,2056.15,2067.15,2045.5,2059.94,3510670000,-0.0023774289803740745,-0.002380259551864185,0.002368504243367431,0.002365703758294171
2015-03-27,2061.02,2062.83,2052.96,2055.78,3008550000,0.002368504243367431,0.002365703758294171,0.012236659518102488,0.0121623968046154
2015-03-30,2086.24,2088.97,2064.11,2064.11,2917690000,0.012236659518102488,0.0121623968046154,-0.008795728200015285,-0.008834638950921472
2015-03-31,2067.89,2084.05,2067.04,2084.05,3376550000,-0.008795728200015285,-0.008834638950921472,-0.003965394677666545,-0.003973277701576431
2015-04-01,2059.69,2067.63,2048.38,2067.63,3543270000,-0.003965394677666545,-0.003973277701576431,0.0035296573756244953,0.003523442754392329
2015-04-02,2066.96,2072.17,2057.32,2060.03,3095960000,0.0035296573756244953,0.003523442754392329,0.006608739404729613,0.006586997425284128
2015-04-06,2080.62,2086.99,2056.52,2064.87,3302970000,0.006608739404729613,0.006586997425284128,-0.0020618853995443276,-0.0020640140117176337
2015-04-07,2076.33,2089.81,2076.1,2080.79,3065510000,-0.0020618853995443276,-0.0020640140117176337,0.0026826178882932705,0.0026790260911049436
2015-04-08,2081.9,2086.69,2073.3,2076.94,3265330000,0.0026826178882932705,0.0026790260911049436,0.004457466737115112,0.004447561655731752
2015-04-09,2091.18,2093.31,2074.29,2081.29,3172360000,0.004457466737115112,0.004447561655731752,0.005202804158417784,0.005189316335635196
2015-04-10,2102.06,2102.61,2091.51,2091.51,3156200000,0.005202804158417784,0.005189316335635196,-0.004581220326727142,-0.004591746276668459
2015-04-13,2092.43,2107.65,2092.33,2102.03,2908420000,-0.004581220326727142,-0.004591746276668459,0.0016296841471401535,0.0016283576529126241
2015-04-14,2095.84,2098.62,2083.24,2092.28,3301270000,0.0016296841471401535,0.0016283576529126241,0.005148293762882616,0.005135086608693579
2015-04-15,2106.63,2111.91,2097.82,2097.82,4013760000,0.005148293762882616,0.005135086608693579,-0.0007784945624055295,-0.0007787977466591179
2015-04-16,2104.99,2111.3,2100.02,2105.96,3434120000,-0.0007784945624055295,-0.0007787977466591179,-0.01131121763048748,-0.011375675981876396
2015-04-17,2081.18,2102.58,2072.37,2102.58,3627600000,-0.01131121763048748,-0.011375675981876396,0.009235145446333526,0.009192762234207431
2015-04-20,2100.4,2103.94,2084.11,2084.11,3000160000,0.009235145446333526,0.009192762234207431,-0.0014806703485050754,-0.0014817676241149391
2015-04-21,2097.29,2109.64,2094.38,2102.82,3243410000,-0.0014806703485050754,-0.0014817676241149391,0.00508751770141469,0.005074620009561437
2015-04-22,2107.96,2109.98,2091.05,2098.27,3348480000,0.00508751770141469,0.005074620009561437,0.002357729748192483,0.0023549546644853884
2015-04-23,2112.93,2120.49,2103.19,2107.21,3636670000,0.002357729748192483,0.0023549546644853884,0.00225279588060201,0.0022502621405813723
2015-04-24,2117.69,2120.92,2112.8,2112.8,3375780000,0.00225279588060201,0.0022502621405813723,-0.004141304912428145,-0.004149903864416299
2015-04-27,2108.92,2125.92,2107.04,2119.29,3438750000,-0.004141304912428145,-0.004149903864416299,0.0027691899171140566,0.002765362774477354
2015-04-28,2114.76,2116.04,2094.89,2108.35,3546270000,0.0027691899171140566,0.002765362774477354,-0.003740377158637509,-0.0037473898615125326
2015-04-29,2106.85,2113.65,2097.41,2112.49,4074970000,-0.003740377158637509,-0.0037473898615125326,-0.010128865367728945,-0.010180511364075624
2015-04-30,2085.51,2105.52,2077.59,2105.52,4509680000,-0.010128865367728945,-0.010180511364075624,0.010922987662490113,0.010863762718014008
2015-05-01,2108.29,2108.41,2087.38,2087.38,3379390000,0.010922987662490113,0.010863762718014008,0.0029407719051932624,0.002936456294242169
2015-05-04,2114.49,2120.95,2110.23,2110.23,3091580000,0.0029407719051932624,0.002936456294242169,-0.011837369767650707,-0.011907989281938557
2015-05-05,2089.46,2115.24,2088.46,2112.63,3793950000,-0.011837369767650707,-0.011907989281938557,-0.0044556966871822645,-0.00446565288921807
2015-05-06,2080.15,2098.42,2067.93,2091.26,3792210000,-0.0044556966871822645,-0.00446565288921807,0.0037737663149290945,0.0037666635227395196
2015-05-07,2088.0,2092.9,2074.99,2079.96,3676640000,0.0037737663149290945,0.0037666635227395196,0.01345785440613012,0.01336810183819619
2015-05-08,2116.1,2117.66,2092.13,2092.13,3399440000,0.01345785440613012,0.01336810183819619,-0.005089551533481451,-0.005102547415113407
2015-05-11,2105.33,2117.69,2104.58,2115.56,2992670000,-0.005089551533481451,-0.005102547415113407,-0.002949656348410934,-0.0029540151581351707
2015-05-12,2099.12,2105.06,2085.57,2102.87,3139520000,-0.002949656348410934,-0.0029540151581351707,-0.00030488966805131135,-0.0003049361563555961
2015-05-13,2098.48,2110.19,2096.04,2099.62,3374260000,-0.00030488966805131135,-0.0003049361563555961,0.010779230681254859,0.010721548914049037
2015-05-14,2121.1,2121.45,2100.43,2100.43,3225740000,0.010779230681254859,0.010721548914049037,0.0007684691905143204,0.0007681740692506561
2015-05-15,2122.73,2123.89,2116.81,2122.07,3092080000,0.0007684691905143204,0.0007681740692506561,0.003047961822747025,0.003043326204180875
2015-05-18,2129.2,2131.78,2120.01,2121.3,2888190000,0.003047961822747025,0.003043326204180875,-0.0006434341536727395,-0.0006436412462661924
2015-05-19,2127.83,2133.02,2124.5,2129.45,3296030000,-0.0006434341536727395,-0.0006436412462661924,-0.0009305254649102368,-0.0009309586724919671
2015-05-20,2125.85,2134.72,2122.59,2127.79,3025880000,-0.0009305254649102368,-0.0009309586724919671,0.002337888374062347,0.002335159764998983
2015-05-21,2130.82,2134.28,2122.95,2125.55,3070460000,0.002337888374062347,0.002335159764998983,-0.0022338817919862475,-0.0022363806280129898
2015-05-22,2126.06,2132.15,2126.06,2130.36,2571860000,-0.0022338817919862475,-0.0022363806280129898,-0.01028192995494015,-0.010335154142642595
2015-05-26,2104.2,2125.34,2099.18,2125.34,3342130000,-0.01028192995494015,-0.010335154142642595,0.00916262712669913,0.009120904921787637
2015-05-27,2123.48,2126.22,2105.13,2105.13,3127960000,0.00916262712669913,0.009120904921787637,-0.0012667884792887385,-0.0012675915340863882
2015-05-28,2120.79,2122.27,2112.86,2122.27,2980350000,-0.0012667884792887385,-0.0012675915340863882,-0.006318400218786491,-0.006338445791358441
2015-05-29,2107.39,2120.66,2104.89,2120.66,3927390000,-0.006318400218786491,-0.006338445791358441,0.0020594194714789182,0.0020573017741854285
2015-06-01,2111.73,2119.15,2102.54,2108.64,3011710000,0.0020594194714789182,0.0020573017741854285,-0.0010086516742198182,-0.0010091607056388198
2015-06-02,2109.6,2117.59,2099.14,2110.41,3049350000,-0.0010086516742198182,-0.0010091607056388198,0.0021188850967008843,0.0021166434256780875
2015-06-03,2114.07,2121.92,2109.61,2110.64,3099980000,0.0021188850967008843,0.0021166434256780875,-0.008623177094419732,-0.008660571815416115
2015-06-04,2095.84,2112.89,2093.23,2112.35,3200050000,-0.008623177094419732,-0.008660571815416115,-0.0014361783342240475,-0.001437210626817113
2015-06-05,2092.83,2100.99,2085.67,2095.09,3243690000,-0.0014361783342240475,-0.001437210626817113,-0.00647448669982742,-0.006495537098383694
2015-06-08,2079.28,2093.01,2079.11,2092.34,2917150000,-0.00647448669982742,-0.006495537098383694,0.00041841406640763523,0.0004183265556517879
2015-06-09,2080.15,2085.62,2072.14,2079.07,3034580000,0.00041841406640763523,0.0004183265556517879,0.012042400788404573,0.011970467999834084
2015-06-10,2105.2,2108.5,2081.12,2081.12,3414320000,0.012042400788404573,0.011970467999834084,0.001738552156564932,0.0017370426241117387
2015-06-11,2108.86,2115.02,2106.24,2106.24,3128600000,0.001738552156564932,0.0017370426241117387,-0.006994300238043261,-0.007018875011890289
2015-06-12,2094.11,2107.43,2091.33,2107.43,2719400000,-0.006994300238043261,-0.007018875011890289,-0.004622488789987278,-0.004633205529385608
2015-06-15,2084.43,2091.34,2072.49,2091.34,3061570000,-0.004622488789987278,-0.004633205529385608,0.005689804886707783,0.005673679086406269
2015-06-16,2096.29,2097.4,2082.1,2084.26,2919900000,0.005689804886707783,0.005673679086406269,0.001979687924857698,0.001977730925124627
2015-06-17,2100.44,2106.79,2088.86,2097.4,3222240000,0.001979687924857698,0.001977730925124627,0.009902687056045245,0.009853976761801558
2015-06-18,2121.24,2126.65,2101.58,2101.58,3520360000,0.009902687056045245,0.009853976761801558,-0.005303501725405946,-0.005317615213403526
2015-06-19,2109.99,2121.64,2109.45,2121.06,4449810000,-0.005303501725405946,-0.005317615213403526,0.006094815615239835,0.006076317350836994
2015-06-22,2122.85,2129.87,2112.5,2112.5,3030020000,0.006094815615239835,0.006076317350836994,0.0006359375368019116,0.0006357354142135757
2015-06-23,2124.2,2128.03,2119.89,2123.16,3091190000,0.0006359375368019116,0.0006357354142135757,-0.0073533565577629245,-0.007380525755900911
2015-06-24,2108.58,2125.1,2108.58,2123.65,3102480000,-0.0073533565577629245,-0.007380525755900911,-0.002973565148109092,-0.002977994976722945
2015-06-25,2102.31,2116.04,2101.78,2109.96,3214610000,-0.002973565148109092,-0.002977994976722945,-0.0003900471386237836,-0.00039012322679491675
2015-06-26,2101.49,2108.92,2095.38,2102.62,5025470000,-0.0003900471386237836,-0.00039012322679491675,-0.020866147352592623,-0.02108692194926015
2015-06-29,2057.64,2098.63,2056.64,2098.63,3678960000,-0.020866147352592623,-0.02108692194926015,0.0026583853346553443,0.002654858078183291
2015-06-30,2063.11,2074.28,2056.32,2061.19,4078540000,0.0026583853346553443,0.002654858078183291,0.0069361304050681305,0.006912186109313318
2015-07-01,2077.42,2082.78,2067.0,2067.0,3727260000,0.0069361304050681305,0.006912186109313318,-0.0003080744384861278,-0.0003081219031646385
2015-07-02,2076.78,2085.06,2071.02,2078.03,2996540000,-0.0003080744384861278,-0.0003081219031646385,-0.003861747512976854,-0.0038692233125439636
2015-07-06,2068.76,2078.61,2058.4,2073.95,3486360000,-0.003861747512976854,-0.0038692233125439636,0.006080937373112327,0.006062523086486958
2015-07-07,2081.34,2083.74,2044.02,2069.52,4458660000,0.006080937373112327,0.006062523086486958,-0.016652733335255188,-0.01679294892719651
2015-07-08,2046.68,2077.66,2044.66,2077.66,3608780000,-0.016652733335255188,-0.01679294892719651,0.002262200246252455,0.0022596453237141356
2015-07-09,2051.31,2074.28,2049.73,2049.73,3446810000,0.002262200246252455,0.0022596453237141356,0.012338456888524973,0.012262958517226932
2015-07-10,2076.62,2081.31,2052.74,2052.74,3065070000,0.012338456888524973,0.012262958517226932,0.011066059269389639,0.011005278427365045
2015-07-13,2099.6,2100.67,2080.03,2080.03,3096730000,0.011066059269389639,0.011005278427365045,0.004453229186511587,0.004443342901147857
2015-07-14,2108.95,2111.98,2098.18,2099.72,3002120000,0.004453229186511587,0.004443342901147857,-0.0007349628962278754,-0.0007352331138653618
2015-07-15,2107.4,2114.14,2102.49,2109.01,3261810000,-0.0007349628962278754,-0.0007352331138653618,0.008014615165606864,0.007982668716293924
2015-07-16,2124.29,2124.42,2110.55,2110.55,3227080000,0.008014615165606864,0.007982668716293924,0.0011062519712468077,0.0011056405254354067
2015-07-17,2126.64,2128.91,2119.88,2126.8,3362750000,0.0011062519712468077,0.0011056405254354067,0.0007711695444458933,0.0007708723459965329
2015-07-20,2128.28,2132.82,2123.66,2126.85,3245870000,0.0007711695444458933,0.0007708723459965329,-0.0042616573007311365,-0.004270764044629494
2015-07-21,2119.21,2128.49,2115.4,2127.55,3343690000,-0.0042616573007311365,-0.004270764044629494,-0.002387682202330099,-0.002390537261033748
2015-07-22,2114.15,2118.51,2110.0,2118.21,3694070000,-0.002387682202330099,-0.002390537261033748,-0.005676040016082129,-0.0056922099476966175
2015-07-23,2102.15,2116.87,2098.63,2114.16,3772810000,-0.005676040016082129,-0.0056922099476966175,-0.010703327545608099,-0.010761020194054139
2015-07-24,2079.65,2106.01,2077.09,2102.24,3870040000,-0.010703327545608099,-0.010761020194054139,-0.0057750102180655905,-0.005791750069227781
2015-07-27,2067.64,2078.19,2063.52,2078.19,3836750000,-0.0057750102180655905,-0.005791750069227781,0.012386102029366963,0.01231002184803006
2015-07-28,2093.25,2095.6,2069.09,2070.75,4117740000,0.012386102029366963,0.01231002184803006,0.007318762689597635,0.007292110507604485
2015-07-29,2108.57,2110.6,2094.08,2094.7,4038900000,0.007318762689597635,0.007292110507604485,2.845530383144279e-05,2.8454898986964683e-05
2015-07-30,2108.63,2110.48,2094.97,2106.78,3579410000,2.845530383144279e-05,2.8454898986964683e-05,-0.0022716171163267296,-0.002274201152523918
2015-07-31,2103.84,2114.24,2102.07,2111.6,3681340000,-0.0022716171163267296,-0.002274201152523918,-0.002756863639820639,-0.0027606707871855756
2015-08-03,2098.04,2105.7,2087.31,2104.49,3476770000,-0.002756863639820639,-0.0027606707871855756,-0.0022497187851517886,-0.00225225320432502
2015-08-04,2093.32,2102.51,2088.6,2097.68,3546710000,-0.0022497187851517886,-0.00225225320432502,0.003114669520188018,0.0031098289855839203
2015-08-05,2099.84,2112.66,2095.27,2095.27,3968680000,0.003114669520188018,0.0031098289855839203,-0.007752971654983343,-0.007783182188635467
2015-08-06,2083.56,2103.32,2075.53,2100.75,4246570000,-0.007752971654983343,-0.007783182188635467,-0.0028748872122712488,-0.002879027637921453
2015-08-07,2077.57,2082.61,2067.91,2082.61,3602320000,-0.0028748872122712488,-0.002879027637921453,0.012808232694927035,0.012726901022967103
2015-08-10,2104.18,2105.35,2080.98,2080.98,3514460000,0.012808232694927035,0.012726901022967103,-0.009557167162504987,-0.009603129968501637
2015-08-11,2084.07,2102.66,2076.49,2102.66,3708880000,-0.009557167162504987,-0.009603129968501637,0.0009500640573494312,0.0009496130321388531
2015-08-12,2086.05,2089.06,2052.09,2081.1,4269130000,0.0009500640573494312,0.0009496130321388531,-0.0012751372210638712,-0.001275950900305485
2015-08-13,2083.39,2092.93,2078.26,2086.19,3221300000,-0.0012751372210638712,-0.001275950900305485,0.0039118935964941315,0.0039042620368306804
2015-08-14,2091.54,2092.45,2080.61,2083.15,2795590000,0.0039118935964941315,0.0039042620368306804,0.005211470973541132,0.005197938255237148
2015-08-17,2102.44,2102.87,2079.3,2089.7,2867690000,0.005211470973541132,0.005197938255237148,-0.0026255208234241545,-0.002628973548012266
2015-08-18,2096.92,2103.47,2094.14,2101.99,2949990000,-0.0026255208234241545,-0.002628973548012266,-0.008254964424012301,-0.0082892253214385
2015-08-19,2079.61,2096.17,2070.53,2095.69,3512920000,-0.008254964424012301,-0.0082892253214385,-0.021100110116800797,-0.02132589920510587
2015-08-20,2035.73,2076.61,2035.73,2076.61,3922470000,-0.021100110116800797,-0.02132589920510587,-0.031850982202944356,-0.03236925954849968
2015-08-21,1970.89,2034.08,1970.89,2034.08,5018240000,-0.031850982202944356,-0.03236925954849968,-0.03941366590728046,-0.0402114162811756
2015-08-24,1893.21,1965.15,1867.01,1965.15,6612690000,-0.03941366590728046,-0.0402114162811756,-0.013522007595565322,-0.01361426253218886
2015-08-25,1867.61,1948.04,1867.08,1898.08,5183560000,-0.013522007595565322,-0.01361426253218886,0.03903384539598753,0.038291286558614
2015-08-26,1940.51,1943.09,1872.75,1872.75,5338250000,0.03903384539598753,0.038291286558614,0.024297736162143035,0.02400724232625184
2015-08-27,1987.66,1989.6,1942.77,1942.77,5006390000,0.024297736162143035,0.02400724232625184,0.0006087560246721413,0.000608570807887431
2015-08-28,1988.87,1993.48,1975.19,1986.06,3949080000,0.0006087560246721413,0.000608570807887431,-0.008391699809439435,-0.008427108353350126
2015-08-31,1972.18,1986.73,1965.98,1986.73,3915100000,-0.008391699809439435,-0.008427108353350126,-0.029576407832956453,-0.0300226098516122
2015-09-01,1913.85,1970.09,1903.07,1970.09,4371850000,-0.029576407832956453,-0.0300226098516122,0.018292969668469272,0.018127666183109615
2015-09-02,1948.86,1948.91,1916.52,1916.52,3742620000,0.018292969668469272,0.018127666183109615,0.0011647835144650287,0.001164105680449443
2015-09-03,1951.13,1975.01,1944.72,1950.79,3520700000,0.0011647835144650287,0.001164105680449443,-0.015329578244401953,-0.015448291002620419
2015-09-04,1921.22,1947.76,1911.21,1947.76,3167090000,-0.015329578244401953,-0.015448291002620419,0.025083020164270664,0.024773604592646017
2015-09-08,1969.41,1970.42,1927.3,1927.3,3548650000,0.025083020164270664,0.024773604592646017,-0.013897563229596788,-0.013995038527950136
2015-09-09,1942.04,1988.63,1937.88,1971.45,3652120000,-0.013897563229596788,-0.013995038527950136,0.005277955139955992,0.0052640755505400285
2015-09-10,1952.29,1965.29,1937.19,1941.59,3626320000,0.005277955139955992,0.0052640755505400285,0.0044870382986135215,0.0044770015545705895
2015-09-11,1961.05,1961.05,1939.19,1951.45,3218590000,0.0044870382986135215,0.0044770015545705895,-0.0040896458529868784,-0.004098031324803634
2015-09-14,1953.03,1963.06,1948.27,1963.06,3000200000,-0.0040896458529868784,-0.004098031324803634,0.012831344116577714,0.012749719911298718
2015-09-15,1978.09,1983.19,1954.3,1955.1,3239860000,0.012831344116577714,0.012749719911298718,0.008705367298757816,0.008667694070501723
2015-09-16,1995.31,1997.26,1977.93,1978.02,3630680000,0.008705367298757816,0.008667694070501723,-0.0025610055580335134,-0.002564290542541979
2015-09-17,1990.2,2020.86,1986.73,1995.33,4183790000,-0.0025610055580335134,-0.002564290542541979,-0.016164204602552523,-0.01629627045108819
2015-09-18,1958.03,1989.66,1953.45,1989.66,6021240000,-0.016164204602552523,-0.01629627045108819,0.004565813598361723,0.00455542189051565
2015-09-21,1966.97,1979.64,1955.8,1960.84,3269350000,0.004565813598361723,0.00455542189051565,-0.01231843902042229,-0.012394939887069493
2015-09-22,1942.74,1961.39,1929.22,1961.39,3808260000,-0.01231843902042229,-0.012394939887069493,-0.002048652933485662,-0.0020507542933684945
2015-09-23,1938.76,1949.52,1932.57,1943.24,3190530000,-0.002048652933485662,-0.0020507542933684945,-0.0033629742722152134,-0.0033686417802160917
2015-09-24,1932.24,1937.17,1908.92,1934.81,4091530000,-0.0033629742722152134,-0.0033686417802160917,-0.0004657806483666649,-0.00046588915786858695
2015-09-25,1931.34,1952.89,1921.5,1935.93,3721870000,-0.0004657806483666649,-0.00046588915786858695,-0.02566611782492978,-0.02600123923939529
2015-09-28,1881.77,1929.18,1879.21,1929.18,4326660000,-0.02566611782492978,-0.02600123923939529,0.0012328818080848958,0.0012321224333906237
2015-09-29,1884.09,1899.48,1871.91,1881.9,4132390000,0.0012328818080848958,0.0012321224333906237,0.0190755218699743,0.018895865203796398
2015-09-30,1920.03,1920.53,1887.14,1887.14,4525070000,0.0190755218699743,0.018895865203796398,0.001973927490716232,0.001971981855787723
2015-10-01,1923.82,1927.21,1900.7,1919.65,3983600000,0.001973927490716232,0.001971981855787723,0.014315268580220586,0.01421377260428928
2015-10-02,1951.36,1951.36,1893.7,1921.77,4378570000,0.014315268580220586,0.01421377260428928,0.01828980813381431,0.018124561438544923
2015-10-05,1987.05,1989.17,1954.33,1954.33,4334490000,0.01828980813381431,0.018124561438544923,-0.0035882338139452408,-0.00359468696646854
2015-10-06,1979.92,1991.62,1971.99,1986.63,4202400000,-0.0035882338139452408,-0.00359468696646854,0.008035678209220576,0.008003564071616849
2015-10-07,1995.83,1999.31,1976.44,1982.34,4666470000,0.008035678209220576,0.008003564071616849,0.008818386335509576,0.008779731449656634
2015-10-08,2013.43,2016.5,1987.53,1994.01,3939140000,0.008818386335509576,0.008779731449656634,0.0007251307470337309,0.0007248679667592819
2015-10-09,2014.89,2020.13,2007.61,2013.73,3706900000,0.0007251307470337309,0.0007248679667592819,0.0012755038736604885,0.0012746911096436508
2015-10-12,2017.46,2018.66,2010.55,2015.65,2893250000,0.0012755038736604885,0.0012746911096436508,-0.006825414134604912,-0.00684881380942293
2015-10-13,2003.69,2022.34,2001.78,2015.0,3401920000,-0.006825414134604912,-0.00684881380942293,-0.004716298429397803,-0.00472745525794583
2015-10-14,1994.24,2009.56,1990.73,2003.66,3644590000,-0.004716298429397803,-0.00472745525794583,0.01485277599486512,0.014743553692310356
2015-10-15,2023.86,2024.15,1996.47,1996.47,3746290000,0.01485277599486512,0.014743553692310356,0.004570474242289402,0.004560061340766879
2015-10-16,2033.11,2033.54,2020.46,2024.37,3595430000,0.004570474242289402,0.004560061340766879,0.00027052151629769483,0.00027048493195005823
2015-10-19,2033.66,2034.45,2022.31,2031.73,3287320000,0.00027052151629769483,0.00027048493195005823,-0.001421083170244808,-0.0014220938665690213
2015-10-20,2030.77,2039.12,2026.61,2033.13,3331500000,-0.001421083170244808,-0.0014220938665690213,-0.005825376581296671,-0.005842410271440132
2015-10-21,2018.94,2037.97,2017.22,2033.47,3627790000,-0.005825376581296671,-0.005842410271440132,0.016627537222502875,0.016490813232663316
2015-10-22,2052.51,2055.2,2021.88,2021.88,4430850000,0.016627537222502875,0.016490813232663316,0.011030396928638497,0.010970005786788946
2015-10-23,2075.15,2079.74,2058.19,2058.19,4108460000,0.011030396928638497,0.010970005786788946,-0.0019131147145990957,-0.0019149470559137484
2015-10-26,2071.18,2075.14,2066.53,2075.08,3385800000,-0.0019131147145990957,-0.0019149470559137484,-0.0025540995953997614,-0.002557366872257423
2015-10-27,2065.89,2070.37,2058.84,2068.75,4216880000,-0.0025540995953997614,-0.002557366872257423,0.011839933394323987,0.01177038977262058
2015-10-28,2090.35,2090.35,2063.11,2066.48,4698110000,0.011839933394323987,0.01177038977262058,-0.00044968545937285054,-0.0004497865982006129
2015-10-29,2089.41,2092.52,2082.63,2088.35,4008940000,-0.00044968545937285054,-0.0004497865982006129,-0.0048099702786910115,-0.004821575414258128
2015-10-30,2079.36,2094.32,2079.34,2090.0,4256200000,-0.0048099702786910115,-0.004821575414258128,0.011873845798707316,0.011803904793109323
2015-11-02,2104.05,2106.2,2080.76,2080.76,3760020000,0.011873845798707316,0.011803904793109323,0.002728072051519481,0.002724357616923586
2015-11-03,2109.79,2116.48,2097.51,2102.63,4272060000,0.002728072051519481,0.002724357616923586,-0.0035453765540646165,-0.0035516762958985523
2015-11-04,2102.31,2114.59,2096.98,2110.6,4078870000,-0.0035453765540646165,-0.0035516762958985523,-0.0011320880364932284,-0.001132729332202236
2015-11-05,2099.93,2108.78,2090.41,2101.68,4051890000,-0.0011320880364932284,-0.001132729332202236,-0.00034763063530685034,-0.0003476910728431842
2015-11-06,2099.2,2101.91,2083.74,2098.6,4369020000,-0.00034763063530685034,-0.0003476910728431842,-0.00982278963414629,-0.009871351502606852
2015-11-09,2078.58,2096.56,2068.24,2096.56,3882350000,-0.00982278963414629,-0.009871351502606852,0.0015106466914911465,0.0015095068126030056
2015-11-10,2081.72,2083.67,2069.91,2077.19,3821440000,0.0015106466914911465,0.0015095068126030056,-0.0032280998405164185,-0.003233321394967414
2015-11-11,2075.0,2086.94,2074.85,2083.41,3692410000,-0.0032280998405164185,-0.003233321394967414,-0.01399036144578314,-0.014089149017324396
2015-11-12,2045.97,2072.29,2045.66,2072.29,4016370000,-0.01399036144578314,-0.014089149017324396,-0.011207397957936904,-0.011270674060276152
2015-11-13,2023.04,2044.64,2022.02,2044.64,4278750000,-0.011207397957936904,-0.011270674060276152,0.014903313824738973,0.014793350640956328
2015-11-16,2053.19,2053.22,2019.39,2022.08,3741240000,0.014903313824738973,0.014793350640956328,-0.0013393792099123392,-0.0013402769799722193
2015-11-17,2050.44,2066.69,2045.9,2053.67,4427350000,-0.0013393792099123392,-0.0013402769799722193,0.016162384658902518,0.01603316380542843
2015-11-18,2083.58,2085.31,2051.99,2051.99,3926390000,0.016162384658902518,0.01603316380542843,-0.0011230670288638889,-0.0011236981412047731
2015-11-19,2081.24,2086.74,2078.76,2083.7,3628110000,-0.0011230670288638889,-0.0011236981412047731,0.0038102285176147,0.0038029879831690382
2015-11-20,2089.17,2097.06,2082.82,2082.82,3929600000,0.0038102285176147,0.0038029879831690382,-0.0012349401915593416,-0.0012357033585728208
2015-11-23,2086.59,2095.61,2081.39,2089.41,3587980000,-0.0012349401915593416,-0.0012357033585728208,0.0012220896294909966,0.0012213434858008502
2015-11-24,2089.14,2094.12,2070.29,2084.42,3884930000,0.0012220896294909966,0.0012213434858008502,-0.0001292397828771552,-0.00012924813505752467
2015-11-25,2088.87,2093.0,2086.3,2089.3,2852940000,-0.0001292397828771552,-0.00012924813505752467,0.0005936223891387371,0.0005934462650656421
2015-11-27,2090.11,2093.29,2084.13,2088.82,1466840000,0.0005936223891387371,0.0005934462650656421,-0.004640904067250151,-0.004651706497517027
2015-11-30,2080.41,2093.81,2080.41,2090.95,4275030000,-0.004640904067250151,-0.004651706497517027,0.010680586999677999,0.010623952433730842
2015-12-01,2102.63,2103.37,2082.93,2082.93,3712120000,0.010680586999677999,0.010623952433730842,-0.010995752937987158,-0.011056653069340215
2015-12-02,2079.51,2104.27,2077.11,2101.71,3950640000,-0.010995752937987158,-0.011056653069340215,-0.014373578391063457,-0.014477878923262813
2015-12-03,2049.62,2085.0,2042.35,2080.71,4306490000,-0.014373578391063457,-0.014477878923262813,0.020525755993794137,0.0203179415517183
2015-12-04,2091.69,2093.84,2051.24,2051.24,4214910000,0.020525755993794137,0.0203179415517183,-0.00698956346303703,-0.007014104884478266
2015-12-07,2077.07,2090.42,2066.78,2090.42,4043820000,-0.00698956346303703,-0.007014104884478266,-0.006489911269239812,-0.006511062305276753
2015-12-08,2063.59,2073.85,2052.32,2073.39,4173570000,-0.006489911269239812,-0.006511062305276753,-0.007738940390290883,-0.007769041389937937
2015-12-09,2047.62,2080.33,2036.53,2061.17,4385250000,-0.007738940390290883,-0.007769041389937937,0.00225139430167709,0.002248863711052729
2015-12-10,2052.23,2067.65,2045.67,2047.93,3715150000,0.00225139430167709,0.002248863711052729,-0.01942277425044958,-0.019613874846502764
2015-12-11,2012.37,2047.27,2008.8,2047.27,4301060000,-0.01942277425044958,-0.019613874846502764,0.00475558669628362,0.004744314616645313
2015-12-14,2021.94,2022.92,1993.26,2013.37,4612440000,0.00475558669628362,0.004744314616645313,0.010618514891638675,0.010562534400149612
2015-12-15,2043.41,2053.87,2025.55,2025.55,4353540000,0.010618514891638675,0.010562534400149612,0.014514952946300674,0.014410619402612932
2015-12-16,2073.07,2076.72,2042.43,2046.5,4635450000,0.014514952946300674,0.014410619402612932,-0.015040495497016582,-0.01515475083488926
2015-12-17,2041.89,2076.37,2041.66,2073.76,4327390000,-0.015040495497016582,-0.01515475083488926,-0.017797236873680844,-0.01795751217964754
2015-12-18,2005.55,2040.81,2005.33,2040.81,6683070000,-0.017797236873680844,-0.01795751217964754,0.007778414898656383,0.007748318994364429
2015-12-21,2021.15,2022.9,2005.93,2010.27,3760280000,0.007778414898656383,0.007748318994364429,0.008816762734086936,0.00877812203932951
2015-12-22,2038.97,2042.74,2020.49,2023.15,3520860000,0.008816762734086936,0.00877812203932951,0.012418034595898853,0.012341563236114893
2015-12-23,2064.29,2064.73,2042.2,2042.2,3484090000,0.012418034595898853,0.012341563236114893,-0.0015986125980361754,-0.001599891742574954
2015-12-24,2060.99,2067.36,2058.73,2063.52,1411860000,-0.0015986125980361754,-0.001599891742574954,-0.0021785646703768036,-0.0021809411946235105
2015-12-28,2056.5,2057.77,2044.2,2057.77,2492510000,-0.0021785646703768036,-0.0021809411946235105,0.010629710673474513,0.010573612487139963
2015-12-29,2078.36,2081.56,2060.54,2060.54,2542000000,0.010629710673474513,0.010573612487139963,-0.007217228968994793,-0.007243399159519185
2015-12-30,2063.36,2077.34,2061.97,2077.34,2367430000,-0.007217228968994793,-0.007243399159519185,-0.009411833126550917,-0.009456404312783972
2015-12-31,2043.94,2062.54,2043.62,2060.59,2655330000,-0.009411833126550917,-0.009456404312783972,-0.01530377604039257,-0.015422087447211375
2016-01-04,2012.66,2038.2,1989.68,2038.2,4304880000,-0.01530377604039257,-0.015422087447211375,0.002012262379140095,0.002010240491123956
2016-01-05,2016.71,2021.94,2004.17,2013.78,3706620000,0.002012262379140095,0.002010240491123956,-0.013115420660382515,-0.013202187278752919
2016-01-06,1990.26,2011.71,1979.05,2011.71,4336660000,-0.013115420660382515,-0.013202187278752919,-0.023700421050516063,-0.023985794022258523
2016-01-07,1943.09,1985.32,1938.83,1985.32,5076590000,-0.023700421050516063,-0.023985794022258523,-0.01083840686741222,-0.010897570278899054
2016-01-08,1922.03,1960.4,1918.46,1945.97,4664940000,-0.01083840686741222,-0.010897570278899054,0.0008532645172032449,0.0008529006939786754
2016-01-11,1923.67,1935.65,1901.1,1926.12,4607290000,0.0008532645172032449,0.0008529006939786754,0.007802793618448156,0.007772509257391239
2016-01-12,1938.68,1947.38,1914.35,1927.83,4887260000,0.007802793618448156,0.007772509257391239,-0.024965440402748285,-0.02528236287170431
2016-01-13,1890.28,1950.33,1886.41,1940.34,5087030000,-0.024965440402748285,-0.02528236287170431,0.01669593922593471,0.016558094217956527
2016-01-14,1921.84,1934.47,1878.93,1891.68,5241110000,0.01669593922593471,0.016558094217956527,-0.02159909253631931,-0.02183576711197509
2016-01-15,1880.33,1916.68,1857.83,1916.68,5468460000,-0.02159909253631931,-0.02183576711197509,0.0005318215419634065,0.0005316801750062664
2016-01-19,1881.33,1901.44,1864.6,1888.66,4928350000,0.0005318215419634065,0.0005316801750062664,-0.011693854879261001,-0.011762765749513873
2016-01-20,1859.33,1876.18,1812.29,1876.18,6416070000,-0.011693854879261001,-0.011762765749513873,0.005195419855539507,0.005181970226003676
2016-01-21,1868.99,1889.85,1848.98,1861.46,5078810000,0.005195419855539507,0.005181970226003676,0.020283682630725774,0.02008070885412079
2016-01-22,1906.9,1908.85,1877.4,1877.4,4901760000,0.020283682630725774,0.02008070885412079,-0.015637946405160252,-0.015761508958281073
2016-01-25,1877.08,1906.28,1875.97,1906.28,4401380000,-0.015637946405160252,-0.015761508958281073,0.014144309246276299,0.014045211853838186
2016-01-26,1903.63,1906.73,1878.79,1878.79,4357940000,0.014144309246276299,0.014045211853838186,-0.010863455608495332,-0.010922893803811026
2016-01-27,1882.95,1916.99,1872.7,1902.52,4754040000,-0.010863455608495332,-0.010922893803811026,0.005528558910220527,0.005513332522616619
2016-01-28,1893.36,1902.96,1873.65,1885.22,4693010000,0.005528558910220527,0.005513332522616619,0.02476021464486422,0.024458648291019413
2016-01-29,1940.24,1940.24,1894.0,1894.0,5497570000,0.02476021464486422,0.024458648291019413,-0.00044324413474616797,-0.0004433423964646878
2016-02-01,1939.38,1947.2,1920.3,1936.94,4322530000,-0.00044324413474616797,-0.0004433423964646878,-0.018743103466056232,-0.0189209815953702
2016-02-02,1903.03,1935.26,1897.29,1935.26,4463190000,-0.018743103466056232,-0.0189209815953702,0.004992039011471272,0.004979620098044139
2016-02-03,1912.53,1918.01,1872.23,1907.07,5172950000,0.004992039011471272,0.004979620098044139,0.0015267734362336416,0.001525609102635925
2016-02-04,1915.45,1927.35,1900.52,1911.67,5193320000,0.0015267734362336416,0.001525609102635925,-0.018481296823200877,-0.01865420973979322
2016-02-05,1880.05,1913.07,1872.65,1913.07,4929940000,-0.018481296823200877,-0.01865420973979322,-0.014153878886199789,-0.014255000337827674
2016-02-08,1853.44,1873.25,1828.46,1873.25,5636460000,-0.014153878886199789,-0.014255000337827674,-0.0006636308701657434,-0.0006638511706025009
2016-02-09,1852.21,1868.25,1834.94,1848.46,5183220000,-0.0006636308701657434,-0.0006638511706025009,-0.0001889634544679497,-0.00018898131031094855
2016-02-10,1851.86,1881.6,1850.32,1857.1,4471170000,-0.0001889634544679497,-0.00018898131031094855,-0.01230114587495812,-0.012377431213466798
2016-02-11,1829.08,1847.0,1810.1,1847.0,5500800000,-0.01230114587495812,-0.012377431213466798,0.01951800905373191,0.019329975470501772
2016-02-12,1864.78,1864.78,1833.4,1833.4,4696920000,0.01951800905373191,0.019329975470501772,0.01651669365823305,0.016381776635361386
2016-02-16,1895.58,1895.77,1871.44,1871.44,4570670000,0.01651669365823305,0.016381776635361386,0.01648044398020665,0.01634611531802933
2016-02-17,1926.82,1930.68,1898.8,1898.8,5011540000,0.01648044398020665,0.01634611531802933,-0.004665718645228911,-0.004676637085284247
2016-02-18,1917.83,1930.0,1915.09,1927.57,4436490000,-0.004665718645228911,-0.004676637085284247,-2.60711324778784e-05,-2.607147233575974e-05
2016-02-19,1917.78,1918.78,1902.17,1916.74,4142850000,-2.60711324778784e-05,-2.607147233575974e-05,0.01445421268341529,0.014350746375528583
2016-02-22,1945.5,1946.7,1924.44,1924.44,4054710000,0.01445421268341529,0.014350746375528583,-0.012454381906964795,-0.012532587736590248
2016-02-23,1921.27,1942.38,1919.44,1942.38,3890650000,-0.012454381906964795,-0.012532587736590248,0.0044397716094042305,0.004429944898265448
2016-02-24,1929.8,1932.08,1891.0,1917.56,4317250000,0.0044397716094042305,0.004429944898265448,0.011348326251425123,0.011284417050872818
2016-02-25,1951.7,1951.83,1925.41,1931.87,4118210000,0.011348326251425123,0.011284417050872818,-0.0018701644719988364,-0.0018719154129472615
2016-02-26,1948.05,1962.96,1945.78,1954.95,4348510000,-0.0018701644719988364,-0.0018719154129472615,-0.008120941454274777,-0.008154095918303473
2016-02-29,1932.23,1958.27,1931.81,1947.13,4588180000,-0.008120941454274777,-0.008154095918303473,0.023868794087660294,0.023588387634097943
2016-03-01,1978.35,1978.35,1937.09,1937.09,4819750000,0.023868794087660294,0.023588387634097943,0.00409432102509677,0.004085962101079654
2016-03-02,1986.45,1986.51,1968.8,1976.6,4666610000,0.00409432102509677,0.004085962101079654,0.003498703717687457,0.0034925974922729325
2016-03-03,1993.4,1993.69,1977.37,1985.6,5081700000,0.003498703717687457,0.0034925974922729325,0.0033059095013543427,0.0033004569962263434
2016-03-04,1999.99,2009.13,1986.77,1994.01,6049930000,0.0033059095013543427,0.0033004569962263434,0.0008850044250221512,0.0008846130395075827
2016-03-07,2001.76,2006.12,1989.38,1996.11,4968180000,0.0008850044250221512,0.0008846130395075827,-0.011240108704340224,-0.011303756111464681
2016-03-08,1979.26,1996.88,1977.43,1996.88,4641650000,-0.011240108704340224,-0.011303756111464681,0.005052393318714987,0.005039672807617217
2016-03-09,1989.26,1992.69,1979.84,1981.44,4038120000,0.005052393318714987,0.005039672807617217,0.00015583684385145347,0.00015582470255186083
2016-03-10,1989.57,2005.08,1969.25,1990.97,4376790000,0.00015583684385145347,0.00015582470255186083,0.016395502545776264,0.0162625475679903
2016-03-11,2022.19,2022.37,1994.71,1994.71,4078620000,0.016395502545776264,0.0162625475679903,-0.0012610091039911842,-0.0012618048449994732
2016-03-14,2019.64,2024.57,2012.05,2019.27,3487850000,-0.0012610091039911842,-0.0012618048449994732,-0.0018369610425620353,-0.0018386503245784805
2016-03-15,2015.93,2015.94,2005.23,2015.27,3560280000,-0.0018369610425620353,-0.0018386503245784805,0.005600392870784177,0.005584768976783901
2016-03-16,2027.22,2032.02,2010.04,2014.24,4057020000,0.005600392870784177,0.005584768976783901,0.0065952387999328455,0.00657358536675143
2016-03-17,2040.59,2046.24,2022.16,2026.9,4530480000,0.0065952387999328455,0.00657358536675143,0.004405588579773578,0.004395912383556867
2016-03-18,2049.58,2052.36,2041.16,2041.16,6503140000,0.004405588579773578,0.004395912383556867,0.0009855677748611402,0.0009850824218144217
2016-03-21,2051.6,2053.91,2043.14,2047.88,3376600000,0.0009855677748611402,0.0009850824218144217,-0.0008773640085785184,-0.0008777491176506626
2016-03-22,2049.8,2056.6,2040.57,2048.64,3418460000,-0.0008773640085785184,-0.0008777491176506626,-0.006385988876963622,-0.006406466530530142
2016-03-23,2036.71,2048.55,2034.86,2048.55,3639510000,-0.006385988876963622,-0.006406466530530142,-0.00037806069592627445,-0.00037813217888834326
2016-03-24,2035.94,2036.04,2022.49,2032.48,3407720000,-0.00037806069592627445,-0.00037813217888834326,0.0005452027073489241,0.0005450541383505678
2016-03-28,2037.05,2042.67,2031.96,2037.89,2809090000,0.0005452027073489241,0.0005450541383505678,0.008816671166638201,0.008778031272149312
2016-03-29,2055.01,2055.91,2028.31,2035.75,3822330000,0.008816671166638201,0.008778031272149312,0.004350343793947387,0.004340908403282531
2016-03-30,2063.95,2072.21,2058.27,2058.27,3590310000,0.004350343793947387,0.004340908403282531,-0.0020397780953995692,-0.002041861276038347
2016-03-31,2059.74,2067.92,2057.46,2063.77,3715280000,-0.0020397780953995692,-0.002041861276038347,0.006330896132521691,0.006310940191309253
2016-04-01,2072.78,2075.07,2043.98,2056.62,3749990000,0.006330896132521691,0.006310940191309253,-0.0032082517199124583,-0.0032134091933979764
2016-04-04,2066.13,2074.02,2062.57,2073.19,3485710000,-0.0032082517199124583,-0.0032134091933979764,-0.010144569799577008,-0.01019637661751755
2016-04-05,2045.17,2062.5,2042.56,2062.5,4154920000,-0.010144569799577008,-0.01019637661751755,0.010507683957812652,0.01045286194723677
2016-04-06,2066.66,2067.33,2043.09,2045.56,3750800000,0.010507683957812652,0.01045286194723677,-0.011975845083371128,-0.012048133236940891
2016-04-07,2041.91,2063.01,2033.8,2063.01,3801250000,-0.011975845083371128,-0.012048133236940891,0.0027866066574921966,0.002782731266950438
2016-04-08,2047.6,2060.63,2041.69,2045.54,3359530000,0.0027866066574921966,0.002782731266950438,-0.002739792928306284,-0.0027435530304558238
2016-04-11,2041.99,2062.93,2041.88,2050.23,3567840000,-0.002739792928306284,-0.0027435530304558238,0.00966214330138726,0.009615763308903494
2016-04-12,2061.72,2065.05,2039.74,2043.72,4239740000,0.00966214330138726,0.009615763308903494,0.010040160642570406,0.009990093075086406
2016-04-13,2082.42,2083.18,2065.92,2065.92,4191830000,0.010040160642570406,0.009990093075086406,0.00017287578874580767,0.00017286084744860797
2016-04-14,2082.78,2087.84,2078.13,2082.89,3765870000,0.00017287578874580767,0.00017286084744860797,-0.00098426141983321,-0.0009847461231804666
2016-04-15,2080.73,2083.22,2076.31,2083.1,3701450000,-0.00098426141983321,-0.0009847461231804666,0.006540973600611455,0.006519674261282988
2016-04-18,2094.34,2094.66,2073.65,2078.83,3316880000,0.006540973600611455,0.006519674261282988,0.0030845039487379378,0.00307975662601835
2016-04-19,2100.8,2104.05,2091.68,2096.05,3896830000,0.0030845039487379378,0.00307975662601835,0.0007616146230007281,0.0007613247417596009
2016-04-20,2102.4,2111.05,2096.32,2101.52,4184880000,0.0007616146230007281,0.0007613247417596009,-0.005194063926940662,-0.005207599968700849
2016-04-21,2091.48,2103.78,2088.52,2102.09,4175290000,-0.005194063926940662,-0.005207599968700849,4.7813031919918814e-05,4.781188891334172e-05
2016-04-22,2091.58,2094.32,2081.2,2091.49,3790580000,4.7813031919918814e-05,4.781188891334172e-05,-0.0018120272712495167,-0.0018136709785938731
2016-04-25,2087.79,2089.37,2077.52,2089.37,3319740000,-0.0018120272712495167,-0.0018136709785938731,0.001872793719674748,0.0018710422279640288
2016-04-26,2091.7,2096.87,2085.8,2089.84,3557190000,0.001872793719674748,0.0018710422279640288,0.001649376105560263,0.0016480173786207935
2016-04-27,2095.15,2099.89,2082.31,2092.33,4100110000,0.001649376105560263,0.0016480173786207935,-0.00923084266043006,-0.009273710899120031
2016-04-28,2075.81,2099.3,2071.62,2090.93,4309840000,-0.00923084266043006,-0.009273710899120031,-0.00506308380824827,-0.005075944645770556
2016-04-29,2065.3,2073.85,2052.28,2071.82,4704720000,-0.00506308380824827,-0.005075944645770556,0.007810003389338016,0.007779663181895582
2016-05-02,2081.43,2083.42,2066.11,2067.17,3841110000,0.007810003389338016,0.007779663181895582,-0.008676727057840061,-0.008714589025124732
2016-05-03,2063.37,2077.18,2054.89,2077.18,4173390000,-0.008676727057840061,-0.008714589025124732,-0.005936889651395494,-0.0059545830446672615
2016-05-04,2051.12,2060.3,2045.55,2060.3,4058560000,-0.005936889651395494,-0.0059545830446672615,-0.00023889387261577522,-0.00023892241230235656
2016-05-05,2050.63,2060.23,2045.77,2052.95,4008530000,-0.00023889387261577522,-0.00023892241230235656,0.003174634136826171,0.0031696056255198523
2016-05-06,2057.14,2057.72,2039.45,2047.77,3796350000,0.003174634136826171,0.0031696056255198523,0.0007534732687128898,0.0007531895502368042
2016-05-09,2058.69,2064.15,2054.31,2057.55,3788620000,0.0007534732687128898,0.0007531895502368042,0.012483666797817872,0.012406388310731433
2016-05-10,2084.39,2084.87,2062.63,2062.63,3600200000,0.012483666797817872,0.012406388310731433,-0.0095615503816463,-0.009607555492817648
2016-05-11,2064.46,2083.29,2064.46,2083.29,3821980000,-0.0095615503816463,-0.009607555492817648,-0.00016953585925616466,-0.00016955023208444766
2016-05-12,2064.11,2073.99,2053.13,2067.17,3782390000,-0.00016953585925616466,-0.00016955023208444766,-0.008478230326872227,-0.008514374961630291
2016-05-13,2046.61,2066.79,2043.13,2062.5,3579880000,-0.008478230326872227,-0.008514374961630291,0.009796688181920254,0.009749011760057352
2016-05-16,2066.66,2071.88,2046.53,2046.53,3501360000,0.009796688181920254,0.009749011760057352,-0.009411320681679491,-0.009455886999175739
2016-05-17,2047.21,2065.69,2040.82,2065.04,4108960000,-0.009411320681679491,-0.009455886999175739,0.00020515726281145064,0.00020513622093808805
2016-05-18,2047.63,2060.61,2034.49,2044.38,4101320000,0.00020515726281145064,0.00020513622093808805,-0.0037067243593813526,-0.0037136112860127355
2016-05-19,2040.04,2044.21,2025.91,2044.21,3846770000,-0.0037067243593813526,-0.0037136112860127355,0.006019489813925416,0.006001445062372705
2016-05-20,2052.32,2058.35,2041.88,2041.88,3507650000,0.006019489813925416,0.006001445062372705,-0.002085444764948985,-0.002087622332874619
2016-05-23,2048.04,2055.58,2047.26,2052.23,3055480000,-0.002085444764948985,-0.002087622332874619,0.013681373410675546,0.013588628383570183
2016-05-24,2076.06,2079.67,2052.65,2052.65,3627340000,0.013681373410675546,0.013588628383570183,0.006974750248066153,0.0069505391897537305
2016-05-25,2090.54,2094.73,2078.93,2078.93,3859160000,0.006974750248066153,0.0069505391897537305,-0.0002104719354808493,-0.00021049408780701167
2016-05-26,2090.1,2094.3,2087.08,2091.44,3230990000,-0.0002104719354808493,-0.00021049408780701167,0.004286876226017977,0.004277713748401147
2016-05-27,2099.06,2099.06,2090.06,2090.06,3079150000,0.004286876226017977,0.004277713748401147,-0.0010052118567359658,-0.001005717421002286
2016-05-31,2096.95,2103.48,2088.66,2100.13,4514410000,-0.0010052118567359658,-0.001005717421002286,0.001134981759221887,0.0011343381543654862
2016-06-01,2099.33,2100.97,2085.1,2093.94,3525170000,0.001134981759221887,0.0011343381543654862,0.002824710741046177,0.0028207287425610055
2016-06-02,2105.26,2105.26,2088.59,2097.71,3632720000,0.002824710741046177,0.0028207287425610055,-0.0029117543676315805,-0.002916001771314822
2016-06-03,2099.13,2104.07,2085.36,2104.07,3627780000,-0.0029117543676315805,-0.002916001771314822,0.004897266962979874,0.004885314358638568
2016-06-06,2109.41,2113.36,2100.83,2100.83,3442020000,0.004897266962979874,0.004885314358638568,0.0012894600859958416,0.0012886294463136218
2016-06-07,2112.13,2119.22,2110.18,2110.18,3534730000,0.0012894600859958416,0.0012886294463136218,0.003309455383901483,0.003303991188786806
2016-06-08,2119.12,2120.55,2112.71,2112.71,3562060000,0.003309455383901483,0.003303991188786806,-0.0017176941371889187,-0.0017191710652795132
2016-06-09,2115.48,2117.64,2107.73,2115.65,3290320000,-0.0017176941371889187,-0.0017191710652795132,-0.009175222644506098,-0.009217574255820173
2016-06-10,2096.07,2109.57,2089.96,2109.57,3515010000,-0.009175222644506098,-0.009217574255820173,-0.008115186992800894,-0.008148294359401813
2016-06-13,2079.06,2098.12,2078.46,2091.75,3392030000,-0.008115186992800894,-0.008148294359401813,-0.0017988898829277566,-0.00180050982836035
2016-06-14,2075.32,2081.3,2064.1,2076.65,3759770000,-0.0017988898829277566,-0.00180050982836035,-0.0018406799915194894,-0.0018423761246134855
2016-06-15,2071.5,2085.65,2069.8,2077.6,3544720000,-0.0018406799915194894,-0.0018423761246134855,0.0031329954139511784,0.0031280978105988734
2016-06-16,2077.99,2079.62,2050.37,2066.36,3628280000,0.0031329954139511784,0.0031280978105988734,-0.003257956005563112,-0.0032632746994190635
2016-06-17,2071.22,2078.2,2062.84,2078.2,4952630000,-0.003257956005563112,-0.0032632746994190635,0.005808171029634712,0.005791368633679743
2016-06-20,2083.25,2100.66,2075.58,2075.58,3467440000,0.005808171029634712,0.005791368633679743,0.0027121084843393373,0.0027084373542945453
2016-06-21,2088.9,2093.66,2083.02,2085.19,3232880000,0.0027121084843393373,0.0027084373542945453,-0.001651586959643958,-0.0016529523329488472
2016-06-22,2085.45,2099.71,2084.36,2089.75,3168160000,-0.001651586959643958,-0.0016529523329488472,0.013364022153492305,0.013275511311332405
2016-06-23,2113.32,2113.32,2092.8,2092.8,3297940000,0.013364022153492305,0.013275511311332405,-0.03591978498287063,-0.03658077723471934
2016-06-24,2037.41,2103.81,2032.57,2103.81,7597450000,-0.03591978498287063,-0.03658077723471934,-0.01809650487628911,-0.01826224926163297
2016-06-27,2000.54,2031.45,1991.68,2031.45,5431220000,-0.01809650487628911,-0.01826224926163297,0.01777020204544777,0.0176141579169895
2016-06-28,2036.09,2036.09,2006.67,2006.67,4385810000,0.01777020204544777,0.0176141579169895,0.01703264590465059,0.01688921675245215
2016-06-29,2070.77,2073.13,2042.69,2042.69,4241740000,0.01703264590465059,0.01688921675245215,0.013565002390415248,0.013473821400287618
2016-06-30,2098.86,2098.94,2070.0,2073.17,4622820000,0.013565002390415248,0.013473821400287618,0.0019486769007937,0.0019467806929598444
2016-07-01,2102.95,2108.71,2097.9,2099.34,3458890000,0.0019486769007937,0.0019467806929598444,-0.006847523716683512,-0.006871075583428663
2016-07-05,2088.55,2095.05,2080.86,2095.05,3658380000,-0.006847523716683512,-0.006871075583428663,0.005352996097771179,0.005338719739026071
2016-07-06,2099.73,2100.72,2074.02,2084.43,3909380000,0.005352996097771179,0.005338719739026071,-0.0008715406266519565,-0.0008719206389974177
2016-07-07,2097.9,2109.08,2089.39,2100.42,3604550000,-0.0008715406266519565,-0.0008719206389974177,0.015253348586681925,0.015138185866623861
2016-07-08,2129.9,2131.71,2106.97,2106.97,3607500000,0.015253348586681925,0.015138185866623861,0.0034086107328981097,0.003402814586803249
2016-07-11,2137.16,2143.16,2131.72,2131.72,3253340000,0.0034086107328981097,0.003402814586803249,0.007009302064421963,0.006984851096364438
2016-07-12,2152.14,2155.4,2139.5,2139.5,4097820000,0.007009302064421963,0.006984851096364438,0.00013474959807435738,0.00013474052016275426
2016-07-13,2152.43,2156.45,2146.21,2153.81,3502320000,0.00013474959807435738,0.00013474052016275426,0.005259172191430128,0.005245391042533612
2016-07-14,2163.75,2168.99,2157.88,2157.88,3465610000,0.005259172191430128,0.005245391042533612,-0.0009289428076257877,-0.0009293745423876834
2016-07-15,2161.74,2169.05,2155.79,2165.13,3122600000,-0.0009289428076257877,-0.0009293745423876834,0.0023823401519147414,0.0023795068786033225
2016-07-18,2166.89,2168.35,2159.63,2162.04,3009310000,0.0023823401519147414,0.0023795068786033225,-0.001435236675604079,-0.0014362676143070065
2016-07-19,2163.78,2164.63,2159.01,2163.79,2968340000,-0.001435236675604079,-0.0014362676143070065,0.004270304744474762,0.0042612128673701335
2016-07-20,2173.02,2175.63,2164.89,2166.1,3211860000,0.004270304744474762,0.0042612128673701335,-0.0036124840084306165,-0.0036190247858399653
2016-07-21,2165.17,2174.56,2159.75,2172.91,3438900000,-0.0036124840084306165,-0.0036190247858399653,0.004553914935085945,0.004543577237250907
2016-07-22,2175.03,2175.11,2163.24,2166.47,3023280000,0.004553914935085945,0.004543577237250907,-0.0030114527155947757,-0.0030159962634030003
2016-07-25,2168.48,2173.71,2161.95,2173.71,3057240000,-0.0030114527155947757,-0.0030159962634030003,0.0003228067586511507,0.00032275466775932843
2016-07-26,2169.18,2173.54,2160.18,2168.97,3442350000,0.0003228067586511507,0.00032275466775932843,-0.001198609612849011,-0.0011993285198676762
2016-07-27,2166.58,2174.98,2159.07,2169.81,3995500000,-0.001198609612849011,-0.0011993285198676762,0.0016062180948777094,0.0016049295062452703
2016-07-28,2170.06,2172.85,2159.74,2166.05,3664240000,0.0016062180948777094,0.0016049295062452703,0.0016312913007012764,0.0016299621902952422
2016-07-29,2173.6,2177.09,2163.49,2168.83,4038840000,0.0016312913007012764,0.0016299621902952422,-0.0012697828487301388,-0.0012705897060663312
2016-08-01,2170.84,2178.29,2166.21,2173.15,3505990000,-0.0012697828487301388,-0.0012705897060663312,-0.006361592747507805,-0.006381913907791874
2016-08-02,2157.03,2170.2,2147.58,2169.94,3848750000,-0.006361592747507805,-0.006381913907791874,0.00313393879547319,0.0031290382452996857
2016-08-03,2163.79,2163.79,2152.56,2156.81,3786530000,0.00313393879547319,0.0031290382452996857,0.00021258994634409945,0.00021256735230357668
2016-08-04,2164.25,2168.19,2159.07,2163.51,3709200000,0.00021258994634409945,0.00021256735230357668,0.008603442301027941,0.00856664360432463
2016-08-05,2182.87,2182.87,2168.79,2168.79,3663070000,0.008603442301027941,0.00856664360432463,-0.0009070627201803738,-0.0009074743505047164
2016-08-08,2180.89,2185.44,2177.85,2183.76,3327550000,-0.0009070627201803738,-0.0009074743505047164,0.0003897491391129382,0.0003896732066463202
2016-08-09,2181.74,2187.66,2178.61,2182.24,3334300000,0.0003897491391129382,0.0003896732066463202,-0.002864685984581117,-0.0028687970506289257
2016-08-10,2175.49,2183.41,2172.0,2182.81,3254950000,-0.002864685984581117,-0.0028687970506289257,0.0047345655461528136,0.004723392742399634
2016-08-11,2185.79,2188.45,2177.97,2177.97,3423160000,0.0047345655461528136,0.004723392742399634,-0.0007960508557545154,-0.0007963678724891165
2016-08-12,2184.05,2186.28,2179.42,2183.74,3000660000,-0.0007960508557545154,-0.0007963678724891165,0.002792976351273957,0.0027890832400516256
2016-08-15,2190.15,2193.81,2186.08,2186.08,3078530000,0.002792976351273957,0.0027890832400516256,-0.005479076775563363,-0.0054941419708265955
2016-08-16,2178.15,2186.24,2178.14,2186.24,3196400000,-0.005479076775563363,-0.0054941419708265955,0.001868558180106783,0.0018668145969237696
2016-08-17,2182.22,2183.08,2168.5,2177.84,3388910000,0.001868558180106783,0.0018668145969237696,0.002199594907937863,0.0021971793405895896
2016-08-18,2187.02,2187.03,2180.46,2181.9,3300570000,0.002199594907937863,0.0021971793405895896,-0.001440316046492529,-0.0014413542987100584
2016-08-19,2183.87,2185.0,2175.13,2184.24,3084800000,-0.001440316046492529,-0.0014413542987100584,-0.0005632203382069934,-0.0005633790063612297
2016-08-22,2182.64,2185.15,2175.96,2181.58,2777550000,-0.0005632203382069934,-0.0005633790063612297,0.0019517648352453953,0.0019498626169790064
2016-08-23,2186.9,2193.42,2186.8,2187.81,3041490000,0.0019517648352453953,0.0019498626169790064,-0.005240294480771901,-0.005254072980571481
2016-08-24,2175.44,2186.66,2171.25,2185.09,3148280000,-0.005240294480771901,-0.005254072980571481,-0.001365241054683275,-0.0013661738453380294
2016-08-25,2172.47,2179.0,2169.74,2173.29,2969310000,-0.001365241054683275,-0.0013661738453380294,-0.0015788480393283955,-0.0015800957333464785
2016-08-26,2169.04,2187.94,2160.39,2175.1,3342340000,-0.0015788480393283955,-0.0015800957333464785,0.005228119352340244,0.005214500184160159
2016-08-29,2180.38,2183.48,2170.19,2170.19,2654780000,0.005228119352340244,0.005214500184160159,-0.0019537878718389745,-0.0019556990050680497
2016-08-30,2176.12,2182.27,2170.41,2179.45,3006800000,-0.0019537878718389745,-0.0019556990050680497,-0.0023757880999210057,-0.0023786147623904054
2016-08-31,2170.95,2173.79,2161.35,2173.56,3766390000,-0.0023757880999210057,-0.0023786147623904054,-4.145650521647504e-05,-4.145736456113779e-05
2016-09-01,2170.86,2173.56,2157.09,2171.33,3392120000,-4.145650521647504e-05,-4.145736456113779e-05,0.004201100024874949,0.004192300041961849
2016-09-02,2179.98,2184.87,2173.59,2177.49,3091120000,0.004201100024874949,0.004192300041961849,0.002981678730997528,0.0029772423433708003
2016-09-06,2186.48,2186.57,2175.1,2181.61,3447650000,0.002981678730997528,0.0029772423433708003,-0.00014635395704520882,-0.00014636466783063686
2016-09-07,2186.16,2187.87,2179.07,2185.17,3319420000,-0.00014635395704520882,-0.00014636466783063686,-0.002223076078603392,-0.0022255507805430696
2016-09-08,2181.3,2184.94,2177.49,2182.76,3727840000,-0.002223076078603392,-0.0022255507805430696,-0.024522073992573334,-0.024827747563078314
2016-09-09,2127.81,2169.08,2127.81,2169.08,4233960000,-0.024522073992573334,-0.024827747563078314,0.014677062331693191,0.014570396678017971
2016-09-12,2159.04,2163.3,2119.12,2120.86,4010480000,0.014677062331693191,0.014570396678017971,-0.014830665480954464,-0.014941739368126835
2016-09-13,2127.02,2150.47,2120.27,2150.47,4141670000,-0.014830665480954464,-0.014941739368126835,-0.0005876766556026647,-0.000587849405212359
2016-09-14,2125.77,2141.33,2119.9,2127.86,3664100000,-0.0005876766556026647,-0.000587849405212359,0.01010927804983619,0.010058521089340135
2016-09-15,2147.26,2151.31,2122.36,2125.36,3373720000,0.01010927804983619,0.010058521089340135,-0.0037722492851356426,-0.0037793821611113664
2016-09-16,2139.16,2146.48,2131.2,2146.48,5014360000,-0.0037722492851356426,-0.0037793821611113664,-1.8698928551330596e-05,-1.869910337847447e-05
2016-09-19,2139.12,2153.61,2135.91,2143.99,3141820000,-1.8698928551330596e-05,-1.869910337847447e-05,0.00029918845132592686,0.0002991437033863788
2016-09-20,2139.76,2150.8,2139.17,2145.94,3117380000,0.00029918845132592686,0.0002991437033863788,0.010917112199498868,0.010857950722306076
2016-09-21,2163.12,2165.11,2139.57,2144.58,3685450000,0.010917112199498868,0.010857950722306076,0.006499870557343135,0.006478837490987623
2016-09-22,2177.18,2179.99,2170.94,2170.94,3523860000,0.006499870557343135,0.006478837490987623,-0.005736778768866024,-0.005753297289882613
2016-09-23,2164.69,2173.75,2163.97,2173.29,3289860000,-0.005736778768866024,-0.005753297289882613,-0.00858783474770064,-0.008624922689932854
2016-09-26,2146.1,2158.54,2145.04,2158.54,3199910000,-0.00858783474770064,-0.008624922689932854,0.006444247705139627,0.006423572318235906
2016-09-27,2159.93,2161.13,2141.55,2146.04,3414090000,0.006444247705139627,0.006423572318235906,0.005296467941090732,0.0052824909853757054
2016-09-28,2171.37,2172.4,2151.79,2161.85,3860390000,0.005296467941090732,0.0052824909853757054,-0.00932130406149101,-0.009365019283515956
2016-09-29,2151.13,2172.67,2145.2,2168.9,4215620000,-0.00932130406149101,-0.009365019283515956,0.007967905240501505,0.007936329103087052
2016-09-30,2168.27,2175.3,2156.51,2156.51,4158800000,0.007967905240501505,0.007936329103087052,-0.003260664031693561,-0.0032659915807079186
2016-10-03,2161.2,2164.41,2154.77,2164.33,3113850000,-0.003260664031693561,-0.0032659915807079186,-0.004955580233203749,-0.004967899838307758
2016-10-04,2150.49,2165.46,2144.01,2163.37,3716100000,-0.004955580233203749,-0.004967899838307758,0.004296695171798204,0.0042874907334568115
2016-10-05,2159.73,2163.95,2155.15,2155.15,3883710000,0.004296695171798204,0.0042874907334568115,0.0004815416741907885,0.0004814257702057039
2016-10-06,2160.77,2162.93,2150.28,2158.22,3438040000,0.0004815416741907885,0.0004814257702057039,-0.0032534698278855467,-0.0032587738683275704
2016-10-07,2153.74,2165.86,2144.85,2164.19,3578770000,-0.0032534698278855467,-0.0032587738683275704,0.004605941292820992,0.0045953664043352545
2016-10-10,2163.66,2169.6,2160.39,2160.39,2881970000,0.004605941292820992,0.0045953664043352545,-0.012446502685264704,-0.01252460917831065
2016-10-11,2136.73,2161.56,2128.84,2161.35,3393060000,-0.012446502685264704,-0.01252460917831065,0.0011466118788989732,0.0011459550215575632
2016-10-12,2139.18,2145.36,2132.77,2137.67,2959510000,0.0011466118788989732,0.0011459550215575632,-0.0030993184304264343,-0.003104131264702985
2016-10-13,2132.55,2138.19,2114.72,2130.26,3538030000,-0.0030993184304264343,-0.003104131264702985,0.00020163653841631657,0.00020161621250175643
2016-10-14,2132.98,2149.19,2132.98,2139.68,3187910000,0.00020163653841631657,0.00020161621250175643,-0.0030380031692749387,-0.003042627268630379
2016-10-17,2126.5,2135.61,2124.43,2132.95,2832440000,-0.0030380031692749387,-0.003042627268630379,0.006160357394780158,0.006141459963406811
2016-10-18,2139.6,2144.38,2135.49,2138.31,3172940000,0.006160357394780158,0.006141459963406811,0.0021919985043934442,0.002189599580657028
2016-10-19,2144.29,2148.44,2138.15,2140.81,3364990000,0.0021919985043934442,0.002189599580657028,-0.0013757467506726462,-0.0013766939590792353
2016-10-20,2141.34,2147.18,2133.44,2142.51,3339320000,-0.0013757467506726462,-0.0013766939590792353,-8.405951413614776e-05,-8.406304733510687e-05
2016-10-21,2141.16,2142.63,2130.09,2139.43,3456390000,-8.405951413614776e-05,-8.406304733510687e-05,0.004749761811354558,0.0047385172845472385
2016-10-24,2151.33,2154.79,2146.91,2148.5,3359950000,0.004749761811354558,0.0047385172845472385,-0.0037976507555791406,-0.003804880140132455
2016-10-25,2143.16,2151.44,2141.93,2149.72,3756200000,-0.0037976507555791406,-0.003804880140132455,-0.0017404206872095873,-0.0017419369788728072
2016-10-26,2139.43,2145.73,2131.59,2136.97,3778120000,-0.0017404206872095873,-0.0017419369788728072,-0.0029867768517781723,-0.002991246171217767
2016-10-27,2133.04,2147.13,2132.52,2144.06,4209400000,-0.0029867768517781723,-0.002991246171217767,-0.003108239882983921,-0.0031130804936909326
2016-10-28,2126.41,2140.72,2119.36,2132.23,4028270000,-0.003108239882983921,-0.0031130804936909326,-0.00012227181023405365,-0.0001222792860412358
2016-10-31,2126.15,2133.25,2125.53,2129.78,3926560000,-0.00012227181023405365,-0.0001222792860412358,-0.006786915316417175,-0.0068100511662960534
2016-11-01,2111.72,2131.45,2097.85,2128.68,4539190000,-0.006786915316417175,-0.0068100511662960534,-0.00652548633341532,-0.00654687039773644
2016-11-02,2097.94,2111.76,2094.0,2109.43,4289120000,-0.00652548633341532,-0.00654687039773644,-0.0044233867508127744,-0.004433198871881832
2016-11-03,2088.66,2102.56,2085.23,2098.8,3892100000,-0.0044233867508127744,-0.004433198871881832,-0.0016661400132141901,-0.001667529568162566
2016-11-04,2085.18,2099.07,2083.79,2083.79,3841910000,-0.0016661400132141901,-0.001667529568162566,0.022223501088635134,0.021980157782961814
2016-11-07,2131.52,2132.0,2100.59,2100.59,3739720000,0.022223501088635134,0.021980157782961814,0.003771956162738288,0.0037648601743320194
2016-11-08,2139.56,2146.87,2123.56,2129.92,3921850000,0.003771956162738288,0.0037648601743320194,0.011077043878180648,0.011016142751234132
2016-11-09,2163.26,2170.1,2125.35,2131.56,6267590000,0.011077043878180648,0.011016142751234132,0.0019507595018628532,0.0019488592414451842
2016-11-10,2167.48,2182.3,2151.17,2167.49,6458450000,0.0019507595018628532,0.0019488592414451842,-0.0013979367745031723,-0.001398914799700448
2016-11-11,2164.45,2165.92,2152.49,2162.71,4993990000,-0.0013979367745031723,-0.001398914799700448,-0.00011550278361704969,-0.0001155094545772426
2016-11-14,2164.2,2171.36,2156.08,2165.64,5373670000,-0.00011550278361704969,-0.0001155094545772426,0.007480824323075508,0.0074529817276226176
2016-11-15,2180.39,2180.84,2166.38,2168.29,4548110000,0.007480824323075508,0.0074529817276226176,-0.0015822857378724464,-0.00158353887400465
2016-11-16,2176.94,2179.22,2172.2,2177.53,3847900000,-0.0015822857378724464,-0.00158353887400465,0.004676288735564471,0.004665388864814815
2016-11-17,2187.12,2188.06,2176.65,2178.61,3811730000,0.004676288735564471,0.004665388864814815,-0.002386700318226631,-0.002389553027376295
2016-11-18,2181.9,2189.89,2180.38,2186.85,3580900000,-0.002386700318226631,-0.002389553027376295,0.007461386864659136,0.007433688411606853
2016-11-21,2198.18,2198.7,2186.43,2186.43,3611500000,0.007461386864659136,0.007433688411606853,0.0021654277629676866,0.0021630866034014736
2016-11-22,2202.94,2204.8,2194.51,2201.56,3960520000,0.0021654277629676866,0.0021630866034014736,0.0008080111124224576,0.000807684847182356
2016-11-23,2204.72,2204.72,2194.51,2198.55,3419850000,0.0008080111124224576,0.000807684847182356,0.003914329257229898,0.0039066882037051285
2016-11-25,2213.35,2213.35,2206.27,2206.27,1584590000,0.003914329257229898,0.0039066882037051285,-0.005254478505433036,-0.005268331826910543
2016-11-28,2201.72,2211.14,2200.36,2210.21,3515100000,-0.005254478505433036,-0.005268331826910543,0.00133531965917566,0.0013344289127455414
2016-11-29,2204.66,2210.46,2198.15,2200.76,3709190000,0.00133531965917566,0.0013344289127455414,-0.0026534703763845258,-0.002656997068934635
2016-11-30,2198.81,2214.1,2198.81,2204.97,5538400000,-0.0026534703763845258,-0.002656997068934635,-0.0035155379500729778,-0.003521731974758958
2016-12-01,2191.08,2202.6,2187.44,2200.17,5067470000,-0.0035155379500729778,-0.003521731974758958,0.0003970644613615626,0.0003969856521291979
2016-12-02,2191.95,2197.95,2188.37,2191.12,3782370000,0.0003970644613615626,0.0003969856521291979,0.005821300668354734,0.0058044223683808216
2016-12-05,2204.71,2209.42,2199.97,2200.65,3898530000,0.005821300668354734,0.0058044223683808216,0.0034108794353906458,0.0034050755798857375
2016-12-06,2212.23,2212.78,2202.21,2207.26,3857290000,0.0034108794353906458,0.0034050755798857375,0.013163188276083426,0.013077306345682039
2016-12-07,2241.35,2241.63,2208.93,2210.72,4504070000,0.013163188276083426,0.013077306345682039,0.002159412853860454,0.0021570846729904334
2016-12-08,2246.19,2251.69,2237.57,2241.13,4203270000,0.002159412853860454,0.0021570846729904334,0.005938945503274562,0.005921379481215525
2016-12-09,2259.53,2259.8,2249.23,2249.73,3886460000,0.005938945503274562,0.005921379481215525,-0.0011374046815045835,-0.0011380520171109239
2016-12-12,2256.96,2264.03,2252.37,2258.83,4038850000,-0.0011374046815045835,-0.0011380520171109239,0.006539770310506121,0.006518478790004478
2016-12-13,2271.72,2277.53,2263.32,2263.32,3875630000,0.006539770310506121,0.006518478790004478,-0.008117197541950394,-0.008150321360078533
2016-12-14,2253.28,2276.2,2248.44,2268.35,4409670000,-0.008117197541950394,-0.008150321360078533,0.003883228005396644,0.0038757077378476596
2016-12-15,2262.03,2272.12,2253.77,2253.77,4173360000,0.003883228005396644,0.0038757077378476596,-0.0017506399119374683,-0.0017521740727583343
2016-12-16,2258.07,2268.05,2254.24,2266.81,5928980000,-0.0017506399119374683,-0.0017521740727583343,0.001975138060378967,0.0019731900398514256
2016-12-19,2262.53,2267.47,2258.21,2259.24,3252840000,0.001975138060378967,0.0019731900398514256,0.0036375208284531446,0.003630921049278551
2016-12-20,2270.76,2272.56,2266.14,2266.5,3306250000,0.0036375208284531446,0.003630921049278551,-0.002457327062305281,-0.0024603512457385653
2016-12-21,2265.18,2271.23,2265.15,2270.54,2854880000,-0.002457327062305281,-0.0024603512457385653,-0.00186298660592088,-0.0018647241237848297
2016-12-22,2260.96,2263.18,2256.08,2262.93,2880670000,-0.00186298660592088,-0.0018647241237848297,0.0012516807020026555,0.0012508980027710417
2016-12-23,2263.79,2263.79,2258.84,2260.25,2021230000,0.0012516807020026555,0.0012508980027710417,0.002248441772426002,0.0022459178098379177
2016-12-27,2268.88,2273.82,2266.15,2266.23,1989730000,0.002248441772426002,0.0022459178098379177,-0.00835654596100277,-0.008391657636248401
2016-12-28,2249.92,2271.31,2249.11,2270.23,2402750000,-0.00835654596100277,-0.008391657636248401,-0.00029334376333378653,-0.0002933867970315136
2016-12-29,2249.26,2254.51,2244.56,2249.5,2338700000,-0.00029334376333378653,-0.0002933867970315136,-0.004637080639855018,-0.0046478652506068445
2016-12-30,2238.83,2253.58,2233.62,2251.61,2671550000,-0.004637080639855018,-0.0046478652506068445,0.008486575577422162,0.008450767046807911
2017-01-03,2257.83,2263.88,2245.13,2251.57,3773010000,0.008486575577422162,0.008450767046807911,0.00572230858833489,0.005705998372356855
2017-01-04,2270.75,2272.82,2261.6,2261.6,3768890000,0.00572230858833489,0.005705998372356855,-0.0007706704833204681,-0.0007709676024811847
2017-01-05,2269.0,2271.5,2260.45,2268.18,3785080000,-0.0007706704833204681,-0.0007709676024811847,0.00351696782723665,0.0035107977582784673
2017-01-06,2276.98,2282.1,2264.06,2271.14,3342080000,0.00351696782723665,0.0035107977582784673,-0.0035485599346501973,-0.003554871008026604
2017-01-09,2268.9,2275.49,2268.9,2273.59,3219730000,-0.0035485599346501973,-0.003554871008026604,0.0,0.0
2017-01-10,2268.9,2279.27,2265.27,2269.72,3640560000,0.0,0.0,0.002829564987438804,0.00282556930401906
2017-01-11,2275.32,2275.32,2260.83,2268.6,3625080000,0.002829564987438804,0.00282556930401906,-0.002144753265474808,-0.00214705654265648
2017-01-12,2270.44,2271.78,2254.25,2271.14,3466220000,-0.002144753265474808,-0.00214705654265648,0.0018498617008155804,0.0018481528138047062
2017-01-13,2274.64,2278.68,2271.51,2272.74,3090680000,0.0018498617008155804,0.0018481528138047062,-0.0029675025498540064,-0.0029719143156583245
2017-01-17,2267.89,2272.08,2262.81,2269.14,3586950000,-0.0029675025498540064,-0.0029719143156583245,0.0017637539739581154,0.0017622003864136812
2017-01-18,2271.89,2272.01,2263.35,2269.14,3317670000,0.0017637539739581154,0.0017622003864136812,-0.0036093296770529637,-0.0036158590231882884
2017-01-19,2263.69,2274.33,2258.41,2271.9,3168390000,-0.0036093296770529637,-0.0036158590231882884,0.003366185299223723,0.0033605323797867037
2017-01-20,2271.31,2276.96,2265.01,2269.96,3536850000,0.003366185299223723,0.0033605323797867037,-0.0026900775323491777,-0.00269370229296495
2017-01-23,2265.2,2271.78,2257.02,2267.78,3155240000,-0.0026900775323491777,-0.00269370229296495,0.006564541762317022,0.006543088991933502
2017-01-24,2280.07,2284.63,2266.68,2267.88,3816950000,0.006564541762317022,0.006543088991933502,0.008026069375062894,0.007994031790009634
2017-01-25,2298.37,2299.55,2288.88,2288.88,3849340000,0.008026069375062894,0.007994031790009634,-0.0007353037152416642,-0.0007355741836108801
2017-01-26,2296.68,2300.99,2294.08,2298.63,3611510000,-0.0007353037152416642,-0.0007355741836108801,-0.000866468119198105,-0.0008668437196784661
2017-01-27,2294.69,2299.02,2291.62,2299.02,3137420000,-0.000866468119198105,-0.0008668437196784661,-0.006009526341248739,-0.006027656215802972
2017-01-30,2280.9,2286.01,2268.04,2286.01,3595040000,-0.006009526341248739,-0.006027656215802972,-0.0008899995615766487,-0.0008903958463327385
2017-01-31,2278.87,2279.09,2267.21,2274.02,4089730000,-0.0008899995615766487,-0.0008903958463327385,0.00029839350204285964,0.0002983489915560355
2017-02-01,2279.55,2289.14,2272.44,2285.59,3919190000,0.00029839350204285964,0.0002983489915560355,0.0005702879954376794,0.0005701254430369949
2017-02-02,2280.85,2283.97,2271.65,2276.69,3809760000,0.0005702879954376794,0.0005701254430369949,0.007264835478001608,0.007238573675816557
2017-02-03,2297.42,2298.31,2287.88,2288.54,3605970000,0.007264835478001608,0.007238573675816557,-0.002115416423640437,-0.002117657077464753
2017-02-06,2292.56,2296.18,2288.57,2294.28,3112390000,-0.002115416423640437,-0.002117657077464753,0.00022682067208701362,0.0002267949521675034
2017-02-07,2293.08,2299.4,2290.16,2295.87,3452460000,0.00022682067208701362,0.0002267949521675034,0.0006933905489561187,0.0006931502647968556
2017-02-08,2294.67,2295.91,2285.38,2289.55,3611950000,0.0006933905489561187,0.0006931502647968556,0.0057524611382027135,0.005735978912330699
2017-02-09,2307.87,2311.08,2296.61,2296.7,3681600000,0.0057524611382027135,0.005735978912330699,0.0035660587468098193,0.003559715435258431
2017-02-10,2316.1,2319.23,2311.1,2312.27,3496600000,0.0035660587468098193,0.003559715435258431,0.005245887483269263,0.005232175748100871
2017-02-13,2328.25,2331.58,2321.42,2321.72,3352370000,0.005245887483269263,0.005232175748100871,0.004007301621389514,0.003999293774357182
2017-02-14,2337.58,2337.58,2322.17,2326.12,3528040000,0.004007301621389514,0.003999293774357182,0.004992342508064018,0.004979922087050161
2017-02-15,2349.25,2351.3,2334.81,2335.58,3785870000,0.004992342508064018,0.004979922087050161,-0.0008641055656061214,-0.0008644791200295176
2017-02-16,2347.22,2351.31,2338.87,2349.64,3675900000,-0.0008641055656061214,-0.0008644791200295176,0.0016785814708464297,0.0016771742275309119
2017-02-17,2351.16,2351.16,2339.58,2343.01,3516830000,0.0016785814708464297,0.0016771742275309119,0.00604807839534538,0.006029862181035704
2017-02-21,2365.38,2366.71,2354.91,2354.91,3587520000,0.00604807839534538,0.006029862181035704,-0.0010822785345272479,-0.0010828646208509895
2017-02-22,2362.82,2365.13,2358.34,2361.11,3473170000,-0.0010822785345272479,-0.0010828646208509895,0.00041899086684549225,0.0004189031146829564
2017-02-23,2363.81,2368.26,2355.09,2367.5,4021770000,0.00041899086684549225,0.0004189031146829564,0.001493351834538359,0.0014922378935534736
2017-02-24,2367.34,2367.34,2352.87,2355.73,3832410000,0.001493351834538359,0.0014922378935534736,0.001018020225231675,0.0010175023940541276
2017-02-27,2369.75,2371.54,2361.87,2365.23,3584680000,0.001018020225231675,0.0010175023940541276,-0.0025783310475788745,-0.0025816606675474183
2017-02-28,2363.64,2367.79,2358.96,2366.08,4212460000,-0.0025783310475788745,-0.0025816606675474183,0.013673825117192173,0.013581181939563836
2017-03-01,2395.96,2400.98,2380.13,2380.13,4347630000,0.013673825117192173,0.013581181939563836,-0.0058598641045760624,-0.0058771004764203
2017-03-02,2381.92,2394.75,2380.17,2394.75,3824030000,-0.0058598641045760624,-0.0058771004764203,0.0005037952576072424,0.0005036683953830516
2017-03-03,2383.12,2383.89,2375.39,2380.92,3556670000,0.0005037952576072424,0.0005036683953830516,-0.0032772164221692712,-0.003282598257417541
2017-03-06,2375.31,2378.8,2367.98,2375.23,3251800000,-0.0032772164221692712,-0.003282598257417541,-0.0029133039476952893,-0.002917555877758864
2017-03-07,2368.39,2375.12,2365.51,2370.74,3526300000,-0.0029133039476952893,-0.002917555877758864,-0.0022842521713062336,-0.0022868650550458714
2017-03-08,2362.98,2373.09,2361.01,2369.81,3814080000,-0.0022842521713062336,-0.0022868650550458714,0.0007998374933346764,0.0007995177937872365
2017-03-09,2364.87,2369.08,2354.54,2363.49,3718450000,0.0007998374933346764,0.0007995177937872365,0.0032686786165836423,0.0032633480993077457
2017-03-10,2372.6,2376.86,2363.04,2372.52,3434400000,0.0032686786165836423,0.0032633480993077457,0.00036668633566550035,0.00036661912266134326
2017-03-13,2373.47,2374.42,2368.52,2371.56,3166650000,0.00036668633566550035,0.00036661912266134326,-0.0033790189048102937,-0.003384740682155033
2017-03-14,2365.45,2368.55,2358.18,2368.55,3173760000,-0.0033790189048102937,-0.003384740682155033,0.008374727853051489,0.008339854388317126
2017-03-15,2385.26,2390.01,2368.94,2370.34,3909490000,0.008374727853051489,0.008339854388317126,-0.001626657052061442,-0.0016279814951152382
2017-03-16,2381.38,2388.1,2377.18,2387.71,3368880000,-0.001626657052061442,-0.0016279814951152382,-0.0013143639402364293,-0.001315228474144621
2017-03-17,2378.25,2385.71,2377.64,2383.71,5179820000,-0.0013143639402364293,-0.001315228474144621,-0.00200988121517931,-0.002011903736902209
2017-03-20,2373.47,2379.55,2369.66,2378.24,3061560000,-0.00200988121517931,-0.002011903736902209,-0.012407993359932812,-0.012485615265953647
2017-03-21,2344.02,2381.93,2341.9,2379.32,4278890000,-0.012407993359932812,-0.012485615265953647,0.0018899156150544716,0.00188813197147545
2017-03-22,2348.45,2351.81,2336.45,2343.0,3575160000,0.0018899156150544716,0.00188813197147545,-0.0010602737976110888,-0.0010608362855033045
2017-03-23,2345.96,2358.92,2342.13,2345.97,3262400000,-0.0010602737976110888,-0.0010608362855033045,-0.0008440041603438031,-0.0008443605323889107
2017-03-24,2343.98,2356.22,2335.74,2350.42,2978530000,-0.0008440041603438031,-0.0008443605323889107,-0.0010196332733214408,-0.0010201534529525073
2017-03-27,2341.59,2344.9,2322.25,2329.11,3242300000,-0.0010196332733214408,-0.0010201534529525073,0.007251482966702083,0.007225317380816645
2017-03-28,2358.57,2363.78,2337.63,2339.79,3369120000,0.007251482966702083,0.007225317380816645,0.0010854034436120763,0.0010848148191858569
2017-03-29,2361.13,2363.36,2352.94,2356.54,3107670000,0.0010854034436120763,0.0010848148191858569,0.0029350353432466836,0.0029307365363928895
2017-03-30,2368.06,2370.42,2358.58,2361.31,3159680000,0.0029350353432466836,0.0029307365363928895,-0.002255010430479043,-0.0022575567952728324
2017-03-31,2362.72,2370.35,2362.6,2364.82,3356740000,-0.002255010430479043,-0.0022575567952728324,-0.0016421751202002621,-0.0016435249677560892
2017-04-03,2358.84,2365.87,2344.73,2362.34,3418730000,-0.0016421751202002621,-0.0016435249677560892,0.0005595970900948988,0.0005594405740311779
2017-04-04,2360.16,2360.53,2350.72,2354.76,3208340000,0.0005595970900948988,0.0005594405740311779,-0.0030548776354145657,-0.0030595532989129127
2017-04-05,2352.95,2378.36,2350.52,2366.59,3780650000,-0.0030548776354145657,-0.0030595532989129127,0.0019294927644020188,0.0019276336842417722
2017-04-06,2357.49,2364.16,2348.9,2353.79,3203250000,0.0019294927644020188,0.0019276336842417722,-0.0008271509105022279,-0.0008274931885733614
2017-04-07,2355.54,2363.76,2350.74,2356.59,3054700000,-0.0008271509105022279,-0.0008274931885733614,0.0006877403907383783,0.0006875040056906727
2017-04-10,2357.16,2366.37,2351.5,2357.16,2792570000,0.0006877403907383783,0.0006875040056906727,-0.0014339289653649834,-0.001434958025354097
2017-04-11,2353.78,2355.22,2337.25,2353.92,3120900000,-0.0014339289653649834,-0.001434958025354097,-0.0037599095922304926,-0.003766995820262467
2017-04-12,2344.93,2352.72,2341.18,2352.15,3201300000,-0.0037599095922304926,-0.003766995820262467,-0.006814702357852864,-0.006838028476069099
2017-04-13,2328.95,2348.26,2328.95,2341.98,3146380000,-0.006814702357852864,-0.006838028476069099,0.008613323600764389,0.00857644056804569
2017-04-17,2349.01,2349.14,2332.51,2332.62,2826890000,0.008613323600764389,0.00857644056804569,-0.0029033507733046138,-0.00290757367184553
2017-04-18,2342.19,2348.35,2334.54,2342.53,3272210000,-0.0029033507733046138,-0.00290757367184553,-0.0017163423974997372,-0.0017178170006366042
2017-04-19,2338.17,2352.63,2335.05,2346.79,3521160000,-0.0017163423974997372,-0.0017178170006366042,0.007557192163101911,0.007528779642538523
2017-04-20,2355.84,2361.37,2340.91,2342.69,3648990000,0.007557192163101911,0.007528779642538523,-0.0030350108666123976,-0.003039625852145616
2017-04-21,2348.69,2356.18,2344.51,2354.74,3524160000,-0.0030350108666123976,-0.003039625852145616,0.010840085324159476,0.010781752773837281
2017-04-24,2374.15,2376.98,2369.19,2370.33,3711170000,0.010840085324159476,0.010781752773837281,0.006090600846618832,0.006072128106062107
2017-04-25,2388.61,2392.48,2381.15,2381.51,4005820000,0.006090600846618832,0.006072128106062107,-0.0004856380907726221,-0.00048575605114247193
2017-04-26,2387.45,2398.16,2386.78,2388.98,4111350000,-0.0004856380907726221,-0.00048575605114247193,0.0005528911600243269,0.000552738372021074
2017-04-27,2388.77,2392.1,2382.68,2389.7,4099940000,0.0005528911600243269,0.000552738372021074,-0.0019131184668260692,-0.0019149508153329291
2017-04-28,2384.2,2393.68,2382.36,2393.68,3721350000,-0.0019131184668260692,-0.0019149508153329291,0.00173223722842053,0.0017307386358750435
2017-05-01,2388.33,2394.49,2384.83,2388.5,3201500000,0.00173223722842053,0.0017307386358750435,0.001189115406999841,0.0011884089692428136
2017-05-02,2391.17,2392.93,2385.82,2391.05,3861360000,0.001189115406999841,0.0011884089692428136,-0.0012713441536987835,-0.0012721529972957541
2017-05-03,2388.13,2389.82,2379.75,2386.5,3896760000,-0.0012713441536987835,-0.0012721529972957541,0.000582045366039452,0.0005818760433345327
2017-05-04,2389.52,2391.43,2380.35,2389.79,4367860000,0.000582045366039452,0.0005818760433345327,0.004088687267735702,0.00408035130033309
2017-05-05,2399.29,2399.29,2389.38,2392.37,3543240000,0.004088687267735702,0.00408035130033309,3.751109703298283e-05,3.7510393509375765e-05
2017-05-08,2399.38,2401.36,2393.92,2399.94,3429990000,3.751109703298283e-05,3.7510393509375765e-05,-0.0010252648600889147,-0.0010257908036239289
2017-05-09,2396.92,2403.87,2392.44,2401.58,3657840000,-0.0010252648600889147,-0.0010257908036239289,0.0011306176259533451,0.0011299789591918902
2017-05-10,2399.63,2399.74,2392.79,2396.79,3649370000,0.0011306176259533451,0.0011299789591918902,-0.002162833436821554,-0.0021651757390083516
2017-05-11,2394.44,2395.72,2381.74,2394.84,3727710000,-0.002162833436821554,-0.0021651757390083516,-0.0014784250179582514,-0.0014795189665720563
2017-05-12,2390.9,2392.44,2387.19,2392.44,3304620000,-0.0014784250179582514,-0.0014795189665720563,0.004776444016897363,0.004765073002474167
2017-05-15,2402.32,2404.05,2393.94,2393.98,3490080000,0.004776444016897363,0.004765073002474167,-0.0006868360584768585,-0.0006870720384216807
2017-05-16,2400.67,2405.77,2396.05,2404.55,3421810000,-0.0006868360584768585,-0.0006870720384216807,-0.01817825856948263,-0.01834551314368625
2017-05-17,2357.03,2384.87,2356.21,2382.95,4164760000,-0.01817825856948263,-0.01834551314368625,0.0036868431882495223,0.003680063440703132
2017-05-18,2365.72,2375.74,2352.72,2354.69,4319440000,0.0036868431882495223,0.003680063440703132,0.00676749573068669,0.006744699024732498
2017-05-19,2381.73,2389.06,2370.43,2371.37,3831700000,0.00676749573068669,0.006744699024732498,0.005160114706536767,0.00514684693721281
2017-05-22,2394.02,2395.46,2386.92,2387.21,3176580000,0.005160114706536767,0.00514684693721281,0.0018379127993919386,0.00183622590425737
2017-05-23,2398.42,2400.85,2393.88,2397.04,3216560000,0.0018379127993919386,0.00183622590425737,0.0024891386829661855,0.0024860459084413127
2017-05-24,2404.39,2405.58,2397.99,2401.41,3389240000,0.0024891386829661855,0.0024860459084413127,0.004441875070184231,0.0044320390592464875
2017-05-25,2415.07,2418.71,2408.01,2409.54,3538210000,0.004441875070184231,0.0044320390592464875,0.0003105500047617671,0.00031050179408999626
2017-05-26,2415.82,2416.68,2412.2,2414.5,2806930000,0.0003105500047617671,0.00031050179408999626,-0.0012045599423798903,-0.001205286007825416
2017-05-30,2412.91,2415.26,2409.43,2411.67,3205860000,-0.0012045599423798903,-0.001205286007825416,-0.00046002544645251664,-0.0004601312906201269
2017-05-31,2411.8,2415.99,2403.59,2415.63,4518040000,-0.00046002544645251664,-0.0004601312906201269,0.007571108715482167,0.00754259171830006
2017-06-01,2430.06,2430.06,2413.54,2415.65,3860620000,0.007571108715482167,0.00754259171830006,0.003707727381216941,0.0037008707032855424
2017-06-02,2439.07,2440.23,2427.71,2431.28,3465500000,0.003707727381216941,0.0037008707032855424,-0.0012176772294358873,-0.0012184192007356274
2017-06-05,2436.1,2439.55,2434.32,2437.83,2916720000,-0.0012176772294358873,-0.0012184192007356274,-0.0027790320594393014,-0.0027829007381501205
2017-06-06,2429.33,2436.21,2428.12,2431.92,3376750000,-0.0027790320594393014,-0.0027829007381501205,0.001568333655781684,0.0015671051049044751
2017-06-07,2433.14,2435.28,2424.75,2432.03,3576220000,0.001568333655781684,0.0015671051049044751,0.0002671445128517025,0.0002671088361100848
2017-06-08,2433.79,2439.27,2427.94,2434.27,3735980000,0.0002671445128517025,0.0002671088361100848,-0.0008299812227020587,-0.0008303258478185228
2017-06-09,2431.77,2446.2,2415.7,2436.39,4029860000,-0.0008299812227020587,-0.0008303258478185228,-0.000978710980068076,-0.0009791902303832095
2017-06-12,2429.39,2430.38,2419.97,2425.88,4031840000,-0.000978710980068076,-0.0009791902303832095,0.004511420562363311,0.004501274608283941
2017-06-13,2440.35,2441.49,2431.28,2434.15,3278240000,0.004511420562363311,0.004501274608283941,-0.0009957588050893973,-0.0009962549022444363
2017-06-14,2437.92,2443.75,2428.34,2443.75,3558640000,-0.0009957588050893973,-0.0009962549022444363,-0.002239614097263254,-0.0022421257837553104
2017-06-15,2432.46,2433.95,2418.53,2424.14,3371980000,-0.002239614097263254,-0.0022421257837553104,0.00028366345181418673,0.00028362322694394307
2017-06-16,2433.15,2433.15,2422.88,2431.24,5299380000,0.00028366345181418673,0.00028362322694394307,0.00834720424141544,0.008312558992556568
2017-06-19,2453.46,2453.82,2441.79,2442.55,3271480000,0.00834720424141544,0.008312558992556568,-0.006696665117833511,-0.006719188389873109
2017-06-20,2437.03,2450.66,2436.6,2450.66,3422700000,-0.006696665117833511,-0.006719188389873109,-0.0005826764545369123,-0.0005828462764329325
2017-06-21,2435.61,2442.23,2430.74,2439.31,3599190000,-0.0005826764545369123,-0.0005828462764329325,-0.00045573798760889517,-0.00045584186772818
2017-06-22,2434.5,2441.62,2433.27,2437.4,3477250000,-0.00045573798760889517,-0.00045584186772818,0.0015608954610804027,0.001559678529930483
2017-06-23,2438.3,2441.4,2431.11,2434.65,5282460000,0.0015608954610804027,0.001559678529930483,0.00031579379075585834,0.0003157439383918202
2017-06-26,2439.07,2450.42,2437.03,2443.32,3243660000,0.00031579379075585834,0.0003157439383918202,-0.008072749039592986,-0.008105510111856201
2017-06-27,2419.38,2440.15,2419.38,2436.34,3564770000,-0.008072749039592986,-0.008105510111856201,0.0088080417296994,0.008769477216597063
2017-06-28,2440.69,2442.97,2428.02,2428.7,3479980000,0.0088080417296994,0.008769477216597063,-0.008600027041533398,-0.008637220671771834
2017-06-29,2419.7,2442.73,2405.7,2442.38,3869560000,-0.008600027041533398,-0.008637220671771834,0.0015332479232963436,0.001532073698797482
2017-06-30,2423.41,2432.71,2421.65,2429.2,3366030000,0.0015332479232963436,0.001532073698797482,0.0023107934687074394,0.0023081276913972876
2017-07-03,2429.01,2439.17,2428.69,2431.39,1901480000,0.0023107934687074394,0.0023081276913972876,0.0014532669688471778,0.0014522119983846045
2017-07-05,2432.54,2434.9,2422.05,2430.78,3368150000,0.0014532669688471778,0.0014522119983846045,-0.00936880791271677,-0.009412971248548743
2017-07-06,2409.75,2424.28,2407.7,2423.44,3368710000,-0.00936880791271677,-0.009412971248548743,0.006403153854134258,0.00638274075695685
2017-07-07,2425.18,2426.92,2413.52,2413.52,2929390000,0.006403153854134258,0.00638274075695685,0.0009277661864273146,0.0009273360773855018
2017-07-10,2427.43,2432.0,2422.27,2424.51,3009880000,0.0009277661864273146,0.0009273360773855018,-0.0007827208199616686,-0.0007830273058416915
2017-07-11,2425.53,2429.3,2412.79,2427.35,3108800000,-0.0007827208199616686,-0.0007830273058416915,0.007305619802682184,0.007279063026366936
2017-07-12,2443.25,2445.76,2435.75,2435.75,3176900000,0.007305619802682184,0.007279063026366936,0.00187455233807432,0.0018727975574500866
2017-07-13,2447.83,2449.32,2441.69,2444.99,3068510000,0.00187455233807432,0.0018727975574500866,0.0046735271648765675,0.004662640144143031
2017-07-14,2459.27,2463.54,2446.69,2449.16,2738460000,0.0046735271648765675,0.004662640144143031,-5.286121491343554e-05,-5.2862612116695394e-05
2017-07-17,2459.14,2462.82,2457.16,2459.5,2800580000,-5.286121491343554e-05,-5.2862612116695394e-05,0.0005977699520971491,0.0005975913588075912
2017-07-18,2460.61,2460.92,2450.34,2455.88,2974090000,0.0005977699520971491,0.0005975913588075912,0.0053726514969865136,0.005358270292070911
2017-07-19,2473.83,2473.83,2463.85,2463.85,3063810000,0.0053726514969865136,0.005358270292070911,-0.00015360796821128897,-0.00015361976712352472
2017-07-20,2473.45,2477.62,2468.43,2475.56,3223820000,-0.00015360796821128897,-0.00015361976712352472,-0.0003679071741898854,-0.0003679748686383202
2017-07-21,2472.54,2472.54,2465.06,2467.4,3066880000,-0.0003679071741898854,-0.0003679748686383202,-0.0010636834995592093,-0.0010642496123316407
2017-07-24,2469.91,2473.1,2466.32,2472.04,3019920000,-0.0010636834995592093,-0.0010642496123316407,0.002923183435833865,0.002918919243124604
2017-07-25,2477.13,2481.24,2474.91,2477.88,4116360000,0.002923183435833865,0.002918919243124604,0.0002825850883885206,0.0002825451687427182
2017-07-26,2477.83,2481.69,2474.94,2479.97,3597830000,0.0002825850883885206,0.0002825451687427182,-0.0009726252406339064,-0.0009730985474882821
2017-07-27,2475.42,2484.04,2459.93,2482.76,4035740000,-0.0009726252406339064,-0.0009730985474882821,-0.0013411865461215866,-0.0013420867417742238
2017-07-28,2472.1,2473.53,2464.66,2469.12,3302850000,-0.0013411865461215866,-0.0013420867417742238,-0.0007281258848751415,-0.0007283910972737436
2017-07-31,2470.3,2477.96,2468.53,2475.94,3475930000,-0.0007281258848751415,-0.0007283910972737436,0.002449095251588762,0.002446101105449387
2017-08-01,2476.35,2478.51,2471.14,2477.1,3470260000,0.002449095251588762,0.002446101105449387,0.0004926605689827834,0.0004925392516085572
2017-08-02,2477.57,2480.38,2466.48,2480.38,3487150000,0.0004926605689827834,0.0004925392516085572,-0.0021835911800677232,-0.0021859786914876496
2017-08-03,2472.16,2476.03,2468.85,2476.03,3662410000,-0.0021835911800677232,-0.0021859786914876496,0.0018890363083294837,0.001887254323046072
2017-08-04,2476.83,2480.0,2472.08,2476.88,3239980000,0.0018890363083294837,0.001887254323046072,0.001647266869345021,0.0016459116133836385
2017-08-07,2480.91,2480.95,2475.88,2477.14,2935130000,0.001647266869345021,0.0016459116133836385,-0.002414436638168982,-0.00241735609047731
2017-08-08,2474.92,2490.87,2470.32,2478.35,3347480000,-0.002414436638168982,-0.00241735609047731,-0.0003636481179190021,-0.00036371425392981165
2017-08-09,2474.02,2474.41,2462.08,2465.35,3310960000,-0.0003636481179190021,-0.00036371425392981165,-0.01447441815345063,-0.014580194485226952
2017-08-10,2438.21,2465.38,2437.75,2465.38,3635820000,-0.01447441815345063,-0.014580194485226952,0.0012755258980974293,0.001274713106023881
2017-08-11,2441.32,2448.09,2437.85,2441.04,3161830000,0.0012755258980974293,0.001274713106023881,0.01004374682548792,0.00999364360375926
2017-08-14,2465.84,2468.22,2454.96,2454.96,2824320000,0.01004374682548792,0.00999364360375926,-0.0004988158193557357,-0.0004989402693533612
2017-08-15,2464.61,2468.9,2461.61,2468.66,2922430000,-0.0004988158193557357,-0.0004989402693533612,0.0014201029777529683,0.0014190955851406412
2017-08-16,2468.11,2474.93,2463.86,2468.63,2956570000,0.0014201029777529683,0.0014190955851406412,-0.015436913265616137,-0.015557302982010086
2017-08-17,2430.01,2465.02,2430.01,2462.95,3164950000,-0.015436913265616137,-0.015557302982010086,-0.0018353833934839914,-0.001837069773336156
2017-08-18,2425.55,2440.27,2420.69,2427.64,3426970000,-0.0018353833934839914,-0.001837069773336156,0.0011626229102676966,0.0011619475876316547
2017-08-21,2428.37,2430.58,2417.35,2425.5,2803650000,0.0011626229102676966,0.0011619475876316547,0.009940824503679613,0.009891739536413192
2017-08-22,2452.51,2454.77,2433.67,2433.75,2780990000,0.009940824503679613,0.009891739536413192,-0.003453604674394928,-0.003459582133507087
2017-08-23,2444.04,2448.91,2441.42,2444.88,2796950000,-0.003453604674394928,-0.003459582133507087,-0.002074434133647607,-0.0020765887523938203
2017-08-24,2438.97,2450.39,2436.19,2447.91,2849680000,-0.002074434133647607,-0.0020765887523938203,0.0016728373042720346,0.001671439670407706
2017-08-25,2443.05,2453.96,2442.22,2444.72,2593350000,0.0016728373042720346,0.001671439670407706,0.00048709604797259054,0.0004869774552017658
2017-08-28,2444.24,2449.12,2439.03,2447.35,2682920000,0.00048709604797259054,0.0004869774552017658,0.0008427977612674997,0.0008424428066569343
2017-08-29,2446.3,2449.19,2428.2,2431.94,2739460000,0.0008427977612674997,0.0008424428066569343,0.004615133058087695,0.004604515985119675
2017-08-30,2457.59,2460.31,2443.77,2446.06,2637780000,0.004615133058087695,0.004604515985119675,0.005721051924853171,0.005704748858195643
2017-08-31,2471.65,2475.01,2462.65,2462.65,3353860000,0.005721051924853171,0.005704748858195643,0.0019824813383773066,0.0019805188155972674
2017-09-01,2476.55,2480.38,2473.85,2474.42,2712780000,0.0019824813383773066,0.0019805188155972674,-0.007550826754961659,-0.007579478568344627
2017-09-05,2457.85,2471.97,2446.55,2470.35,3502190000,-0.007550826754961659,-0.007579478568344627,0.003128750737433128,0.0031238663821462308
2017-09-06,2465.54,2469.64,2459.2,2463.83,3400200000,0.003128750737433128,0.0031238663821462308,-0.00017845989113951521,-0.0001784758170006678
2017-09-07,2465.1,2468.62,2460.29,2468.06,3365780000,-0.00017845989113951521,-0.0001784758170006678,-0.001488783416494277,-0.0014898927557054817
2017-09-08,2461.43,2467.11,2459.4,2462.25,3308360000,-0.001488783416494277,-0.0014898927557054817,0.01083922760346634,0.010780904250841916
2017-09-11,2488.11,2488.95,2474.52,2474.52,3293460000,0.01083922760346634,0.010780904250841916,0.003363999180100441,0.0033583535924836664
2017-09-12,2496.48,2496.77,2490.37,2491.94,3234280000,0.003363999180100441,0.0033583535924836664,0.0007570659488558285,0.0007567795189854543
2017-09-13,2498.37,2498.37,2492.14,2493.89,3371370000,0.0007570659488558285,0.0007567795189854543,-0.0011007176679195263,-0.0011013239025146775
2017-09-14,2495.62,2498.43,2491.35,2494.56,3422470000,-0.0011007176679195263,-0.0011013239025146775,0.0018472363580994688,0.0018455323152087293
2017-09-15,2500.23,2500.23,2493.16,2495.67,4862970000,0.0018472363580994688,0.0018455323152087293,0.0014558660603223306,0.001454807314799407
2017-09-18,2503.87,2508.32,2499.92,2502.51,3204700000,0.0014558660603223306,0.001454807314799407,0.0011102812845715793,0.0011096653781502376
2017-09-19,2506.65,2507.84,2503.19,2506.29,3253760000,0.0011102812845715793,0.0011096653781502376,0.0006343127281429606,0.0006341116368564334
2017-09-20,2508.24,2508.85,2496.67,2506.84,3584570000,0.0006343127281429606,0.0006341116368564334,-0.003045960514145296,-0.0030506088934585734
2017-09-21,2500.6,2507.16,2499.0,2507.16,2965590000,-0.003045960514145296,-0.0030506088934585734,0.0006478445173156988,0.000647634756646368
2017-09-22,2502.22,2503.47,2496.54,2497.26,2877980000,0.0006478445173156988,0.000647634756646368,-0.002222026840165925,-0.002224499204924677
2017-09-25,2496.66,2502.54,2488.03,2499.39,3314530000,-0.002222026840165925,-0.002224499204924677,7.209632068461147e-05,7.209372186979258e-05
2017-09-26,2496.84,2503.51,2495.12,2501.04,3070770000,7.209632068461147e-05,7.209372186979258e-05,0.004085163646849521,0.0040768420216074665
2017-09-27,2507.04,2511.75,2495.91,2503.3,3485070000,0.004085163646849521,0.0040768420216074665,0.0012046078243665992,0.0012038828664962132
2017-09-28,2510.06,2510.81,2502.93,2503.41,3173030000,0.0012046078243665992,0.0012038828664962132,0.0037050907149631662,0.0036982437735080622
2017-09-29,2519.36,2519.44,2507.99,2509.96,3220260000,0.0037050907149631662,0.0036982437735080622,0.0038739997459671383,0.0038665151329828713
2017-10-02,2529.12,2529.23,2520.4,2521.2,3226370000,0.0038739997459671383,0.0038665151329828713,0.002158853672423522,0.0021565266962995347
2017-10-03,2534.58,2535.13,2528.85,2530.34,3073480000,0.002158853672423522,0.0021565266962995347,0.0012467548864110167,0.0012459783329185144
2017-10-04,2537.74,2540.53,2531.8,2533.48,3020770000,0.0012467548864110167,0.0012459783329185144,0.005646756562926125,0.005630873397280621
2017-10-05,2552.07,2552.51,2540.02,2540.86,3059730000,0.005646756562926125,0.005630873397280621,-0.0010736382622734686,-0.0010742150246923344
2017-10-06,2549.33,2549.41,2543.79,2547.44,2898270000,-0.0010736382622734686,-0.0010742150246923344,-0.001804395664743219,-0.0018060255475314134
2017-10-09,2544.73,2551.82,2541.6,2551.39,2486940000,-0.001804395664743219,-0.0018060255475314134,0.002322446782173193,0.0023197540709582955
2017-10-10,2550.64,2555.23,2544.86,2549.99,2962610000,0.002322446782173193,0.0023197540709582955,0.001803468933287311,0.0018018446358107835
2017-10-11,2555.24,2555.24,2547.95,2550.62,2991320000,0.001803468933287311,0.0018018446358107835,-0.0016867300136190755,-0.001688154144329805
2017-10-12,2550.93,2555.33,2548.31,2552.88,3157280000,-0.0016867300136190755,-0.001688154144329805,0.0008781111202582625,0.0008777258062376878
2017-10-13,2553.17,2557.65,2552.09,2555.66,3150470000,0.0008781111202582625,0.0008777258062376878,0.0017507647356032052,0.0017492339334793062
2017-10-16,2557.64,2559.47,2552.64,2555.57,2918030000,0.0017507647356032052,0.0017492339334793062,0.0006724949562879612,0.000672268932882235
2017-10-17,2559.36,2559.71,2554.69,2557.17,2901890000,0.0006724949562879612,0.000672268932882235,0.0007423730932734074,0.000742097670671056
2017-10-18,2561.26,2564.11,2559.67,2562.87,2999320000,0.0007423730932734074,0.000742097670671056,0.0003279635804251946,0.00032790981212586
2017-10-19,2562.1,2562.36,2547.92,2553.39,3019520000,0.0003279635804251946,0.00032790981212586,0.005116896296007312,0.005103849469401585
2017-10-20,2575.21,2575.44,2567.56,2567.56,3394450000,0.005116896296007312,0.005103849469401585,-0.0039724915637947555,-0.003980402867081287
2017-10-23,2564.98,2578.29,2564.33,2578.08,3214470000,-0.0039724915637947555,-0.003980402867081287,0.0016179463387628878,0.0016166388736675908
2017-10-24,2569.13,2572.18,2565.58,2568.66,3435660000,0.0016179463387628878,0.0016166388736675908,-0.004663057143858063,-0.004673963111462271
2017-10-25,2557.15,2567.4,2544.0,2566.52,3885470000,-0.004663057143858063,-0.004673963111462271,0.0012709461705413538,0.0012701392021270566
2017-10-26,2560.4,2567.07,2559.8,2560.08,3891750000,0.0012709461705413538,0.0012701392021270566,0.008072957350414134,0.00804054535381592
2017-10-27,2581.07,2582.98,2565.94,2570.26,3896100000,0.008072957350414134,0.00804054535381592,-0.0031924744388955872,-0.0031975812572382673
2017-10-30,2572.83,2580.03,2568.25,2577.75,3660230000,-0.0031924744388955872,-0.0031975812572382673,0.0009444852555358096,0.0009440395099815039
2017-10-31,2575.26,2578.29,2572.15,2575.99,3844420000,0.0009444852555358096,0.0009440395099815039,0.001592072256781707,0.0015908062532808776
2017-11-01,2579.36,2588.4,2574.92,2583.21,3841200000,0.001592072256781707,0.0015908062532808776,0.00018996960486306058,0.00018995156292258536
2017-11-02,2579.85,2581.11,2566.17,2579.46,4050140000,0.00018996960486306058,0.00018995156292258536,0.0030970792875555375,0.0030922932168462635
2017-11-03,2587.84,2588.42,2576.77,2581.93,3568710000,0.0030970792875555375,0.0030922932168462635,0.0012713305304810074,0.001270523074112308
2017-11-06,2591.13,2593.38,2585.66,2587.47,3541970000,0.0012713305304810074,0.001270523074112308,-0.00018910668318461443,-0.00018912456610798272
2017-11-07,2590.64,2597.02,2584.35,2592.11,3815190000,-0.00018910668318461443,-0.00018912456610798272,0.0014436587098169973,0.001442617636431107
2017-11-08,2594.38,2595.47,2585.02,2588.71,3898450000,0.0014436587098169973,0.001442617636431107,-0.003761977813581785,-0.0037690718494426323
2017-11-09,2584.62,2586.5,2566.33,2584.0,3844100000,-0.003761977813581785,-0.0037690718494426323,-0.0008976174447306029,-0.0008980205445067916
2017-11-10,2582.3,2583.81,2575.57,2580.18,3489740000,-0.0008976174447306029,-0.0008980205445067916,0.0009836192541532451,0.0009831358177202925
2017-11-13,2584.84,2587.66,2574.48,2576.53,3405200000,0.0009836192541532451,0.0009831358177202925,-0.002309620711533511,-0.0023122919993494805
2017-11-14,2578.87,2579.66,2566.56,2577.75,3643580000,-0.002309620711533511,-0.0023122919993494805,-0.005525675974360822,-0.005540998994613265
2017-11-15,2564.62,2572.84,2557.45,2569.45,3586590000,-0.005525675974360822,-0.005540998994613265,0.008196146017733552,0.00816274002244117
2017-11-16,2585.64,2590.09,2572.95,2572.95,3329730000,0.008196146017733552,0.00816274002244117,-0.0026260422951377427,-0.002629496392601535
2017-11-17,2578.85,2583.96,2577.62,2582.94,3309800000,-0.0026260422951377427,-0.002629496392601535,0.001275762452255913,0.0012749493588078771
2017-11-20,2582.14,2584.64,2578.24,2579.49,3023940000,0.001275762452255913,0.0012749493588078771,0.006541086075890767,0.006519786005639133
2017-11-21,2599.03,2601.19,2589.17,2589.17,3351230000,0.006541086075890767,0.006519786005639133,-0.0007502799121211767,-0.0007505615129562197
2017-11-22,2597.08,2600.94,2595.23,2600.31,2764110000,-0.0007502799121211767,-0.0007505615129562197,0.002056155374497548,0.0020540443802283723
2017-11-24,2602.42,2604.21,2600.42,2600.42,1385890000,0.002056155374497548,0.0020540443802283723,-0.0003842577293442506,-0.00038433157526338035
2017-11-27,2601.42,2606.41,2598.87,2602.66,3017720000,-0.0003842577293442506,-0.00038433157526338035,0.00984846737551015,0.009800287295721388
2017-11-28,2627.04,2627.69,2605.44,2605.94,3493340000,0.00984846737551015,0.009800287295721388,-0.00036923685973555553,-0.0003693050444495722
2017-11-29,2626.07,2634.89,2620.32,2627.82,4090630000,-0.00036923685973555553,-0.0003693050444495722,0.008190946928299692,0.00815758318578807
2017-11-30,2647.58,2657.74,2633.93,2633.93,4965700000,0.008190946928299692,0.00815758318578807,-0.00202449028924534,-0.002026542339749596
2017-12-01,2642.22,2650.62,2605.52,2645.1,3950930000,-0.00202449028924534,-0.002026542339749596,-0.0010521455442770167,-0.001052699437952113
2017-12-04,2639.44,2665.19,2639.03,2657.19,4025840000,-0.0010521455442770167,-0.001052699437952113,-0.003739429575970621,-0.0037464387216745616
2017-12-05,2629.57,2648.72,2627.73,2639.78,3547570000,-0.003739429575970621,-0.0037464387216745616,-0.00011408709408766704,-0.00011409360251520882
2017-12-06,2629.27,2634.41,2624.75,2626.24,3253080000,-0.00011408709408766704,-0.00011409360251520882,0.0029323728639507607,0.0029280818451754833
2017-12-07,2636.98,2640.99,2626.53,2628.38,3297060000,0.0029323728639507607,0.0029280818451754833,0.005506298872194781,0.005491194628844653
2017-12-08,2651.5,2651.65,2644.1,2646.21,3126750000,0.005506298872194781,0.005491194628844653,0.0032019611540636816,0.0031968457929972233
2017-12-11,2659.99,2660.33,2651.47,2652.19,3141480000,0.0032019611540636816,0.0031968457929972233,0.0015488780033008354,0.0015476797289272538
2017-12-12,2664.11,2669.72,2659.78,2661.73,3568910000,0.0015488780033008354,0.0015476797289272538,-0.0004729534441145766,-0.0004730653218714308
2017-12-13,2662.85,2671.88,2662.85,2667.59,3568360000,-0.0004729534441145766,-0.0004730653218714308,-0.004070826370242253,-0.004079134739528824
2017-12-14,2652.01,2668.09,2652.01,2665.87,3442760000,-0.004070826370242253,-0.004079134739528824,0.008974325134520456,0.008934295194916394
2017-12-15,2675.81,2679.63,2659.14,2660.63,5736910000,0.008974325134520456,0.008934295194916394,0.005362862086620401,0.0053485331483242
2017-12-18,2690.16,2694.97,2685.92,2685.92,3727770000,0.005362862086620401,0.0053485331483242,-0.003230291135099761,-0.003235519788593535
2017-12-19,2681.47,2694.44,2680.74,2692.71,3407680000,-0.003230291135099761,-0.003235519788593535,-0.0008279040973793172,-0.000828246999249518
2017-12-20,2679.25,2691.01,2676.11,2688.18,3246230000,-0.0008279040973793172,-0.000828246999249518,0.0019856303069889503,0.001983661548850703
2017-12-21,2684.57,2692.64,2682.4,2683.02,3293130000,0.0019856303069889503,0.001983661548850703,-0.0004581739347455649,-0.0004582789284942958
2017-12-22,2683.34,2685.35,2678.13,2684.22,2401030000,-0.0004581739347455649,-0.0004582789284942958,-0.0010583824636460903,-0.0010589429458703716
2017-12-26,2680.5,2682.74,2677.96,2679.09,1970660000,-0.0010583824636460903,-0.0010589429458703716,0.00079089722066783,0.0007905846262701684
2017-12-27,2682.62,2685.64,2678.91,2682.1,2202900000,0.00079089722066783,0.0007905846262701684,0.0018340279279212002,0.0018323481522244368
2017-12-28,2687.54,2687.66,2682.69,2686.1,2174890000,0.0018340279279212002,0.0018323481522244368,-0.005183178668968558,-0.005196657936668189
2017-12-29,2673.61,2692.12,2673.61,2689.15,2447760000,-0.005183178668968558,-0.005196657936668189,0.008303380074131894,0.008269096661866973
2018-01-02,2695.81,2695.89,2682.36,2683.73,3397430000,0.008303380074131894,0.008269096661866973,0.006398818907860759,0.006378433382130943
2018-01-03,2713.06,2714.37,2697.77,2697.85,3544030000,0.006398818907860759,0.006378433382130943,0.004028661363921104,0.004020568037294825
2018-01-04,2723.99,2729.29,2719.07,2719.31,3697340000,0.004028661363921104,0.004020568037294825,0.007033799683552555,0.007009177903581761
2018-01-05,2743.15,2743.45,2727.92,2731.33,3239280000,0.007033799683552555,0.007009177903581761,0.0016623225124401397,0.0016609423836402202
2018-01-08,2747.71,2748.51,2737.6,2742.67,3246160000,0.0016623225124401397,0.0016609423836402202,0.0013029031448006378,0.0013020551030292105
2018-01-09,2751.29,2759.14,2747.86,2751.15,3467460000,0.0013029031448006378,0.0013020551030292105,-0.0011122055472160275,-0.001112824506788398
2018-01-10,2748.23,2750.8,2736.06,2745.55,3579900000,-0.0011122055472160275,-0.001112824506788398,0.007033618001404562,0.007008997490407507
2018-01-11,2767.56,2767.56,2752.78,2752.97,3645690000,0.007033618001404562,0.007008997490407507,0.006749627831013516,0.006726951075669084
2018-01-12,2786.24,2787.85,2769.64,2770.18,3587220000,0.006749627831013516,0.006726951075669084,-0.0035244630756861017,-0.003530688627795424
2018-01-16,2776.42,2807.54,2768.64,2798.96,4362880000,-0.0035244630756861017,-0.003530688627795424,0.009415002053003496,0.00937095716052361
2018-01-17,2802.56,2807.04,2778.38,2784.99,3790340000,0.009415002053003496,0.00937095716052361,-0.001616379310344751,-0.0016176870607860264
2018-01-18,2798.03,2805.83,2792.56,2802.4,3703300000,-0.001616379310344751,-0.0016176870607860264,0.004385228178396927,0.004375641082824612
2018-01-19,2810.3,2810.33,2798.08,2802.6,3724230000,0.004385228178396927,0.004375641082824612,0.008066754439027823,0.008034392098314767
2018-01-22,2832.97,2833.03,2808.12,2809.16,3489480000,0.008066754439027823,0.008034392098314767,0.002174396481431362,0.002172035902672236
2018-01-23,2839.13,2842.24,2830.59,2835.05,3541140000,0.002174396481431362,0.002172035902672236,-0.0005600307136341964,-0.0005601875894072049
2018-01-24,2837.54,2852.97,2824.81,2845.42,4079270000,-0.0005600307136341964,-0.0005601875894072049,0.0006026346765155566,0.0006024531651585847
2018-01-25,2839.25,2848.56,2830.94,2846.24,3873100000,0.0006026346765155566,0.0006024531651585847,0.011841155234656897,0.011771597314994501
2018-01-26,2872.87,2872.87,2846.18,2847.48,3474680000,0.011841155234656897,0.011771597314994501,-0.006731944014173874,-0.006754705760662041
2018-01-29,2853.53,2870.62,2851.48,2867.23,3587420000,-0.006731944014173874,-0.006754705760662041,-0.010898781509218525,-0.010958608318405548
2018-01-30,2822.43,2837.75,2818.27,2832.74,4012070000,-0.010898781509218525,-0.010958608318405548,0.0004889403811609849,0.0004888208887610065
2018-01-31,2823.81,2839.26,2813.04,2832.41,4276270000,0.0004889403811609849,0.0004888208887610065,-0.0006480605989779287,-0.0006482706810167338
2018-02-01,2821.98,2835.96,2812.7,2816.45,3977380000,-0.0006480605989779287,-0.0006482706810167338,-0.021208513171602883,-0.021436645011316622
2018-02-02,2762.13,2808.92,2759.97,2808.92,4340220000,-0.021208513171602883,-0.021436645011316622,-0.040979244278871785,-0.04184256124518214
2018-02-05,2648.94,2763.39,2638.17,2741.06,5310840000,-0.040979244278871785,-0.04184256124518214,0.017440938639606607,0.017290591086863923
2018-02-06,2695.14,2701.04,2593.07,2614.78,5917350000,0.017440938639606607,0.017290591086863923,-0.0050015954644285765,-0.0050141453066676256
2018-02-07,2681.66,2727.67,2681.33,2690.95,4646300000,-0.0050015954644285765,-0.0050141453066676256,-0.037536451302551344,-0.038259085020510716
2018-02-08,2581.0,2685.27,2580.56,2685.01,5333840000,-0.037536451302551344,-0.038259085020510716,0.014936071290197583,0.0148256265596341
2018-02-09,2619.55,2638.67,2532.69,2601.78,5690110000,0.014936071290197583,0.0148256265596341,0.013914603653299107,0.013818684318076369
2018-02-12,2656.0,2672.61,2622.45,2636.75,4069220000,0.013914603653299107,0.013818684318076369,0.0026129518072288693,0.002609543983683735
2018-02-13,2662.94,2668.84,2637.08,2646.27,3503540000,0.0026129518072288693,0.002609543983683735,0.013402479965752168,0.013313461230303598
2018-02-14,2698.63,2702.1,2648.87,2651.21,4011940000,0.013402479965752168,0.013313461230303598,0.0120690869070601,0.011996836229864197
2018-02-15,2731.2,2731.51,2689.82,2713.46,3696140000,0.0120690869070601,0.011996836229864197,0.0003734622144111466,0.0003733924947562478
2018-02-16,2732.22,2754.42,2725.11,2727.14,3646920000,0.0003734622144111466,0.0003733924947562478,-0.005841403693699454,-0.005858531424820395
2018-02-20,2716.26,2737.6,2706.76,2722.99,3646920000,-0.005841403693699454,-0.005858531424820395,-0.00549652831466807,-0.005511689809002755
2018-02-21,2701.33,2747.75,2701.29,2720.53,3789040000,-0.00549652831466807,-0.005511689809002755,0.0009735944886408721,0.0009731208529212048
2018-02-22,2703.96,2731.26,2697.77,2710.42,3720620000,0.0009735944886408721,0.0009731208529212048,0.016028343614550522,0.01590124602558474
2018-02-23,2747.3,2747.76,2713.74,2715.8,3200360000,0.016028343614550522,0.01590124602558474,0.011756997779638123,0.011688421260557077
2018-02-26,2779.6,2780.64,2753.78,2757.37,3436590000,0.011756997779638123,0.011688421260557077,-0.012706864297021059,-0.012788286983879777
2018-02-27,2744.28,2789.15,2744.22,2780.45,3752070000,-0.012706864297021059,-0.012788286983879777,-0.011095806550352139,-0.011157824195769547
2018-02-28,2713.83,2761.52,2713.54,2753.78,4244570000,-0.011095806550352139,-0.011157824195769547,-0.013324342350110263,-0.013413907890662753
2018-03-01,2677.67,2730.89,2659.65,2715.22,4514490000,-0.013324342350110263,-0.013413907890662753,0.005071573420174946,0.0050587563087125835
2018-03-02,2691.25,2696.25,2647.32,2658.89,3891250000,0.005071573420174946,0.0050587563087125835,0.011032048304691067,0.01097163914490453
2018-03-05,2720.94,2728.09,2675.75,2681.06,3733640000,0.011032048304691067,0.01097163914490453,0.0026387939462098053,0.0026353184422145334
2018-03-06,2728.12,2732.08,2711.26,2730.18,3389030000,0.0026387939462098053,0.0026353184422145334,-0.00048384968403136774,-0.0004839667770615435
2018-03-07,2726.8,2730.6,2701.74,2710.18,3406690000,-0.00048384968403136774,-0.0004839667770615435,0.00446310693853591,0.004453176811945213
2018-03-08,2738.97,2740.45,2722.65,2732.75,3206040000,0.00446310693853591,0.004453176811945213,0.017378795678667736,0.01722951151316988
2018-03-09,2786.57,2786.57,2751.54,2752.91,3376870000,0.017378795678667736,0.01722951151316988,-0.001273967637633433,-0.00127477982427725
2018-03-12,2783.02,2796.98,2779.26,2790.54,3216960000,-0.001273967637633433,-0.00127477982427725,-0.00636359063175973,-0.006383924585162931
2018-03-13,2765.31,2801.9,2758.68,2792.31,3324290000,-0.00636359063175973,-0.006383924585162931,-0.005724493818052956,-0.0057409415327189526
2018-03-14,2749.48,2777.11,2744.38,2774.06,3394630000,-0.005724493818052956,-0.0057409415327189526,-0.0007819660444884358,-0.0007822719394124938
2018-03-15,2747.33,2763.03,2741.47,2754.27,3543710000,-0.0007819660444884358,-0.0007822719394124938,0.0017034720983646334,0.0017020228353889482
2018-03-16,2752.01,2761.85,2749.97,2750.57,5429140000,0.0017034720983646334,0.0017020228353889482,-0.014204163502312905,-0.014306008195445936
2018-03-19,2712.92,2741.38,2694.59,2741.38,3327460000,-0.014204163502312905,-0.014306008195445936,0.001481798210046792,0.0014807014304161871
2018-03-20,2716.94,2724.22,2710.05,2715.05,3272590000,0.001481798210046792,0.0014807014304161871,-0.001843986249236318,-0.0018456884848011977
2018-03-21,2711.93,2739.14,2709.79,2714.99,3434780000,-0.001843986249236318,-0.0018456884848011977,-0.02516289137256489,-0.02548489001614073
2018-03-22,2643.69,2695.68,2641.59,2691.36,3765460000,-0.02516289137256489,-0.02548489001614073,-0.020966906104724736,-0.021189833248420765
2018-03-23,2588.26,2657.67,2585.89,2646.71,3829380000,-0.020966906104724736,-0.021189833248420765,0.0271572407717926,0.026795026112632157
2018-03-26,2658.55,2661.36,2601.81,2619.35,3538080000,0.0271572407717926,0.026795026112632157,-0.017276334844182117,-0.017427312133270447
2018-03-27,2612.62,2674.78,2596.12,2667.57,3761320000,-0.017276334844182117,-0.017427312133270447,-0.0029166124426820428,-0.0029208740450646013
2018-03-28,2605.0,2632.65,2593.06,2611.3,3875720000,-0.0029166124426820428,-0.0029208740450646013,0.01376967370441462,0.013675733119263357
2018-03-29,2640.87,2659.07,2609.72,2614.41,3572360000,0.01376967370441462,0.013675733119263357,-0.02233733580221664,-0.022590592580476767
2018-04-02,2581.88,2638.3,2553.8,2633.45,3635780000,-0.02233733580221664,-0.022590592580476767,0.01261483879963432,0.012535934603553565
2018-04-03,2614.45,2619.14,2575.49,2592.17,3395840000,0.01261483879963432,0.012535934603553565,0.011566486259060316,0.011500105825438875
2018-04-04,2644.69,2649.86,2573.61,2584.04,3369230000,0.011566486259060316,0.011500105825438875,0.00686280811739759,0.006839366240059898
2018-04-05,2662.84,2672.08,2649.58,2657.36,3230430000,0.00686280811739759,0.006839366240059898,-0.02192020549488527,-0.02216402280202734
2018-04-06,2604.47,2656.88,2586.27,2645.82,3312390000,-0.02192020549488527,-0.02216402280202734,0.003336571356168383,0.0033310173527511624
2018-04-09,2613.16,2653.55,2610.79,2617.18,3076140000,0.003336571356168383,0.0033310173527511624,0.01672687474169199,0.016588521255114928
2018-04-10,2656.87,2665.45,2635.78,2638.41,3579130000,0.01672687474169199,0.016588521255114928,-0.005525298565605352,-0.005540619488903829
2018-04-11,2642.19,2661.43,2639.25,2643.89,3054520000,-0.005525298565605352,-0.005540619488903829,0.008250731400845313,0.008216880187239336
2018-04-12,2663.99,2674.72,2653.83,2653.83,3045330000,0.008250731400845313,0.008216880187239336,-0.0028866474724003055,-0.002890821874502216
2018-04-13,2656.3,2680.26,2645.05,2676.9,2988540000,-0.0028866474724003055,-0.002890821874502216,0.008109023830139561,0.008076322362107757
2018-04-16,2677.84,2686.49,2665.16,2670.1,3020740000,0.008109023830139561,0.008076322362107757,0.01066157798822931,0.010605144127271393
2018-04-17,2706.39,2713.34,2692.05,2692.74,3286190000,0.01066157798822931,0.010605144127271393,0.0008313657676830566,0.0008310203745819628
2018-04-18,2708.64,2717.49,2703.63,2710.11,3412030000,0.0008313657676830566,0.0008310203745819628,-0.005726120857699746,-0.005742577941307845
2018-04-19,2693.13,2702.84,2681.9,2701.16,3375120000,-0.005726120857699746,-0.005742577941307845,-0.008536535555283331,-0.008573180471045841
2018-04-20,2670.14,2693.94,2660.61,2692.56,3428260000,-0.008536535555283331,-0.008573180471045841,5.617682967939963e-05,5.617525182039568e-05
2018-04-23,2670.29,2682.86,2657.99,2675.4,3030390000,5.617682967939963e-05,5.617525182039568e-05,-0.01338056915166519,-0.013470895618345118
2018-04-24,2634.56,2683.55,2617.32,2680.8,3716020000,-0.01338056915166519,-0.013470895618345118,0.0018371189116968,0.0018354334726678417
2018-04-25,2639.4,2645.3,2612.67,2634.92,3563680000,0.0018371189116968,0.0018354334726678417,0.01043418958854292,0.010380129158368218
2018-04-26,2666.94,2676.48,2647.16,2651.65,3690920000,0.01043418958854292,0.010380129158368218,0.0011136358523251566,0.0011130162199066156
2018-04-27,2669.91,2677.35,2659.01,2675.47,3234510000,0.0011136358523251566,0.0011130162199066156,-0.008187541902161422,-0.008221243907144358
2018-04-30,2648.05,2682.87,2648.04,2682.51,3749510000,-0.008187541902161422,-0.008221243907144358,0.0025490455240648746,0.0025458022179105093
2018-05-01,2654.8,2655.27,2625.41,2642.96,3562820000,0.0025490455240648746,0.0025458022179105093,-0.007205815880669042,-0.007231903167589713
2018-05-02,2635.67,2660.87,2631.7,2654.24,4047020000,-0.007205815880669042,-0.007231903167589713,-0.0022536964035709817,-0.0022562397993906034
2018-05-03,2629.73,2637.14,2594.62,2628.08,3867530000,-0.0022536964035709817,-0.0022562397993906034,0.012811201149927953,0.012729831933829549
2018-05-04,2663.42,2670.93,2615.32,2621.45,3335260000,0.012811201149927953,0.012729831933829549,0.003457960066380883,0.003451995069662222
2018-05-07,2672.63,2683.35,2664.7,2680.34,3266810000,0.003457960066380883,0.003451995069662222,-0.0002656559269333947,-0.00026569121971978244
2018-05-08,2671.92,2676.34,2655.2,2670.26,3745100000,-0.0002656559269333947,-0.00026569121971978244,0.009682176113057217,0.009635604216150478
2018-05-09,2697.79,2701.27,2674.14,2678.12,3913650000,0.009682176113057217,0.009635604216150478,0.009370632999603501,0.009327000979503942
2018-05-10,2723.07,2726.11,2704.54,2705.02,3380640000,0.009370632999603501,0.009327000979503942,0.0017076314600799058,0.0017061751151760478
2018-05-11,2727.72,2732.86,2717.45,2722.7,2874850000,0.0017076314600799058,0.0017061751151760478,0.0008835217690965624,0.0008831316934816184
2018-05-14,2730.13,2742.1,2725.47,2738.47,2994360000,0.0008835217690965624,0.0008831316934816184,-0.006842165025108815,-0.006865679959648896
2018-05-15,2711.45,2718.59,2701.91,2718.59,3291190000,-0.006842165025108815,-0.006865679959648896,0.004060558004020054,0.0040523361876279775
2018-05-16,2722.46,2727.76,2712.17,2712.62,3248480000,0.004060558004020054,0.0040523361876279775,-0.000855843612027285,-0.0008562100552650634
2018-05-17,2720.13,2731.96,2711.36,2719.71,3478150000,-0.000855843612027285,-0.0008562100552650634,-0.002632227136203147,-0.002635697537311794
2018-05-18,2712.97,2719.5,2709.18,2717.35,3383270000,-0.002632227136203147,-0.002635697537311794,0.007386738519040259,0.007359590175901056
2018-05-21,2733.01,2739.19,2725.7,2735.39,3053480000,0.007386738519040259,0.007359590175901056,-0.0031357367883761977,-0.0031406635129493403
2018-05-22,2724.44,2742.24,2721.88,2738.34,3384140000,-0.0031357367883761977,-0.0031406635129493403,0.003248373977771557,0.003243109408800207
2018-05-23,2733.29,2733.33,2709.54,2713.98,3333160000,0.003248373977771557,0.003243109408800207,-0.002023202806873625,-0.0020252522464269634
2018-05-24,2727.76,2731.97,2707.38,2730.94,3285750000,-0.002023202806873625,-0.0020252522464269634,-0.002357245505469785,-0.0023600281824850003
2018-05-25,2721.33,2727.36,2714.99,2723.6,3015260000,-0.002357245505469785,-0.0023600281824850003,-0.011564198388288038,-0.011631583739263906
2018-05-29,2689.86,2710.67,2676.81,2705.11,3743310000,-0.011564198388288038,-0.011631583739263906,0.01269582803565994,0.012615911702766044
2018-05-30,2724.01,2729.34,2702.43,2702.43,3566490000,0.01269582803565994,0.012615911702766044,-0.006879563584568427,-0.006903336878120701
2018-05-31,2705.27,2722.5,2700.68,2720.98,4241100000,-0.006879563584568427,-0.006903336878120701,0.01084919435028664,0.01079076407564197
2018-06-01,2734.62,2736.93,2718.7,2718.7,3694310000,0.01084919435028664,0.01079076407564197,0.0044795986279628774,0.004469595089461682
2018-06-04,2746.87,2749.16,2740.54,2741.67,3410090000,0.0044795986279628774,0.004469595089461682,0.0007026178887243884,0.0007023711683356189
2018-06-05,2748.8,2752.61,2739.51,2748.46,3523550000,0.0007026178887243884,0.0007023711683356189,0.00856737485448189,0.00853088317566569
2018-06-06,2772.35,2772.39,2748.46,2753.25,3662780000,0.00856737485448189,0.00853088317566569,-0.0007141955380813858,-0.0007144506972109346
2018-06-07,2770.37,2779.9,2760.16,2774.84,3742080000,-0.0007141955380813858,-0.0007144506972109346,0.0031259362467830343,0.0031210606659344705
2018-06-08,2779.03,2779.39,2763.59,2765.84,3138850000,0.0031259362467830343,0.0031210606659344705,0.0010687182218256375,0.0010681475490628696
2018-06-11,2782.0,2790.21,2780.17,2780.18,3262130000,0.0010687182218256375,0.0010681475490628696,0.0017433501078361058,0.0017418322369011133
2018-06-12,2786.85,2789.8,2778.78,2785.6,3435700000,0.0017433501078361058,0.0017418322369011133,-0.004026050917702695,-0.004034177279463059
2018-06-13,2775.63,2791.47,2774.65,2787.94,3820770000,-0.004026050917702695,-0.004034177279463059,0.002471510972283708,0.0024684618120292836
2018-06-14,2782.49,2789.06,2776.52,2783.21,3540930000,0.002471510972283708,0.0024684618120292836,-0.0010170746345898873,-0.0010175922059649557
2018-06-15,2779.66,2782.81,2761.73,2777.78,5451990000,-0.0010170746345898873,-0.0010175922059649557,-0.0021261593144484836,-0.002128422800086842
2018-06-18,2773.75,2774.99,2757.12,2765.79,3316120000,-0.0021261593144484836,-0.002128422800086842,-0.004023433979269853,-0.004031549765965106
2018-06-19,2762.59,2765.05,2743.19,2752.01,3671160000,-0.004023433979269853,-0.004031549765965106,0.0017121614137458607,0.0017106973363122029
2018-06-20,2767.32,2774.86,2763.91,2769.73,3332140000,0.0017121614137458607,0.0017106973363122029,-0.006345489498865264,-0.006365707692292354
2018-06-21,2749.76,2769.28,2744.39,2769.28,3336580000,-0.006345489498865264,-0.006365707692292354,0.0018619806819504259,0.0018602493447316098
2018-06-22,2754.88,2764.17,2752.68,2760.79,5468110000,0.0018619806819504259,0.0018602493447316098,-0.013724735741665661,-0.013819790665146471
2018-06-25,2717.07,2742.94,2698.67,2742.94,3663280000,-0.013724735741665661,-0.013819790665146471,0.0022045806696182613,0.0022021541473088704
2018-06-26,2723.06,2732.91,2715.6,2722.12,3568900000,0.0022045806696182613,0.0022021541473088704,-0.008604290761129008,-0.008641521386801524
2018-06-27,2699.63,2746.09,2699.38,2728.45,3803990000,-0.008604290761129008,-0.008641521386801524,0.006178624478169192,0.0061596150392206625
2018-06-28,2716.31,2724.34,2691.99,2698.69,3461100000,0.006178624478169192,0.0061596150392206625,0.0007583817752760957,0.0007580943491275485
2018-06-29,2718.37,2743.26,2718.03,2727.13,3586800000,0.0007583817752760957,0.0007580943491275485,0.0030680150237090142,0.003063318269638806
2018-07-02,2726.71,2727.26,2698.95,2704.95,3095040000,0.0030680150237090142,0.003063318269638806,-0.00494735413740377,-0.004959632808581322
2018-07-03,2713.22,2736.58,2711.16,2733.27,1911460000,-0.00494735413740377,-0.004959632808581322,0.00862075320099387,0.008583806694084265
2018-07-05,2736.61,2737.83,2716.02,2724.19,2980160000,0.00862075320099387,0.008583806694084265,0.008481296202235589,0.008445532084704199
2018-07-06,2759.82,2764.41,2733.52,2737.68,2590250000,0.008481296202235589,0.008445532084704199,0.008823039183714743,0.008784343615273702
2018-07-09,2784.17,2784.65,2770.73,2775.62,3070060000,0.008823039183714743,0.008784343615273702,0.0034732074550045677,0.0034671897996766143
2018-07-10,2793.84,2795.58,2786.24,2788.56,3080140000,0.0034732074550045677,0.0034671897996766143,-0.007094178621538827,-0.0071194619539736125
2018-07-11,2774.02,2785.91,2770.77,2779.82,2986180000,-0.007094178621538827,-0.0071194619539736125,0.008749035695488905,0.008710984661528809
2018-07-12,2798.29,2799.22,2781.53,2783.14,2834230000,0.008749035695488905,0.008710984661528809,0.0010792305300737493,0.0010786485794734959
2018-07-13,2801.31,2804.53,2791.69,2796.93,2619790000,0.0010792305300737493,0.0010786485794734959,-0.001028090429120665,-0.001028619276585639
2018-07-16,2798.43,2801.19,2793.39,2797.36,2819860000,-0.001028090429120665,-0.001028619276585639,0.00397365665748306,0.003965782536343808
2018-07-17,2809.55,2814.19,2789.24,2789.34,3064920000,0.00397365665748306,0.003965782536343808,0.0021604883344306103,0.002158157835582412
2018-07-18,2815.62,2816.76,2805.89,2811.35,3111560000,0.0021604883344306103,0.002158157835582412,-0.003952948196134454,-0.003960781746415428
2018-07-19,2804.49,2812.05,2799.77,2809.37,3278360000,-0.003952948196134454,-0.003960781746415428,-0.0009484790461010695,-0.0009489291369751974
2018-07-20,2801.83,2809.7,2800.01,2804.55,3243250000,-0.0009484790461010695,-0.0009489291369751974,0.00183808439484201,0.001836397184893872
2018-07-23,2806.98,2808.61,2795.14,2799.17,2928490000,0.00183808439484201,0.001836397184893872,0.004780938945058377,0.0047695465529177935
2018-07-24,2820.4,2829.99,2811.12,2820.68,3430410000,0.004780938945058377,0.0047695465529177935,0.009101545880016992,0.009060376426541358
2018-07-25,2846.07,2848.03,2817.73,2817.73,3584400000,0.009101545880016992,0.009060376426541358,-0.003032251490652005,-0.003036858079784692
2018-07-26,2837.44,2845.57,2835.26,2835.49,3667290000,-0.003032251490652005,-0.003036858079784692,-0.006562253298748155,-0.006583879546122514
2018-07-27,2818.82,2843.17,2808.34,2842.35,3434370000,-0.006562253298748155,-0.006583879546122514,-0.005754180827438504,-0.005770799909402402
2018-07-30,2802.6,2821.74,2798.11,2819.0,3261190000,-0.005754180827438504,-0.005770799909402402,0.00488474987511589,0.004872858193980633
2018-07-31,2816.29,2824.46,2808.06,2809.73,3906890000,0.00488474987511589,0.004872858193980633,-0.0010403758135703045,-0.0010409173801414606
2018-08-01,2813.36,2825.83,2805.85,2821.17,3501350000,-0.0010403758135703045,-0.0010409173801414606,0.004926493587738445,0.004914398127409042
2018-08-02,2827.22,2829.91,2796.34,2800.48,3501380000,0.004926493587738445,0.004914398127409042,0.0046441380578801095,0.0046333873211502116
2018-08-03,2840.35,2840.38,2827.37,2829.62,3043690000,0.0046441380578801095,0.0046333873211502116,0.0035382963367192044,0.0035320512931104955
2018-08-06,2850.4,2853.29,2835.98,2840.29,2879020000,0.0035382963367192044,0.0035320512931104955,0.002824165029469361,0.0028201845679715165
2018-08-07,2858.45,2863.43,2855.92,2855.92,3185440000,0.002824165029469361,0.0028201845679715165,-0.00026237996116773576,-0.0002624143888119613
2018-08-08,2857.7,2862.44,2853.09,2856.79,2978070000,-0.00026237996116773576,-0.0002624143888119613,-0.001441718864821362,-0.0014427591414417902
2018-08-09,2853.58,2862.48,2851.98,2857.19,3066180000,-0.001441718864821362,-0.0014427591414417902,-0.0071138709971333425,-0.007139295225622618
2018-08-10,2833.28,2842.2,2825.81,2838.9,3265590000,-0.0071138709971333425,-0.007139295225622618,-0.004005957759204981,-0.004014003101377949
2018-08-13,2821.93,2843.4,2819.88,2835.46,3173630000,-0.004005957759204981,-0.004014003101377949,0.00638924424064391,0.006368919546678298
2018-08-14,2839.96,2843.11,2826.58,2827.88,2986500000,0.00638924424064391,0.006368919546678298,-0.00760221974957398,-0.007631263915857995
2018-08-15,2818.37,2827.95,2802.49,2827.95,3656680000,-0.00760221974957398,-0.007631263915857995,0.007919471183698512,0.007888276759113128
2018-08-16,2840.69,2850.49,2831.44,2831.44,3232000000,0.007919471183698512,0.007888276759113128,0.0033231362802699227,0.0033176268652185398
2018-08-17,2850.13,2855.63,2833.73,2838.32,3037640000,0.0033231362802699227,0.0033176268652185398,0.002427959426412052,0.002425016695182756
2018-08-20,2857.05,2859.76,2850.62,2853.93,2757150000,0.002427959426412052,0.002425016695182756,0.0020685672284348477,0.002066430689121701
2018-08-21,2862.96,2873.23,2861.32,2861.51,3174010000,0.0020685672284348477,0.002066430689121701,-0.0003981892866123937,-0.00039826858501759574
2018-08-22,2861.82,2867.54,2856.05,2860.99,2701250000,-0.0003981892866123937,-0.00039826858501759574,-0.001691231454109654,-0.0016926632005294403
2018-08-23,2856.98,2868.78,2854.03,2860.29,2724450000,-0.001691231454109654,-0.0016926632005294403,0.0061988533346399866,0.006179719474590772
2018-08-24,2874.69,2876.16,2862.35,2862.35,2603010000,0.0061988533346399866,0.006179719474590772,0.007670392285776817,0.007641124395724228
2018-08-27,2896.74,2898.25,2884.69,2884.69,2865070000,0.007670392285776817,0.007641124395724228,0.0002692682118519141,0.00026923196567344023
2018-08-28,2897.52,2903.77,2893.5,2901.45,2687770000,0.0002692682118519141,0.00026923196567344023,0.005701427427593275,0.005685235804660677
2018-08-29,2914.04,2916.5,2898.4,2900.62,2805520000,0.005701427427593275,0.005685235804660677,-0.004430275493816138,-0.004440118245784964
2018-08-30,2901.13,2912.46,2895.22,2908.94,2810450000,-0.004430275493816138,-0.004440118245784964,0.00013443037712890238,0.0001344213421754606
2018-08-31,2901.52,2906.32,2891.73,2898.37,2887220000,0.00013443037712890238,0.0001344213421754606,-0.001654305329620409,-0.0016556752036839839
2018-09-04,2896.72,2900.18,2885.13,2896.96,3087420000,-0.001654305329620409,-0.0016556752036839839,-0.002803170482476691,-0.0028071067225424913
2018-09-05,2888.6,2894.21,2876.92,2891.59,3248780000,-0.002803170482476691,-0.0028071067225424913,-0.0036522883057535926,-0.003658974194848502
2018-09-06,2878.05,2892.05,2867.29,2888.64,3144240000,-0.0036522883057535926,-0.003658974194848502,-0.0022133041469051262,-0.002215757124654065
2018-09-07,2871.68,2883.81,2864.12,2868.26,2976580000,-0.0022133041469051262,-0.002215757124654065,0.001897843770893859,0.0018960451407243311
2018-09-10,2877.13,2886.93,2875.94,2881.39,2751100000,0.001897843770893859,0.0018960451407243311,0.0037398379635260603,0.003732862156378708
2018-09-11,2887.89,2892.52,2866.78,2871.57,2904500000,0.0037398379635260603,0.003732862156378708,0.00035666178420923345,0.00035659819551439804
2018-09-12,2888.92,2894.65,2879.2,2888.29,3341280000,0.00035666178420923345,0.00035659819551439804,0.005282250806529776,0.005268348654683924
2018-09-13,2904.18,2906.76,2896.39,2896.85,3274090000,0.005282250806529776,0.005268348654683924,0.00027546501938591206,0.0002754270858635385
2018-09-14,2904.98,2908.3,2895.77,2906.38,3179410000,0.00027546501938591206,0.0002754270858635385,-0.005569745746958565,-0.005585314617480499
2018-09-17,2888.8,2904.65,2886.16,2903.83,2967980000,-0.005569745746958565,-0.005585314617480499,0.005369011354195541,0.005354649595431229
2018-09-18,2904.31,2911.17,2890.43,2890.74,3091190000,0.005369011354195541,0.005354649595431229,0.00125330973621951,0.0012525249991826694
2018-09-19,2907.95,2912.36,2903.82,2906.6,3302460000,0.00125330973621951,0.0012525249991826694,0.007840574975498171,0.007809997394075651
2018-09-20,2930.75,2934.8,2919.73,2919.73,3406520000,0.007840574975498171,0.007809997394075651,-0.00036850635502849727,-0.0003685742701806347
2018-09-21,2929.67,2940.91,2927.11,2936.76,5652470000,-0.00036850635502849727,-0.0003685742701806347,-0.0035157543341060027,-0.0035219491222055663
2018-09-24,2919.37,2923.79,2912.63,2921.83,3392030000,-0.0035157543341060027,-0.0035219491222055663,-0.0013050760951849316,-0.0013059284486635185
2018-09-25,2915.56,2923.95,2913.7,2921.75,3330880000,-0.0013050760951849316,-0.0013059284486635185,-0.00328924803468289,-0.0032946695026326335
2018-09-26,2905.97,2931.15,2903.28,2916.98,3417540000,-0.00328924803468289,-0.0032946695026326335,0.0027632769780832067,0.0027594661468949336
2018-09-27,2914.0,2927.22,2909.27,2911.65,3101360000,0.0027632769780832067,0.0027594661468949336,-6.863417982172493e-06,-6.863441535533463e-06
2018-09-28,2913.98,2920.53,2907.5,2910.03,3461680000,-6.863417982172493e-06,-6.863441535533463e-06,0.0036410682297065566,0.0036344555873070567
2018-10-01,2924.59,2937.06,2917.91,2926.29,3375890000,0.0036410682297065566,0.0036344555873070567,-0.00039663679353352244,-0.0003967154747124362
2018-10-02,2923.43,2931.42,2919.37,2923.8,3432620000,-0.00039663679353352244,-0.0003967154747124362,0.0007114930065028613,0.0007112400153475563
2018-10-03,2925.51,2939.86,2921.36,2931.69,3625510000,0.0007114930065028613,0.0007112400153475563,-0.008169515742554312,-0.008203069104388573
2018-10-04,2901.61,2919.78,2883.92,2919.35,3510370000,-0.008169515742554312,-0.008203069104388573,-0.005527965508803745,-0.005543301253226848
2018-10-05,2885.57,2909.64,2869.29,2902.54,3340820000,-0.005527965508803745,-0.005543301253226848,-0.00039506925841348295,-0.0003951473188331464
2018-10-08,2884.43,2889.45,2862.08,2877.53,3381820000,-0.00039506925841348295,-0.0003951473188331464,-0.0014179577940874877,-0.0014189640475695234
2018-10-09,2880.34,2894.83,2874.27,2882.51,3531690000,-0.0014179577940874877,-0.0014189640475695234,-0.032864175757028824,-0.033416333989061714
2018-10-10,2785.68,2874.02,2784.86,2873.9,4554260000,-0.032864175757028824,-0.033416333989061714,-0.020573073719881707,-0.020787647463574973
2018-10-11,2728.37,2795.14,2710.51,2776.87,4914090000,-0.020573073719881707,-0.020787647463574973,0.014206284338267983,0.014106320709680948
2018-10-12,2767.13,2775.77,2729.44,2770.54,4024010000,0.014206284338267983,0.014106320709680948,-0.005905035180855278,-0.005922538841602318
2018-10-15,2750.79,2775.99,2749.03,2763.83,3327160000,-0.005905035180855278,-0.005922538841602318,0.021495643069809,0.021267870038650147
2018-10-16,2809.92,2813.46,2766.91,2767.05,3460260000,0.021495643069809,0.021267870038650147,-0.0002526762327753618,-0.00025270816079308065
2018-10-17,2809.21,2816.94,2781.81,2811.67,3347090000,-0.0002526762327753618,-0.00025270816079308065,-0.014391946490294405,-0.014496515061645461
2018-10-18,2768.78,2806.04,2755.18,2802.0,3639300000,-0.014391946490294405,-0.014496515061645461,-0.00036116990154511086,-0.00036123513910236955
2018-10-19,2767.78,2797.77,2760.27,2775.66,3593940000,-0.00036116990154511086,-0.00036123513910236955,-0.0042994746692295305,-0.004308743988789517
2018-10-22,2755.88,2778.94,2749.22,2773.94,3331270000,-0.0042994746692295305,-0.004308743988789517,-0.00551185102399232,-0.005527097324213361
2018-10-23,2740.69,2753.59,2691.43,2721.03,4373710000,-0.00551185102399232,-0.005527097324213361,-0.030864490329077787,-0.03135083200711912
2018-10-24,2656.1,2742.59,2651.89,2737.87,4738670000,-0.030864490329077787,-0.03135083200711912,0.018625051767629408,0.01845372947933219
2018-10-25,2705.57,2722.7,2667.84,2674.88,4663930000,0.018625051767629408,0.01845372947933219,-0.01732721755489608,-0.017479090705260276
2018-10-26,2658.69,2692.38,2628.16,2667.86,4804330000,-0.01732721755489608,-0.017479090705260276,-0.006559621467715271,-0.00658123033377329
2018-10-29,2641.25,2706.85,2603.54,2682.65,4701260000,-0.006559621467715271,-0.00658123033377329,0.015666824420255576,0.015545366655688744
2018-10-30,2682.63,2685.43,2635.34,2640.68,5125600000,0.015666824420255576,0.015545366655688744,0.010851291456518197,0.010792838671999127
2018-10-31,2711.74,2736.69,2705.6,2705.6,5133380000,0.010851291456518197,0.010792838671999127,0.0105577968389301,0.010502452503904892
2018-11-01,2740.37,2741.67,2708.85,2717.58,4730250000,0.0105577968389301,0.010502452503904892,-0.006316665267828814,-0.006336699810107039
2018-11-02,2723.06,2756.55,2700.44,2745.45,4261230000,-0.006316665267828814,-0.006336699810107039,0.005600317290107348,0.005584693817028391
2018-11-05,2738.31,2744.27,2717.94,2726.37,3650910000,0.005600317290107348,0.005584693817028391,0.006259335137365651,0.006239826862749526
2018-11-06,2755.45,2756.82,2737.08,2738.4,3543800000,0.006259335137365651,0.006239826862749526,0.02120887695294771,0.02098709901578878
2018-11-07,2813.89,2815.15,2774.13,2774.13,3929080000,0.02120887695294771,0.02098709901578878,-0.0025089822274502183,-0.002512134997959903
2018-11-08,2806.83,2814.75,2794.99,2806.38,3673550000,-0.0025089822274502183,-0.002512134997959903,-0.009198989607493102,-0.00924156159302086
2018-11-09,2781.01,2794.1,2764.24,2794.1,4029030000,-0.009198989607493102,-0.00924156159302086,-0.019701475363267495,-0.0198981367275931
2018-11-12,2726.22,2775.99,2722.0,2773.93,3701570000,-0.019701475363267495,-0.0198981367275931,-0.001481905348797996,-0.0014830044565126614
2018-11-13,2722.18,2754.6,2714.98,2730.05,4112820000,-0.001481905348797996,-0.0014830044565126614,-0.007567464311691308,-0.007596242848709706
2018-11-14,2701.58,2746.8,2685.75,2737.9,4449060000,-0.007567464311691308,-0.007596242848709706,0.010593800664796094,0.010538079545354202
2018-11-15,2730.2,2735.38,2670.75,2693.52,4204960000,0.010593800664796094,0.010538079545354202,0.0022232803457622463,0.002220812515123669
2018-11-16,2736.27,2746.75,2712.16,2718.54,3996970000,0.0022232803457622463,0.002220812515123669,-0.016643094431470606,-0.016783146839093228
2018-11-19,2690.73,2733.16,2681.09,2730.74,3806940000,-0.016643094431470606,-0.016783146839093228,-0.018151208036480848,-0.018317962154308476
2018-11-20,2641.89,2669.44,2631.52,2654.6,4370820000,-0.018151208036480848,-0.018317962154308476,0.00304327583661701,0.003038654446444182
2018-11-21,2649.93,2670.73,2649.82,2657.74,3237400000,0.00304327583661701,0.003038654446444182,-0.006554890129173208,-0.006576467765855121
2018-11-23,2632.56,2647.55,2631.09,2633.36,1651680000,-0.006554890129173208,-0.006576467765855121,0.015532409517731827,0.015413016366781477
2018-11-26,2673.45,2674.35,2649.97,2649.97,3523520000,0.015532409517731827,0.015413016366781477,0.003261703042884756,0.003256395228060269
2018-11-27,2682.17,2682.53,2655.89,2663.75,3494380000,0.003261703042884756,0.003256395228060269,0.02297393528374414,0.02271400793888423
2018-11-28,2743.79,2744.0,2684.38,2691.45,3984540000,0.02297393528374414,0.02271400793888423,-0.0021831116812874862,-0.002185498143502281
2018-11-29,2737.8,2753.75,2722.94,2736.97,3599200000,-0.0021831116812874862,-0.002185498143502281,0.008170794068229847,0.00813759385583723
2018-11-30,2760.17,2760.88,2732.76,2737.76,4668310000,0.008170794068229847,0.00813759385583723,0.010941355061463431,0.010881931492828126
2018-12-03,2790.37,2800.18,2773.38,2790.5,4221580000,0.010941355061463431,0.010881931492828126,-0.03236488351007216,-0.03290020854234479
2018-12-04,2700.06,2785.93,2697.18,2782.43,4515710000,-0.03236488351007216,-0.03290020854234479,-0.0015221883958135285,-0.0015233481015795478
2018-12-06,2695.95,2696.15,2621.53,2663.51,5180430000,-0.0015221883958135285,-0.0015233481015795478,-0.02332016543333515,-0.023596383238556007
2018-12-07,2633.08,2708.54,2623.14,2691.26,4242240000,-0.02332016543333515,-0.023596383238556007,0.001762194844060927,0.0017606440003852311
2018-12-10,2637.72,2647.51,2583.23,2630.86,4162880000,0.001762194844060927,0.0017606440003852311,-0.00035636837875119287,-0.0003564318930519869
2018-12-11,2636.78,2674.35,2621.3,2664.44,3963440000,-0.00035636837875119287,-0.0003564318930519869,0.005419488922094429,0.005404856335625491
2018-12-12,2651.07,2685.44,2650.26,2658.23,4029300000,0.005419488922094429,0.005404856335625491,-0.00019991927787654795,-0.0001999392643992198
2018-12-13,2650.54,2670.19,2637.27,2658.7,3978340000,-0.00019991927787654795,-0.0001999392643992198,-0.019086676677205427,-0.019271178750727643
2018-12-14,2599.95,2635.07,2593.84,2629.68,4064370000,-0.019086676677205427,-0.019271178750727643,-0.020773476413007863,-0.020992280594401735
2018-12-17,2545.94,2601.13,2530.54,2590.75,4661420000,-0.020773476413007863,-0.020992280594401735,8.641209140813899e-05,8.640835809843542e-05
2018-12-18,2546.16,2573.99,2528.71,2559.9,4519190000,8.641209140813899e-05,8.640835809843542e-05,-0.015395733182517968,-0.015515478113209684
2018-12-19,2506.96,2585.29,2488.96,2547.05,5152830000,-0.015395733182517968,-0.015515478113209684,-0.015772090500047797,-0.01589779340309688
2018-12-20,2467.42,2509.63,2441.18,2496.77,5619780000,-0.015772090500047797,-0.01589779340309688,-0.020588306814405377,-0.020803200653483116
2018-12-21,2416.62,2504.41,2408.55,2465.38,7657890000,-0.020588306814405377,-0.020803200653483116,-0.02711224768478282,-0.02748656592240741
2018-12-24,2351.1,2410.34,2351.1,2400.56,2613670000,-0.02711224768478282,-0.02748656592240741,0.049593807154098,0.04840323899410944
2018-12-26,2467.7,2467.76,2346.58,2363.12,4249740000,0.049593807154098,0.04840323899410944,0.008562629168861635,0.008526177791668824
2018-12-27,2488.83,2489.1,2397.94,2442.5,4139010000,0.008562629168861635,0.008526177791668824,-0.0012415472330372657,-0.001242318591321125
2018-12-28,2485.74,2520.27,2472.89,2498.77,3728440000,-0.0012415472330372657,-0.001242318591321125,0.008492440882795549,0.008456582977787399
2018-12-31,2506.85,2509.24,2482.82,2498.94,3461920000,0.008492440882795549,0.008456582977787399,0.0012685242435728217,0.0012677203464647186
2019-01-02,2510.03,2519.49,2467.47,2476.96,3733160000,0.0012685242435728217,0.0012677203464647186,-0.02475667621502542,-0.025068276263535243
2019-01-03,2447.89,2493.14,2443.96,2491.92,3858830000,-0.02475667621502542,-0.025068276263535243,0.0343356931888279,0.03375937831872888
2019-01-04,2531.94,2538.07,2474.33,2474.33,4234140000,0.0343356931888279,0.03375937831872888,0.00701043468644591,0.006985975834124729
2019-01-07,2549.69,2566.16,2524.56,2535.61,4133120000,0.00701043468644591,0.006985975834124729,0.009695296290921585,0.009648598495866724
2019-01-08,2574.41,2579.82,2547.56,2568.11,4120060000,0.009695296290921585,0.009648598495866724,0.0040980263439003295,0.004089652304170427
2019-01-09,2584.96,2595.32,2568.89,2580.0,4088740000,0.0040980263439003295,0.004089652304170427,0.004518445159692908,0.004508267632578381
2019-01-10,2596.64,2597.82,2562.02,2573.51,3721300000,0.004518445159692908,0.004508267632578381,-0.00014634296629478794,-0.0001463536754715011
2019-01-11,2596.26,2596.27,2577.4,2588.11,3447460000,-0.00014634296629478794,-0.0001463536754715011,-0.005257562801876614,-0.005271432420136155
2019-01-14,2582.61,2589.32,2570.41,2580.31,3689370000,-0.005257562801876614,-0.005271432420136155,0.010721711756711327,0.0106646417681244
2019-01-15,2610.3,2613.08,2585.1,2585.1,3601180000,0.010721711756711327,0.0106646417681244,0.002221966823736654,0.002219501906088628
2019-01-16,2616.1,2625.76,2612.68,2614.75,3882180000,0.002221966823736654,0.002219501906088628,0.007591452926111408,0.007562782854258203
2019-01-17,2635.96,2645.06,2606.36,2609.28,3802410000,0.007591452926111408,0.007562782854258203,0.013183052853609212,0.013096912647036883
2019-01-18,2670.71,2675.47,2647.58,2651.27,4009010000,0.013183052853609212,0.013096912647036883,-0.014157284018107563,-0.014258454363476867
2019-01-22,2632.9,2657.88,2617.27,2657.88,3923950000,-0.014157284018107563,-0.014258454363476867,0.0022028941471379238,0.002200471333308696
2019-01-23,2638.7,2653.19,2612.86,2643.48,3358770000,0.0022028941471379238,0.002200471333308696,0.001375677416909804,0.0013747320396555432
2019-01-24,2642.33,2647.2,2627.01,2638.84,3449230000,0.001375677416909804,0.0013747320396555432,0.0084887201825663,0.00845289360249617
2019-01-25,2664.76,2672.38,2657.33,2657.44,3821000000,0.0084887201825663,0.00845289360249617,-0.0078468605052614,-0.007877809121115848
2019-01-28,2643.85,2644.97,2624.06,2644.97,3630820000,-0.0078468605052614,-0.007877809121115848,-0.001456209694195909,-0.0014572709979783426
2019-01-29,2640.0,2650.93,2631.05,2644.89,3518070000,-0.001456209694195909,-0.0014572709979783426,0.015549242424242493,0.015429591679246102
2019-01-30,2681.05,2690.44,2648.34,2653.62,3883270000,0.015549242424242493,0.015429591679246102,0.008597377892989533,0.008560630907940894
2019-01-31,2704.1,2708.95,2678.65,2685.49,4953800000,0.008597377892989533,0.008560630907940894,0.000898635405495396,0.0008982318744328292
2019-02-01,2706.53,2716.66,2696.88,2702.32,3782490000,0.000898635405495396,0.0008982318744328292,0.006776204217207926,0.006753348935356753
2019-02-04,2724.87,2724.99,2698.75,2706.49,3369450000,0.006776204217207926,0.006753348935356753,0.004708481505539597,0.004697431279443067
2019-02-05,2737.7,2738.98,2724.03,2728.34,3597620000,0.004708481505539597,0.004697431279443067,-0.002224495014062744,-0.0022269728784431774
2019-02-06,2731.61,2738.08,2724.15,2735.05,3486590000,-0.002224495014062744,-0.0022269728784431774,-0.009357119061652264,-0.009401171920809304
2019-02-07,2706.05,2719.32,2687.26,2717.53,4114040000,-0.009357119061652264,-0.009401171920809304,0.0006762624489569102,0.0006760338865466208
2019-02-08,2707.88,2708.07,2681.83,2692.36,3649510000,0.0006762624489569102,0.0006760338865466208,0.0007090417596054,0.000708790508255086
2019-02-11,2709.8,2718.05,2703.79,2712.4,3395330000,0.0007090417596054,0.000708790508255086,0.012890250202966858,0.012807878037835878
2019-02-12,2744.73,2748.19,2722.61,2722.61,3843020000,0.012890250202966858,0.012807878037835878,0.003023976857468691,0.0030194138361176875
2019-02-13,2753.03,2761.85,2748.63,2750.3,3684910000,0.003023976857468691,0.0030194138361176875,-0.0026516238471793185,-0.002655145628696972
2019-02-14,2745.73,2757.9,2731.23,2743.5,3845390000,-0.0026516238471793185,-0.002655145628696972,0.010878709851296353,0.010819962367806283
2019-02-15,2775.6,2775.66,2760.24,2760.24,3648680000,0.010878709851296353,0.010819962367806283,0.0014987750396311394,0.001497652997307533
2019-02-19,2779.76,2787.33,2767.29,2769.28,3535270000,0.0014987750396311394,0.001497652997307533,0.0017771318387196366,0.001775554608288014
2019-02-20,2784.7,2789.88,2774.06,2779.05,3904830000,0.0017771318387196366,0.001775554608288014,-0.003526412180845262,-0.0035326446287138233
2019-02-21,2774.88,2781.58,2764.55,2780.24,3598260000,-0.003526412180845262,-0.0035326446287138233,0.006411088047050706,0.006390624438174243
2019-02-22,2792.67,2794.2,2779.11,2780.67,3429350000,0.006411088047050706,0.006390624438174243,0.0012317960947767492,0.0012310380564024776
2019-02-25,2796.11,2813.49,2794.99,2804.35,3860260000,0.0012317960947767492,0.0012310380564024776,-0.0007903837831845228,-0.0007906963011304784
2019-02-26,2793.9,2803.12,2789.47,2792.36,3676200000,-0.0007903837831845228,-0.0007906963011304784,-0.0005440423780378456,-0.0005441904227899106
2019-02-27,2792.38,2795.76,2775.13,2787.5,3771790000,-0.0005440423780378456,-0.0005441904227899106,-0.0028255466662847617,-0.0028295460586895897
2019-02-28,2784.49,2793.73,2782.51,2788.11,4445780000,-0.0028255466662847617,-0.0028295460586895897,0.0068953381050032014,0.006871673980360752
2019-03-01,2803.69,2808.02,2787.38,2798.22,3994950000,0.0068953381050032014,0.006871673980360752,-0.0038806002090102654,-0.0038881492742662512
2019-03-04,2792.81,2816.88,2767.66,2814.37,3949730000,-0.0038806002090102654,-0.0038881492742662512,-0.0011314768996100177,-0.0011321175028613038
2019-03-05,2789.65,2796.44,2782.97,2794.41,3631380000,-0.0011314768996100177,-0.0011321175028613038,-0.0065241159285216455,-0.006545490992497904
2019-03-06,2771.45,2790.27,2768.69,2790.27,3800180000,-0.0065241159285216455,-0.006545490992497904,-0.008125710368218741,-0.008158903888960062
2019-03-07,2748.93,2767.25,2739.09,2766.53,3932150000,-0.008125710368218741,-0.008158903888960062,-0.0021317385309919112,-0.0021340139198386563
2019-03-08,2743.07,2744.13,2722.27,2730.79,3424300000,-0.0021317385309919112,-0.0021340139198386563,0.014666049353461608,0.01455954294099511
2019-03-11,2783.3,2784.0,2747.61,2747.61,3764850000,0.014666049353461608,0.01455954294099511,0.0029533287823806376,0.0029489762744178273
2019-03-12,2791.52,2798.32,2786.73,2787.34,3432340000,0.0029533287823806376,0.0029489762744178273,0.006949618845646821,0.00692558154704747
2019-03-13,2810.92,2821.24,2799.78,2799.78,3782250000,0.006949618845646821,0.00692558154704747,-0.0008680432029370966,-0.0008684201706034471
2019-03-14,2808.48,2815.0,2803.46,2810.38,3505670000,-0.0008680432029370966,-0.0008684201706034471,0.004984902865607044,0.004972519373935739
2019-03-15,2822.48,2830.73,2810.79,2810.79,5969780000,0.004984902865607044,0.004972519373935739,0.0037059607153993035,0.003699110562037016
2019-03-18,2832.94,2835.41,2821.99,2822.61,3620770000,0.0037059607153993035,0.003699110562037016,-0.0001306063665308388,-0.00013061489628502955
2019-03-19,2832.57,2852.42,2823.27,2840.76,3650740000,-0.0001306063665308388,-0.00013061489628502955,-0.0029443226469249018,-0.002948665691828101
2019-03-20,2824.23,2843.54,2812.43,2831.34,3779160000,-0.0029443226469249018,-0.002948665691828101,0.010852515552911779,0.010794049627223466
2019-03-21,2854.88,2860.31,2817.38,2819.72,3612620000,0.010852515552911779,0.010794049627223466,-0.018974527826038257,-0.01915685423505291
2019-03-22,2800.71,2846.16,2800.47,2844.52,4253730000,-0.018974527826038257,-0.01915685423505291,-0.0008390729493592541,-0.0008394251681050246
2019-03-25,2798.36,2809.79,2785.02,2796.01,3406110000,-0.0008390729493592541,-0.0008394251681050246,0.007182778484540853,0.007157105194891676
2019-03-26,2818.46,2829.87,2803.99,2812.66,3288570000,0.007182778484540853,0.007157105194891676,-0.004644380264399728,-0.0046551989086819415
2019-03-27,2805.37,2825.56,2787.72,2819.72,3422400000,-0.004644380264399728,-0.0046551989086819415,0.0035895443381801506,0.003583117299404196
2019-03-28,2815.44,2819.71,2798.77,2809.4,3185460000,0.0035895443381801506,0.003583117299404196,0.006734293751598397,0.00671171968568772
2019-03-29,2834.4,2836.03,2819.23,2828.27,3752520000,0.006734293751598397,0.00671171968568772,0.01156858594411525,0.01150218150005278
2019-04-01,2867.19,2869.4,2848.63,2848.63,3560090000,0.01156858594411525,0.01150218150005278,1.7438676892522764e-05,1.7438524840564605e-05
2019-04-02,2867.24,2872.9,2858.75,2868.24,3267210000,1.7438676892522764e-05,1.7438524840564605e-05,0.0021484075277968806,0.0021461030004631186
2019-04-03,2873.4,2885.25,2865.17,2876.09,3570000000,0.0021484075277968806,0.0021461030004631186,0.0020846384074615365,0.0020824685638528733
2019-04-04,2879.39,2881.28,2867.14,2873.99,3038740000,0.0020846384074615365,0.0020824685638528733,0.004636398681665099,0.004625683691842571
2019-04-05,2892.74,2893.24,2882.99,2884.16,3155970000,0.004636398681665099,0.004625683691842571,0.0010474498226595852,0.0010469016298636597
2019-04-08,2895.77,2895.95,2880.78,2888.46,3056460000,0.0010474498226595852,0.0010469016298636597,-0.0060674708281390766,-0.00608595272610467
2019-04-09,2878.2,2886.88,2873.33,2886.58,3032480000,-0.0060674708281390766,-0.00608595272610467,0.0034778681120144483,0.003471834314499749
2019-04-10,2888.21,2889.71,2879.13,2881.37,3092230000,0.0034778681120144483,0.003471834314499749,3.808587325715429e-05,3.808514800869783e-05
2019-04-11,2888.32,2893.42,2881.99,2891.92,2970650000,3.808587325715429e-05,3.808514800869783e-05,0.006609378462220095,0.006587632286936534
2019-04-12,2907.41,2910.54,2898.37,2900.86,3726050000,0.006609378462220095,0.006587632286936534,-0.0006294261903205811,-0.000629624362145833
2019-04-15,2905.58,2909.6,2896.48,2908.32,3114530000,-0.0006294261903205811,-0.000629624362145833,0.000509364739569973,0.0005092350573861668
2019-04-16,2907.06,2916.06,2900.71,2912.26,3403120000,0.000509364739569973,0.0005092350573861668,-0.002273774879087531,-0.0022763638303940604
2019-04-17,2900.45,2918.0,2895.45,2916.04,3648100000,-0.002273774879087531,-0.0022763638303940604,0.0015790653174507785,0.0015778199046987368
2019-04-18,2905.03,2908.4,2891.9,2904.81,3507100000,0.0015790653174507785,0.0015778199046987368,0.001012037741434657,0.0010115259764941317
2019-04-22,2907.97,2909.51,2896.35,2898.78,3010130000,0.001012037741434657,0.0010115259764941317,0.008841219132246891,0.008802364401891406
2019-04-23,2933.68,2936.31,2908.53,2909.99,3674480000,0.008841219132246891,0.008802364401891406,-0.0021917864252406494,-0.0021941919046150143
2019-04-24,2927.25,2936.83,2926.05,2934.0,3468480000,-0.0021917864252406494,-0.0021941919046150143,-0.00036894696387390624,-0.0003690150415501984
2019-04-25,2926.17,2933.1,2912.84,2928.99,3440010000,-0.00036894696387390624,-0.0003690150415501984,0.004685305365033532,0.004674363485904015
2019-04-26,2939.88,2939.88,2917.56,2925.81,3264390000,0.004685305365033532,0.004674363485904015,0.0010714723049920494,0.0010708986882482718
2019-04-29,2943.03,2949.52,2939.35,2940.58,3150390000,0.0010714723049920494,0.0010708986882482718,0.0009514004274504551,0.000950948132916521
2019-04-30,2945.83,2948.22,2924.11,2937.14,3939760000,0.0009514004274504551,0.000950948132916521,-0.007502130129708795,-0.007530412649501567
2019-05-01,2923.73,2954.13,2923.36,2952.33,3669330000,-0.007502130129708795,-0.007530412649501567,-0.0021239991380873624,-0.002126258023403761
2019-05-02,2917.52,2931.68,2900.5,2922.16,3802290000,-0.0021239991380873624,-0.002126258023403761,0.00963832295922562,0.009592170641481537
2019-05-03,2945.64,2947.85,2929.21,2929.21,3357180000,0.00963832295922562,0.009592170641481537,-0.004471014787957861,-0.0044810396666553265
2019-05-06,2932.47,2937.32,2898.21,2908.89,3203260000,-0.004471014787957861,-0.0044810396666553265,-0.016511677868827124,-0.01664951500981834
2019-05-07,2884.05,2913.03,2862.6,2913.03,3793060000,-0.016511677868827124,-0.01664951500981834,-0.0016053813214057522,-0.0016066713268179022
2019-05-08,2879.42,2897.96,2873.28,2879.61,3543110000,-0.0016053813214057522,-0.0016066713268179022,-0.0030214418181440106,-0.0030260155887187833
2019-05-09,2870.72,2875.97,2836.4,2859.84,3659050000,-0.0030214418181440106,-0.0030260155887187833,0.0037203210344445292,0.0037134177564540913
2019-05-10,2881.4,2891.31,2825.39,2863.1,3566780000,0.0037203210344445292,0.0037134177564540913,-0.024130630943291487,-0.024426544706444165
2019-05-13,2811.87,2840.19,2801.43,2840.19,3900270000,-0.024130630943291487,-0.024426544706444165,0.008016017810211773,0.007984060207655182
2019-05-14,2834.41,2852.54,2820.12,2820.12,3354860000,0.008016017810211773,0.007984060207655182,0.00583895766667486,0.005821977020810247
2019-05-15,2850.96,2858.68,2815.08,2820.38,3140900000,0.00583895766667486,0.005821977020810247,0.008895249319527565,0.008855919648712162
2019-05-16,2876.32,2892.15,2855.8,2855.8,3338470000,0.008895249319527565,0.008855919648712162,-0.005837319908772343,-0.0058544236531281706
2019-05-17,2859.53,2885.48,2854.23,2858.6,3316040000,-0.005837319908772343,-0.0058544236531281706,-0.006749360908960611,-0.006772240853415355
2019-05-20,2840.23,2853.86,2831.29,2841.94,3293750000,-0.006749360908960611,-0.006772240853415355,0.008495790833841,0.008459904713623807
2019-05-21,2864.36,2868.88,2854.02,2854.02,3223050000,0.008495790833841,0.008459904713623807,-0.002824365652362215,-0.0028283616990028514
2019-05-22,2856.27,2865.47,2851.11,2856.06,3194000000,-0.002824365652362215,-0.0028283616990028514,-0.011914139769699683,-0.011985681943016436
2019-05-23,2822.24,2836.7,2805.49,2836.7,3899320000,-0.011914139769699683,-0.011985681943016436,0.001353534780883292,0.0013526195784275823
2019-05-24,2826.06,2841.36,2820.19,2832.41,2889230000,0.001353534780883292,0.0013526195784275823,-0.008375618352052028,-0.008410890934652838
2019-05-28,2802.39,2840.51,2801.58,2830.03,4146980000,-0.008375618352052028,-0.008410890934652838,-0.0069119572935958384,-0.006935955517473813
2019-05-29,2783.02,2792.03,2766.06,2790.25,3701110000,-0.0069119572935958384,-0.006935955517473813,0.0020984398243635294,0.0020962411748005594
2019-05-30,2788.86,2799.0,2776.74,2786.94,3276030000,0.0020984398243635294,0.0020962411748005594,-0.013195355808466647,-0.013283188023120184
2019-05-31,2752.06,2768.98,2750.52,2766.15,3982670000,-0.013195355808466647,-0.013283188023120184,-0.0027652013400870645,-0.00276903157185015
2019-06-03,2744.45,2763.07,2728.81,2751.53,3952360000,-0.0027652013400870645,-0.00276903157185015,0.021432345278653342,0.02120590232217955
2019-06-04,2803.27,2804.49,2762.64,2762.64,3814130000,0.021432345278653342,0.02120590232217955,0.008161896642135735,0.00812876850064147
2019-06-05,2826.15,2827.28,2800.92,2818.09,3570760000,0.008161896642135735,0.00812876850064147,0.006135555437609463,0.006116809555866062
2019-06-06,2843.49,2852.1,2822.45,2828.51,3445140000,0.006135555437609463,0.006116809555866062,0.010497663083042452,0.01044294522456708
2019-06-07,2873.34,2884.97,2852.87,2852.87,3244380000,0.010497663083042452,0.01044294522456708,0.0046600819951694294,0.004649257428952238
2019-06-10,2886.73,2904.77,2885.51,2885.83,3209890000,0.0046600819951694294,0.004649257428952238,-0.00034987685027698667,-0.00034993807146250003
2019-06-11,2885.72,2910.61,2878.53,2903.27,3551000000,-0.00034987685027698667,-0.00034993807146250003,-0.002037619727485618,-0.0020396984988729416
2019-06-12,2879.84,2888.57,2874.68,2882.73,3039870000,-0.002037619727485618,-0.0020396984988729416,0.004097449858325275,0.004089078171241749
2019-06-13,2891.64,2895.24,2881.99,2886.24,3100640000,0.004097449858325275,0.004089078171241749,-0.0016115422390061696,-0.001612842169983723
2019-06-14,2886.98,2894.45,2879.62,2886.82,2992810000,-0.0016115422390061696,-0.001612842169983723,0.0009317695307899942,0.000931335703024821
2019-06-17,2889.67,2897.27,2887.3,2889.75,2828400000,0.0009317695307899942,0.000931335703024821,0.009717372571954597,0.009670462557011119
2019-06-18,2917.75,2930.79,2905.44,2906.71,3441540000,0.009717372571954597,0.009670462557011119,0.002985176934281464,0.002980730141062033
2019-06-19,2926.46,2931.74,2911.43,2920.55,3300220000,0.002985176934281464,0.002980730141062033,0.009472195075278522,0.009427615127716307
2019-06-20,2954.18,2958.06,2931.5,2949.6,3943060000,0.009472195075278522,0.009427615127716307,-0.0012592326804730103,-0.00126002618014856
2019-06-21,2950.46,2964.15,2946.87,2952.71,5003540000,-0.0012592326804730103,-0.00126002618014856,-0.001731933325650914,-0.0017334348561240606
2019-06-24,2945.35,2954.92,2944.05,2951.42,3136960000,-0.001731933325650914,-0.0017334348561240606,-0.009496324715228988,-0.009541702315563342
2019-06-25,2917.38,2946.52,2916.01,2945.78,3579430000,-0.009496324715228988,-0.009541702315563342,-0.0012339839170762978,-0.0012347459021461497
2019-06-26,2913.78,2932.59,2912.99,2926.07,3511350000,-0.0012339839170762978,-0.0012347459021461497,0.003823212459416858,0.003815922557317216
2019-06-27,2924.92,2929.3,2918.57,2919.66,3162500000,0.003823212459416858,0.003815922557317216,0.005757422425228809,0.005740911810813222
2019-06-28,2941.76,2943.98,2929.05,2932.94,5422650000,0.005757422425228809,0.005740911810813222,0.007672277820080398,0.00764299557558019
2019-07-01,2964.33,2977.93,2952.22,2971.41,3524860000,0.007672277820080398,0.00764299557558019,0.0029281490252435205,0.0029238703472561083
2019-07-02,2973.01,2973.21,2955.92,2964.66,3224490000,0.0029281490252435205,0.0029238703472561083,0.007672358989710748,0.007643076127192919
2019-07-03,2995.82,2995.84,2977.96,2978.08,1963570000,0.007672358989710748,0.007643076127192919,-0.0018058494836139527,-0.0018074819954691978
2019-07-05,2990.41,2994.03,2967.97,2984.25,2434680000,-0.0018058494836139527,-0.0018074819954691978,-0.004835457345313876,-0.004847185993376031
2019-07-08,2975.95,2980.76,2970.09,2979.77,2922360000,-0.004835457345313876,-0.004847185993376031,0.0012365799156572876,0.0012358159804265049
2019-07-09,2979.63,2981.9,2963.44,2965.52,3033330000,0.0012365799156572876,0.0012358159804265049,0.004510627158405667,0.004500484767317741
2019-07-10,2993.07,3002.98,2984.62,2989.3,3157800000,0.004510627158405667,0.004500484767317741,0.002285278994477169,0.0022826717159195975
2019-07-11,2999.91,3002.33,2988.8,2999.62,3155710000,0.002285278994477169,0.0022826717159195975,0.004620138604158219,0.0046094985236418
2019-07-12,3013.77,3013.92,3001.87,3003.36,2984140000,0.004620138604158219,0.0046094985236418,0.00017585947169163063,0.00017584401022740885
2019-07-15,3014.3,3017.8,3008.77,3017.8,2876100000,0.00017585947169163063,0.00017584401022740885,-0.0034037753375577573,-0.003409581359505424
2019-07-16,3004.04,3015.02,3001.15,3012.13,3297030000,-0.0034037753375577573,-0.003409581359505424,-0.006531204644412147,-0.006552626285154946
2019-07-17,2984.42,3005.26,2984.25,3005.1,3185650000,-0.006531204644412147,-0.006552626285154946,0.0035819355184592006,0.003575535665450798
2019-07-18,2995.11,2998.28,2973.09,2978.87,3369820000,0.0035819355184592006,0.003575535665450798,-0.0061767347442999165,-0.006195889687754784
2019-07-19,2976.61,3006.02,2975.86,3004.26,3285890000,-0.0061767347442999165,-0.006195889687754784,0.0028287212634507952,0.0028247279603128136
2019-07-22,2985.03,2990.71,2976.65,2981.93,3016200000,0.0028287212634507952,0.0028247279603128136,0.006847502370160408,0.006824164701727632
2019-07-23,3005.47,3005.9,2988.56,2994.74,3333810000,0.006847502370160408,0.006824164701727632,0.00468811866363672,0.00467716366089344
2019-07-24,3019.56,3019.59,2996.82,2998.77,3433220000,0.00468811866363672,0.00467716366089344,-0.00526235610486292,-0.005276251069020221
2019-07-25,3003.67,3016.31,2997.24,3016.26,3657050000,-0.00526235610486292,-0.005276251069020221,0.007387629133693174,0.007360474259664691
2019-07-26,3025.86,3027.98,3012.59,3013.25,3260170000,0.007387629133693174,0.007360474259664691,-0.00161606948107329,-0.001617376729950298
2019-07-29,3020.97,3025.61,3014.3,3024.47,3224490000,-0.00161606948107329,-0.001617376729950298,-0.002578641959370631,-0.002581972383093503
2019-07-30,3013.18,3017.19,3000.94,3007.66,3632770000,-0.002578641959370631,-0.002581972383093503,-0.010885509660889747,-0.010945190319276599
2019-07-31,2980.38,3017.4,2958.08,3016.22,4626330000,-0.010885509660889747,-0.010945190319276599,-0.008998852495319398,-0.009039586726804723
2019-08-01,2953.56,3013.59,2945.23,2980.32,4793810000,-0.008998852495319398,-0.009039586726804723,-0.0072827367651240316,-0.007309385354454939
2019-08-02,2932.05,2945.5,2914.11,2943.9,3882810000,-0.0072827367651240316,-0.007309385354454939,-0.02977780051499812,-0.03023016208358668
2019-08-05,2844.74,2898.07,2822.12,2898.07,4542850000,-0.02977780051499812,-0.03023016208358668,0.013017006826634425,0.012933013700777157
2019-08-06,2881.77,2884.4,2847.42,2861.18,4156640000,0.013017006826634425,0.012933013700777157,0.0007668897934256513,0.0007665958837026665
2019-08-07,2883.98,2892.17,2825.71,2858.65,4512720000,0.0007668897934256513,0.0007665958837026665,0.01876226603513209,0.018588425780336086
2019-08-08,2938.09,2938.72,2894.47,2896.21,4118530000,0.01876226603513209,0.018588425780336086,-0.006616543400644659,-0.006638529760062074
2019-08-09,2918.65,2935.75,2900.15,2930.51,3356850000,-0.006616543400644659,-0.006638529760062074,-0.0123173384955374,-0.012393825636975902
2019-08-12,2882.7,2907.58,2873.14,2907.07,3328570000,-0.0123173384955374,-0.012393825636975902,0.015131647413882954,0.015018305968787296
2019-08-13,2926.32,2943.31,2877.05,2880.72,3857190000,0.015131647413882954,0.015018305968787296,-0.02929276360753441,-0.029730363473091367
2019-08-14,2840.6,2894.15,2839.64,2894.15,4325150000,-0.02929276360753441,-0.029730363473091367,0.002464268112370549,0.002461236782690441
2019-08-15,2847.6,2856.67,2825.51,2846.2,4041720000,0.002464268112370549,0.002461236782690441,0.014426183452732166,0.014323116131046663
2019-08-16,2888.68,2893.63,2864.74,2864.74,3524080000,0.014426183452732166,0.014323116131046663,0.012105875347909967,0.012033185301994735
2019-08-19,2923.65,2931.0,2913.48,2913.48,3221050000,0.012105875347909967,0.012033185301994735,-0.007914764079147596,-0.0079462520811493
2019-08-20,2900.51,2923.63,2899.6,2919.01,3067710000,-0.007914764079147596,-0.0079462520811493,0.008246825558263726,0.008213006299499564
2019-08-21,2924.43,2928.73,2917.91,2922.04,3016540000,0.008246825558263726,0.008213006299499564,-0.0005060815269983809,-0.0005062096294763871
2019-08-22,2922.95,2939.08,2904.51,2930.94,2893660000,-0.0005060815269983809,-0.0005062096294763871,-0.025946389777450785,-0.026288935558066755
2019-08-23,2847.11,2927.01,2834.97,2911.07,3942520000,-0.025946389777450785,-0.026288935558066755,0.010983067039910699,0.01092319117394898
2019-08-26,2878.38,2879.27,2856.0,2866.7,2859790000,0.010983067039910699,0.01092319117394898,-0.0032031906836484936,-0.003208331880684989
2019-08-27,2869.16,2898.79,2860.59,2893.14,3537490000,-0.0032031906836484936,-0.003208331880684989,0.006545469754213773,0.00652414118680143
2019-08-28,2887.94,2890.03,2853.05,2861.28,3102480000,0.006545469754213773,0.00652414118680143,0.012687244194824032,0.01260743543874108
2019-08-29,2924.58,2930.5,2905.67,2910.37,3177150000,0.012687244194824032,0.01260743543874108,0.0006428273461489553,0.0006426208211523476
2019-08-30,2926.46,2940.43,2913.32,2937.09,3009910000,0.0006428273461489553,0.0006426208211523476,-0.006899120439028739,-0.006923029401107576
2019-09-03,2906.27,2914.39,2891.85,2909.01,3427830000,-0.006899120439028739,-0.006923029401107576,0.010842075925499017,0.010783722026351545
2019-09-04,2937.78,2938.84,2921.86,2924.67,3167900000,0.010842075925499017,0.010783722026351545,0.013009823744460025,0.012925922894213253
2019-09-05,2976.0,2985.86,2960.6,2960.6,3902600000,0.013009823744460025,0.012925922894213253,0.0009106182795699524,0.0009102039182753089
2019-09-06,2978.71,2985.03,2972.51,2980.33,3209340000,0.0009106182795699524,0.0009102039182753089,-9.400042300200528e-05,-9.400484131865216e-05
2019-09-09,2978.43,2989.43,2969.39,2988.43,4031120000,-9.400042300200528e-05,-9.400484131865216e-05,0.00032231746255573235,0.00032226552944139824
2019-09-10,2979.39,2979.39,2957.01,2971.01,4393040000,0.00032231746255573235,0.00032226552944139824,0.0072296678179091245,0.007203659050794233
2019-09-11,3000.93,3000.93,2975.31,2981.41,3934370000,0.0072296678179091245,0.007203659050794233,0.0028791074766822966,0.002874970784836015
2019-09-12,3009.57,3020.74,3000.92,3009.08,3796990000,0.0028791074766822966,0.002874970784836015,-0.0007243559711188619,-0.0007246184436619995
2019-09-13,3007.39,3017.33,3002.9,3012.21,3557010000,-0.0007243559711188619,-0.0007246184436619995,-0.0031356092824674775,-0.0031405356059661417
2019-09-16,2997.96,3002.19,2990.67,2996.41,4285860000,-0.0031356092824674775,-0.0031405356059661417,0.002581755593803692,0.002578428587944307
2019-09-17,3005.7,3006.21,2993.73,2995.67,3673250000,0.002581755593803692,0.002578428587944307,0.0003426822370828919,0.00034262353493549175
2019-09-18,3006.73,3007.83,2978.57,3001.5,3458800000,0.0003426822370828919,0.00034262353493549175,1.9955233758972568e-05,1.995503465594414e-05
2019-09-19,3006.79,3021.99,3003.16,3010.36,3265660000,1.9955233758972568e-05,1.995503465594414e-05,-0.004895586322955614,-0.004907608960300919
2019-09-20,2992.07,3016.37,2984.68,3008.42,6103440000,-0.004895586322955614,-0.004907608960300919,-9.69228661094057e-05,-9.692756343391435e-05
2019-09-23,2991.78,2999.15,2982.23,2983.5,3187250000,-9.69228661094057e-05,-9.692756343391435e-05,-0.00841639425358831,-0.008452012089671584
2019-09-24,2966.6,3007.98,2957.73,3002.43,3872800000,-0.00841639425358831,-0.008452012089671584,0.006158565361019441,0.006139678900037132
2019-09-25,2984.87,2989.82,2952.86,2968.35,3331200000,0.006158565361019441,0.006139678900037132,-0.0024289165022262083,-0.0024318711052058748
2019-09-26,2977.62,2987.28,2963.71,2985.73,3084910000,-0.0024289165022262083,-0.0024318711052058748,-0.005316326462073695,-0.005330508411847584
2019-09-27,2961.79,2987.31,2945.53,2985.47,3246480000,-0.005316326462073695,-0.005330508411847584,0.005047623227845355,0.005034926684707536
2019-09-30,2976.74,2983.85,2967.07,2967.07,3249130000,0.005047623227845355,0.005034926684707536,-0.012258376613342059,-0.012334130226057026
2019-10-01,2940.25,2992.53,2938.7,2983.69,3560750000,-0.012258376613342059,-0.012334130226057026,-0.01790323952044892,-0.01806544138860686
2019-10-02,2887.61,2924.78,2874.93,2924.78,3914180000,-0.01790323952044892,-0.01806544138860686,0.007971990677411389,0.007940382236732714
2019-10-03,2910.63,2911.13,2855.94,2885.38,3515130000,0.007971990677411389,0.007940382236732714,0.014216853396000317,0.0141167416692291
2019-10-04,2952.01,2953.74,2918.56,2918.56,3005600000,0.014216853396000317,0.0141167416692291,-0.004478304612789308,-0.004488362257589361
2019-10-07,2938.79,2959.75,2935.68,2944.23,2959050000,-0.004478304612789308,-0.004488362257589361,-0.015560826054260457,-0.015683166513284146
2019-10-08,2893.06,2925.47,2892.66,2920.4,3370700000,-0.015560826054260457,-0.015683166513284146,0.009104546742895181,0.009063350218850439
2019-10-09,2919.4,2929.32,2907.41,2911.1,2735350000,0.009104546742895181,0.009063350218850439,0.00641570185654583,0.006395208846051041
2019-10-10,2938.13,2948.46,2917.12,2918.55,3234400000,0.00641570185654583,0.006395208846051041,0.010938930544257763,0.010879533213144676
2019-10-11,2970.27,2993.28,2963.07,2963.07,3581320000,0.010938930544257763,0.010879533213144676,-0.001387079289088211,-0.0013880421740668583
2019-10-14,2966.15,2972.84,2962.94,2965.81,2559270000,-0.001387079289088211,-0.0013880421740668583,0.009955666436289423,0.009906435272235942
2019-10-15,2995.68,3003.28,2973.61,2973.61,3345090000,0.009955666436289423,0.009906435272235942,-0.0019995460129251796,-0.0020015477739079852
2019-10-16,2989.69,2997.54,2985.2,2989.68,3230320000,-0.0019995460129251796,-0.0020015477739079852,0.002762828253096483,0.002759018658342625
2019-10-17,2997.95,3008.29,2991.79,3000.77,3103470000,0.002762828253096483,0.002759018658342625,-0.003919344885671916,-0.003927045645713622
2019-10-18,2986.2,3000.0,2976.31,2996.84,3268970000,-0.003919344885671916,-0.003927045645713622,0.006871609403255041,0.0068481074978751595
2019-10-21,3006.72,3007.33,2995.35,2996.48,3271960000,0.006871609403255041,0.0068481074978751595,-0.0035686728395061262,-0.0035750557426104746
2019-10-22,2995.99,3014.57,2995.04,3010.73,3527540000,-0.0035686728395061262,-0.0035750557426104746,0.002847139009142241,0.0028430935856431803
2019-10-23,3004.52,3004.78,2991.21,2994.01,3413600000,0.002847139009142241,0.0028430935856431803,0.001920439870594981,0.0019185981834693214
2019-10-24,3010.29,3016.07,3000.42,3014.78,3696510000,0.001920439870594981,0.0019185981834693214,0.004072697314876805,0.0040644263323678705
2019-10-25,3022.55,3027.39,3001.94,3003.32,3379060000,0.004072697314876805,0.0040644263323678705,0.00558137996062924,0.005565861774647979
2019-10-28,3039.42,3044.08,3032.12,3032.12,3524970000,0.00558137996062924,0.005565861774647979,-0.0008323956544341593,-0.0008327422880678223
2019-10-29,3036.89,3047.87,3034.81,3035.39,3594430000,-0.0008323956544341593,-0.0008327422880678223,0.0032533282404039188,0.0032480476180495634
2019-10-30,3046.77,3050.1,3025.96,3039.74,3779660000,0.0032533282404039188,0.0032480476180495634,-0.0030228734036372717,-0.00302745151380397
2019-10-31,3037.56,3046.9,3023.19,3046.9,4149310000,-0.0030228734036372717,-0.00302745151380397,0.009662360578885698,0.009615978507102713
2019-11-01,3066.91,3066.95,3050.72,3050.72,3956290000,0.009662360578885698,0.009615978507102713,0.00370405391746087,0.003697210802720748
2019-11-04,3078.27,3085.2,3074.87,3078.96,4178040000,0.00370405391746087,0.003697210802720748,-0.001185730946278274,-0.001186434481407325
2019-11-05,3074.62,3083.95,3072.15,3080.8,4490590000,-0.001185730946278274,-0.001186434481407325,0.0007025258405917167,0.0007022791848279718
2019-11-06,3076.78,3078.34,3065.89,3075.1,4465510000,0.0007025258405917167,0.0007022791848279718,0.0027301269509030224,0.0027264069235454487
2019-11-07,3085.18,3097.77,3080.23,3087.02,4151990000,0.0027301269509030224,0.0027264069235454487,0.002560628553277322,0.002557355729783027
2019-11-08,3093.08,3093.09,3073.58,3081.25,3508160000,0.002560628553277322,0.002557355729783027,-0.001962445200253349,-0.001964373318799635
2019-11-11,3087.01,3088.33,3075.82,3080.33,3041120000,-0.001962445200253349,-0.001964373318799635,0.001564620781921544,0.00156339803808006
2019-11-12,3091.84,3102.61,3084.73,3089.28,3495560000,0.001564620781921544,0.00156339803808006,0.0007115504036430131,0.0007112973716774344
2019-11-13,3094.04,3098.06,3078.8,3084.18,3513720000,0.0007115504036430131,0.0007112973716774344,0.0008370932502488326,0.0008367430830954413
2019-11-14,3096.63,3098.2,3083.26,3090.75,3282090000,0.0008370932502488326,0.0008367430830954413,0.007695462486638771,0.007666003452600061
2019-11-15,3120.46,3120.46,3104.6,3107.92,3359800000,0.007695462486638771,0.007666003452600061,0.0005031309486422941,0.0005030044207048551
2019-11-18,3122.03,3124.17,3112.06,3117.91,3440140000,0.0005031309486422941,0.0005030044207048551,-0.000592563172038818,-0.0005927388069818729
2019-11-19,3120.18,3127.64,3113.47,3127.45,3613670000,-0.000592563172038818,-0.0005927388069818729,-0.0037561935529359936,-0.003763265763221234
2019-11-20,3108.46,3118.97,3091.41,3114.66,4041010000,-0.0037561935529359936,-0.003763265763221234,-0.0015827773238195064,-0.0015840312391350534
2019-11-21,3103.54,3110.11,3094.55,3108.49,3744010000,-0.0015827773238195064,-0.0015840312391350534,0.0021749357185665286,0.002172573969691297
2019-11-22,3110.29,3112.87,3099.26,3111.41,3235270000,0.0021749357185665286,0.002172573969691297,0.007507338543994324,0.007479298726807982
2019-11-25,3133.64,3133.83,3117.44,3117.44,3514310000,0.007507338543994324,0.007479298726807982,0.0021955297992111156,0.002193123145604235
2019-11-26,3140.52,3142.69,3131.0,3134.85,4600450000,0.0021955297992111156,0.002193123145604235,0.00417446792250975,0.004165779003972946
2019-11-27,3153.63,3154.26,3143.41,3145.49,3035470000,0.00417446792250975,0.004165779003972946,-0.004011250527170329,-0.004019317171346202
2019-11-29,3140.98,3150.3,3139.34,3147.18,1743420000,-0.004011250527170329,-0.004019317171346202,-0.008631064190157245,-0.008668527546202967
2019-12-02,3113.87,3144.31,3110.78,3143.85,3285750000,-0.008631064190157245,-0.008668527546202967,-0.006638042050567283,-0.006660171838373699
2019-12-03,3093.2,3094.97,3070.33,3087.41,3671580000,-0.006638042050567283,-0.006660171838373699,0.006323548428811776,0.006303638685847347
2019-12-04,3112.76,3119.38,3102.53,3103.5,3702980000,0.006323548428811776,0.006303638685847347,0.001500276282141666,0.0014991519920369975
2019-12-05,3117.43,3119.45,3103.76,3119.21,3360480000,0.001500276282141666,0.0014991519920369975,0.009135730393304842,0.00909425204036833
2019-12-06,3145.91,3150.6,3134.62,3134.62,3483310000,0.009135730393304842,0.00909425204036833,-0.00316283682622831,-0.0031678491662223223
2019-12-09,3135.96,3148.87,3135.46,3141.86,3400470000,-0.00316283682622831,-0.0031678491662223223,-0.0010969527672547441,-0.0010975548602935618
2019-12-10,3132.52,3142.12,3126.09,3135.36,3346310000,-0.0010969527672547441,-0.0010975548602935618,0.0029082017034209873,0.0029039810658439487
2019-12-11,3141.63,3143.98,3133.21,3135.75,3257650000,0.0029082017034209873,0.0029039810658439487,0.008575166394515055,0.008538608499854607
2019-12-12,3168.57,3176.28,3138.47,3141.23,4003200000,0.008575166394515055,0.008538608499854607,7.258794976916505e-05,7.258531539142115e-05
2019-12-13,3168.8,3182.68,3156.51,3166.65,3757650000,7.258794976916505e-05,7.258531539142115e-05,0.007147816208028068,0.007122391651237605
2019-12-16,3191.45,3197.71,3183.63,3183.63,4070200000,0.007147816208028068,0.007122391651237605,0.00033527080167328194,0.0003352146109771036
2019-12-17,3192.52,3198.22,3191.03,3195.4,3842940000,0.00033527080167328194,0.0003352146109771036,-0.000432260408705365,-0.00043235386016704703
2019-12-18,3191.14,3198.48,3191.14,3195.21,4029950000,-0.000432260408705365,-0.00043235386016704703,0.004459221469443442,0.004449308599583262
2019-12-19,3205.37,3205.48,3192.32,3192.32,3784360000,0.004459221469443442,0.004449308599583262,0.0049448269622538454,0.004932641459037748
2019-12-20,3221.22,3225.65,3216.03,3223.33,6457480000,0.0049448269622538454,0.004932641459037748,0.0008661314657181229,0.00086575659030548
2019-12-23,3224.01,3227.78,3222.3,3226.05,3064530000,0.0008661314657181229,0.00086575659030548,-0.0001954088231737039,-0.00019542791796535865
2019-12-24,3223.38,3226.43,3220.51,3225.45,1296530000,-0.0001954088231737039,-0.00019542791796535865,0.005128157399996169,0.005115053182071611
2019-12-26,3239.91,3240.08,3227.2,3227.2,2164540000,0.005128157399996169,0.005115053182071611,3.395156038288327e-05,3.395098404170214e-05
2019-12-27,3240.02,3247.93,3234.37,3247.23,2429150000,3.395156038288327e-05,3.395098404170214e-05,-0.005780828513404224,-0.0057976021775765895
2019-12-30,3221.29,3240.92,3216.57,3240.09,3021720000,-0.005780828513404224,-0.0057976021775765895,0.002946024729223451,0.0029416937024937355
2019-12-31,3230.78,3231.72,3212.03,3215.18,2894760000,0.002946024729223451,0.0029416937024937355,0.008378781594537532,0.008343874454693168
2020-01-02,3257.85,3258.14,3235.53,3244.67,3459930000,0.008378781594537532,0.008343874454693168,-0.007059870773669763,-0.007084909578083601
2020-01-03,3234.85,3246.15,3222.34,3226.36,3484700000,-0.007059870773669763,-0.007084909578083601,0.0035333941295578875,0.003527166358322553
2020-01-06,3246.28,3246.84,3214.64,3217.55,3702460000,0.0035333941295578875,0.003527166358322553,-0.0028032085956850583,-0.002807144942889736
2020-01-07,3237.18,3244.91,3232.43,3241.86,3435910000,-0.0028032085956850583,-0.002807144942889736,0.0049024150649641385,0.004890437358736847
2020-01-08,3253.05,3267.07,3236.67,3238.59,3726840000,0.0049024150649641385,0.004890437358736847,0.006655292725288531,0.006633244037575673
2020-01-09,3274.7,3275.58,3263.67,3266.03,3641230000,0.006655292725288531,0.006633244037575673,-0.0028552233792408233,-0.002859307305046252
2020-01-10,3265.35,3282.99,3260.86,3281.81,3214580000,-0.0028552233792408233,-0.002859307305046252,0.006976281256220629,0.006952059592316183
2020-01-13,3288.13,3288.13,3268.43,3271.13,3459390000,0.006976281256220629,0.006952059592316183,-0.0015145386587512855,-0.0015156867317727837
2020-01-14,3283.15,3294.25,3277.19,3285.35,3687620000,-0.0015145386587512855,-0.0015156867317727837,0.001870155186330269,0.0018684086233433153
2020-01-15,3289.29,3298.66,3280.69,3282.27,3721490000,0.001870155186330269,0.0018684086233433153,0.00836654718799501,0.00833174163220134
2020-01-16,3316.81,3317.11,3302.82,3302.97,3540580000,0.00836654718799501,0.00833174163220134,0.003862144651035182,0.00385470571772163
2020-01-17,3329.62,3329.88,3318.86,3323.66,3726220000,0.003862144651035182,0.00385470571772163,-0.002651954277064661,-0.002655476937142426
2020-01-21,3320.79,3329.79,3316.61,3321.03,4104840000,-0.002651954277064661,-0.002655476937142426,0.0002890878375325645,0.00028904605969510904
2020-01-22,3321.75,3337.77,3320.04,3330.02,3623780000,0.0002890878375325645,0.00028904605969510904,0.0011409648528637462,0.0011403144471457103
2020-01-23,3325.54,3326.88,3301.87,3315.77,3766710000,0.0011409648528637462,0.0011403144471457103,-0.009042140524546438,-0.009083268789936675
2020-01-24,3295.47,3333.18,3281.53,3333.1,3708780000,-0.009042140524546438,-0.009083268789936675,-0.015730684849202037,-0.015855725118383686
2020-01-27,3243.63,3258.85,3234.5,3247.16,3831050000,-0.015730684849202037,-0.015855725118383686,0.010053551114029613,0.010003350352589398
2020-01-28,3276.24,3285.78,3253.22,3255.35,3531570000,0.010053551114029613,0.010003350352589398,-0.0008668473616095795,-0.0008672232910484065
2020-01-29,3273.4,3293.47,3271.89,3289.46,3600250000,-0.0008668473616095795,-0.0008672232910484065,0.003134355715769477,0.0031294538629889324
2020-01-30,3283.66,3285.91,3242.8,3256.45,3790350000,0.003134355715769477,0.0031294538629889324,-0.017705852615678808,-0.01786447639264373
2020-01-31,3225.52,3282.33,3214.68,3282.33,4529700000,-0.017705852615678808,-0.01786447639264373,0.0072546442124061805,0.007228455862910543
2020-02-03,3248.92,3268.44,3235.66,3235.66,3760460000,0.0072546442124061805,0.007228455862910543,0.014980362705145023,0.014869265218066252
2020-02-04,3297.59,3306.92,3280.61,3280.61,3996900000,0.014980362705145023,0.014869265218066252,0.011250640619361318,0.011187822882933645
2020-02-05,3334.69,3337.58,3313.75,3324.91,4121480000,0.011250640619361318,0.011187822882933645,0.0033256464618900416,0.0033201287296620923
2020-02-06,3345.78,3347.96,3334.39,3344.92,3887250000,0.0033256464618900416,0.0033201287296620923,-0.005400833288500828,-0.005415470514539197
2020-02-07,3327.71,3341.42,3322.12,3335.54,3733920000,-0.005400833288500828,-0.005415470514539197,0.007326359568592178,0.0072996521623710205
2020-02-10,3352.09,3352.26,3317.77,3318.28,3462730000,0.007326359568592178,0.0072996521623710205,0.0016884988171557147,0.0016870749056512096
2020-02-11,3357.75,3375.63,3352.72,3365.87,3762940000,0.0016884988171557147,0.0016870749056512096,0.0064626610081155444,0.0064418675537450355
2020-02-12,3379.45,3381.47,3369.72,3370.5,3930910000,0.0064626610081155444,0.0064418675537450355,-0.0016304428235363044,-0.0016317734419649113
2020-02-13,3373.94,3385.09,3360.52,3365.9,3500890000,-0.0016304428235363044,-0.0016317734419649113,0.0018435419717006685,0.0018418447338326407
2020-02-14,3380.16,3380.69,3366.15,3378.08,3419700000,0.0018435419717006685,0.0018418447338326407,-0.0029199801192842934,-0.0029242515783095627
2020-02-18,3370.29,3375.01,3355.61,3369.04,3750400000,-0.0029199801192842934,-0.0029242515783095627,0.004705826501577137,0.004694788714441035
2020-02-19,3386.15,3393.52,3378.83,3380.39,3614200000,0.004705826501577137,0.004694788714441035,-0.0038155427255142094,-0.003822840477830947
2020-02-20,3373.23,3389.15,3341.02,3380.45,4019180000,-0.0038155427255142094,-0.003822840477830947,-0.010518108756295885,-0.010573815022893411
2020-02-21,3337.75,3360.76,3328.45,3360.5,3908780000,-0.010518108756295885,-0.010573815022893411,-0.0335135944873044,-0.034088046120521465
2020-02-24,3225.89,3259.81,3214.65,3257.61,4851160000,-0.0335135944873044,-0.034088046120521465,-0.030280015747592093,-0.030747925188099268
2020-02-25,3128.21,3246.99,3118.77,3238.94,5596760000,-0.030280015747592093,-0.030747925188099268,-0.003778518705585654,-0.003785675340731014
2020-02-26,3116.39,3182.51,3108.99,3139.9,5484650000,-0.003778518705585654,-0.003785675340731014,-0.044163278665378725,-0.04516817410065283
2020-02-27,2978.76,3097.07,2977.39,3062.54,7064710000,-0.044163278665378725,-0.04516817410065283,-0.008238327357692588,-0.00827244991427585
2020-02-28,2954.22,2959.72,2855.84,2916.9,8569570000,-0.008238327357692588,-0.00827244991427585,0.04603922524388837,0.04501086517277787
2020-03-02,3090.23,3090.96,2945.19,2974.28,6381330000,0.04603922524388837,0.04501086517277787,-0.028107940185681968,-0.0285105302619053
2020-03-03,3003.37,3136.72,2976.63,3096.46,6376510000,-0.028107940185681968,-0.0285105302619053,0.042202592421180185,0.04133635094064169
2020-03-04,3130.12,3130.97,3034.38,3045.75,5073020000,0.042202592421180185,0.04133635094064169,-0.03392202215889484,-0.034510725624696516
2020-03-05,3023.94,3083.04,2999.83,3075.7,5579290000,-0.03392202215889484,-0.034510725624696516,-0.017053909799797706,-0.01720100245462004
2020-03-06,2972.37,2985.93,2901.54,2954.2,6555240000,-0.017053909799797706,-0.01720100245462004,-0.07596968075979771,-0.07901039484826664
2020-03-09,2746.56,2863.89,2734.43,2863.89,8441290000,-0.07596968075979771,-0.07901039484826664,0.04939633578003022,0.04821508053580021
2020-03-10,2882.23,2882.59,2734.0,2813.48,7642040000,0.04939633578003022,0.04821508053580021,-0.048868410917935035,-0.05010285683741073
2020-03-11,2741.38,2825.6,2707.22,2825.6,7431200000,-0.048868410917935035,-0.05010285683741073,-0.09511268047479748,-0.09994485184600743
2020-03-12,2480.64,2660.95,2478.86,2630.86,8850810000,-0.09511268047479748,-0.09994485184600743,0.0928711945304439,0.0888083564407466
2020-03-13,2711.02,2711.33,2492.37,2569.99,8299070000,0.0928711945304439,0.0888083564407466,-0.11984050283657066,-0.12765214115647325
2020-03-16,2386.13,2562.98,2380.94,2508.59,7805450000,-0.11984050283657066,-0.12765214115647325,0.05995482224354909,0.0582262866907417
2020-03-17,2529.19,2553.93,2367.04,2425.66,8370250000,0.05995482224354909,0.0582262866907417,-0.05183082330706679,-0.05322233622142454
2020-03-18,2398.1,2453.57,2280.52,2436.5,8799300000,-0.05183082330706679,-0.05322233622142454,0.004707893749218206,0.004696846277420959
2020-03-19,2409.39,2466.97,2319.78,2393.48,7956100000,0.004707893749218206,0.004696846277420959,-0.043359522534749395,-0.0443276347431585
2020-03-20,2304.92,2453.01,2295.56,2431.94,9053950000,-0.043359522534749395,-0.0443276347431585,-0.02929385835517062,-0.029731491257259945
2020-03-23,2237.4,2300.73,2191.86,2290.71,7411380000,-0.02929385835517062,-0.029731491257259945,0.09382765710199337,0.08968315694821649
2020-03-24,2447.33,2449.71,2344.44,2344.44,7563150000,0.09382765710199337,0.08968315694821649,0.011535019797084933,0.011468998674479099
2020-03-25,2475.56,2571.42,2407.53,2457.77,8300010000,0.011535019797084933,0.011468998674479099,0.06241416083633622,0.06054382875166776
2020-03-26,2630.07,2637.01,2500.72,2501.29,7766990000,0.06241416083633622,0.06054382875166776,-0.0336873163071707,-0.03426780802262948
2020-03-27,2541.47,2615.91,2520.02,2555.87,6201670000,-0.0336873163071707,-0.03426780802262948,0.03351603599491648,0.03296661622145552
2020-03-30,2626.65,2631.8,2545.28,2558.98,5751120000,0.03351603599491648,0.03296661622145552,-0.0160127919593398,-0.016142381973062482
2020-03-31,2584.59,2641.39,2571.15,2614.69,6576210000,-0.0160127919593398,-0.016142381973062482,-0.04414239782712159,-0.04514632872715227
2020-04-01,2470.5,2522.75,2447.49,2498.08,5964000000,-0.04414239782712159,-0.04514632872715227,0.022829386763812964,0.022572695703622976
2020-04-02,2526.9,2533.22,2455.79,2458.54,6464190000,0.022829386763812964,0.022572695703622976,-0.015137124539950086,-0.015252860231953606
2020-04-03,2488.65,2538.18,2459.96,2514.92,6096970000,-0.015137124539950086,-0.015252860231953606,0.07033130412070787,0.06796823056768604
2020-04-06,2663.68,2676.85,2574.57,2578.28,6403840000,0.07033130412070787,0.06796823056768604,-0.0016030454108602044,-0.0016043316629523077
2020-04-07,2659.41,2756.89,2657.67,2738.65,7050410000,-0.0016030454108602044,-0.0016043316629523077,0.03405642604938697,0.03348934524468995
2020-04-08,2749.98,2760.75,2663.3,2685.0,5875710000,0.03405642604938697,0.03348934524468995,0.01448737809002254,0.01438343869822631
2020-04-09,2789.82,2818.57,2762.36,2776.99,7899550000,0.01448737809002254,0.01438343869822631,-0.010104594561656355,-0.010155992507349275
2020-04-13,2761.63,2782.46,2721.17,2782.46,5319530000,-0.010104594561656355,-0.010155992507349275,0.030572524197665762,0.0301144965504564
2020-04-14,2846.06,2851.85,2805.1,2805.1,5615730000,0.030572524197665762,0.0301144965504564,-0.022030456139364496,-0.022276750679012372
2020-04-15,2783.36,2801.88,2761.54,2795.64,5208000000,-0.022030456139364496,-0.022276750679012372,0.005816710738100639,0.0057998589924373595
2020-04-16,2799.55,2806.51,2764.32,2799.34,5228810000,0.005816710738100639,0.0057998589924373595,0.026793591827257934,0.026440929079185473
2020-04-17,2874.56,2879.22,2830.88,2842.43,5804810000,0.026793591827257934,0.026440929079185473,-0.017880997439608137,-0.018042794099790368
2020-04-20,2823.16,2868.98,2820.43,2845.62,5228630000,-0.017880997439608137,-0.018042794099790368,-0.030674846625766805,-0.031155167779795462
2020-04-21,2736.56,2785.54,2727.1,2784.81,5121010000,-0.030674846625766805,-0.031155167779795462,0.02293024819481393,0.022671301062101197
2020-04-22,2799.31,2815.1,2775.95,2787.89,5084920000,0.02293024819481393,0.022671301062101197,-0.000539418642451106,-0.0005395641810268519
2020-04-23,2797.8,2844.9,2794.26,2810.42,5773530000,-0.000539418642451106,-0.0005395641810268519,0.01391807849024218,0.013822111461719605
2020-04-24,2836.74,2842.71,2791.76,2812.64,5382810000,0.01391807849024218,0.013822111461719605,0.014714073196697708,0.014606871524449172
2020-04-27,2878.48,2887.72,2852.89,2854.65,5203930000,0.014714073196697708,0.014606871524449172,-0.005242350129234907,-0.005256139460119837
2020-04-28,2863.39,2921.15,2860.71,2909.96,5691160000,-0.005242350129234907,-0.005256139460119837,0.026583874358714787,0.02623666320724924
2020-04-29,2939.51,2954.86,2912.16,2918.46,6645640000,0.026583874358714787,0.02623666320724924,-0.009212419757034462,-0.00925511652526566
2020-04-30,2912.43,2930.91,2892.47,2930.91,6544980000,-0.009212419757034462,-0.00925511652526566,-0.028059043479156554,-0.028460220686828817
2020-05-01,2830.71,2869.09,2821.61,2869.09,4759810000,-0.028059043479156554,-0.028460220686828817,0.004249817183674676,0.0042408122145938705
2020-05-04,2842.74,2844.24,2797.85,2815.01,4735930000,0.004249817183674676,0.0042408122145938705,0.009040573531170715,0.00899995218953805
2020-05-05,2868.44,2898.23,2863.55,2868.88,5140290000,0.009040573531170715,0.00899995218953805,-0.006979403438802989,-0.007003873398600344
2020-05-06,2848.42,2891.11,2847.65,2883.14,4892570000,-0.006979403438802989,-0.007003873398600344,0.011504623615899323,0.011438948664053582
2020-05-07,2881.19,2901.92,2876.48,2878.26,5178790000,0.011504623615899323,0.011438948664053582,0.016871501011734846,0.016730758062550522
2020-05-08,2929.8,2932.16,2902.88,2908.83,4876030000,0.016871501011734846,0.016730758062550522,0.0001331148883882971,0.00013310602938770966
2020-05-11,2930.19,2944.25,2903.44,2915.46,4819730000,0.0001331148883882971,0.00013310602938770966,-0.020500377108651713,-0.020713426598791537
2020-05-12,2870.12,2945.82,2869.59,2939.5,5119630000,-0.020500377108651713,-0.020713426598791537,-0.017462684487059787,-0.017616955794106534
2020-05-13,2820.0,2874.14,2793.15,2865.86,6151650000,-0.017462684487059787,-0.017616955794106534,0.01152482269503552,0.01145891780407149
2020-05-14,2852.5,2852.8,2766.64,2794.54,5651130000,0.01152482269503552,0.01145891780407149,0.003926380368098004,0.003918692254435327
2020-05-15,2863.7,2865.01,2816.78,2829.95,5507700000,0.003926380368098004,0.003918692254435327,0.03150120473513285,0.031015221473356874
2020-05-18,2953.91,2968.09,2913.86,2913.86,6373670000,0.03150120473513285,0.031015221473356874,-0.010484408800538914,-0.010539757419425795
2020-05-19,2922.94,2964.21,2922.35,2948.59,4984330000,-0.010484408800538914,-0.010539757419425795,0.01665104312780974,0.01651393441786152
2020-05-20,2971.61,2980.29,2953.63,2953.63,5005380000,0.01665104312780974,0.01651393441786152,-0.007773563825670182,-0.007803935472623133
2020-05-21,2948.51,2978.5,2938.57,2969.95,4976620000,-0.007773563825670182,-0.007803935472623133,0.002353731206609311,0.002350965520250863
2020-05-22,2955.45,2956.76,2933.59,2948.05,3970860000,0.002353731206609311,0.002350965520250863,0.012289160703107926,0.012214261971750162
2020-05-26,2991.77,3021.72,2988.17,3004.08,5848500000,0.012289160703107926,0.012214261971750162,0.014827343010993532,0.014718492616296689
2020-05-27,3036.13,3036.25,2969.75,3015.65,6398000000,0.014827343010993532,0.014718492616296689,-0.0021079466294262605,-0.0021101714760443074
2020-05-28,3029.73,3068.67,3023.4,3046.61,5447020000,-0.0021079466294262605,-0.0021101714760443074,0.004812310007822562,0.004800767858804524
2020-05-29,3044.31,3049.17,2998.61,3025.17,7297550000,0.004812310007822562,0.004800767858804524,0.0037512605483673855,0.003744242117017055
2020-06-01,3055.73,3062.18,3031.54,3038.78,4684170000,0.0037512605483673855,0.003744242117017055,0.00821080396500995,0.008177278702023465
2020-06-02,3080.82,3081.07,3051.64,3064.78,5197150000,0.00821080396500995,0.008177278702023465,0.013648963587616247,0.013556655475681826
2020-06-03,3122.87,3130.94,3098.9,3098.9,6005560000,0.013648963587616247,0.013556655475681826,-0.0033686961032639573,-0.003374382935045795
2020-06-04,3112.35,3128.91,3090.41,3111.56,6451290000,-0.0033686961032639573,-0.003374382935045795,0.02621170498176606,0.025874065601552972
2020-06-05,3193.93,3211.72,3163.84,3163.84,8639300000,0.02621170498176606,0.025874065601552972,0.012041591393674889,0.011969668235859062
2020-06-08,3232.39,3233.13,3196.0,3199.92,8498300000,0.012041591393674889,0.011969668235859062,-0.007799182648133396,-0.007829755338198062
2020-06-09,3207.18,3222.71,3193.11,3213.32,6410930000,-0.007799182648133396,-0.007829755338198062,-0.0053130787794885,-0.0053272433765708446
2020-06-10,3190.14,3223.27,3181.49,3213.42,6598870000,-0.0053130787794885,-0.0053272433765708446,-0.058944121574601716,-0.06075275919869289
2020-06-11,3002.1,3123.53,2999.49,3123.53,7037320000,-0.058944121574601716,-0.06075275919869289,0.013060857399820103,0.012976299868566436
2020-06-12,3041.31,3088.42,2984.47,3071.04,5845330000,0.013060857399820103,0.012976299868566436,0.008312207568449193,0.008277851423430304
2020-06-15,3066.59,3079.76,2965.66,2993.76,5757480000,0.008312207568449193,0.008277851423430304,0.018962430582503575,0.01878488465267299
2020-06-16,3124.74,3153.45,3076.06,3131.0,5845810000,0.018962430582503575,0.01878488465267299,-0.0036002995449221364,-0.003606796221336869
2020-06-17,3113.49,3141.16,3108.03,3136.13,4560450000,-0.0036002995449221364,-0.003606796221336869,0.000594188515139038,0.0005940120550401924
2020-06-18,3115.34,3120.0,3093.51,3101.64,4448690000,0.000594188515139038,0.0005940120550401924,-0.005649463621948292,-0.005665482200964775
2020-06-19,3097.74,3155.53,3083.11,3140.29,8346650000,-0.005649463621948292,-0.005665482200964775,0.006495057687217143,0.006474055690439126
2020-06-22,3117.86,3120.92,3079.39,3094.42,4686690000,0.006495057687217143,0.006474055690439126,0.004307441642665166,0.0042981911703125365
2020-06-23,3131.29,3154.9,3127.12,3138.7,4711850000,0.004307441642665166,0.0042981911703125365,-0.025855158736495243,-0.02619527873275449
2020-06-24,3050.33,3115.01,3032.13,3114.4,5597680000,-0.025855158736495243,-0.02619527873275449,0.01095946995898811,0.010899850173409288
2020-06-25,3083.76,3086.25,3024.01,3046.6,4847690000,0.01095946995898811,0.010899850173409288,-0.024226917788673585,-0.024525217335129468
2020-06-26,3009.05,3073.73,3004.63,3073.2,8107850000,-0.024226917788673585,-0.024525217335129468,0.01468569814393228,0.014578907539069857
2020-06-29,3053.24,3053.89,2999.74,3018.59,4473970000,0.01468569814393228,0.014578907539069857,0.015409859690034278,0.01529233363768146
2020-06-30,3100.29,3111.51,3047.83,3050.2,4705850000,0.015409859690034278,0.01529233363768146,0.005022110834792981,0.005009542099664131
2020-07-01,3115.86,3128.44,3101.17,3105.92,4449230000,0.005022110834792981,0.005009542099664131,0.004541282342595654,0.00453100183265328
2020-07-02,3130.01,3165.81,3124.52,3143.64,4197720000,0.004541282342595654,0.00453100183265328,0.0158817383970018,0.015756943165826313
2020-07-06,3179.72,3182.59,3155.29,3155.29,4759160000,0.0158817383970018,0.015756943165826313,-0.010818562640735552,-0.010877508816987262
2020-07-07,3145.32,3184.15,3142.93,3166.44,4571330000,-0.010818562640735552,-0.010877508816987262,0.007827502448081614,0.007797026481291786
2020-07-08,3169.94,3171.8,3136.53,3153.07,4937310000,0.007827502448081614,0.007797026481291786,-0.005643639942711776,-0.005659625451287915
2020-07-09,3152.05,3179.78,3115.7,3176.17,4843650000,-0.005643639942711776,-0.005659625451287915,0.01046620453355751,0.010411813000986475
2020-07-10,3185.04,3186.82,3136.22,3152.47,4524190000,0.01046620453355751,0.010411813000986475,-0.009362519779971379,-0.00940662366648347
2020-07-13,3155.22,3235.32,3149.43,3205.08,4902440000,-0.009362519779971379,-0.00940662366648347,0.013406355182839835,0.013317285189446137
2020-07-14,3197.52,3200.95,3127.66,3141.11,4507140000,0.013406355182839835,0.013317285189446137,0.00908203857989931,0.009041044884784208
2020-07-15,3226.56,3238.28,3200.76,3225.98,4686830000,0.00908203857989931,0.009041044884784208,-0.0034061043340275488,-0.003411918313161816
2020-07-16,3215.57,3220.39,3198.59,3208.36,3972860000,-0.0034061043340275488,-0.003411918313161816,0.00284863958800452,0.0028445899031588197
2020-07-17,3224.73,3233.52,3205.65,3224.21,4012850000,0.00284863958800452,0.0028445899031588197,0.008406905384326757,0.008371764170464781
2020-07-20,3251.84,3258.61,3215.16,3224.29,3979340000,0.008406905384326757,0.008371764170464781,0.0016790493997245193,0.0016776413721593887
2020-07-21,3257.3,3277.29,3247.77,3268.52,4556610000,0.0016790493997245193,0.0016776413721593887,0.005747091149111094,0.005730639622957727
2020-07-22,3276.02,3279.32,3253.1,3254.86,4267160000,0.005747091149111094,0.005730639622957727,-0.012319827107282633,-0.012396345287241563
2020-07-23,3235.66,3279.99,3222.66,3271.64,4296760000,-0.012319827107282633,-0.012396345287241563,-0.0061903908321639944,-0.006209630744305032
2020-07-24,3215.63,3227.26,3200.05,3218.58,3689410000,-0.0061903908321639944,-0.006209630744305032,0.007395129414764723,0.007367919510066761
2020-07-27,3239.41,3241.43,3214.25,3219.84,3970310000,0.007395129414764723,0.007367919510066761,-0.006473401020556158,-0.006494444344686342
2020-07-28,3218.44,3243.72,3216.17,3234.27,4053180000,-0.006473401020556158,-0.006494444344686342,0.012428381451883519,0.012351783128253628
2020-07-29,3258.44,3264.74,3227.22,3227.22,4478200000,0.012428381451883519,0.012351783128253628,-0.0037502608610255894,-0.0037573107206831397
2020-07-30,3246.22,3250.92,3204.13,3231.76,4264920000,-0.0037502608610255894,-0.0037573107206831397,0.007670459796317086,0.007641191392371668
2020-07-31,3271.12,3272.17,3220.26,3270.45,5007530000,0.007670459796317086,0.007641191392371668,0.007181026681992719,0.007155365883905606
2020-08-03,3294.61,3302.73,3284.53,3288.26,4438940000,0.007181026681992719,0.007155365883905606,0.0036119601409574376,0.00360545267801785
2020-08-04,3306.51,3306.84,3286.37,3289.92,4414380000,0.0036119601409574376,0.00360545267801785,0.0064297401187354275,0.0064091575198012216
2020-08-05,3327.77,3330.77,3317.37,3317.37,4535060000,0.0064297401187354275,0.0064091575198012216,0.006427727877827971,0.006407158132423376
2020-08-06,3349.16,3351.03,3318.14,3323.17,4278930000,0.006427727877827971,0.006407158132423376,0.0006329945419150107,0.0006327942853730394
2020-08-07,3351.28,3352.54,3328.72,3340.05,4110030000,0.0006329945419150107,0.0006327942853730394,0.0027422358024395965,0.0027384827334759297
2020-08-10,3360.47,3363.29,3335.44,3356.04,4327920000,0.0027422358024395965,0.0027384827334759297,-0.007969123366671882,-0.008001046543221289
2020-08-11,3333.69,3381.01,3326.44,3370.34,4880540000,-0.007969123366671882,-0.008001046543221289,0.013996502374245878,0.013899455827979215
2020-08-12,3380.35,3387.89,3355.46,3355.46,3772250000,0.013996502374245878,0.013899455827979215,-0.0020471252976762555,-0.0020492235227105187
2020-08-13,3373.43,3387.24,3363.35,3372.95,3438730000,-0.0020471252976762555,-0.0020492235227105187,-0.00017193183199293305,-0.0001719466139647112
2020-08-14,3372.85,3378.51,3361.64,3368.66,3200060000,-0.00017193183199293305,-0.0001719466139647112,0.0027098744385312123,0.0027062093485908582
2020-08-17,3381.99,3387.59,3379.22,3380.86,3460330000,0.0027098744385312123,0.0027062093485908582,0.0023033775972136628,0.002300728889572129
2020-08-18,3389.78,3395.06,3370.15,3387.04,3669550000,0.0023033775972136628,0.002300728889572129,-0.004404415625792857,-0.004414143638946041
2020-08-19,3374.85,3399.54,3369.66,3392.51,3679480000,-0.004404415625792857,-0.004414143638946041,0.0031586589033587575,0.0031536808202811935
2020-08-20,3385.51,3390.8,3354.69,3360.48,3431040000,0.0031586589033587575,0.0031536808202811935,0.0034411358997610275,0.0034352287393030465
2020-08-21,3397.16,3399.96,3379.31,3386.01,3505010000,0.0034411358997610275,0.0034352287393030465,0.01004368354743379,0.009993580954932106
2020-08-24,3431.28,3432.09,3413.13,3418.09,3743410000,0.01004368354743379,0.009993580954932106,0.003596325569466652,0.00358987425339455
2020-08-25,3443.62,3444.21,3425.84,3435.95,3627650000,0.003596325569466652,0.00358987425339455,0.010195666188487662,0.010144040989640822
2020-08-26,3478.73,3481.07,3444.15,3449.97,3780530000,0.010195666188487662,0.010144040989640822,0.0016730243508407128,0.0016716264045830256
2020-08-27,3484.55,3501.38,3468.35,3485.14,3955890000,0.0016730243508407128,0.0016716264045830256,0.006732576659826961,0.00671001407851169
2020-08-28,3508.01,3509.23,3484.32,3494.69,3868510000,0.006732576659826961,0.00671001407851169,-0.0021949766391772263,-0.0021973891312895358
2020-08-31,3500.31,3514.77,3493.25,3509.73,4348280000,-0.0021949766391772263,-0.0021973891312895358,0.00752504778148233,0.007496875851234013
2020-09-01,3526.65,3528.03,3494.6,3507.44,4101490000,0.00752504778148233,0.007496875851234013,0.015365857116526938,0.015248997908235747
2020-09-02,3580.84,3588.11,3535.23,3543.76,4295640000,0.015365857116526938,0.015248997908235747,-0.03512583639592948,-0.035757586556313434
2020-09-03,3455.06,3564.85,3427.41,3564.74,4911830000,-0.03512583639592948,-0.035757586556313434,-0.008132999137496877,-0.0081662523968659
2020-09-04,3426.96,3479.15,3349.63,3453.6,4438720000,-0.008132999137496877,-0.0081662523968659,-0.027756378831384043,-0.02814886686405828
2020-09-08,3331.84,3379.97,3329.27,3371.88,4694330000,-0.027756378831384043,-0.02814886686405828,0.020145024971186976,0.019944798533671326
2020-09-09,3398.96,3424.77,3366.84,3369.82,3932520000,0.020145024971186976,0.019944798533671326,-0.017584790641843373,-0.01774123987058698
2020-09-10,3339.19,3425.55,3329.25,3412.56,4208630000,-0.017584790641843373,-0.01774123987058698,0.0005330634075928486,0.000532921379765575
2020-09-11,3340.97,3368.95,3310.47,3352.7,3710090000,0.0005330634075928486,0.000532921379765575,0.01274180851668838,0.012661314711189059
2020-09-14,3383.54,3402.93,3363.56,3363.56,3839580000,0.01274180851668838,0.012661314711189059,0.005219385613883576,0.005205811831507181
2020-09-15,3401.2,3419.48,3389.25,3407.73,4057190000,0.005219385613883576,0.005205811831507181,-0.004618958014818264,-0.004629658363745304
2020-09-16,3385.49,3428.92,3384.45,3411.23,4718900000,-0.004618958014818264,-0.004629658363745304,-0.00841237162124231,-0.008447955322129995
2020-09-17,3357.01,3375.17,3328.82,3346.86,4379840000,-0.00841237162124231,-0.008447955322129995,-0.01118257020384228,-0.011245565213035068
2020-09-18,3319.47,3362.27,3292.4,3357.38,7076400000,-0.01118257020384228,-0.011245565213035068,-0.011571124305988612,-0.011638590711243436
2020-09-21,3281.06,3285.57,3229.1,3285.57,4836070000,-0.011571124305988612,-0.011638590711243436,0.010517942372282096,0.010463013638868866
2020-09-22,3315.57,3320.31,3270.95,3295.75,3974510000,0.010517942372282096,0.010463013638868866,-0.02372141140135786,-0.024007294161091854
2020-09-23,3236.92,3323.35,3232.57,3320.11,4378650000,-0.02372141140135786,-0.024007294161091854,0.002987407782707008,0.0029829543473573147
2020-09-24,3246.59,3278.7,3209.45,3226.14,4601920000,0.002987407782707008,0.0029829543473573147,0.015976763311659203,0.015850478138509476
2020-09-25,3298.46,3306.88,3228.44,3236.66,3803330000,0.015976763311659203,0.015850478138509476,0.016110548559024496,0.015982150874003724
2020-09-28,3351.6,3360.74,3332.91,3333.9,3950910000,0.016110548559024496,0.015982150874003724,-0.004812626805108078,-0.004824244783809024
2020-09-29,3335.47,3357.92,3327.54,3350.92,3661590000,-0.004812626805108078,-0.004824244783809024,0.008253709372292528,0.008219833784947334
2020-09-30,3363.0,3393.56,3340.47,3341.21,4738640000,0.008253709372292528,0.008219833784947334,0.005292893250074426,0.005278935121522738
2020-10-01,3380.8,3397.18,3361.39,3385.87,4076340000,0.005292893250074426,0.005278935121522738,-0.009577614765735931,-0.009623775091698433
2020-10-02,3348.42,3369.1,3323.69,3338.94,3975180000,-0.009577614765735931,-0.009623775091698433,0.017972655760030154,0.01781305702104242
2020-10-05,3408.6,3409.57,3367.27,3367.27,3692720000,0.017972655760030154,0.01781305702104242,-0.01397347884762079,-0.014072027020773103
2020-10-06,3360.97,3431.56,3354.54,3408.74,4453390000,-0.01397347884762079,-0.014072027020773103,0.017396763434365692,0.017247172188931348
2020-10-07,3419.44,3426.26,3384.56,3384.56,3814750000,0.017396763434365692,0.017247172188931348,0.008010083522448141,0.00797817309363446
2020-10-08,3446.83,3447.28,3428.15,3434.28,3867640000,0.008010083522448141,0.00797817309363446,0.008793587151092463,0.00875514874025141
2020-10-09,3477.14,3482.34,3458.07,3459.67,3944090000,0.008793587151092463,0.00875514874025141,0.016415789988323715,0.01628250755406735
2020-10-12,3534.22,3549.85,3499.61,3500.02,3435760000,0.016415789988323715,0.01628250755406735,-0.006306907889152336,-0.006326880453748811
2020-10-13,3511.93,3534.01,3500.86,3534.01,3611100000,-0.006306907889152336,-0.006326880453748811,-0.006623138843883547,-0.006645169155040894
2020-10-14,3488.67,3527.94,3480.55,3515.47,3858510000,-0.006623138843883547,-0.006645169155040894,-0.0015278028589691406,-0.0015289711398439405
2020-10-15,3483.34,3489.08,3440.89,3453.72,3724550000,-0.0015278028589691406,-0.0015289711398439405,0.00013492797142955482,0.00013491886946954788
2020-10-16,3483.81,3515.76,3480.45,3493.5,4688030000,0.00013492797142955482,0.00013491886946954788,-0.016329822808936134,-0.016464623898632638
2020-10-19,3426.92,3502.42,3419.93,3493.66,4091080000,-0.016329822808936134,-0.016464623898632638,0.0047272769717412455,0.004716138487297713
2020-10-20,3443.12,3476.93,3435.65,3439.38,3917850000,0.0047272769717412455,0.004716138487297713,-0.002195682985199454,-0.0021980970313859494
2020-10-21,3435.56,3464.86,3433.06,3439.91,4103960000,-0.002195682985199454,-0.0021980970313859494,0.005218945382994278,0.005205373886326262
2020-10-22,3453.49,3460.53,3415.34,3438.5,4172060000,0.005218945382994278,0.005205373886326262,0.0034457896215134287,0.0034398664911297477
2020-10-23,3465.39,3466.46,3440.45,3464.9,3651600000,0.0034457896215134287,0.0034398664911297477,-0.01858953826264864,-0.018764495369547173
2020-10-26,3400.97,3441.42,3364.86,3441.42,4002210000,-0.01858953826264864,-0.018764495369547173,-0.0030256074002417144,-0.0030301938037524704
2020-10-27,3390.68,3409.51,3388.71,3403.15,3962400000,-0.0030256074002417144,-0.0030301938037524704,-0.03528790685054317,-0.03592557122600889
2020-10-28,3271.03,3342.48,3268.89,3342.48,5139970000,-0.03528790685054317,-0.03592557122600889,0.011947307117329942,0.0118765014438055
2020-10-29,3310.11,3341.05,3259.82,3277.17,4911860000,0.011947307117329942,0.0118765014438055,-0.012129506270184387,-0.012203669046735501
2020-10-30,3269.96,3304.93,3233.94,3293.59,4843930000,-0.012129506270184387,-0.012203669046735501,0.01231819349472163,0.012242941894852779
2020-11-02,3310.24,3330.14,3279.74,3296.2,4314690000,0.01231819349472163,0.012242941894852779,0.017799313644932147,0.01764276082075866
2020-11-03,3369.16,3389.49,3336.25,3336.25,4241380000,0.017799313644932147,0.01764276082075866,0.022047038430944355,0.02180751658433598
2020-11-04,3443.44,3486.25,3405.17,3406.46,4790400000,0.022047038430944355,0.02180751658433598,0.019460190971818836,0.019273262670013912
2020-11-05,3510.45,3529.05,3485.74,3485.74,4858150000,0.019460190971818836,0.019273262670013912,-0.00028771240154390476,-0.00028775379869741254
2020-11-06,3509.44,3521.58,3484.34,3508.34,4842460000,-0.00028771240154390476,-0.00028775379869741254,0.011699872344305584,0.011631958050304203
2020-11-09,3550.5,3645.99,3547.48,3583.04,8570510000,0.011699872344305584,0.011631958050304203,-0.001399802844669673,-0.0014007834839128777
2020-11-10,3545.53,3557.22,3511.91,3543.26,6037470000,-0.001399802844669673,-0.0014007834839128777,0.007651888434169196,0.007622761226929676
2020-11-11,3572.66,3581.16,3557.0,3563.22,4635560000,0.007651888434169196,0.007622761226929676,-0.009978559392721298,-0.010028678908945363
2020-11-12,3537.01,3569.02,3518.58,3562.67,4909660000,-0.009978559392721298,-0.010028678908945363,0.013610365817456005,0.013518576706374859
2020-11-13,3585.15,3593.66,3552.57,3552.57,4719580000,0.013610365817456005,0.013518576706374859,0.011648048198820149,0.011580731916656505
2020-11-16,3626.91,3628.51,3600.16,3600.16,5295510000,0.011648048198820149,0.011580731916656505,-0.004791957892531062,-0.00480347613410369
2020-11-17,3609.53,3623.11,3588.68,3610.31,4812180000,-0.004791957892531062,-0.00480347613410369,-0.01156383241031389,-0.011631213479601318
2020-11-18,3567.79,3619.09,3567.33,3612.09,5284810000,-0.01156383241031389,-0.011631213479601318,0.003946420613320845,0.003938653922538716
2020-11-19,3581.87,3585.22,3543.84,3559.41,4363370000,0.003946420613320845,0.003938653922538716,-0.0067925413261787915,-0.006815715636269892
2020-11-20,3557.54,3581.23,3556.85,3579.31,4236370000,-0.0067925413261787915,-0.006815715636269892,0.00563591695385024,0.0056200945950578216
2020-11-23,3577.59,3589.81,3552.77,3566.82,5057550000,0.00563591695385024,0.0056200945950578216,0.016161717804443754,0.016032507557285768
2020-11-24,3635.41,3642.31,3594.52,3594.52,6280290000,0.016161717804443754,0.016032507557285768,-0.0015844155129681736,-0.0015856720266289198
2020-11-25,3629.65,3635.5,3617.76,3635.5,4910440000,-0.0015844155129681736,-0.0015856720266289198,0.0023969253233782073,0.0023940572799516376
2020-11-27,3638.35,3644.31,3629.33,3638.55,2778390000,0.0023969253233782073,0.0023940572799516376,-0.0045954897137437944,-0.004606081438497098
2020-11-30,3621.63,3634.18,3594.39,3634.18,6308410000,-0.0045954897137437944,-0.004606081438497098,0.011271167954760575,0.011208121636017976
2020-12-01,3662.45,3678.45,3645.87,3645.87,5418480000,0.011271167954760575,0.011208121636017976,0.0017911507324332998,0.0017895485348597621
2020-12-02,3669.01,3670.96,3644.84,3653.78,5041250000,0.0017911507324332998,0.0017895485348597621,-0.0006241465681479097,-0.0006243414287024246
2020-12-03,3666.72,3682.73,3657.17,3668.28,5065340000,-0.0006241465681479097,-0.0006243414287024246,0.008836235109307422,0.008797424045414703
2020-12-04,3699.12,3699.2,3670.94,3670.94,5099620000,0.008836235109307422,0.008797424045414703,-0.0019355954929820562,-0.0019374711787083175
2020-12-07,3691.96,3697.41,3678.88,3694.73,4804500000,-0.0019355954929820562,-0.0019374711787083175,0.002787137455443789,0.0027832605897471193
2020-12-08,3702.25,3708.45,3678.83,3683.05,4584390000,0.002787137455443789,0.0027832605897471193,-0.007949220068876994,-0.007980983560702697
2020-12-09,3672.82,3712.39,3660.54,3705.98,5232800000,-0.007949220068876994,-0.007980983560702697,-0.0012851160688518437,-0.00128594253865602
2020-12-10,3668.1,3678.49,3645.18,3659.13,4658480000,-0.0012851160688518437,-0.00128594253865602,-0.001264960061067022,-0.0012657607983834493
2020-12-11,3663.46,3665.91,3633.4,3656.08,4375470000,-0.001264960061067022,-0.0012657607983834493,-0.004359266922526861,-0.0043687962305264194
2020-12-14,3647.49,3697.61,3645.84,3675.27,4623850000,-0.004359266922526861,-0.0043687962305264194,0.012921214314501217,0.012838447626446777
2020-12-15,3694.62,3695.29,3659.62,3666.41,4387080000,0.012921214314501217,0.012838447626446777,0.0017728480872187813,0.0017712784469306416
2020-12-16,3701.17,3711.27,3688.57,3696.25,4067040000,0.0017728480872187813,0.0017712784469306416,0.005757638800703457,0.005741126947631056
2020-12-17,3722.48,3725.12,3710.87,3713.65,4192810000,0.005757638800703457,0.005741126947631056,-0.0035111001267972286,-0.003517278505023192
2020-12-18,3709.41,3726.7,3685.84,3722.39,7097100000,-0.0035111001267972286,-0.003517278505023192,-0.003906281591951277,-0.003913931036978114
2020-12-21,3694.92,3702.9,3636.48,3684.28,4748580000,-0.003906281591951277,-0.003913931036978114,-0.0020731166033364223,-0.002075268484142857
2020-12-22,3687.26,3698.26,3676.16,3698.08,4053310000,-0.0020731166033364223,-0.002075268484142857,0.0007458112528002658,0.0007455332737925254
2020-12-23,3690.01,3711.24,3689.28,3693.42,3779160000,0.0007458112528002658,0.0007455332737925254,0.0035365757816374632,0.0035303368029281483
2020-12-24,3703.06,3703.82,3689.32,3694.03,1883780000,0.0035365757816374632,0.0035303368029281483,0.008722515973276224,0.008684694603369354
2020-12-28,3735.36,3740.51,3723.03,3723.03,3535460000,0.008722515973276224,0.008684694603369354,-0.0022273622890431888,-0.0022298465500115035
2020-12-29,3727.04,3756.12,3723.31,3750.01,3393290000,-0.0022273622890431888,-0.0022298465500115035,0.0013415471795312772,0.0013406481091209083
2020-12-30,3732.04,3744.63,3730.21,3736.19,3154850000,0.0013415471795312772,0.0013406481091209083,0.00643883774021714,0.006418196978792083
2020-12-31,3756.07,3760.2,3726.88,3733.27,3179040000,0.00643883774021714,0.006418196978792083,-0.01475478359029514,-0.014864718123372964
2021-01-04,3700.65,3769.99,3662.71,3764.61,5015000000,-0.01475478359029514,-0.014864718123372964,0.007082539553862066,0.0070575761707220575
2021-01-05,3726.86,3737.83,3695.07,3698.02,4591020000,0.007082539553862066,0.0070575761707220575,0.005709900559720538,0.00569366086621762
2021-01-06,3748.14,3783.04,3705.34,3712.2,6064110000,0.005709900559720538,0.00569366086621762,0.01484736429268918,0.014738221178340893
2021-01-07,3803.79,3811.55,3764.71,3764.71,5099160000,0.01484736429268918,0.014738221178340893,0.005491890982414871,0.005476865536105689
2021-01-08,3824.68,3826.69,3783.6,3815.05,4773040000,0.005491890982414871,0.005476865536105689,-0.006554796741165214,-0.006576373761664375
2021-01-11,3799.61,3817.86,3789.02,3803.14,4465430000,-0.006554796741165214,-0.006576373761664375,0.0004158321511944507,0.00041574571696605784
2021-01-12,3801.19,3810.78,3776.51,3801.62,4994950000,0.0004158321511944507,0.00041574571696605784,0.0022756031663768717,0.0022730179027713113
2021-01-13,3809.84,3820.96,3791.5,3802.23,4602510000,0.0022756031663768717,0.0022730179027713113,-0.003753438464607517,-0.0037605002910535887
2021-01-14,3795.54,3823.6,3792.86,3814.98,5198480000,-0.003753438464607517,-0.0037605002910535887,-0.00719001775768402,-0.007215990506594139
2021-01-15,3768.25,3788.73,3749.62,3788.73,5369820000,-0.00719001775768402,-0.007215990506594139,0.008136402839514334,0.008103480771510008
2021-01-19,3798.91,3804.53,3780.37,3781.88,5014440000,0.008136402839514334,0.008103480771510008,0.013935576257400273,0.013839368887685784
2021-01-20,3851.85,3859.75,3816.22,3816.22,4566190000,0.013935576257400273,0.013839368887685784,0.0003167309215053038,0.0003166807728557909
2021-01-21,3853.07,3861.45,3845.05,3857.46,4501760000,0.0003167309215053038,0.0003166807728557909,-0.0030105863636010755,-0.003015127294928243
2021-01-22,3841.47,3852.31,3830.41,3844.24,5110890000,-0.0030105863636010755,-0.003015127294928243,0.003615803325289546,0.003609282023548102
2021-01-25,3855.36,3859.23,3797.16,3851.68,7000840000,0.003615803325289546,0.003609282023548102,-0.0014888363213811928,-0.0014899457394751568
2021-01-26,3849.62,3870.9,3847.78,3862.96,6137500000,-0.0014888363213811928,-0.0014899457394751568,-0.025677859113367063,-0.02601328989204868
2021-01-27,3750.77,3836.83,3732.48,3836.83,9976520000,-0.025677859113367063,-0.02601328989204868,0.009760662477304782,0.009713334927599454
2021-01-28,3787.38,3830.5,3755.75,3755.75,6992770000,0.009760662477304782,0.009713334927599454,-0.019311502938707092,-0.019500405967127862
2021-01-29,3714.24,3778.05,3694.12,3778.05,6643370000,-0.019311502938707092,-0.019500405967127862,0.01605173602136656,0.015924269140718334
2021-02-01,3773.86,3784.32,3725.62,3731.17,5436230000,0.01605173602136656,0.015924269140718334,0.013898236818535858,0.013802541965649213
2021-02-02,3826.31,3843.09,3791.84,3791.84,5514090000,0.013898236818535858,0.013802541965649213,0.001008804827627774,0.0010082963259948519
2021-02-03,3830.17,3847.51,3816.68,3840.27,4864870000,0.001008804827627774,0.0010082963259948519,0.01085330416143404,0.010794829768938023
2021-02-04,3871.74,3872.42,3836.66,3836.66,4879240000,0.01085330416143404,0.010794829768938023,0.003897472454245321,0.0038898969855535024
2021-02-05,3886.83,3894.56,3874.93,3878.3,4879470000,0.003897472454245321,0.0038898969855535024,0.007399345996609075,0.007372105129886368
2021-02-08,3915.59,3915.77,3892.59,3892.59,4648360000,0.007399345996609075,0.007372105129886368,-0.0011134975827398197,-0.0011141179817578345
2021-02-09,3911.23,3918.35,3902.64,3910.49,4568320000,-0.0011134975827398197,-0.0011141179817578345,-0.0003451599624669788,-0.0003452195438772965
2021-02-10,3909.88,3931.5,3884.94,3920.78,4837070000,-0.0003451599624669788,-0.0003452195438772965,0.0016624551137118804,0.0016610747648429303
2021-02-11,3916.38,3925.99,3890.39,3916.4,4590960000,0.0016624551137118804,0.0016610747648429303,0.004710983101741784,0.004699921149026049
2021-02-12,3934.83,3937.23,3905.78,3911.65,4135060000,0.004710983101741784,0.004699921149026049,-0.0005692749114954987,-0.000569437009979914
2021-02-16,3932.59,3950.43,3923.85,3939.61,5058990000,-0.0005692749114954987,-0.000569437009979914,-0.0003203995331321208,-0.0003204508720288016
2021-02-17,3931.33,3933.61,3900.43,3918.5,4730650000,-0.0003203995331321208,-0.0003204508720288016,-0.004415808390544673,-0.00442558686962702
2021-02-18,3913.97,3921.98,3885.03,3915.86,4793650000,-0.004415808390544673,-0.00442558686962702,-0.0018548941356217874,-0.0018566165820490526
2021-02-19,3906.71,3930.41,3903.07,3921.16,4845320000,-0.0018548941356217874,-0.0018566165820490526,-0.007732849379657014,-0.007762902892533376
2021-02-22,3876.5,3902.92,3874.71,3885.55,5917100000,-0.007732849379657014,-0.007762902892533376,0.0012562878885591378,0.0012554994192235645
2021-02-23,3881.37,3895.98,3805.59,3857.07,6296610000,0.0012562878885591378,0.0012554994192235645,0.01135166191319037,0.011287715277782164
2021-02-24,3925.43,3928.65,3859.6,3873.71,6012790000,0.01135166191319037,0.011287715277782164,-0.024478846903396523,-0.024783434790564104
2021-02-25,3829.34,3925.02,3814.04,3915.8,6547470000,-0.024478846903396523,-0.024783434790564104,-0.004750165824920272,-0.004761483718072275
2021-02-26,3811.15,3861.08,3789.54,3839.66,6526070000,-0.004750165824920272,-0.004761483718072275,0.023790719336683086,0.023512130081996933
2021-03-01,3901.82,3914.5,3842.51,3842.51,5114820000,0.023790719336683086,0.023512130081996933,-0.008080844323930969,-0.008113671312552936
2021-03-02,3870.29,3906.41,3868.57,3903.64,5536010000,-0.008080844323930969,-0.008113671312552936,-0.01306620434127681,-0.013152318131987126
2021-03-03,3819.72,3874.47,3818.86,3863.99,6173660000,-0.01306620434127681,-0.013152318131987126,-0.013417213827191521,-0.013508037960082262
2021-03-04,3768.47,3843.67,3723.34,3818.53,7195400000,-0.013417213827191521,-0.013508037960082262,0.019495975820425837,0.019308363815583877
2021-03-05,3841.94,3851.69,3730.19,3793.58,6851070000,0.019495975820425837,0.019308363815583877,-0.005359271617984662,-0.005373684030541239
2021-03-08,3821.35,3881.06,3819.25,3844.39,5871710000,-0.005359271617984662,-0.005373684030541239,0.014154683554241432,0.014055441418613446
2021-03-09,3875.44,3903.76,3851.93,3851.93,5513560000,0.014154683554241432,0.014055441418613446,0.006030283013025661,0.006012173623113212
2021-03-10,3898.81,3917.35,3885.73,3891.99,5847380000,0.006030283013025661,0.006012173623113212,0.010395479646353678,0.010341818218279307
2021-03-11,3939.34,3960.27,3915.54,3915.54,5312880000,0.010395479646353678,0.010341818218279307,0.0010153985185334946,0.0010148833501624158
2021-03-12,3943.34,3944.99,3915.21,3924.52,4476280000,0.0010153985185334946,0.0010148833501624158,0.006491958593476621,0.006470976590856805
2021-03-15,3968.94,3970.08,3923.54,3942.96,4900100000,0.006491958593476621,0.006470976590856805,-0.0015696886322292825,-0.0015709218841469892
2021-03-16,3962.71,3981.04,3953.44,3973.59,4613080000,-0.0015696886322292825,-0.0015709218841469892,0.0028793426720601367,0.002875205304977583
2021-03-17,3974.12,3983.87,3935.74,3949.57,4561660000,0.0028793426720601367,0.002875205304977583,-0.014760500437832724,-0.014870520601810135
2021-03-18,3915.46,3969.62,3910.86,3953.5,5118590000,-0.014760500437832724,-0.014870520601810135,-0.0006027388863633076,-0.0006029206064693933
2021-03-19,3913.1,3930.12,3886.75,3913.14,7757420000,-0.0006027388863633076,-0.0006029206064693933,0.0070251207482558975,0.0070005595506540804
2021-03-22,3940.59,3955.31,3914.16,3916.48,4316260000,0.0070251207482558975,0.0070005595506540804,-0.0076308370066411335,-0.007660100809949314
2021-03-23,3910.52,3949.13,3901.57,3937.6,4669010000,-0.0076308370066411335,-0.007660100809949314,-0.005467303581109473,-0.005482303984823847
2021-03-24,3889.14,3942.08,3889.07,3919.93,4783020000,-0.005467303581109473,-0.005482303984823847,0.00524023305923671,0.005226550815926714
2021-03-25,3909.52,3919.54,3853.5,3879.34,4948340000,0.00524023305923671,0.005226550815926714,0.016631197691788335,0.016494413826353246
2021-03-26,3974.54,3978.19,3917.12,3917.12,5483160000,0.016631197691788335,0.016494413826353246,-0.0008680249789911887,-0.0008684019308247895
2021-03-29,3971.09,3981.83,3943.25,3969.31,4628180000,-0.0008680249789911887,-0.0008684019308247895,-0.003157823166939022,-0.0031628196118815713
2021-03-30,3958.55,3968.01,3944.35,3963.34,4121510000,-0.003157823166939022,-0.0031628196118815713,0.003622538555784205,0.003615992965994899
2021-03-31,3972.89,3994.41,3966.98,3967.25,4578050000,0.003622538555784205,0.003615992965994899,0.011825144919693331,0.01175577423688851
2021-04-01,4019.87,4020.63,3992.78,3992.78,4162130000,0.011825144919693331,0.01175577423688851,0.014438277854756487,0.014335038467166317
2021-04-05,4077.91,4083.42,4034.44,4034.44,4005030000,0.014438277854756487,0.014335038467166317,-0.0009735379152555623,-0.0009740121110818412
2021-04-06,4073.94,4086.23,4068.14,4075.57,4081270000,-0.0009735379152555623,-0.0009740121110818412,0.0014752303666720756,0.0014741432833555816
2021-04-07,4079.95,4083.13,4068.31,4074.29,4120810000,0.0014752303666720756,0.0014741432833555816,0.004220639958823158,0.0042117580408072355
2021-04-08,4097.17,4098.19,4082.54,4089.95,3907100000,0.004220639958823158,0.0042117580408072355,0.007719962803593772,0.007690316372555687
2021-04-09,4128.8,4129.48,4095.51,4096.11,3640390000,0.007719962803593772,0.007690316372555687,-0.000196182910288778,-0.00019620215667317165
2021-04-12,4127.99,4131.76,4114.82,4124.71,3588900000,-0.000196182910288778,-0.00019620215667317165,0.00329458162447116,0.003289166381145364
2021-04-13,4141.59,4148.0,4124.43,4130.1,3734720000,0.00329458162447116,0.003289166381145364,-0.0040878020277237415,-0.004096179929697001
2021-04-14,4124.66,4151.69,4120.87,4141.58,3985350000,-0.0040878020277237415,-0.004096179929697001,0.011094247768300924,0.011033158016154329
2021-04-15,4170.42,4173.49,4139.76,4139.76,4033420000,0.011094247768300924,0.011033158016154329,0.0036087492386858155,0.0036022533265398387
2021-04-16,4185.47,4191.31,4170.75,4174.14,4163820000,0.0036087492386858155,0.0036022533265398387,-0.005306453038726788,-0.005320582266875933
2021-04-19,4163.26,4180.81,4150.47,4179.8,3810290000,-0.005306453038726788,-0.005320582266875933,-0.006802361610853236,-0.006825603130708005
2021-04-20,4134.94,4159.18,4118.38,4159.18,4342650000,-0.006802361610853236,-0.006825603130708005,0.009306060063749566,0.009263025469113548
2021-04-21,4173.42,4175.02,4126.35,4128.42,3887250000,0.009306060063749566,0.009263025469113548,-0.009210671343885979,-0.00925335185679316
2021-04-22,4134.98,4179.57,4123.69,4170.46,4245140000,-0.009210671343885979,-0.00925335185679316,0.010928710658818286,0.010869423861541933
2021-04-23,4180.17,4194.17,4138.78,4138.78,3569880000,0.010928710658818286,0.010869423861541933,0.001782224167916624,0.001780637890878801
2021-04-26,4187.62,4194.19,4182.36,4185.03,3748320000,0.001782224167916624,0.001780637890878801,-0.0002149192142553158,-0.00021494231269923608
2021-04-27,4186.72,4193.35,4176.22,4188.25,3710700000,-0.0002149192142553158,-0.00021494231269923608,-0.0008455306301830001,-0.0008458882928303167
2021-04-28,4183.18,4201.53,4181.78,4185.14,3787360000,-0.0008455306301830001,-0.0008458882928303167,0.006762797680233579,0.006740032543708107
2021-04-29,4211.47,4218.78,4176.81,4206.14,4298680000,0.006762797680233579,0.006740032543708107,-0.007194637501869883,-0.007220643718202429
2021-04-30,4181.17,4198.1,4174.85,4198.1,4300880000,-0.007194637501869883,-0.007220643718202429,0.0027480346410215795,0.0027442656970409606
2021-05-03,4192.66,4209.39,4188.03,4191.98,4070220000,0.0027480346410215795,0.0027442656970409606,-0.006678337857112138,-0.006700737740405456
2021-05-04,4164.66,4179.04,4128.59,4179.04,4452460000,-0.006678337857112138,-0.006700737740405456,0.0007035388242977447,0.0007032914568740223
2021-05-05,4167.59,4187.72,4160.94,4177.06,4230920000,0.0007035388242977447,0.0007032914568740223,0.008165390549454088,0.008132234115911918
2021-05-06,4201.62,4202.7,4147.33,4169.14,4511000000,0.008165390549454088,0.008132234115911918,0.007373346471123199,0.007346296237811824
2021-05-07,4232.6,4238.04,4201.64,4210.34,4016080000,0.007373346471123199,0.007346296237811824,-0.010435666020885526,-0.010490499399026396
2021-05-10,4188.43,4236.39,4188.13,4228.29,4560700000,-0.010435666020885526,-0.010490499399026396,-0.008673894514173552,-0.008711731693215893
2021-05-11,4152.1,4162.04,4111.53,4150.34,4870710000,-0.008673894514173552,-0.008711731693215893,-0.021449387057151936,-0.021682768452684537
2021-05-12,4063.04,4134.73,4056.88,4130.55,4733070000,-0.021449387057151936,-0.021682768452684537,0.012173151138064053,0.012099654192200689
2021-05-13,4112.5,4131.58,4074.99,4074.99,4779540000,0.012173151138064053,0.012099654192200689,0.014917933130699224,0.01480775516646066
2021-05-14,4173.85,4183.13,4129.58,4129.58,4008880000,0.014917933130699224,0.01480775516646066,-0.0025300382141189015,-0.00253324416940257
2021-05-17,4163.29,4171.92,4142.69,4169.92,4125050000,-0.0025300382141189015,-0.00253324416940257,-0.008517302421882755,-0.008553781927838235
2021-05-18,4127.83,4169.15,4125.99,4165.94,4398150000,-0.008517302421882755,-0.008553781927838235,-0.0029434351705374118,-0.0029477755951036366
2021-05-19,4115.68,4116.93,4061.41,4098.45,4247450000,-0.0029434351705374118,-0.0029477755951036366,0.010554756443649449,0.010499443868610717
2021-05-20,4159.12,4172.8,4121.97,4121.97,3978880000,0.010554756443649449,0.010499443868610717,-0.0007838196541576359,-0.0007841270013964568
2021-05-21,4155.86,4188.72,4151.72,4168.61,3995250000,-0.0007838196541576359,-0.0007841270013964568,0.009911305963146155,0.009862511119055
2021-05-24,4197.05,4209.52,4170.16,4170.16,3684800000,0.009911305963146155,0.009862511119055,-0.002125302295660103,-0.002127563955626335
2021-05-25,4188.13,4213.42,4182.52,4205.94,4182250000,-0.002125302295660103,-0.002127563955626335,0.001876732575158746,0.0018749737128450623
2021-05-26,4195.99,4202.61,4184.11,4191.59,4420890000,0.001876732575158746,0.0018749737128450623,0.0011653983922745859,0.0011647198427041133
2021-05-27,4200.88,4213.38,4197.78,4201.94,6406310000,0.0011653983922745859,0.0011647198427041133,0.0007688865190149663,0.0007685910772065211
2021-05-28,4204.11,4218.36,4203.57,4210.77,4649250000,0.0007688865190149663,0.0007685910772065211,-0.0004923753184382651,-0.0004924965749694844
2021-06-01,4202.04,4234.12,4197.59,4216.52,5074670000,-0.0004923753184382651,-0.0004924965749694844,0.0014469162597214869,0.0014458704850342234
2021-06-02,4208.12,4217.37,4198.27,4206.82,5833670000,0.0014469162597214869,0.0014458704850342234,-0.003628698801364849,-0.003635298499241423
2021-06-03,4192.85,4204.39,4167.93,4191.43,5587970000,-0.003628698801364849,-0.003635298499241423,0.00883408659980689,0.0087952943520972
2021-06-04,4229.89,4233.45,4206.05,4206.05,4139790000,0.00883408659980689,0.0087952943520972,-0.0007967110255822085,-0.0007970285684825064
2021-06-07,4226.52,4232.34,4215.66,4229.34,4476920000,-0.0007967110255822085,-0.0007970285684825064,0.00017508493985585183,0.00017506961427659565
2021-06-08,4227.26,4236.74,4208.41,4233.81,4659620000,0.00017508493985585183,0.00017506961427659565,-0.0018238764589828538,-0.001825541746812573
2021-06-09,4219.55,4237.09,4218.74,4232.99,4713260000,-0.0018238764589828538,-0.001825541746812573,0.004652154850635748,0.004641367023082649
2021-06-10,4239.18,4249.74,4220.34,4228.56,4408210000,0.004652154850635748,0.004641367023082649,0.0019484900381676606,0.001946594193743096
2021-06-11,4247.44,4248.38,4232.25,4242.9,3815010000,0.0019484900381676606,0.001946594193743096,0.0018152110447704484,0.0018135655401930488
2021-06-14,4255.15,4255.59,4234.07,4248.31,4151200000,0.0018152110447704484,0.0018135655401930488,-0.0020116799642784233,-0.0020137061101785226
2021-06-15,4246.59,4257.16,4238.35,4255.28,4048940000,-0.0020116799642784233,-0.0020137061101785226,-0.005390207201542929,-0.005404786783292966
2021-06-16,4223.7,4251.89,4202.45,4248.87,4538350000,-0.005390207201542929,-0.005404786783292966,-0.0004356370007340127,-0.0004357319180995622
2021-06-17,4221.86,4232.29,4196.05,4220.37,5312680000,-0.0004356370007340127,-0.0004357319180995622,-0.013124547000611053,-0.013211434948255869
2021-06-18,4166.45,4204.78,4164.4,4204.78,6817010000,-0.013124547000611053,-0.013211434948255869,0.01400232812106239,0.013905201143734752
2021-06-21,4224.79,4226.24,4173.4,4173.4,4128950000,0.01400232812106239,0.013905201143734752,0.005124515064653945,0.005111429423335091
2021-06-22,4246.44,4255.84,4217.27,4224.61,3828390000,0.005124515064653945,0.005111429423335091,-0.0010832603310065858,-0.0010838474815418405
2021-06-23,4241.84,4256.6,4241.43,4249.27,3730350000,-0.0010832603310065858,-0.0010838474815418405,0.005811157422250579,0.005794337776572367
2021-06-24,4266.49,4271.28,4256.97,4256.97,3816660000,0.005811157422250579,0.005794337776572367,0.003330606657931945,0.0033250724723028176
2021-06-25,4280.7,4286.12,4271.16,4274.45,7341450000,0.003330606657931945,0.0033250724723028176,0.0023150419323942906,0.00231236635141237
2021-06-28,4290.61,4292.14,4274.67,4284.9,4147890000,0.0023150419323942906,0.00231236635141237,0.00027734984069871516,0.00027731138634168957
2021-06-29,4291.8,4300.52,4287.04,4293.21,3707150000,0.00027734984069871516,0.00027731138634168957,0.001328114078009257,0.001327232914611209
2021-06-30,4297.5,4302.43,4287.96,4290.65,4266040000,0.001328114078009257,0.001327232914611209,0.005221640488656032,0.005208054995811113
2021-07-01,4319.94,4320.66,4300.73,4300.73,3788230000,0.005221640488656032,0.005208054995811113,0.0075001041681135305,0.007472118231364166
2021-07-02,4352.34,4355.43,4326.6,4326.6,3225840000,0.0075001041681135305,0.007472118231364166,-0.002021900862524517,-0.0020239476634912454
2021-07-06,4343.54,4356.46,4314.37,4356.46,4309570000,-0.002021900862524517,-0.0020239476634912454,0.003359011313352811,0.0033533824363036076
2021-07-07,4358.13,4361.88,4329.79,4351.01,4037380000,0.003359011313352811,0.0033533824363036076,-0.00856101125941644,-0.008597867216573877
2021-07-08,4320.82,4330.88,4289.37,4321.07,4347500000,-0.00856101125941644,-0.008597867216573877,0.01127795187024705,0.011214829918570923
2021-07-09,4369.55,4371.6,4329.38,4329.38,3531120000,0.01127795187024705,0.011214829918570923,0.0034511562975592103,0.0034452147239393167
2021-07-12,4384.63,4386.68,4364.03,4372.41,3384460000,0.0034511562975592103,0.0034452147239393167,-0.003516830382495284,-0.003523028967647122
2021-07-13,4369.21,4392.37,4366.92,4381.07,3695430000,-0.003516830382495284,-0.003523028967647122,0.0011649703264435818,0.0011642922750682311
2021-07-14,4374.3,4393.68,4362.36,4380.11,4006370000,0.0011649703264435818,0.0011642922750682311,-0.0032622362435132946,-0.003267568936996537
2021-07-15,4360.03,4369.02,4340.7,4369.02,3905230000,-0.0032622362435132946,-0.003267568936996537,-0.007538938952254881,-0.007567500391698108
2021-07-16,4327.16,4375.09,4322.53,4367.43,3985700000,-0.007538938952254881,-0.007567500391698108,-0.015869531055010655,-0.015996800327963308
2021-07-19,4258.49,4296.4,4233.13,4296.4,5157660000,-0.015869531055010655,-0.015996800327963308,0.01516265155019747,0.015048847488145101
2021-07-20,4323.06,4336.84,4262.05,4265.11,4438270000,0.01516265155019747,0.015048847488145101,0.008241847210077813,0.008208068658883821
2021-07-21,4358.69,4359.7,4331.13,4331.13,3810280000,0.008241847210077813,0.008208068658883821,0.0020166609692362503,0.0020146302382427882
2021-07-22,4367.48,4369.87,4350.06,4361.27,3358300000,0.0020166609692362503,0.0020146302382427882,0.010145438559535647,0.010094319060166316
2021-07-23,4411.79,4415.18,4381.2,4381.2,4540070000,0.010145438559535647,0.010094319060166316,0.002382253008416102,0.0023794199422129485
2021-07-26,4422.3,4422.73,4405.45,4409.58,4275630000,0.002382253008416102,0.0023794199422129485,-0.004712479931257563,-0.004723618672649374
2021-07-27,4401.46,4416.38,4372.51,4416.38,4241950000,-0.004712479931257563,-0.004723618672649374,-0.00018630181803303003,-0.0001863191743724431
2021-07-28,4400.64,4415.47,4387.01,4402.95,4215290000,-0.00018630181803303003,-0.0001863191743724431,0.004206206369982368,0.004197385011620316
2021-07-29,4419.15,4429.97,4403.59,4403.59,4044600000,0.004206206369982368,0.004197385011620316,-0.005406016994218166,-0.005420682382193263
2021-07-30,4395.26,4412.25,4389.65,4395.12,3956740000,-0.005406016994218166,-0.005420682382193263,-0.0018428943907755624,-0.0018445946098472469
2021-08-02,4387.16,4422.18,4384.81,4406.86,3724090000,-0.0018428943907755624,-0.0018445946098472469,0.008203484714484954,0.008170019032652822
2021-08-03,4423.15,4423.79,4373.0,4392.74,3965190000,0.008203484714484954,0.008170019032652822,-0.00463244520307915,-0.00464320822964288
2021-08-04,4402.66,4416.17,4400.23,4415.95,4260760000,-0.00463244520307915,-0.00464320822964288,0.006005460335342772,0.00598749943154757
2021-08-05,4429.1,4429.76,4408.86,4408.86,3769410000,0.006005460335342772,0.00598749943154757,0.0016752839177258672,0.0016738821949274498
2021-08-06,4436.52,4440.82,4429.07,4429.07,3451870000,0.0016752839177258672,0.0016738821949274498,-0.000939925887858073,-0.0009403678951865314
2021-08-09,4432.35,4439.39,4424.74,4437.77,3449280000,-0.000939925887858073,-0.0009403678951865314,0.000992701388653705,0.0009922089864754615
2021-08-10,4436.75,4445.21,4430.03,4435.79,3886610000,0.000992701388653705,0.0009922089864754615,0.0012757085704626636,0.0012748955456659639
2021-08-11,4442.41,4449.44,4436.42,4442.18,3532560000,0.0012757085704626636,0.0012748955456659639,0.004146398013690877,0.0041378253942716235
2021-08-12,4460.83,4461.77,4435.96,4446.08,3375310000,0.004146398013690877,0.0041378253942716235,0.0016073241975147479,0.001606033834479566
2021-08-13,4468.0,4468.37,4460.82,4464.84,3016470000,0.0016073241975147479,0.001606033834479566,0.0026208594449417255,0.0026174309818667143
2021-08-16,4479.71,4480.26,4437.66,4461.65,3370640000,0.0026208594449417255,0.0026174309818667143,-0.0070607249129965854,-0.007085769790768185
2021-08-17,4448.08,4462.12,4417.83,4462.12,3836960000,-0.0070607249129965854,-0.007085769790768185,-0.010748457761550978,-0.010806639720144598
2021-08-18,4400.27,4454.32,4397.59,4440.94,3755590000,-0.010748457761550978,-0.010806639720144598,0.0012567410636163956,0.0012559520255743905
2021-08-19,4405.8,4418.61,4367.73,4382.44,4398410000,0.0012567410636163956,0.0012559520255743905,0.008141540696354754,0.008108577149077301
2021-08-20,4441.67,4444.35,4406.8,4410.56,3652610000,0.008141540696354754,0.008108577149077301,0.008523820995256282,0.008487698356534068
2021-08-23,4479.53,4489.88,4450.29,4450.29,3576530000,0.008523820995256282,0.008487698356534068,0.0014956926284677152,0.0014945751943348515
2021-08-24,4486.23,4492.81,4482.28,4484.4,3979220000,0.0014956926284677152,0.0014945751943348515,0.0022201269217136943,0.0022176660815180892
2021-08-25,4496.19,4501.71,4485.66,4490.45,3444700000,0.0022201269217136943,0.0022176660815180892,-0.005824931775569864,-0.005841962859469615
2021-08-26,4470.0,4495.9,4468.99,4493.75,3263980000,-0.005824931775569864,-0.005841962859469615,0.008807606263982137,0.008769045552897689
2021-08-27,4509.37,4513.33,4474.1,4474.1,3331200000,0.008807606263982137,0.008769045552897689,0.00430658828173347,0.004297341469056862
2021-08-30,4528.79,4537.36,4513.76,4513.76,3168660000,0.00430658828173347,0.004297341469056862,-0.001349146239944865,-0.0013500571571324227
2021-08-31,4522.68,4531.39,4515.8,4529.75,4290710000,-0.001349146239944865,-0.0013500571571324227,0.0003117620525883158,0.0003117134648978685
2021-09-01,4524.09,4537.11,4522.02,4528.8,4057340000,0.0003117620525883158,0.0003117134648978685,0.0028425606033477546,0.0028385281677768184
2021-09-02,4536.95,4545.85,4524.66,4534.48,3735990000,0.0028425606033477546,0.0028385281677768184,-0.000335026835208585,-0.0003350829692366939
2021-09-03,4535.43,4541.45,4521.3,4532.42,3217530000,-0.000335026835208585,-0.0003350829692366939,-0.003395488410139813,-0.003401266163481994
2021-09-07,4520.03,4535.38,4513.0,4535.38,3822960000,-0.003395488410139813,-0.003401266163481994,-0.0013185753191903293,-0.0013194454045593487
2021-09-08,4514.07,4521.79,4493.95,4518.09,3750880000,-0.0013185753191903293,-0.0013194454045593487,-0.004605599824548556,-0.0046162382762889205
2021-09-09,4493.28,4529.9,4492.07,4513.02,3735390000,-0.004605599824548556,-0.0046162382762889205,-0.0077226435922087555,-0.007752617623130543
2021-09-10,4458.58,4520.47,4457.66,4506.92,3623180000,-0.0077226435922087555,-0.007752617623130543,0.0022765095613401787,0.002273922239413449
2021-09-13,4468.73,4492.99,4445.7,4474.81,3914220000,0.0022765095613401787,0.002273922239413449,-0.00574659914561837,-0.005763174377801672
2021-09-14,4443.05,4485.68,4435.46,4479.33,3670460000,-0.00574659914561837,-0.005763174377801672,0.008473908688851006,0.008438206673245678
2021-09-15,4480.7,4486.87,4438.37,4447.49,4032020000,0.008473908688851006,0.008438206673245678,-0.0015510969268194286,-0.0015523011230354105
2021-09-16,4473.75,4485.87,4443.8,4477.09,3984560000,-0.0015510969268194286,-0.0015523011230354105,-0.009110924839340617,-0.009152683146433816
2021-09-17,4432.99,4471.52,4427.76,4469.74,7289530000,-0.009110924839340617,-0.009152683146433816,-0.016977254629493954,-0.01712302037376946
2021-09-20,4357.73,4402.95,4305.91,4402.95,4898070000,-0.016977254629493954,-0.01712302037376946,-0.0008123495489623656,-0.0008126796836591719
2021-09-21,4354.19,4394.87,4347.96,4374.45,3920920000,-0.0008123495489623656,-0.0008126796836591719,0.009519566210937302,0.009474540664091249
2021-09-22,4395.64,4416.75,4367.43,4367.43,3939170000,0.009519566210937302,0.009474540664091249,0.012134751708511082,0.012061715863250257
2021-09-23,4448.98,4465.4,4406.75,4406.75,3916350000,0.012134751708511082,0.012061715863250257,0.0014610090402744635,0.001459942804959862
2021-09-24,4455.48,4463.12,4430.27,4438.04,3384290000,0.0014610090402744635,0.001459942804959862,-0.0027763563072890074,-0.0027802175328761427
2021-09-27,4443.11,4457.3,4436.19,4442.12,4058650000,-0.0027763563072890074,-0.0027802175328761427,-0.020364114325326033,-0.020574321587474437
2021-09-28,4352.63,4419.54,4346.33,4419.54,4416550000,-0.020364114325326033,-0.020574321587474437,0.001569166228234442,0.001567936373304978
2021-09-29,4359.46,4385.57,4355.08,4362.41,3712660000,0.001569166228234442,0.001567936373304978,-0.011909731939276913,-0.011981220973814677
2021-09-30,4307.54,4382.55,4306.24,4370.67,4448140000,-0.011909731939276913,-0.011981220973814677,0.011491477734391298,0.011425952216359555
2021-10-01,4357.04,4375.19,4288.52,4317.16,4010370000,0.011491477734391298,0.011425952216359555,-0.012985880322420762,-0.013070933999937525
2021-10-04,4300.46,4355.51,4278.94,4348.84,4307870000,-0.012985880322420762,-0.013070933999937525,0.010524455523362564,0.010469458977261837
2021-10-05,4345.72,4369.23,4309.87,4309.87,3902890000,0.010524455523362564,0.010469458977261837,0.004102887438675262,0.004094493547635241
2021-10-06,4363.55,4365.57,4290.49,4319.57,4009630000,0.004102887438675262,0.004094493547635241,0.00829828923697451,0.00826404773501655
2021-10-07,4399.76,4429.97,4383.73,4383.73,3843740000,0.00829828923697451,0.00826404773501655,-0.0019137407494954628,-0.0019155742909790841
2021-10-08,4391.34,4412.02,4386.22,4406.51,3280160000,-0.0019137407494954628,-0.0019155742909790841,-0.0068657858421348195,-0.006889463790468167
2021-10-11,4361.19,4415.88,4360.59,4385.44,3281970000,-0.0068657858421348195,-0.006889463790468167,-0.0024167715692277048,-0.0024196966754627294
2021-10-12,4350.65,4374.89,4342.09,4368.31,3558450000,-0.0024167715692277048,-0.0024196966754627294,0.003022536862308023,0.0030179781813102643
2021-10-13,4363.8,4372.87,4329.92,4358.01,3620070000,0.003022536862308023,0.0030179781813102643,0.01706311013337003,0.016919170336133042
2021-10-14,4438.26,4439.73,4386.75,4386.75,3598280000,0.01706311013337003,0.016919170336133042,0.0074601307719690535,0.007432441620921371
2021-10-15,4471.37,4475.82,4447.69,4447.69,3819380000,0.0074601307719690535,0.007432441620921371,0.0033748045900920953,0.00336912271696709
2021-10-18,4486.46,4488.75,4447.47,4463.72,3662010000,0.0033748045900920953,0.00336912271696709,0.00739335690054066,0.007366160006043284
2021-10-19,4519.63,4520.4,4496.41,4497.34,3459130000,0.00739335690054066,0.007366160006043284,0.0036640167447334893,0.0036573205869523144
2021-10-20,4536.19,4540.87,4524.4,4524.42,3670760000,0.0036640167447334893,0.0036573205869523144,0.002995906256131331,0.0029914274720985803
2021-10-21,4549.78,4551.44,4526.89,4532.24,3822330000,0.002995906256131331,0.0029914274720985803,-0.0010725793335062406,-0.0010731549583585973
2021-10-22,4544.9,4559.67,4524.0,4546.12,3758220000,-0.0010725793335062406,-0.0010731549583585973,0.004748179277871856,0.0047369422309476855
2021-10-25,4566.48,4572.62,4537.36,4553.69,3899400000,0.004748179277871856,0.0047369422309476855,0.0018197824144636776,0.001818128616510003
2021-10-26,4574.79,4598.53,4569.17,4578.69,3879740000,0.0018197824144636776,0.001818128616510003,-0.005051597996847845,-0.005064400451443849
2021-10-27,4551.68,4584.57,4551.66,4580.22,4226050000,-0.005051597996847845,-0.005064400451443849,0.009829337739032606,0.00978134404008955
2021-10-28,4596.42,4597.55,4562.84,4562.84,4132950000,0.009829337739032606,0.00978134404008955,0.0019493431844783693,0.00194744568057697
2021-10-29,4605.38,4608.08,4567.59,4572.87,4510200000,0.0019493431844783693,0.00194744568057697,0.0018000686154020507,0.0017984504334932693
2021-11-01,4613.67,4620.34,4595.06,4610.62,3971540000,0.0018000686154020507,0.0017984504334932693,0.0036803672564356127,0.003673611276116367
2021-11-02,4630.65,4635.15,4613.34,4613.34,3975250000,0.0036803672564356127,0.003673611276116367,0.00646129593037692,0.0064405112404735685
2021-11-03,4660.57,4663.46,4621.19,4630.65,4319660000,0.00646129593037692,0.0064405112404735685,0.004181891914508462,0.004173172106260179
2021-11-04,4680.06,4683.0,4662.59,4662.93,4462300000,0.004181891914508462,0.004173172106260179,0.0037328581257503046,0.0037259083006282606
2021-11-05,4697.53,4718.5,4681.32,4699.26,4467180000,0.0037328581257503046,0.0037259083006282606,0.0008877005575269603,0.0008873067844048929
2021-11-08,4701.7,4714.92,4694.39,4701.48,4269710000,0.0008877005575269603,0.0008873067844048929,-0.0034987345002870374,-0.003504869385575243
2021-11-09,4685.25,4708.53,4670.87,4707.25,4117080000,-0.0034987345002870374,-0.003504869385575243,-0.008225815057894437,-0.008259833757375561
2021-11-10,4646.71,4684.85,4630.86,4670.26,4503720000,-0.008225815057894437,-0.008259833757375561,0.0005509274303756584,0.0005507757255752215
2021-11-11,4649.27,4664.55,4648.31,4659.39,3926870000,0.0005509274303756584,0.0005507757255752215,0.007222639253044116,0.007196680911038463
2021-11-12,4682.85,4688.47,4650.77,4655.24,3728600000,0.007222639253044116,0.007196680911038463,-1.0677258507119092e-05,-1.0677315509449458e-05
2021-11-15,4682.8,4697.42,4672.86,4689.3,3488410000,-1.0677258507119092e-05,-1.0677315509449458e-05,0.003865208849406221,0.0038577581225869607
2021-11-16,4700.9,4714.95,4679.42,4679.42,3972640000,0.003865208849406221,0.0038577581225869607,-0.0026016294752068125,-0.002605019594335725
2021-11-17,4688.67,4701.5,4684.41,4701.5,3969070000,-0.0026016294752068125,-0.002605019594335725,0.00338475516511072,0.003379039774514253
2021-11-18,4704.54,4708.8,4672.78,4700.72,4226410000,0.00338475516511072,0.003379039774514253,-0.0013986489646171663,-0.0013996279870592404
2021-11-19,4697.96,4717.75,4694.22,4708.44,4253180000,-0.0013986489646171663,-0.0013996279870592404,-0.0031971323723489764,-0.0032022541195681504
2021-11-22,4682.94,4743.83,4682.17,4712.0,4441100000,-0.0031971323723489764,-0.0032022541195681504,0.0016570786727996278,0.001655707232782677
2021-11-23,4690.7,4699.39,4652.66,4678.48,4277590000,0.0016570786727996278,0.001655707232782677,0.002293900697124096,0.0022912737234973743
2021-11-24,4701.46,4702.87,4659.89,4675.78,3418430000,0.002293900697124096,0.0022912737234973743,-0.02272485568312821,-0.022987044973283768
2021-11-26,4594.62,4664.63,4585.43,4664.63,3517700000,-0.02272485568312821,-0.022987044973283768,0.013200221128189193,0.013113857392683798
2021-11-29,4655.27,4672.95,4625.26,4628.75,4336410000,0.013200221128189193,0.013113857392683798,-0.01896130621854386,-0.019143376992336782
2021-11-30,4567.0,4646.02,4560.0,4640.25,6625990000,-0.01896130621854386,-0.019143376992336782,-0.011815195971097037,-0.011885550113429818
2021-12-01,4513.04,4652.94,4510.27,4602.82,5366730000,-0.011815195971097037,-0.011885550113429818,0.014194423271231882,0.014094625715697029
2021-12-02,4577.1,4595.46,4504.73,4504.73,5077180000,0.014194423271231882,0.014094625715697029,-0.00844858097922263,-0.008484472537634197
2021-12-03,4538.43,4608.03,4495.12,4589.49,5240070000,-0.00844858097922263,-0.008484472537634197,0.011730928977641941,0.011662655055923081
2021-12-06,4591.67,4612.6,4540.51,4548.37,4770800000,0.011730928977641941,0.011662655055923081,0.020707063007576743,0.020495586171745628
2021-12-07,4686.75,4694.04,4631.97,4631.97,4492400000,0.020707063007576743,0.020495586171745628,0.0030852936469836223,0.003080543895616996
2021-12-08,4701.21,4705.06,4674.52,4690.86,4234600000,0.0030852936469836223,0.003080543895616996,-0.007181129964413446,-0.007207038387208448
2021-12-09,4667.45,4695.26,4665.98,4691.0,3903840000,-0.007181129964413446,-0.007207038387208448,0.00954911139915815,0.009503806818878939
2021-12-10,4712.02,4713.57,4670.24,4687.64,3870110000,0.00954911139915815,0.009503806818878939,-0.009136209099282255,-0.009178200213042893
2021-12-13,4668.97,4710.3,4667.6,4710.3,4397230000,-0.009136209099282255,-0.009178200213042893,-0.007470598440341258,-0.007498643121874399
2021-12-14,4634.09,4660.47,4606.52,4642.99,4485430000,-0.007470598440341258,-0.007498643121874399,0.016348409288555077,0.016216212899904034
2021-12-15,4709.85,4712.6,4611.22,4636.46,4910130000,0.016348409288555077,0.016216212899904034,-0.00874337823922211,-0.008781825842753357
2021-12-16,4668.67,4731.99,4651.89,4719.13,4829500000,-0.00874337823922211,-0.008781825842753357,-0.010287726483131143,-0.010341010906645293
2021-12-17,4620.64,4666.7,4600.22,4652.5,7987090000,-0.010287726483131143,-0.010341010906645293,-0.011388032826621375,-0.011453373010201799
2021-12-20,4568.02,4587.9,4531.1,4587.9,4635700000,-0.011388032826621375,-0.011453373010201799,0.017777943178882483,0.01762176386180875
2021-12-21,4649.23,4651.14,4583.16,4594.96,4072430000,0.017777943178882483,0.01762176386180875,0.010180180373954517,0.010128711352276767
2021-12-22,4696.56,4697.67,4645.53,4650.36,3319610000,0.010180180373954517,0.010128711352276767,0.006223704157936716,0.006204416895324275
2021-12-23,4725.79,4740.74,4703.96,4703.96,2913040000,0.006223704157936716,0.006204416895324275,0.01383895602639984,0.013744072068897223
2021-12-27,4791.19,4791.49,4733.99,4733.99,2770290000,0.01383895602639984,0.013744072068897223,-0.0010101874482121298,-0.0010106980314378653
2021-12-28,4786.35,4807.02,4780.04,4795.49,2707920000,-0.0010101874482121298,-0.0010106980314378653,0.0014019033292591576,0.001400921580224578
2021-12-29,4793.06,4804.06,4778.08,4788.64,2963310000,0.0014019033292591576,0.001400921580224578,-0.002989739331450192,-0.002994217530076943
2021-12-30,4778.73,4808.93,4775.33,4794.23,3124950000,-0.002989739331450192,-0.002994217530076943,-0.0026262207741385435,-0.0026296753415458013
2021-12-31,4766.18,4786.83,4765.75,4775.21,2677820000,-0.0026262207741385435,-0.0026296753415458013,0.00637407735335227,0.006353848835552744
2022-01-03,4796.56,4796.64,4758.17,4778.14,3831020000,0.00637407735335227,0.006353848835552744,-0.000629617892823231,-0.000629816185405453
2022-01-04,4793.54,4818.62,4774.27,4804.51,4683170000,-0.000629617892823231,-0.000629816185405453,-0.01939276609770646,-0.019583272775802296
2022-01-05,4700.58,4797.7,4699.44,4787.99,4887960000,-0.01939276609770646,-0.019583272775802296,-0.0009637108612128298,-0.0009641755290858112
2022-01-06,4696.05,4725.01,4671.26,4693.39,4295280000,-0.0009637108612128298,-0.0009641755290858112,-0.0040502124125595396,-0.004058436737205577
2022-01-07,4677.03,4707.95,4662.74,4697.66,4181510000,-0.0040502124125595396,-0.004058436737205577,-0.0014410854751839564,-0.0014421248375173315
2022-01-10,4670.29,4673.02,4582.24,4655.34,4511810000,-0.0014410854751839564,-0.0014421248375173315,0.009160030747555226,0.009118332112991406
2022-01-11,4713.07,4714.13,4638.27,4669.14,4101590000,0.009160030747555226,0.009118332112991406,0.002817696321081753,0.0028137340560308905
2022-01-12,4726.35,4748.83,4706.71,4728.59,4048220000,0.002817696321081753,0.0028137340560308905,-0.014243549462058636,-0.014345962458906215
2022-01-13,4659.03,4744.13,4650.29,4733.56,4251730000,-0.014243549462058636,-0.014345962458906215,0.0008199131578892072,0.0008195772127140056
2022-01-14,4662.85,4665.13,4614.75,4637.99,4338490000,0.0008199131578892072,0.0008195772127140056,-0.0183878958147915,-0.018559054584436702
2022-01-18,4577.11,4632.24,4568.7,4632.24,4748700000,-0.0183878958147915,-0.018559054584436702,-0.009689520243122751,-0.009736769104655738
2022-01-19,4532.76,4611.55,4530.2,4588.03,4465740000,-0.009689520243122751,-0.009736769104655738,-0.01103742532143781,-0.011098789654240207
2022-01-20,4482.73,4602.11,4477.95,4547.35,4640870000,-0.01103742532143781,-0.011098789654240207,-0.01891481307149878,-0.01909598635863535
2022-01-21,4397.94,4494.52,4395.34,4471.38,5589100000,-0.01891481307149878,-0.01909598635863535,0.0027717522294530283,0.002767918007616829
2022-01-24,4410.13,4417.35,4222.62,4356.32,6928110000,0.0027717522294530283,0.002767918007616829,-0.012171976789799865,-0.012246661962160472
2022-01-25,4356.45,4411.01,4287.11,4366.64,5145050000,-0.012171976789799865,-0.012246661962160472,-0.0014966314315554285,-0.0014977525030699156
2022-01-26,4349.93,4453.23,4304.8,4408.43,5570640000,-0.0014966314315554285,-0.0014977525030699156,-0.005383994684971971,-0.005398540617999041
2022-01-27,4326.51,4428.74,4309.5,4380.58,5214200000,-0.005383994684971971,-0.005398540617999041,0.024347568825681787,0.024055891707799003
2022-01-28,4431.85,4432.72,4292.46,4336.19,5031090000,0.024347568825681787,0.024055891707799003,0.018886018254227865,0.018709891511396817
2022-01-31,4515.55,4516.89,4414.02,4431.79,5098610000,0.018886018254227865,0.018709891511396817,0.006862951356977565,0.006839508503304335
2022-02-01,4546.54,4550.49,4483.53,4519.57,4816830000,0.006862951356977565,0.006839508503304335,0.009422549895085064,0.009378434574517935
2022-02-02,4589.38,4595.31,4544.32,4566.39,4481580000,0.009422549895085064,0.009378434574517935,-0.024391094221877574,-0.02469348416817584
2022-02-03,4477.44,4542.88,4470.39,4535.41,4401970000,-0.024391094221877574,-0.02469348416817584,0.005156964694110977,0.0051437130908578545
2022-02-04,4500.53,4539.66,4451.5,4482.79,4706290000,0.005156964694110977,0.0051437130908578545,-0.003701786234065696,-0.003708654800609762
2022-02-07,4483.87,4521.86,4471.47,4505.75,4228480000,-0.003701786234065696,-0.003708654800609762,0.008401224834796661,0.008366130962778839
2022-02-08,4521.54,4531.32,4465.4,4480.02,4459620000,0.008401224834796661,0.008366130962778839,0.014517177775713597,0.014412812398356309
2022-02-09,4587.18,4590.03,4547.0,4547.0,4524350000,0.014517177775713597,0.014412812398356309,-0.018115705073705524,-0.0182818035103296
2022-02-10,4504.08,4588.92,4484.31,4553.24,5314860000,-0.018115705073705524,-0.0182818035103296,-0.0189694676826343,-0.019151696234065794
2022-02-11,4418.64,4526.33,4401.41,4506.27,5251500000,-0.0189694676826343,-0.019151696234065794,-0.0038405482229827426,-0.003847942065319174
2022-02-14,4401.67,4426.22,4364.84,4412.61,4600390000,-0.0038405482229827426,-0.003847942065319174,0.015766743077059386,0.015643739212372925
2022-02-15,4471.07,4472.77,4429.28,4429.28,4430830000,0.015766743077059386,0.015643739212372925,0.0008812208263346832,0.0008808327792157024
2022-02-16,4475.01,4489.55,4429.68,4455.75,4283640000,0.0008812208263346832,0.0008808327792157024,-0.021173137043269175,-0.02140050300402348
2022-02-17,4380.26,4456.06,4373.81,4456.06,4539420000,-0.021173137043269175,-0.02140050300402348,-0.007166241273349194,-0.007192042117620436
2022-02-18,4348.87,4394.6,4327.22,4384.57,4708060000,-0.007166241273349194,-0.007192042117620436,-0.010142864698185927,-0.010194654042815754
2022-02-22,4304.76,4362.12,4267.11,4332.74,5121900000,-0.010142864698185927,-0.010194654042815754,-0.018412176288573612,-0.01858379019433392
2022-02-23,4225.5,4341.51,4221.51,4324.93,4797430000,-0.018412176288573612,-0.01858379019433392,0.014956809844988816,0.014846059711535551
2022-02-24,4288.7,4294.73,4114.65,4155.77,6752130000,0.014956809844988816,0.014846059711535551,0.022372746986266234,0.022126148364756827
2022-02-25,4384.65,4385.34,4286.83,4298.38,5177060000,0.022372746986266234,0.022126148364756827,-0.002442612295166069,-0.002445600339325641
2022-02-28,4373.94,4388.84,4315.12,4354.17,6071370000,-0.002442612295166069,-0.002445600339325641,-0.015473463284818578,-0.015594426756135317
2022-03-01,4306.26,4378.45,4279.54,4363.14,5846230000,-0.015473463284818578,-0.015594426756135317,0.018642627244987553,0.01847098344898933
2022-03-02,4386.54,4401.48,4322.56,4322.56,5337870000,0.018642627244987553,0.01847098344898933,-0.005254711002293466,-0.005268565551901082
2022-03-03,4363.49,4416.78,4345.56,4401.31,5039890000,-0.005254711002293466,-0.005268565551901082,-0.00793401612012401,-0.007965657901416316
2022-03-04,4328.87,4342.12,4284.98,4342.12,5797380000,-0.00793401612012401,-0.007965657901416316,-0.02951809594651711,-0.02996252255053501
2022-03-07,4201.09,4327.01,4199.85,4327.01,6940470000,-0.02951809594651711,-0.02996252255053501,-0.007233836932796112,-0.007260127998095252
2022-03-08,4170.7,4276.94,4157.87,4202.66,7243120000,-0.007233836932796112,-0.007260127998095252,0.025698324022346508,0.02537367234563523
2022-03-09,4277.88,4299.4,4223.1,4223.1,5662670000,0.025698324022346508,0.02537367234563523,-0.0042918454935622075,-0.0043010818993905854
2022-03-10,4259.52,4268.28,4209.8,4252.55,4980830000,-0.0042918454935622075,-0.0043010818993905854,-0.012961554353542182,-0.013046288284512193
2022-03-11,4204.31,4291.01,4200.49,4279.5,4938640000,-0.012961554353542182,-0.013046288284512193,-0.00742095611408311,-0.007448628397104686
2022-03-14,4173.11,4247.57,4161.72,4202.75,5574920000,-0.00742095611408311,-0.007448628397104686,0.021408493905025416,0.021182551140656723
2022-03-15,4262.45,4271.05,4187.9,4188.82,5392470000,0.021408493905025416,0.021182551140656723,0.022383840279651235,0.022136998842954763
2022-03-16,4357.86,4358.9,4251.99,4288.14,6309750000,0.022383840279651235,0.022136998842954763,0.012347803738532281,0.012272191404503483
2022-03-17,4411.67,4412.67,4335.65,4345.11,4985090000,0.012347803738532281,0.012272191404503483,0.011662250349640857,0.011594770446318643
2022-03-18,4463.12,4465.4,4390.57,4407.34,8278430000,0.011662250349640857,0.011594770446318643,-0.00043467350194470455,-0.00043476799985616853
2022-03-21,4461.18,4481.75,4424.3,4462.4,4869820000,-0.00043467350194470455,-0.00043476799985616853,0.011304184094790948,0.011240769260246017
2022-03-22,4511.61,4522.0,4469.1,4469.1,4754840000,0.011304184094790948,0.011240769260246017,-0.012272780670315009,-0.01234871315104348
2022-03-23,4456.24,4501.07,4455.81,4493.1,4550670000,-0.012272780670315009,-0.01234871315104348,0.014343931206577842,0.014242030309045384
2022-03-24,4520.16,4520.58,4465.17,4469.98,4131390000,0.014343931206577842,0.014242030309045384,0.005066192347173759,0.0050534023741785035
2022-03-25,4543.06,4546.03,4501.07,4522.91,4305020000,0.005066192347173759,0.0050534023741785035,0.007144963967017803,0.007119559648821334
2022-03-28,4575.52,4575.65,4517.69,4541.09,4312260000,0.007144963967017803,0.007119559648821334,0.012256530405287291,0.012182027285255538
2022-03-29,4631.6,4637.3,4589.66,4602.86,5085910000,0.012256530405287291,0.012182027285255538,-0.006293721392175655,-0.006313610350948985
2022-03-30,4602.45,4627.77,4581.32,4624.2,4385570000,-0.006293721392175655,-0.006313610350948985,-0.015652532890091164,-0.01577632727939729
2022-03-31,4530.41,4603.07,4530.41,4599.02,4823020000,-0.015652532890091164,-0.01577632727939729,0.0034102873691344016,0.003404485526057287
2022-04-01,4545.86,4548.7,4507.57,4540.32,4562940000,0.0034102873691344016,0.003404485526057287,0.0080908782936564,0.00805832262263298
2022-04-04,4582.64,4583.5,4539.21,4547.97,4547350000,0.0080908782936564,0.00805832262263298,-0.012551716914267819,-0.012631155137050305
2022-04-05,4525.12,4593.45,4514.17,4572.45,4800620000,-0.012551716914267819,-0.012631155137050305,-0.009716869386889204,-0.009764386222700547
2022-04-06,4481.15,4503.94,4450.04,4494.17,4986830000,-0.009716869386889204,-0.009764386222700547,0.004253372460194527,0.004244352439511796
2022-04-07,4500.21,4521.16,4450.3,4474.65,4821490000,0.004253372460194527,0.004244352439511796,-0.0026509873983658894,-0.002654507487977465
2022-04-08,4488.28,4520.41,4474.6,4494.15,4083200000,-0.0026509873983658894,-0.002654507487977465,-0.01687728929567678,-0.01702133376294985
2022-04-11,4412.53,4464.35,4408.38,4462.64,4266290000,-0.01687728929567678,-0.01702133376294985,-0.003417540503973915,-0.0034233936348681705
2022-04-12,4397.45,4471.0,4381.34,4437.59,4152090000,-0.003417540503973915,-0.0034233936348681705,0.011174658040455254,0.011112682823133003
2022-04-13,4446.59,4453.92,4392.7,4394.3,3828150000,0.011174658040455254,0.011112682823133003,-0.012144137417661627,-0.012218479951525796
2022-04-14,4392.59,4460.46,4390.77,4449.12,4083090000,-0.012144137417661627,-0.012218479951525796,-0.000204890508788802,-0.00020491150171664794
2022-04-18,4391.69,4410.31,4370.3,4385.63,3910490000,-0.000204890508788802,-0.00020491150171664794,0.016057599693967584,0.015930040161497565
2022-04-19,4462.21,4471.03,4390.63,4390.63,4108120000,0.016057599693967584,0.015930040161497565,-0.0006185275905885579,-0.0006187189576933424
2022-04-20,4459.45,4488.29,4448.76,4472.26,4290450000,-0.0006185275905885579,-0.0006187189576933424,-0.01475294038502506,-0.014862847316476122
2022-04-21,4393.66,4512.94,4384.47,4489.17,4636890000,-0.01475294038502506,-0.014862847316476122,-0.02773997077607282,-0.02813199052103028
2022-04-22,4271.78,4385.83,4267.62,4385.83,4651940000,-0.02773997077607282,-0.02813199052103028,0.005697858972138148,0.005681687572860796
2022-04-25,4296.12,4299.02,4200.82,4255.34,5240040000,0.005697858972138148,0.005681687572860796,-0.02814632738377887,-0.02855002843027312
2022-04-26,4175.2,4278.14,4175.04,4278.14,4689970000,-0.02814632738377887,-0.02855002843027312,0.002098103084882119,0.0020959051404105173
2022-04-27,4183.96,4240.71,4162.9,4186.52,4769680000,0.002098103084882119,0.0020959051404105173,0.02474689050564538,0.02444564600458133
2022-04-28,4287.5,4308.45,4188.63,4222.58,4854180000,0.02474689050564538,0.02444564600458133,-0.03628454810495618,-0.03695920232685872
2022-04-29,4131.93,4269.68,4124.28,4253.75,5084030000,-0.03628454810495618,-0.03695920232685872,0.005675313957399952,0.00565927003737552
2022-05-02,4155.38,4169.81,4062.51,4130.61,5163790000,0.005675313957399952,0.00565927003737552,0.004837102743912469,0.004825441551572873
2022-05-03,4175.48,4200.1,4147.08,4159.78,4582050000,0.004837102743912469,0.004825441551572873,0.0298624349775356,0.029425235047606604
2022-05-04,4300.17,4307.66,4148.91,4181.18,5136360000,0.0298624349775356,0.029425235047606604,-0.03564975338184306,-0.0363007239912506
2022-05-05,4146.87,4270.43,4106.01,4270.43,5077030000,-0.03564975338184306,-0.0363007239912506,-0.005674159064547379,-0.005690318260649576
2022-05-06,4123.34,4157.69,4067.91,4128.17,5116940000,-0.005674159064547379,-0.005690318260649576,-0.032037134944001844,-0.03256155498687775
2022-05-09,3991.24,4081.27,3975.48,4081.27,5954520000,-0.032037134944001844,-0.03256155498687775,0.00245788276325154,0.0024548671098168664
2022-05-10,4001.05,4068.82,3958.17,4035.18,5885820000,0.00245788276325154,0.0024548671098168664,-0.016463178415666024,-0.016600202520523653
2022-05-11,3935.18,4049.09,3928.82,3990.08,5816140000,-0.016463178415666024,-0.016600202520523653,-0.0012960017076728558,-0.0012968422441889949
2022-05-12,3930.08,3964.8,3858.87,3903.95,6286450000,-0.0012960017076728558,-0.0012968422441889949,0.02386974310955492,0.023589314531626496
2022-05-13,4023.89,4038.88,3963.9,3963.9,5183340000,0.02386974310955492,0.023589314531626496,-0.003946429947140562,-0.003954237650276509
2022-05-16,4008.01,4046.46,3983.99,4013.02,4415030000,-0.003946429947140562,-0.003954237650276509,0.020169610355263545,0.019968898134440815
2022-05-17,4088.85,4090.72,4033.93,4052.0,4841410000,0.020169610355263545,0.019968898134440815,-0.04039522115020122,-0.041233767985439373
2022-05-18,3923.68,4051.98,3911.91,4051.98,5103220000,-0.04039522115020122,-0.041233767985439373,-0.005833809077192775,-0.005850892213605512
2022-05-19,3900.79,3945.96,3876.58,3899.0,5113550000,-0.005833809077192775,-0.005850892213605512,0.00014612424662696633,0.00014611357151915558
2022-05-20,3901.36,3943.42,3810.32,3927.76,5130730000,0.00014612424662696633,0.00014611357151915558,0.01855506797629536,0.018385022946529016
2022-05-23,3973.75,3981.88,3909.04,3919.42,4420030000,0.01855506797629536,0.018385022946529016,-0.008120792702107527,-0.008153945948249348
2022-05-24,3941.48,3955.68,3875.13,3942.94,4923190000,-0.008120792702107527,-0.008153945948249348,0.009450764687376267,0.009406385602538606
2022-05-25,3978.73,3999.33,3925.03,3929.59,4802560000,0.009450764687376267,0.009406385602538606,0.01988322907058282,0.019688139439344957
2022-05-26,4057.84,4075.14,3984.6,3984.6,4709970000,0.01988322907058282,0.019688139439344957,0.024742227391912897,0.024441095491293145
2022-05-27,4158.24,4158.49,4077.43,4077.43,4375620000,0.024742227391912897,0.024441095491293145,-0.006274289122320975,-0.0062940551963996914
2022-05-31,4132.15,4168.34,4104.88,4151.09,6822640000,-0.006274289122320975,-0.0062940551963996914,-0.007482787410912017,-0.007510923912143033
2022-06-01,4101.23,4166.54,4073.85,4149.78,4531800000,-0.007482787410912017,-0.007510923912143033,0.018431056049039052,0.01826326273820275
2022-06-02,4176.82,4177.51,4074.37,4095.41,4405790000,0.018431056049039052,0.01826326273820275,-0.016347364741597592,-0.016482457202400495
2022-06-03,4108.54,4142.67,4098.67,4137.57,3711110000,-0.016347364741597592,-0.016482457202400495,0.0031373675320187644,0.0031324562641237242
2022-06-06,4121.43,4168.78,4109.18,4134.72,4332700000,0.0031373675320187644,0.0031324562641237242,0.009523393579413009,0.009478331934066117
2022-06-07,4160.68,4164.86,4080.19,4096.47,4248210000,0.009523393579413009,0.009478331934066117,-0.010793908688002896,-0.010852585537420805
2022-06-08,4115.77,4160.14,4107.2,4147.12,4159470000,-0.010793908688002896,-0.010852585537420805,-0.023798705952956634,-0.02408646993373481
2022-06-09,4017.82,4119.1,4017.17,4101.65,4134170000,-0.023798705952956634,-0.02408646993373481,-0.02911031355312088,-0.02954242533536117
2022-06-10,3900.86,3974.39,3900.16,3974.39,4889640000,-0.02911031355312088,-0.02954242533536117,-0.03876837415339185,-0.039539873198958186
2022-06-13,3749.63,3838.15,3734.3,3838.15,5636890000,-0.03876837415339185,-0.039539873198958186,-0.0037737056722930706,-0.0037808440639954524
2022-06-14,3735.48,3778.18,3705.68,3763.52,5153890000,-0.0037737056722930706,-0.0037808440639954524,0.014592502168395916,0.014487056184644877
2022-06-15,3789.99,3837.56,3722.3,3764.05,5530480000,0.014592502168395916,0.014487056184644877,-0.032511959134456814,-0.033052215017083934
2022-06-16,3666.77,3728.18,3639.77,3728.18,5644930000,-0.032511959134456814,-0.033052215017083934,0.0022008470670371594,0.0021984287507105164
2022-06-17,3674.84,3707.71,3636.87,3665.9,8520740000,0.0022008470670371594,0.0021984287507105164,0.02447725615264873,0.02418248850178457
2022-06-21,3764.79,3779.65,3715.31,3715.31,5292260000,0.02447725615264873,0.02418248850178457,-0.0013015334188627437,-0.0013023811491289687
2022-06-22,3759.89,3801.79,3717.69,3733.89,5058990000,-0.0013015334188627437,-0.0013023811491289687,0.009532193760987795,0.0094870490606574
2022-06-23,3795.73,3802.58,3743.52,3774.71,5098640000,0.009532193760987795,0.0094870490606574,0.03056329085577736,0.030105537080807647
2022-06-24,3911.74,3913.65,3821.75,3821.75,8120260000,0.03056329085577736,0.030105537080807647,-0.002973101484249896,-0.0029775299301252065
2022-06-27,3900.11,3927.72,3889.66,3920.76,4325310000,-0.002973101484249896,-0.0029775299301252065,-0.02014302160708281,-0.020348658383248716
2022-06-28,3821.55,3945.86,3820.14,3913.0,4270120000,-0.02014302160708281,-0.020348658383248716,-0.000711753084481459,-0.0007120065009618694
2022-06-29,3818.83,3836.5,3799.02,3825.09,4211240000,-0.000711753084481459,-0.0007120065009618694,-0.008759227302603145,-0.00879781483060845
2022-06-30,3785.38,3818.99,3738.67,3785.99,4840070000,-0.008759227302603145,-0.00879781483060845,0.010553762105785847,0.010498459915641863
2022-07-01,3825.33,3829.82,3752.1,3781.0,4046950000,0.010553762105785847,0.010498459915641863,0.0015841770513915776,0.0015829235665797978
2022-07-05,3831.39,3832.19,3742.06,3792.61,5076590000,0.0015841770513915776,0.0015829235665797978,0.0035731157621645693,0.003566747349581468
2022-07-06,3845.08,3870.91,3809.37,3831.98,4417720000,0.0035731157621645693,0.003566747349581468,0.014964578110208349,0.014853713471199018
2022-07-07,3902.62,3910.63,3858.85,3858.85,4057770000,0.014964578110208349,0.014853713471199018,-0.0008302114989416909,-0.0008305563153684295
2022-07-08,3899.38,3918.5,3869.34,3888.26,3521620000,-0.0008302114989416909,-0.0008305563153684295,-0.011527473598367033,-0.01159442997810581
2022-07-11,3854.43,3880.94,3847.22,3880.94,3423480000,-0.011527473598367033,-0.01159442997810581,-0.009243908956706903,-0.009286899019016758
2022-07-12,3818.8,3873.41,3802.36,3851.95,3817210000,-0.009243908956706903,-0.009286899019016758,-0.004456897454697795,-0.004466859031662644
2022-07-13,3801.78,3829.44,3759.07,3779.67,4109390000,-0.004456897454697795,-0.004466859031662644,-0.00299859539478875,-0.0030031001895847553
2022-07-14,3790.38,3796.41,3721.56,3763.99,4199690000,-0.00299859539478875,-0.0030031001895847553,0.019201241036518768,0.01901922349251537
2022-07-15,3863.16,3863.62,3817.18,3818.0,4143800000,0.019201241036518768,0.01901922349251537,-0.008363619420370894,-0.008398790728860633
2022-07-18,3830.85,3902.44,3818.63,3883.79,4046870000,-0.008363619420370894,-0.008398790728860633,0.027628333137554417,0.027253558019802913
2022-07-19,3936.69,3939.81,3860.73,3860.73,4041070000,0.027628333137554417,0.027253558019802913,0.005895816028186118,0.005878503718335059
2022-07-20,3959.9,3974.13,3922.03,3935.32,4185300000,0.005895816028186118,0.005878503718335059,0.009861360135356989,0.009813054238448901
2022-07-21,3998.95,3999.29,3927.64,3955.47,4132790000,0.009861360135356989,0.009813054238448901,-0.009332449768064022,-0.00937626992342271
2022-07-22,3961.63,4012.44,3938.86,3998.43,3979240000,-0.009332449768064022,-0.00937626992342271,0.0013151152429682345,0.0013142512363463167
2022-07-25,3966.84,3975.3,3943.46,3965.72,3568340000,0.0013151152429682345,0.0013142512363463167,-0.011543193070554847,-0.01161033289574997
2022-07-26,3921.05,3953.22,3910.74,3953.22,3778950000,-0.011543193070554847,-0.01161033289574997,0.026156259165274642,0.02582003453356371
2022-07-27,4023.61,4039.56,3951.43,3951.43,4112180000,0.026156259165274642,0.02582003453356371,0.012133382708562568,0.012060363275690102
2022-07-28,4072.43,4078.95,3992.97,4026.13,4413000000,0.012133382708562568,0.012060363275690102,0.014207733466259809,0.014107749538291978
2022-07-29,4130.29,4140.15,4079.22,4087.33,4616360000,0.014207733466259809,0.014107749538291978,-0.0028230463236237346,-0.0028270386343186996
2022-08-01,4118.63,4144.95,4096.02,4112.38,4202810000,-0.0028230463236237346,-0.0028270386343186996,-0.006662409587654183,-0.006684702509967414
2022-08-02,4091.19,4140.47,4079.81,4104.21,4727710000,-0.006662409587654183,-0.006684702509967414,0.015638481713144525,0.015517460750035557
2022-08-03,4155.17,4167.66,4107.96,4107.96,4351760000,0.015638481713144525,0.015517460750035557,-0.0007773448499099889,-0.0007776471390832699
2022-08-04,4151.94,4161.29,4135.42,4154.85,4283320000,-0.0007773448499099889,-0.0007776471390832699,-0.0016257460367924415,-0.0016270689959386672
2022-08-05,4145.19,4151.58,4107.31,4115.87,4085940000,-0.0016257460367924415,-0.0016270689959386672,-0.0012375789770792123,-0.0012383454103545306
2022-08-08,4140.06,4186.62,4128.97,4155.93,4221090000,-0.0012375789770792123,-0.0012383454103545306,-0.004248730694724312,-0.004257782198348112
2022-08-09,4122.47,4137.3,4112.09,4133.11,3913090000,-0.004248730694724312,-0.004257782198348112,0.021290634013103604,0.021067154907856916
2022-08-10,4210.24,4211.03,4177.26,4181.02,4546010000,0.021290634013103604,0.021067154907856916,-0.0007054229687617486,-0.0007056718966173459
2022-08-11,4207.27,4257.91,4201.41,4227.4,4630200000,-0.0007054229687617486,-0.0007056718966173459,0.01732239670855429,0.01717407440983608
2022-08-12,4280.15,4280.47,4219.78,4225.02,3788010000,0.01732239670855429,0.01717407440983608,0.00396948705068767,0.003961629423932771
2022-08-15,4297.14,4301.79,4256.9,4269.37,3696830000,0.00396948705068767,0.003961629423932771,0.0018756661407353103,0.0018739092755182558
2022-08-16,4305.2,4325.28,4277.77,4290.46,4329820000,0.0018756661407353103,0.0018739092755182558,-0.0072377589891293725,-0.00726407864047862
2022-08-17,4274.04,4302.18,4253.08,4280.4,3885030000,-0.0072377589891293725,-0.00726407864047862,0.0022695154935377104,0.002266944033161183
2022-08-18,4283.74,4292.53,4261.98,4273.13,3340330000,0.0022695154935377104,0.002266944033161183,-0.012899942573545653,-0.012983869381359623
2022-08-19,4228.48,4266.31,4218.7,4266.31,3761340000,-0.012899942573545653,-0.012983869381359623,-0.021400124867564707,-0.021632427725287454
2022-08-22,4137.99,4195.08,4129.86,4195.08,3907430000,-0.021400124867564707,-0.021632427725287454,-0.0022378014446627903,-0.002240309064050325
2022-08-23,4128.73,4159.77,4124.03,4133.09,3823520000,-0.0022378014446627903,-0.002240309064050325,0.0029161509713642175,0.002911907251337381
2022-08-24,4140.77,4156.56,4119.97,4126.55,3583630000,0.0029161509713642175,0.002911907251337381,0.014091582000449021,0.013993218645290096
2022-08-25,4199.12,4200.54,4147.59,4153.26,3566870000,0.014091582000449021,0.013993218645290096,-0.033688010821315006,-0.03426852674898546
2022-08-26,4057.66,4203.04,4057.66,4198.74,3832750000,-0.033688010821315006,-0.03426852674898546,-0.0066664037893761074,-0.006688723509263949
2022-08-29,4030.61,4062.99,4017.42,4034.58,3396510000,-0.0066664037893761074,-0.006688723509263949,-0.011028107408059928,-0.011089367791653617
2022-08-30,3986.16,4044.98,3965.21,4041.25,3835860000,-0.011028107408059928,-0.011089367791653617,-0.007817046982559583,-0.00784776025709875
2022-08-31,3955.0,4015.37,3954.53,4000.67,4542490000,-0.007817046982559583,-0.00784776025709875,0.002996207332490508,0.0029917276491103818
2022-09-01,3966.85,3970.23,3903.65,3936.73,4152250000,0.002996207332490508,0.0029917276491103818,-0.010736478566116592,-0.010794530441166154
2022-09-02,3924.26,4018.43,3906.21,3994.66,3665850000,-0.010736478566116592,-0.010794530441166154,-0.004095039574340209,-0.00410344720981454
2022-09-06,3908.19,3942.55,3886.75,3930.89,4127340000,-0.004095039574340209,-0.00410344720981454,0.018340971140093032,0.018174804228558855
2022-09-07,3979.87,3987.89,3906.03,3909.43,3890320000,0.018340971140093032,0.018174804228558855,0.006610768693449787,0.0065890133889801
2022-09-08,4006.18,4010.5,3944.81,3959.94,3966850000,0.006610768693449787,0.0065890133889801,0.015271405678227268,0.015155971507018435
2022-09-09,4067.36,4076.81,4022.94,4022.94,3901940000,0.015271405678227268,0.015155971507018435,0.01058426104401855,0.010528639881468727
2022-09-12,4110.41,4119.28,4083.67,4083.67,3814200000,0.01058426104401855,0.010528639881468727,-0.043236562775976095,-0.04419911011958206
2022-09-13,3932.69,4037.12,3921.28,4037.12,4224550000,-0.043236562775976095,-0.04419911011958206,0.0033869946525153516,0.003381271704881856
2022-09-14,3946.01,3961.94,3912.18,3940.73,4293240000,0.0033869946525153516,0.003381271704881856,-0.011317761485652666,-0.011382294724738607
2022-09-15,3901.35,3959.14,3888.28,3932.41,4441830000,-0.011317761485652666,-0.011382294724738607,-0.007182129262947479,-0.007208044914246866
2022-09-16,3873.33,3880.95,3837.08,3880.95,7954650000,-0.007182129262947479,-0.007208044914246866,0.006857148758303566,0.006833745439536254
2022-09-19,3899.89,3900.45,3838.5,3849.91,3766850000,0.006857148758303566,0.006833745439536254,-0.011272112803181633,-0.01133612455307255
2022-09-20,3855.93,3876.01,3827.54,3875.23,4058050000,-0.011272112803181633,-0.01133612455307255,-0.017116493297336777,-0.017264673789774226
2022-09-21,3789.93,3907.07,3789.49,3871.4,4078330000,-0.017116493297336777,-0.017264673789774226,-0.008427596288058115,-0.00846330926893181
2022-09-22,3757.99,3790.9,3749.45,3782.36,4284600000,-0.008427596288058115,-0.00846330926893181,-0.01723261637204987,-0.017382826077567966
2022-09-23,3693.23,3727.14,3647.47,3727.14,5144270000,-0.01723261637204987,-0.017382826077567966,-0.010340542018774879,-0.010394376865970473
2022-09-26,3655.04,3715.67,3644.76,3682.72,4886140000,-0.010340542018774879,-0.010394376865970473,-0.0021203598319033956,-0.0021226109775338642
2022-09-27,3647.29,3717.53,3623.29,3686.44,4577740000,-0.0021203598319033956,-0.0021226109775338642,0.019672140136923533,0.019481144387776417
2022-09-28,3719.04,3736.74,3640.61,3651.94,4684850000,0.019672140136923533,0.019481144387776417,-0.021126419721218426,-0.02135277627216209
2022-09-29,3640.47,3687.01,3610.4,3687.01,4681810000,-0.021126419721218426,-0.02135277627216209,-0.01506673588849794,-0.015181392276394085
2022-09-30,3585.62,3671.44,3584.13,3633.48,5645360000,-0.01506673588849794,-0.015181392276394085,0.025883947546031072,0.02555462879740763
2022-10-03,3678.43,3698.35,3604.93,3609.78,4806680000,0.025883947546031072,0.02555462879740763,0.030583700111188827,0.03012534086530393
2022-10-04,3790.93,3791.92,3726.46,3726.46,5146580000,0.030583700111188827,0.03012534086530393,-0.0020179744811957834,-0.0020200133350643033
2022-10-05,3783.28,3806.91,3722.66,3753.25,4293180000,-0.0020179744811957834,-0.0020200133350643033,-0.010245078344716774,-0.010297920383574249
2022-10-06,3744.52,3797.93,3739.22,3771.97,4252100000,-0.010245078344716774,-0.010297920383574249,-0.028003589245083504,-0.028403167167490584
2022-10-07,3639.66,3706.74,3620.73,3706.74,4449660000,-0.028003589245083504,-0.028403167167490584,-0.007492458086744369,-0.00752066754461965
2022-10-10,3612.39,3652.17,3588.1,3647.51,3834320000,-0.007492458086744369,-0.00752066754461965,-0.006519229651283376,-0.006540572639369859
2022-10-11,3588.84,3640.66,3568.45,3595.86,4759030000,-0.006519229651283376,-0.006540572639369859,-0.0032907569019515748,-0.0032961833504644216
2022-10-12,3577.03,3608.34,3573.86,3590.83,4006830000,-0.0032907569019515748,-0.0032961833504644216,0.025965675434648228,0.02563429144689717
2022-10-13,3669.91,3685.41,3491.58,3520.37,5021680000,0.025965675434648228,0.02563429144689717,-0.023662705624933444,-0.023947163771951822
2022-10-14,3583.07,3712.0,3579.68,3690.41,4243030000,-0.023662705624933444,-0.023947163771951822,0.026480085513260976,0.02613555691190645
2022-10-17,3677.95,3689.73,3638.65,3638.65,4352780000,0.026480085513260976,0.02613555691190645,0.011427561549232745,0.011362760181543908
2022-10-18,3719.98,3762.79,3686.53,3746.26,4483740000,0.011427561549232745,0.011362760181543908,-0.006672078882144605,-0.006694436704711702
2022-10-19,3695.16,3728.58,3666.51,3703.11,4223800000,-0.006672078882144605,-0.006694436704711702,-0.007950941231232078,-0.007982718516093059
2022-10-20,3665.78,3736.0,3656.44,3689.05,4496620000,-0.007950941231232078,-0.007982718516093059,0.023724828003862664,0.02344776785243657
2022-10-21,3752.75,3757.89,3647.42,3657.1,5078020000,0.023724828003862664,0.02344776785243657,0.011881953234294862,0.011811917059798283
2022-10-24,3797.34,3810.74,3741.65,3762.01,4747930000,0.011881953234294862,0.011811917059798283,0.01626664981276371,0.01613576532526921
2022-10-25,3859.11,3862.85,3799.44,3799.44,4843120000,0.01626664981276371,0.01613576532526921,-0.007387713747470381,-0.007415138056792231
2022-10-26,3830.6,3886.15,3824.07,3825.97,4817310000,-0.007387713747470381,-0.007415138056792231,-0.006082598026418751,-0.0061011723843323405
2022-10-27,3807.3,3859.95,3803.79,3834.69,4687320000,-0.006082598026418751,-0.0061011723843323405,0.024626375646783716,0.024328034575769396
2022-10-28,3901.06,3905.42,3808.26,3808.26,4459410000,0.024626375646783716,0.024328034575769396,-0.007454384193014141,-0.007482306966126504
2022-10-31,3871.98,3893.73,3863.18,3881.85,4820620000,-0.007454384193014141,-0.007482306966126504,-0.00410126085362017,-0.004109694089746853
2022-11-01,3856.1,3911.79,3843.8,3901.79,4481210000,-0.00410126085362017,-0.004109694089746853,-0.025001944970306722,-0.0253198028276198
2022-11-02,3759.69,3894.44,3758.68,3852.9,4899000000,-0.025001944970306722,-0.0253198028276198,-0.010585979163175718,-0.01064240923898342
2022-11-03,3719.89,3750.59,3698.15,3733.25,4625290000,-0.010585979163175718,-0.01064240923898342,0.013618682272863003,0.013526781457993704
2022-11-04,3770.55,3796.34,3708.84,3766.98,5400180000,0.013618682272863003,0.013526781457993704,0.00961398204505981,0.009568061802673562
2022-11-07,3806.8,3813.95,3764.7,3780.71,4341620000,0.00961398204505981,0.009568061802673562,0.005597877482399927,0.005582267593980096
2022-11-08,3828.11,3859.4,3786.28,3817.02,4607640000,0.005597877482399927,0.005582267593980096,-0.020777877333723382,-0.020996774887089925
2022-11-09,3748.57,3818.2,3744.22,3810.94,4645010000,-0.020777877333723382,-0.020996774887089925,0.05543447234545429,0.05395250428096393
2022-11-10,3956.37,3958.33,3859.89,3859.89,5781260000,0.05543447234545429,0.05395250428096393,0.009240793960120008,0.00919835904482699
2022-11-11,3992.93,4001.48,3944.82,3963.72,5593310000,0.009240793960120008,0.00919835904482699,-0.008935794015923149,-0.008975957665021739
2022-11-14,3957.25,4008.97,3956.4,3977.97,4561930000,-0.008935794015923149,-0.008975957665021739,0.008713121485880437,0.008675381307597811
2022-11-15,3991.73,4028.84,3953.17,4006.41,5015310000,0.008713121485880437,0.008675381307597811,-0.008252061136399536,-0.00828629787208508
2022-11-16,3958.79,3983.09,3954.34,3976.82,4165320000,-0.008252061136399536,-0.00828629787208508,-0.003089327799655983,-0.003094109623737159
2022-11-17,3946.56,3954.33,3906.54,3919.26,4051780000,-0.003089327799655983,-0.003094109623737159,0.004758574556069206,0.004747288330235593
2022-11-18,3965.34,3979.89,3935.98,3966.39,4037360000,0.004758574556069206,0.004747288330235593,-0.0038836518432215916,-0.0038912128014762935
2022-11-21,3949.94,3962.0,3933.34,3956.23,3850690000,-0.0038836518432215916,-0.0038912128014762935,0.013579953113211918,0.01348857192195737
2022-11-22,4003.58,4005.88,3956.88,3965.51,3887990000,0.013579953113211918,0.01348857192195737,0.0059147063378277576,0.005897283130642713
2022-11-23,4027.26,4033.78,3998.66,4000.3,3279720000,0.0059147063378277576,0.005897283130642713,-0.0002830708720074071,-0.000283110944129042
2022-11-25,4026.12,4034.02,4020.76,4023.34,1706460000,-0.0002830708720074071,-0.000283110944129042,-0.01544414970244301,-0.015564652905563017
2022-11-28,3963.94,4012.27,3955.77,4005.36,3615430000,-0.01544414970244301,-0.015564652905563017,-0.0015918505325509535,-0.0015931188727940442
2022-11-29,3957.63,3976.77,3937.65,3964.19,3546040000,-0.0015918505325509535,-0.0015931188727940442,0.030947814727501077,0.03047858758258928
2022-11-30,4080.11,4080.11,3938.58,3957.18,6579360000,0.030947814727501077,0.03047858758258928,-0.0008676236670089876,-0.000868000270271791
2022-12-01,4076.57,4100.51,4050.87,4087.14,4527130000,-0.0008676236670089876,-0.000868000270271791,-0.0011946317615054713,-0.0011953459028422096
2022-12-02,4071.7,4080.48,4026.63,4040.17,4012620000,-0.0011946317615054713,-0.0011953459028422096,-0.017894245646781326,-0.01805628360207544
2022-12-05,3998.84,4052.45,3984.49,4052.02,4280820000,-0.017894245646781326,-0.01805628360207544,-0.014399175760970717,-0.014503849921748772
2022-12-06,3941.26,4001.51,3918.39,3996.63,4368380000,-0.014399175760970717,-0.014503849921748772,-0.001862348589029894,-0.0018640849162627044
2022-12-07,3933.92,3957.57,3922.68,3933.28,4118050000,-0.001862348589029894,-0.0018640849162627044,0.007521759466384781,0.007493612090724109
2022-12-08,3963.51,3974.19,3935.83,3947.79,4006900000,0.007521759466384781,0.007493612090724109,-0.007349546235533633,-0.00737668721482345
2022-12-09,3934.38,3977.02,3933.04,3954.17,3888260000,-0.007349546235533633,-0.00737668721482345,0.014279251114533986,0.014178262831053962
2022-12-12,3990.56,3990.71,3935.3,3939.29,3904130000,0.014279251114533986,0.014178262831053962,0.007289703700733785,0.007263262233261697
2022-12-13,4019.65,4100.96,3993.03,4069.38,5079360000,0.007289703700733785,0.007263262233261697,-0.006052765788066128,-0.006071158028413109
2022-12-14,3995.32,4053.76,3965.65,4015.54,4472340000,-0.006052765788066128,-0.006071158028413109,-0.024921658340258168,-0.025237460791963953
2022-12-15,3895.75,3958.37,3879.45,3958.37,4493900000,-0.024921658340258168,-0.025237460791963953,-0.011137778348199956,-0.011200267830704025
2022-12-16,3852.36,3890.91,3827.91,3890.91,7493660000,-0.011137778348199956,-0.011200267830704025,-0.009007465553582783,-0.009048278034291597
2022-12-19,3817.66,3854.86,3800.04,3853.79,3969610000,-0.009007465553582783,-0.009048278034291597,0.0010372846193742458,0.001036747011419641
2022-12-20,3821.62,3838.24,3795.62,3810.47,3985370000,0.0010372846193742458,0.001036747011419641,0.014868040255179737,0.014758594440961796
2022-12-21,3878.44,3889.82,3839.49,3839.49,3775200000,0.014868040255179737,0.014758594440961796,-0.014451686760656446,-0.014557129502374849
2022-12-22,3822.39,3853.26,3764.49,3853.26,3956950000,-0.014451686760656446,-0.014557129502374849,0.005868056373107056,0.005850906388984781
2022-12-23,3844.82,3845.8,3797.01,3815.11,2819280000,0.005868056373107056,0.005850906388984781,-0.004049604402806883,-0.004057826255056132
2022-12-27,3829.25,3846.65,3813.22,3843.34,3030300000,-0.004049604402806883,-0.004057826255056132,-0.01202063067180259,-0.01209346269904926
2022-12-28,3783.22,3848.32,3780.78,3829.56,3083520000,-0.01202063067180259,-0.01209346269904926,0.017461316021801565,0.017310618960093668
2022-12-29,3849.28,3858.19,3805.45,3805.45,3003680000,0.017461316021801565,0.017310618960093668,-0.0025407348906808513,-0.0025439680351095257
2022-12-30,3839.5,3839.85,3800.34,3829.06,2979870000,-0.0025407348906808513,-0.0025439680351095257,-0.004000520901158988,-0.0040085443908070935
2023-01-03,3824.14,3878.46,3794.33,3853.29,3959140000,-0.004000520901158988,-0.0040085443908070935,0.00753894993384141,0.007510674075384772
2023-01-04,3852.97,3873.16,3815.77,3840.36,4414080000,0.00753894993384141,0.007510674075384772,-0.01164556173549236,-0.011713902384519219
2023-01-05,3808.1,3839.74,3802.42,3839.74,3893450000,-0.01164556173549236,-0.011713902384519219,0.02284078674404566,0.02258384117602654
2023-01-06,3895.08,3906.19,3809.56,3823.37,3923560000,0.02284078674404566,0.02258384117602654,-0.0007676350678290644,-0.0007679298504944067
2023-01-09,3892.09,3950.57,3890.42,3910.82,4311770000,-0.0007676350678290644,-0.0007679298504944067,0.006978255898501873,0.0069540205524518915
2023-01-10,3919.25,3919.83,3877.29,3888.57,3851030000,0.006978255898501873,0.0069540205524518915,0.012849397206098123,0.012767544131228952
2023-01-11,3969.61,3970.07,3928.54,3932.35,4303360000,0.012849397206098123,0.012767544131228952,0.00341595270064321,0.0034101315868827887
2023-01-12,3983.17,3997.76,3937.56,3977.57,4440260000,0.00341595270064321,0.0034101315868827887,0.003996816605869258,0.003988850553225138
2023-01-13,3999.09,4003.95,3947.67,3960.6,3939700000,0.003996816605869258,0.003988850553225138,-0.0020304619300891558,-0.0020325261125498277
2023-01-17,3990.97,4015.39,3984.57,3999.28,4235560000,-0.0020304619300891558,-0.0020325261125498277,-0.01556263264319191,-0.015685001660276407
2023-01-18,3928.86,4014.16,3926.59,4002.25,4298710000,-0.01556263264319191,-0.015685001660276407,-0.007638348019527341,-0.00766766960752083
2023-01-19,3898.85,3922.94,3885.54,3911.84,3991500000,-0.007638348019527341,-0.00766766960752083,0.01891839901509429,0.01874167155917249
2023-01-20,3972.61,3972.96,3897.86,3909.04,4013360000,0.01891839901509429,0.01874167155917249,0.011881357596139619,0.011811328415709267
2023-01-23,4019.81,4039.31,3971.64,3978.14,3945210000,0.011881357596139619,0.011811328415709267,-0.0007114764130643492,-0.0007117296325210936
2023-01-24,4016.95,4023.92,3989.79,4001.74,3320430000,-0.0007114764130643492,-0.0007117296325210936,-0.00018172991946630024,-0.00018174643434897735
2023-01-25,4016.22,4019.55,3949.06,3982.71,3724020000,-0.00018172991946630024,-0.00018174643434897735,0.011007863115068517,0.010947717569977039
2023-01-26,4060.43,4061.57,4013.29,4036.08,3809590000,0.011007863115068517,0.010947717569977039,0.002494809663015962,0.0024917027916841637
2023-01-27,4070.56,4094.21,4048.7,4053.72,3907760000,0.002494809663015962,0.0024917027916841637,-0.012968731575016657,-0.013053559781991077
2023-01-30,4017.77,4063.85,4015.55,4049.27,3802000000,-0.012968731575016657,-0.013053559781991077,0.014642450911824145,0.014536285322318165
2023-01-31,4076.6,4077.16,4020.44,4020.85,4679320000,0.014642450911824145,0.014536285322318165,0.010452337732424155,0.010398089735210484
2023-02-01,4119.21,4148.95,4037.2,4070.07,4856930000,0.010452337732424155,0.010398089735210484,0.01469942051995421,0.014592431217642185
2023-02-02,4179.76,4195.44,4141.88,4158.68,5624360000,0.01469942051995421,0.014592431217642185,-0.010354661511665864,-0.010408643989373002
2023-02-03,4136.48,4182.36,4123.36,4136.69,4694510000,-0.010354661511665864,-0.010408643989373002,-0.006140486597300043,-0.006159416919169087
2023-02-06,4111.08,4124.63,4093.38,4119.57,4114240000,-0.006140486597300043,-0.006159416919169087,0.01287252984617182,0.012790383040919152
2023-02-07,4164.0,4176.54,4088.39,4105.35,4355860000,0.01287252984617182,0.012790383040919152,-0.011080691642651352,-0.011142539811002886
2023-02-08,4117.86,4156.85,4111.67,4153.47,4029820000,-0.011080691642651352,-0.011142539811002886,-0.008829829085981511,-0.008869043032445954
2023-02-09,4081.5,4156.23,4069.67,4144.25,4270200000,-0.008829829085981511,-0.008869043032445954,0.0021952713463186946,0.002192865258876484
2023-02-10,4090.46,4094.36,4060.79,4068.92,3891520000,0.0021952713463186946,0.002192865258876484,0.011448590134117032,0.011383550959928976
2023-02-13,4137.29,4138.9,4092.67,4096.62,3448620000,0.011448590134117032,0.011383550959928976,-0.0002803767683676739,-0.0002804160812822511
2023-02-14,4136.13,4159.77,4095.01,4126.7,3929200000,-0.0002803767683676739,-0.0002804160812822511,0.0027731236687436045,0.002769285655189374
2023-02-15,4147.6,4148.11,4103.98,4119.5,4075980000,0.0027731236687436045,0.002769285655189374,-0.01378869707782826,-0.013884644172642286
2023-02-16,4090.41,4136.54,4089.49,4114.75,4143660000,-0.01378869707782826,-0.013884644172642286,-0.0027674487398573477,-0.0027712852059047503
2023-02-17,4079.09,4081.51,4047.95,4077.39,4045480000,-0.0027674487398573477,-0.0027712852059047503,-0.020041234687148357,-0.020244784414123935
2023-02-21,3997.34,4052.35,3995.19,4052.35,4121590000,-0.020041234687148357,-0.020244784414123935,-0.0015735464083616035,-0.0015747857327715093
2023-02-22,3991.05,4017.37,3976.9,4001.83,4079320000,-0.0015735464083616035,-0.0015747857327715093,0.0053294245875146196,0.005315273460274993
2023-02-23,4012.32,4028.3,3969.19,4018.6,3952940000,0.0053294245875146196,0.005315273460274993,-0.010537544363360851,-0.010593457421727142
2023-02-24,3970.04,3978.25,3943.08,3973.24,3877700000,-0.010537544363360851,-0.010593457421727142,0.0030730168965551474,0.0030683048311681872
2023-02-27,3982.24,4018.05,3973.55,3992.36,3836950000,0.0030730168965551474,0.0030683048311681872,-0.0030359797500902896,-0.0030405976856194583
2023-02-28,3970.15,3997.5,3968.98,3977.19,5043400000,-0.0030359797500902896,-0.0030405976856194583,-0.004725262269687613,-0.00473646161527038
2023-03-01,3951.39,3971.73,3939.05,3963.34,4249480000,-0.004725262269687613,-0.00473646161527038,0.0075821419804169565,0.007553542016924832
2023-03-02,3981.35,3990.84,3928.16,3938.68,4244900000,0.0075821419804169565,0.007553542016924832,0.0161477890665227,0.016018800257414187
2023-03-03,4045.64,4048.29,3995.17,3998.02,4084730000,0.0161477890665227,0.016018800257414187,0.0006871595099910977,0.0006869235239955045
2023-03-06,4048.42,4078.49,4044.61,4055.15,4000870000,0.0006871595099910977,0.0006869235239955045,-0.015326967063694075,-0.015445639173959797
2023-03-07,3986.37,4050.0,3980.31,4048.26,3922500000,-0.015326967063694075,-0.015445639173959797,0.001414821002566402,0.0014138210863556078
2023-03-08,3992.01,4000.41,3969.76,3987.55,3535570000,0.001414821002566402,0.0014138210863556078,-0.018459372596762003,-0.018631872945282475
2023-03-09,3918.32,4017.81,3908.7,3998.66,4445260000,-0.018459372596762003,-0.018631872945282475,-0.014478143694236278,-0.014583974750190179
2023-03-10,3861.59,3934.05,3846.32,3912.77,5518190000,-0.014478143694236278,-0.014583974750190179,-0.0015097408062482165,-0.0015108816132590817
2023-03-13,3855.76,3905.05,3808.86,3835.12,6558020000,-0.0015097408062482165,-0.0015108816132590817,0.016476647924144494,0.016342380801371525
2023-03-14,3919.29,3937.29,3873.63,3894.01,5665870000,0.016476647924144494,0.016342380801371525,-0.006980856226510457,-0.007005336398235209
2023-03-15,3891.93,3894.26,3838.24,3876.74,6594010000,-0.006980856226510457,-0.007005336398235209,0.017561980816715783,0.01740955128696453
2023-03-16,3960.28,3964.46,3864.11,3878.93,5695790000,0.017561980816715783,0.01740955128696453,-0.01101942286909019,-0.011080586449227313
2023-03-17,3916.64,3958.91,3901.27,3958.69,9354280000,-0.01101942286909019,-0.011080586449227313,0.008918358593079878,0.008878824909597214
2023-03-20,3951.57,3956.62,3916.89,3917.47,5347140000,0.008918358593079878,0.008878824909597214,0.012982181765728518,0.01289863554198477
2023-03-21,4002.87,4009.08,3971.19,3975.89,4920240000,0.012982181765728518,0.01289863554198477,-0.01646318766285193,-0.016600211922495948
2023-03-22,3936.97,4039.49,3936.17,4002.04,4533010000,-0.01646318766285193,-0.016600211922495948,0.002984528711166279,0.0029800838470393862
2023-03-23,3948.72,4007.66,3919.05,3959.21,4991600000,0.002984528711166279,0.0029800838470393862,0.0056398022650376856,0.005623958124210314
2023-03-24,3970.99,3972.74,3909.16,3939.21,4583970000,0.0056398022650376856,0.005623958124210314,0.0016469444647304599,0.0016455897389303137
2023-03-27,3977.53,4003.83,3970.49,3982.93,4233540000,0.0016469444647304599,0.0016455897389303137,-0.0015738410521103363,-0.001575080840930101
2023-03-28,3971.27,3979.2,3951.53,3974.13,4014600000,-0.0015738410521103363,-0.001575080840930101,0.014237259113583312,0.014136861145886559
2023-03-29,4027.81,4030.59,3999.53,3999.53,4145250000,0.014237259113583312,0.014136861145886559,0.0057152646227105475,0.005698994460609173
2023-03-30,4050.83,4057.85,4032.1,4046.74,3930860000,0.0057152646227105475,0.005698994460609173,0.014436547571732294,0.014333332809426856
2023-03-31,4109.31,4110.75,4056.18,4056.18,4525120000,0.014436547571732294,0.014333332809426856,0.0036989178231867648,0.003692093649516912
2023-04-03,4124.51,4127.66,4098.79,4102.2,4234700000,0.0036989178231867648,0.003692093649516912,-0.0057970522559043225,-0.005813920385208212
2023-04-04,4100.6,4133.13,4086.87,4128.03,4227800000,-0.0057970522559043225,-0.005813920385208212,-0.0024923181973370845,-0.002495429192470336
2023-04-05,4090.38,4099.69,4072.56,4094.5,3968020000,-0.0024923181973370845,-0.002495429192470336,0.003579129567424122,0.0035727397253701647
2023-04-06,4105.02,4107.32,4069.84,4081.15,3486690000,0.003579129567424122,0.0035727397253701647,0.0009963410653295313,0.0009958450470119054
2023-04-10,4109.11,4109.5,4072.55,4085.2,3423650000,0.0009963410653295313,0.0009958450470119054,-4.137148920324574e-05,-4.137234502690973e-05
2023-04-11,4108.94,4124.26,4102.61,4110.29,3665830000,-4.137148920324574e-05,-4.137234502690973e-05,-0.004134886369720592,-0.004143458650798345
2023-04-12,4091.95,4134.37,4086.94,4121.72,3633120000,-0.004134886369720592,-0.004143458650798345,0.013262625398648753,0.013175446748330008
2023-04-13,4146.22,4150.26,4099.4,4100.04,3596590000,0.013262625398648753,0.013175446748330008,-0.0020693547375681964,-0.002071498810492095
2023-04-14,4137.64,4163.19,4113.2,4140.11,3575690000,-0.0020693547375681964,-0.002071498810492095,0.0033062325383550473,0.0033007789687629755
2023-04-17,4151.32,4151.72,4123.18,4137.17,3611180000,0.0033062325383550473,0.0033007789687629755,0.0008551496873283604,0.0008547842551524592
2023-04-18,4154.87,4169.48,4140.36,4164.26,3536640000,0.0008551496873283604,0.0008547842551524592,-8.423849602978706e-05,-8.424204429116194e-05
2023-04-19,4154.52,4162.57,4134.49,4139.33,3572560000,-8.423849602978706e-05,-8.424204429116194e-05,-0.005952552882162232,-0.005970339945819703
2023-04-20,4129.79,4148.57,4114.57,4130.48,3772080000,-0.005952552882162232,-0.005970339945819703,0.0009031936248575789,0.000902785990925368
2023-04-21,4133.52,4138.02,4113.86,4132.14,3611750000,0.0009031936248575789,0.000902785990925368,0.0008515744450250384,0.0008512120612239251
2023-04-24,4137.04,4142.41,4117.77,4132.07,3290940000,0.0008515744450250384,0.0008512120612239251,-0.015810821263512076,-0.01593714559496794
2023-04-25,4071.63,4126.43,4071.38,4126.43,3978640000,-0.015810821263512076,-0.01593714559496794,-0.003841213469789828,-0.003848609877111783
2023-04-26,4055.99,4089.67,4049.35,4087.78,3837030000,-0.003841213469789828,-0.003848609877111783,0.019566123190639217,0.01937716738000212
2023-04-27,4135.35,4138.24,4075.29,4075.29,3750550000,0.019566123190639217,0.01937716738000212,0.008253231286347917,0.008219359612570367
2023-04-28,4169.48,4170.06,4127.18,4129.63,4087800000,0.008253231286347917,0.008219359612570367,-0.0003861392787588569,-0.0003862138497272949
2023-05-01,4167.87,4186.92,4164.12,4166.79,3321370000,-0.0003861392787588569,-0.0003862138497272949,-0.011586253889876552,-0.011653897528004022
2023-05-02,4119.58,4164.1,4089.72,4164.1,4486130000,-0.011586253889876552,-0.011653897528004022,-0.006998286233062534,-0.00702288909058116
2023-05-03,4090.75,4148.3,4088.86,4122.25,4246510000,-0.006998286233062534,-0.00702288909058116,-0.007218725172645657,-0.007244906241251436
2023-05-04,4061.22,4082.61,4048.28,4082.55,4920090000,-0.007218725172645657,-0.007244906241251436,0.018474744042430657,0.018306159168068423
2023-05-05,4136.25,4147.02,4084.73,4084.73,4186270000,0.018474744042430657,0.018306159168068423,0.0004521003324267081,0.00045199816586328297
2023-05-08,4138.12,4142.3,4123.81,4136.98,3641640000,0.0004521003324267081,0.00045199816586328297,-0.004579374208577791,-0.004589891663841041
2023-05-09,4119.17,4130.35,4116.65,4124.25,3810140000,-0.004579374208577791,-0.004589891663841041,0.004483913021312569,0.004473890233026689
2023-05-10,4137.64,4154.28,4098.92,4143.74,4057160000,0.004483913021312569,0.004473890233026689,-0.0016966193288928677,-0.0016980602174566785
2023-05-11,4130.62,4132.8,4109.29,4132.24,3752900000,-0.0016966193288928677,-0.0016980602174566785,-0.0015832974226629437,-0.0015845521626198357
2023-05-12,4124.08,4143.74,4099.12,4138.54,3533740000,-0.0015832974226629437,-0.0015845521626198357,0.002958235533743192,0.0029538685652344835
2023-05-15,4136.28,4141.25,4110.27,4126.65,3562170000,0.002958235533743192,0.0029538685652344835,-0.006377711373504735,-0.006398135861993161
2023-05-16,4109.9,4135.54,4109.86,4127.95,3654200000,-0.006377711373504735,-0.006398135861993161,0.011890800262780221,0.01182066016444788
2023-05-17,4158.77,4164.67,4113.62,4122.85,4039080000,0.011890800262780221,0.01182066016444788,0.009445100354191105,0.009400774284705668
2023-05-18,4198.05,4202.2,4153.5,4157.68,3980500000,0.009445100354191105,0.009400774284705668,-0.001445909410321633,-0.001446955746059144
2023-05-19,4191.98,4212.91,4180.2,4204.15,4041900000,-0.001445909410321633,-0.001446955746059144,0.00015505799168891166,0.0001550459714410593
2023-05-22,4192.63,4209.22,4179.68,4190.78,3728520000,0.00015505799168891166,0.0001550459714410593,-0.011222073018606449,-0.011285515564489972
2023-05-23,4145.58,4185.68,4142.54,4176.8,4155320000,-0.011222073018606449,-0.011285515564489972,-0.007318638164020563,-0.007345550785867146
2023-05-24,4115.24,4132.96,4103.98,4132.96,0,-0.007318638164020563,-0.007345550785867146,0.00875769092446621,0.008719564785563249
2023-05-25,4151.28,4165.74,4129.73,4155.71,4147760000,0.00875769092446621,0.008719564785563249,0.013048987300302572,0.01296458273531355
2023-05-26,4205.45,4212.87,4156.16,4156.16,3715460000,0.013048987300302572,0.01296458273531355,1.6645067709930572e-05,1.6644929182328236e-05
2023-05-30,4205.52,4231.1,4192.18,4226.71,4228510000,1.6645067709930572e-05,1.6644929182328236e-05,-0.006108638170785219,-0.006127372232971846
2023-05-31,4179.83,4195.44,4166.15,4190.74,5980670000,-0.006108638170785219,-0.006127372232971846,0.009854467765435526,0.009806229149665344
2023-06-01,4221.02,4232.43,4171.64,4183.03,4391860000,0.009854467765435526,0.009806229149665344,0.014534401637518846,0.01442978965214366
2023-06-02,4282.37,4290.67,4241.01,4241.01,4454200000,0.014534401637518846,0.01442978965214366,-0.002003563447343426,-0.0020055732655681105
2023-06-05,4273.79,4299.28,4266.82,4282.99,3813290000,-0.002003563447343426,-0.0020055732655681105,0.002353882619408054,0.0023511165774900327
2023-06-06,4283.85,4288.33,4263.09,4271.34,3996560000,0.002353882619408054,0.0023511165774900327,-0.0038119915496573897,-0.0038192757067673886
2023-06-07,4267.52,4299.19,4263.96,4285.47,4537800000,-0.0038119915496573897,-0.0038192757067673886,0.006188606028794119,0.00616953524709693
2023-06-08,4293.93,4298.01,4261.07,4268.69,3826740000,0.006188606028794119,0.00616953524709693,0.0011481323635922358,0.0011474737636884458
2023-06-09,4298.86,4322.62,4291.7,4304.88,3786510000,0.0011481323635922358,0.0011474737636884458,0.009321075820101221,0.009277902665684432
2023-06-12,4338.93,4340.13,4304.37,4308.32,3945670000,0.009321075820101221,0.009277902665684432,0.006932584761680793,0.0069086648833658285
2023-06-13,4369.01,4375.37,4349.31,4352.61,4275400000,0.006932584761680793,0.0069086648833658285,0.0008194076003487094,0.0008190720692196159
2023-06-14,4372.59,4391.82,4337.85,4366.29,4252110000,0.0008194076003487094,0.0008190720692196159,0.012178136985173449,0.012104580063652602
2023-06-15,4425.84,4439.2,4362.6,4365.33,4176690000,0.012178136985173449,0.012104580063652602,-0.0036716193988033385,-0.0036783763376504303
2023-06-16,4409.59,4448.47,4407.44,4440.95,6848600000,-0.0036716193988033385,-0.0036783763376504303,-0.0047351341054383544,-0.004746380368690653
2023-06-20,4388.71,4400.15,4367.19,4396.11,4055790000,-0.0047351341054383544,-0.004746380368690653,-0.005245277085977551,-0.005259081846186579
2023-06-21,4365.69,4386.22,4360.14,4380.01,3709330000,-0.005245277085977551,-0.005259081846186579,0.003710753626574581,0.003703885765053952
2023-06-22,4381.89,4382.25,4351.82,4355.4,3511000000,0.003710753626574581,0.003703885765053952,-0.007658795633847637,-0.007688274822307147
2023-06-23,4348.33,4366.55,4341.34,4354.17,6053620000,-0.007658795633847637,-0.007688274822307147,-0.004486779982200151,-0.004496875789266097
2023-06-26,4328.82,4362.06,4328.08,4344.84,3415030000,-0.004486779982200151,-0.004496875789266097,0.011455777787018118,0.011390657230512101
2023-06-27,4378.41,4384.42,4335.0,4337.36,3573500000,0.011455777787018118,0.011390657230512101,-0.00035400978894173374,-0.0003540724651995093
2023-06-28,4376.86,4390.35,4360.22,4367.48,3739330000,-0.00035400978894173374,-0.0003540724651995093,0.004473526683512752,0.00446355020531417
2023-06-29,4396.44,4398.39,4371.97,4374.94,3696660000,0.004473526683512752,0.00446355020531417,0.012269017659743087,0.012194363266362706
2023-06-30,4450.38,4458.48,4422.44,4422.44,3923450000,0.012269017659743087,0.012194363266362706,0.0011706865481149187,0.0011700018289601843
2023-07-03,4455.59,4456.46,4442.29,4450.48,2034280000,0.0011706865481149187,0.0011700018289601843,-0.0019683139606652134,-0.001970253636267394
2023-07-05,4446.82,4454.06,4436.61,4442.04,3482620000,-0.0019683139606652134,-0.001970253636267394,-0.007922515415510367,-0.007954065287478301
2023-07-06,4411.59,4422.62,4385.05,4422.62,3682020000,-0.007922515415510367,-0.007954065287478301,-0.0028651801277997935,-0.0028692926136023467
2023-07-07,4398.95,4440.39,4397.4,4404.54,3630480000,-0.0028651801277997935,-0.0028692926136023467,0.0024051194034939716,0.002402231733022815
2023-07-10,4409.53,4412.6,4389.92,4394.23,3429600000,0.0024051194034939716,0.002402231733022815,0.006742215156717579,0.006719588071620385
2023-07-11,4439.26,4443.64,4408.46,4415.55,3624220000,0.006742215156717579,0.006719588071620385,0.007411145100759908,0.007383817501052891
2023-07-12,4472.16,4488.34,4463.23,4467.69,3920290000,0.007411145100759908,0.007383817501052891,0.00847017995778332,0.008434509266769535
2023-07-13,4510.04,4517.38,4489.36,4491.5,3839530000,0.00847017995778332,0.008434509266769535,-0.001024381158481913,-0.0010249061954501163
2023-07-14,4505.42,4527.76,4499.56,4514.61,3647450000,-0.001024381158481913,-0.0010249061954501163,0.003855356437357571,0.003847943597379543
2023-07-17,4522.79,4532.85,4504.9,4508.86,3538240000,0.003855356437357571,0.003847943597379543,0.007117288222535212,0.007092079866132413
2023-07-18,4554.98,4562.3,4514.59,4521.78,4090010000,0.007117288222535212,0.007092079866132413,0.0023578588709500803,0.0023550834835142126
2023-07-19,4565.72,4578.43,4557.48,4563.87,4115670000,0.0023578588709500803,0.0023550834835142126,-0.006756875147840957,-0.006779806181851591
2023-07-20,4534.87,4564.74,4527.56,4554.38,3761770000,-0.006756875147840957,-0.006779806181851591,0.00032415482692993436,0.0003241023001049327
2023-07-21,4536.34,4555.0,4535.79,4550.16,3570190000,0.00032415482692993436,0.0003241023001049327,0.004034089155574794,0.004025974035341747
2023-07-24,4554.64,4563.41,4541.29,4543.39,3856250000,0.004034089155574794,0.004025974035341747,0.002814712029929778,0.0028107581456501534
2023-07-25,4567.46,4580.62,4552.42,4555.19,3812470000,0.002814712029929778,0.0028107581456501534,-0.00015544744781559316,-0.00015545953102232801
2023-07-26,4566.75,4582.47,4547.58,4558.96,3990290000,-0.00015544744781559316,-0.00015545953102232801,-0.006424700279192064,-0.0064454274911412875
2023-07-27,4537.41,4607.07,4528.56,4598.26,4553210000,-0.006424700279192064,-0.0064454274911412875,0.009877881875342887,0.009829414508767577
2023-07-28,4582.23,4590.16,4564.01,4565.75,3981010000,0.009877881875342887,0.009829414508767577,0.0014687171966489831,0.001467639686456588
2023-07-31,4588.96,4594.22,4573.14,4584.82,4503600000,0.0014687171966489831,0.001467639686456588,-0.0026650918726683903,-0.002668649552448092
2023-08-01,4576.73,4584.62,4567.53,4578.83,4042370000,-0.0026650918726683903,-0.002668649552448092,-0.01383957541738301,-0.013936235197657028
2023-08-02,4513.39,4550.93,4505.75,4550.93,4270710000,-0.01383957541738301,-0.013936235197657028,-0.002547973917609636,-0.0025512255276715053
2023-08-03,4501.89,4519.49,4485.54,4494.27,4149120000,-0.002547973917609636,-0.0025512255276715053,-0.00529999622380839,-0.0053140910274567365
2023-08-04,4478.03,4540.34,4474.55,4513.96,4143310000,-0.00529999622380839,-0.0053140910274567365,0.00902405745383561,0.008983583955258645
2023-08-07,4518.44,4519.84,4491.15,4491.58,3493920000,0.00902405745383561,0.008983583955258645,-0.004218270022397053,-0.004227192022498048
2023-08-08,4499.38,4503.31,4464.39,4498.03,3884910000,-0.004218270022397053,-0.004227192022498048,-0.007038747560775049,-0.007063636404007057
2023-08-09,4467.71,4502.44,4461.33,4501.57,3803100000,-0.007038747560775049,-0.007063636404007057,0.00025068771249703303,0.00025065629558288107
2023-08-10,4468.83,4527.37,4457.92,4487.16,4504370000,0.00025068771249703303,0.00025065629558288107,-0.0010696312010077813,-0.001070203664713968
2023-08-11,4464.05,4476.23,4443.98,4450.69,3753290000,-0.0010696312010077813,-0.001070203664713968,0.005750383620255262,0.005733913274737526
2023-08-14,4489.72,4490.33,4453.44,4458.13,3896410000,0.005750383620255262,0.005733913274737526,-0.011550831677699436,-0.011618060736365813
2023-08-15,4437.86,4478.87,4432.19,4478.87,3832250000,-0.011550831677699436,-0.011618060736365813,-0.0075554433893813,-0.007584130338210397
2023-08-16,4404.33,4449.95,4403.55,4433.79,3753910000,-0.0075554433893813,-0.007584130338210397,-0.007712864385729601,-0.007742762356125065
2023-08-17,4370.36,4421.17,4364.83,4416.32,3943700000,-0.007712864385729601,-0.007742762356125065,-0.00014872916647590273,-0.00014874022775515319
2023-08-18,4369.71,4381.82,4335.31,4344.88,3940400000,-0.00014872916647590273,-0.00014874022775515319,0.006879175048229769,0.006855621481266927
2023-08-21,4399.77,4407.55,4360.3,4380.28,3726850000,0.006879175048229769,0.006855621481266927,-0.0027774179104816943,-0.002781282092229976
2023-08-22,4387.55,4418.59,4382.77,4415.33,3522760000,-0.0027774179104816943,-0.002781282092229976,0.011044888377340412,0.01098433903027149
2023-08-23,4436.01,4443.18,4396.44,4396.44,3837270000,0.011044888377340412,0.01098433903027149,-0.013458039995401183,-0.013549420207499292
2023-08-24,4376.31,4458.3,4375.55,4455.16,3723470000,-0.013458039995401183,-0.013549420207499292,0.006717988442317857,0.006695523315478112
2023-08-25,4405.71,4418.46,4356.29,4389.38,3296180000,0.006717988442317857,0.006695523315478112,0.0062645975336552695,0.006245056511156882
2023-08-28,4433.31,4439.56,4414.98,4426.03,2957230000,0.0062645975336552695,0.006245056511156882,0.014508347036412905,0.014404107984150809
2023-08-29,4497.63,4500.14,4431.68,4432.75,3354820000,0.014508347036412905,0.014404107984150809,0.0038331298928546698,0.0038258021699069606
2023-08-30,4514.87,4521.65,4493.59,4500.34,3064110000,0.0038331298928546698,0.0038258021699069606,-0.0015969452055097921,-0.0015982216816604765
2023-08-31,4507.66,4532.26,4507.39,4517.01,3946360000,-0.0015969452055097921,-0.0015982216816604765,0.0017991596526802933,0.0017975431036151848
2023-09-01,4515.77,4541.25,4501.35,4530.6,3246260000,0.0017991596526802933,0.0017975431036151848,-0.00419419058100845,-0.004203010869610265
2023-09-05,4496.83,4514.29,4496.01,4510.06,3526250000,-0.00419419058100845,-0.004203010869610265,-0.0069715777558858605,-0.006995992744252873
2023-09-06,4465.48,4490.35,4442.38,4490.35,3418850000,-0.0069715777558858605,-0.006995992744252873,-0.0032113009127796577,-0.0032164682050081963
2023-09-07,4451.14,4457.81,4430.46,4434.55,3763760000,-0.0032113009127796577,-0.0032164682050081963,0.0014266008258556617,0.0014255841976643817
2023-09-08,4457.49,4473.53,4448.38,4451.3,3259290000,0.0014266008258556617,0.0014255841976643817,0.006723514803174124,0.006701012782986727
2023-09-11,4487.46,4490.77,4467.89,4480.98,3369920000,0.006723514803174124,0.006701012782986727,-0.005695872498027943,-0.0057121558411206055
2023-09-12,4461.9,4487.11,4456.83,4473.27,3435740000,-0.005695872498027943,-0.0057121558411206055,0.001241623523611013,0.0012408533465711885
2023-09-13,4467.44,4479.39,4453.52,4462.65,3529430000,0.001241623523611013,0.0012408533465711885,0.008429883781315706,0.008394550741111827
2023-09-14,4505.1,4511.99,4478.69,4487.78,3648720000,0.008429883781315706,0.008394550741111827,-0.012159552507158722,-0.012234084667107637
2023-09-15,4450.32,4497.98,4447.21,4497.98,6932230000,-0.012159552507158722,-0.012234084667107637,0.0007212964460983073,0.000721036436838388
2023-09-18,4453.53,4466.36,4442.11,4445.13,3161230000,0.0007212964460983073,0.000721036436838388,-0.0021511026084926055,-0.0021534195529618974
2023-09-19,4443.95,4449.85,4416.61,4445.41,3614880000,-0.0021511026084926055,-0.0021534195529618974,-0.009394795170962755,-0.009439204623110126
2023-09-20,4402.2,4461.03,4401.38,4452.81,3308450000,-0.009394795170962755,-0.009439204623110126,-0.016400890463858953,-0.01653687395146802
2023-09-21,4330.0,4375.7,4329.17,4374.36,3662340000,-0.016400890463858953,-0.01653687395146802,-0.0022956120092377796,-0.0022982509659402743
2023-09-22,4320.06,4357.4,4316.49,4341.74,3349570000,-0.0022956120092377796,-0.0022982509659402743,0.00402309227186648,0.004015021275818627
2023-09-25,4337.44,4338.51,4302.7,4310.62,3195650000,0.00402309227186648,0.004015021275818627,-0.01473449776826885,-0.014844128717961364
2023-09-26,4273.53,4313.01,4265.98,4312.88,3472340000,-0.01473449776826885,-0.014844128717961364,0.0002293186195019281,0.00022929233000634007
2023-09-27,4274.51,4292.07,4238.63,4282.63,3875880000,0.0002293186195019281,0.00022929233000634007,0.005893073124170867,0.00587577688747319
2023-09-28,4299.7,4317.27,4264.38,4269.65,3846230000,0.005893073124170867,0.00587577688747319,-0.002709491359862204,-0.002713168675515421
2023-09-29,4288.05,4333.15,4274.86,4328.18,3865960000,-0.002709491359862204,-0.002713168675515421,7.92901202177898e-05,7.928697692236147e-05
2023-10-02,4288.39,4300.58,4260.21,4284.52,3938660000,7.92901202177898e-05,7.928697692236147e-05,-0.01374408577578079,-0.013839410161483797
2023-10-03,4229.45,4281.15,4216.45,4269.75,3953830000,-0.01374408577578079,-0.013839410161483797,0.008109801510834735,0.008077093787000134
2023-10-04,4263.75,4268.5,4220.48,4233.83,3777600000,0.008109801510834735,0.008077093787000134,-0.0013040164174730196,-0.0013048673867472557
2023-10-05,4258.19,4267.13,4225.91,4259.31,3581470000,-0.0013040164174730196,-0.0013048673867472557,0.011814879091820885,0.011745628333713317
2023-10-06,4308.5,4324.1,4219.55,4234.79,3902030000,0.011814879091820885,0.011745628333713317,0.006303818034118613,0.006284032081045516
2023-10-09,4335.66,4341.73,4283.79,4289.02,3174630000,0.006303818034118613,0.006284032081045516,0.005207972949908379,0.005194458360886415
2023-10-10,4358.24,4385.46,4339.64,4339.75,3520240000,0.005207972949908379,0.005194458360886415,0.004293017364807916,0.004283828654568987
2023-10-11,4376.95,4378.64,4345.34,4366.59,3601660000,0.004293017364807916,0.004283828654568987,-0.006246358765807258,-0.006265948885271601
2023-10-12,4349.61,4385.85,4325.43,4380.94,3713140000,-0.006246358765807258,-0.006265948885271601,-0.005018840769632216,-0.005031477449688668
2023-10-13,4327.78,4377.1,4311.97,4360.49,3566560000,-0.005018840769632216,-0.005031477449688668,0.010594346293018697,0.010538619453747615
2023-10-16,4373.63,4383.33,4342.37,4342.37,3409960000,0.010594346293018697,0.010538619453747615,-9.831650139591197e-05,-9.832133477993887e-05
2023-10-17,4373.2,4393.57,4337.54,4345.23,3794850000,-9.831650139591197e-05,-9.832133477993887e-05,-0.013399798774352711,-0.01349038622382619
2023-10-18,4314.6,4364.2,4303.84,4357.35,3686030000,-0.013399798774352711,-0.01349038622382619,-0.00848282575441528,-0.008519009694152467
2023-10-19,4278.0,4339.54,4269.69,4321.36,3969730000,-0.00848282575441528,-0.008519009694152467,-0.012585320243104325,-0.01266518618575799
2023-10-20,4224.16,4276.56,4223.03,4273.85,4004030000,-0.012585320243104325,-0.01266518618575799,-0.001685542214310054,-0.0016869643388467898
2023-10-23,4217.04,4255.84,4189.22,4210.4,3776100000,-0.001685542214310054,-0.0016869643388467898,0.00726575986948208,0.0072394913997594025
2023-10-24,4247.68,4259.38,4219.43,4235.79,3821820000,0.00726575986948208,0.0072394913997594025,-0.014339592436341642,-0.014443397939346892
2023-10-25,4186.77,4232.42,4181.42,4232.42,3869370000,-0.014339592436341642,-0.014443397939346892,-0.01183251050332379,-0.011903071819740901
2023-10-26,4137.23,4183.6,4127.9,4175.99,4277640000,-0.01183251050332379,-0.011903071819740901,-0.004800313253070176,-0.004811871761208667
2023-10-27,4117.37,4156.7,4103.78,4152.93,4019500000,-0.004800313253070176,-0.004811871761208667,0.012010093822027113,0.011938544947970331
2023-10-30,4166.82,4177.47,4132.94,4139.39,3911140000,0.012010093822027113,0.011938544947970331,0.006474961721408823,0.006454089207465981
2023-10-31,4193.8,4195.55,4153.12,4171.33,4249470000,0.006474961721408823,0.006454089207465981,0.010505985025513809,0.010451180679737281
2023-11-01,4237.86,4245.64,4197.74,4201.27,4224900000,0.010505985025513809,0.010451180679737281,0.018858574846738696,0.018682956430735833
2023-11-02,4317.78,4319.72,4268.26,4268.26,4669780000,0.018858574846738696,0.018682956430735833,0.009393716215277292,0.009349869637436973
2023-11-03,4358.34,4373.62,4334.23,4334.23,4570960000,0.009393716215277292,0.009349869637436973,0.0017529609897344312,0.0017514263468030517
2023-11-06,4365.98,4372.21,4347.53,4364.27,3656340000,0.0017529609897344312,0.0017514263468030517,0.0028401412741241305,0.002836115693239983
2023-11-07,4378.38,4386.26,4355.41,4366.21,3791230000,0.0028401412741241305,0.002836115693239983,0.0010049378994057,0.0010044332873557552
2023-11-08,4382.78,4391.2,4359.76,4384.37,3729510000,0.0010049378994057,0.0010044332873557552,-0.008083910212239531,-0.008116762182437998
2023-11-09,4347.35,4393.4,4343.94,4391.41,3900780000,-0.008083910212239531,-0.008116762182437998,0.01561640999689451,0.015495728650985885
2023-11-10,4415.24,4418.03,4353.34,4364.15,3665080000,0.01561640999689451,0.015495728650985885,-0.0008357416584374722,-0.0008360910851978613
2023-11-13,4411.55,4421.76,4393.82,4406.66,3326240000,-0.0008357416584374722,-0.0008360910851978613,0.01907492831317792,0.018895282757298078
2023-11-14,4495.7,4508.67,4458.97,4458.97,4700350000,0.01907492831317792,0.018895282757298078,0.001597081655804411,0.0015958076771483444
2023-11-15,4502.88,4521.17,4495.31,4505.3,4347170000,0.001597081655804411,0.0015958076771483444,0.0011903492875668942,0.0011896413835666805
2023-11-16,4508.24,4511.99,4487.83,4497.08,3964520000,0.0011903492875668942,0.0011896413835666805,0.0012820967827800178,0.001281275598516672
2023-11-17,4514.02,4520.12,4499.66,4509.55,3777240000,0.0012820967827800178,0.001281275598516672,0.007390308416887814,0.0073631338909269815
2023-11-20,4547.38,4557.11,4510.36,4511.7,3644790000,0.007390308416887814,0.0073631338909269815,-0.002020943928152108,-0.0020229887908321687
2023-11-21,4538.19,4542.14,4525.51,4538.77,3511080000,-0.002020943928152108,-0.0020229887908321687,0.004061090434732906,0.004052866464977724
2023-11-22,4556.62,4568.43,4545.05,4553.04,3042810000,0.004061090434732906,0.004052866464977724,0.0005969336920788049,0.0005967555980324687
2023-11-24,4559.34,4560.31,4552.8,4555.84,1639500000,0.0005969336920788049,0.0005967555980324687,-0.001954230217531494,-0.0019561422168003027
2023-11-27,4550.43,4560.52,4546.32,4554.86,3403990000,-0.001954230217531494,-0.0019561422168003027,0.0009801271528184774,0.0009796471418229004
2023-11-28,4554.89,4568.14,4540.51,4545.55,3586240000,0.0009801271528184774,0.0009796471418229004,-0.0009462358037187757,-0.000946683767425388
2023-11-29,4550.58,4587.64,4547.15,4571.84,4418760000,-0.0009462358037187757,-0.000946683767425388,0.0037841330116161753,0.0037769911916856066
2023-11-30,4567.8,4569.89,4537.24,4554.87,5399300000,0.0037841330116161753,0.0037769911916856066,0.005873724769035471,0.005856541700615295
2023-12-01,4594.63,4599.39,4554.71,4559.43,4397120000,0.005873724769035471,0.005856541700615295,-0.005408487734594569,-0.005423166555119596
2023-12-04,4569.78,4572.37,4546.72,4564.37,4369910000,-0.005408487734594569,-0.005423166555119596,-0.0005689551794614278,-0.0005691170958779145
2023-12-05,4567.18,4578.56,4551.68,4557.25,3909950000,-0.0005689551794614278,-0.0005691170958779145,-0.0039061302598102365,-0.003913779111384419
2023-12-06,4549.34,4590.74,4546.5,4586.23,4245680000,-0.0039061302598102365,-0.003913779111384419,0.007968188792220499,0.007936610413312938
2023-12-07,4585.59,4590.92,4565.22,4568.84,3818880000,0.007968188792220499,0.007936610413312938,0.004095438100658821,0.004087074621006593
2023-12-08,4604.37,4609.23,4574.06,4576.2,3707010000,0.004095438100658821,0.004087074621006593,0.003924532563629679,0.003916851675081129
2023-12-11,4622.44,4623.71,4593.39,4593.39,3823210000,0.003924532563629679,0.003916851675081129,0.004599302532861449,0.004588758060085738
2023-12-12,4643.7,4643.93,4608.09,4618.3,3808380000,0.004599302532861449,0.004588758060085738,0.013650752632599072,0.013558420429298217
2023-12-13,4707.09,4709.69,4643.23,4646.2,5063650000,0.013650752632599072,0.013558420429298217,0.002647070695482867,0.0026435733742609306
2023-12-14,4719.55,4738.57,4694.34,4721.04,6314040000,0.002647070695482867,0.0026435733742609306,-7.627845875146644e-05,-7.628136810104926e-05
2023-12-15,4719.19,4725.53,4704.69,4714.23,8218980000,-7.627845875146644e-05,-7.628136810104926e-05,0.00452831947855481,0.004518097487249544
2023-12-18,4740.56,4749.52,4725.58,4725.58,4060340000,0.00452831947855481,0.004518097487249544,0.005866395531329616,0.005849255234901429
2023-12-19,4768.37,4768.69,4743.72,4743.72,4026970000,0.005866395531329616,0.005849255234901429,-0.014684263175886003,-0.014793144174519959
2023-12-20,4698.35,4778.01,4697.82,4764.73,4201320000,-0.014684263175886003,-0.014793144174519959,0.01030148882054327,0.01024879009249407
2023-12-21,4746.75,4748.71,4708.35,4724.29,3431180000,0.01030148882054327,0.01024879009249407,0.0016600832148312428,0.0016587067997896167
2023-12-22,4754.63,4772.94,4736.77,4753.92,3046770000,0.0016600832148312428,0.0016587067997896167,0.0042316647141837915,0.004222736399949838
2023-12-26,4774.75,4784.72,4758.45,4758.86,2513910000,0.0042316647141837915,0.004222736399949838,0.001430441384365766,0.001429419277681746
2023-12-27,4781.58,4785.39,4768.9,4773.45,2748450000,0.001430441384365766,0.001429419277681746,0.0003701705294067992,0.00037010203319937546
2023-12-28,4783.35,4793.3,4780.98,4786.44,2698860000,0.0003701705294067992,0.00037010203319937546,-0.0028264709879060046,-0.0028304729998547477
2023-12-29,4769.83,4788.43,4751.99,4782.88,3126060000,-0.0028264709879060046,-0.0028304729998547477,-0.0056605790982068305,-0.005676660892965471
2024-01-02,4742.83,4754.33,4722.67,4745.2,3743050000,-0.0056605790982068305,-0.005676660892965471,-0.008016310936719062,-0.00804861430897457
2024-01-03,4704.81,4729.29,4699.71,4725.07,3950760000,-0.008016310936719062,-0.00804861430897457,-0.003428406248073834,-0.003434296699869414
2024-01-04,4688.68,4726.78,4687.53,4697.42,3715480000,-0.003428406248073834,-0.003434296699869414,0.001825673750394552,0.0018240092336748459
2024-01-05,4697.24,4721.49,4682.11,4690.57,3844370000,0.001825673750394552,0.0018240092336748459,0.014114671594383177,0.014015987132365047
2024-01-08,4763.54,4764.54,4699.82,4703.7,3742320000,0.014114671594383177,0.014015987132365047,-0.001477892491718369,-0.0014789856520085827
2024-01-09,4756.5,4765.47,4730.35,4741.93,3529960000,-0.001477892491718369,-0.0014789856520085827,0.005665930831493693,0.005649939819610993
2024-01-10,4783.45,4790.8,4756.2,4759.94,3498680000,0.005665930831493693,0.005649939819610993,-0.000671063771963798,-0.000671289036040164
2024-01-11,4780.24,4798.5,4739.58,4792.13,3759890000,-0.000671063771963798,-0.000671289036040164,0.0007510083175741311,0.0007507264519410598
2024-01-12,4783.83,4802.4,4768.98,4791.18,3486340000,0.0007510083175741311,0.0007507264519410598,-0.0037313198838587747,-0.0037382986232446964
2024-01-16,4765.98,4782.34,4747.12,4772.35,4260550000,-0.0037313198838587747,-0.0037382986232446964,-0.0056168930629166836,-0.005632727126755614
2024-01-17,4739.21,4744.23,4714.82,4739.13,3928600000,-0.0056168930629166836,-0.005632727126755614,0.00880526501252299,0.008766724739532073
2024-01-18,4780.94,4785.79,4740.57,4760.1,4019000000,0.00880526501252299,0.008766724739532073,0.012313478102632613,0.012238283870230153
2024-01-19,4839.81,4842.07,4785.87,4796.28,4287200000,0.012313478102632613,0.012238283870230153,0.002194301015948863,0.0021918970535104105
2024-01-22,4850.43,4868.41,4844.05,4853.42,4297610000,0.002194301015948863,0.0021918970535104105,0.0029213904746590025,0.002917131506229948
2024-01-23,4864.6,4866.48,4844.37,4856.8,3912800000,0.0029213904746590025,0.002917131506229948,0.0008119886527155895,0.0008116591682758741
2024-01-24,4868.55,4903.68,4865.94,4888.56,4330030000,0.0008119886527155895,0.0008116591682758741,0.005260293105750158,0.005246506091991603
2024-01-25,4894.16,4898.15,4869.34,4886.66,4020430000,0.005260293105750158,0.005246506091991603,-0.0006517972440622799,-0.000652009756234213
2024-01-26,4890.97,4906.69,4881.47,4888.91,3353400000,-0.0006517972440622799,-0.000652009756234213,0.007556783214781593,0.007528373761456543
2024-01-29,4927.93,4929.31,4887.4,4892.95,3525160000,0.007556783214781593,0.007528373761456543,-0.000600657882721567,-0.0006008383499372603
2024-01-30,4924.97,4931.09,4916.27,4925.89,3836130000,-0.000600657882721567,-0.0006008383499372603,-0.01610568186202166,-0.016236787963987382
2024-01-31,4845.65,4906.75,4845.15,4899.19,4696120000,-0.01610568186202166,-0.016236787963987382,0.012493679898465615,0.012416277903485802
2024-02-01,4906.19,4906.97,4853.52,4861.11,4386090000,0.012493679898465615,0.012416277903485802,0.01068446187367389,0.010627786351803241
2024-02-02,4958.61,4975.29,4907.99,4916.06,3974350000,0.01068446187367389,0.010627786351803241,-0.00318637682737688,-0.003191464135615035
2024-02-05,4942.81,4957.19,4918.09,4957.19,4023640000,-0.00318637682737688,-0.003191464135615035,0.002310426660138587,0.0023077617284261594
2024-02-06,4954.23,4957.77,4934.88,4950.16,4440880000,0.002310426660138587,0.0023077617284261594,0.008241442161546875,0.00820766692133105
2024-02-07,4995.06,4999.89,4969.05,4973.05,4895590000,0.008241442161546875,0.00820766692133105,0.0005705637169521882,0.0005704010073624875
2024-02-08,4997.91,5000.4,4987.09,4995.16,4341860000,0.0005705637169521882,0.0005704010073624875,0.005742400323335062,0.005725975590860193
2024-02-09,5026.61,5030.06,5000.34,5004.17,3912990000,0.005742400323335062,0.005725975590860193,-0.0009489496897510108,-0.0009494002275555409
2024-02-12,5021.84,5048.39,5016.83,5026.83,3805740000,-0.0009489496897510108,-0.0009494002275555409,-0.013674270785210219,-0.013768624761212093
2024-02-13,4953.17,4971.3,4920.31,4967.94,4302190000,-0.013674270785210219,-0.013768624761212093,0.00957972369210025,0.0095341290968955
2024-02-14,5000.62,5002.52,4956.45,4976.44,3845600000,0.00957972369210025,0.0095341290968955,0.0058212781615079034,0.005804399991794575
2024-02-15,5029.73,5032.72,4999.44,5003.14,4137970000,0.0058212781615079034,0.005804399991794575,-0.004803438753173572,-0.004815012341991563
2024-02-16,5005.57,5038.7,4999.52,5031.13,3833270000,-0.004803438753173572,-0.004815012341991563,-0.006005310084565729,-0.006023414477222352
2024-02-20,4975.51,4993.71,4955.02,4989.32,4034880000,-0.006005310084565729,-0.006023414477222352,0.0012641920124771833,0.0012633935945864823
2024-02-21,4981.8,4983.21,4946.0,4963.03,3788390000,0.0012641920124771833,0.0012633935945864823,0.021122887309807714,0.02090289169482803
2024-02-22,5087.03,5094.39,5038.83,5038.83,4051710000,0.021122887309807714,0.02090289169482803,0.00034794369209545373,0.00034788317372660206
2024-02-23,5088.8,5111.06,5081.46,5100.92,3672790000,0.00034794369209545373,0.00034788317372660206,-0.0037867473667663187,-0.0037939352461026604
2024-02-26,5069.53,5097.66,5068.91,5093.0,3683930000,-0.0037867473667663187,-0.0037939352461026604,0.0017062725735916828,0.001704818544289236
2024-02-27,5078.18,5080.69,5057.29,5074.6,3925950000,0.0017062725735916828,0.001704818544289236,-0.0016580743494716277,-0.001659450476103029
2024-02-28,5069.76,5077.37,5058.35,5067.2,3789370000,-0.0016580743494716277,-0.001659450476103029,0.005229044372909275,0.005215420393340162
2024-02-29,5096.27,5104.99,5061.89,5085.36,5219740000,0.005229044372909275,0.005215420393340162,0.008007817482197588,0.007975925057791697
2024-03-01,5137.08,5140.33,5094.16,5098.51,4748110000,0.008007817482197588,0.007975925057791697,-0.0011932849011501157,-0.0011939974324694175
2024-03-04,5130.95,5149.67,5127.18,5130.99,4758440000,-0.0011932849011501157,-0.0011939974324694175,-0.010193044173106403,-0.01024534898157439
2024-03-05,5078.65,5114.54,5056.82,5110.52,4418410000,-0.010193044173106403,-0.01024534898157439,0.005141130024711504,0.005127959537251652
2024-03-06,5104.76,5127.97,5092.22,5108.03,4559050000,0.005141130024711504,0.005127959537251652,0.010304108322428451,0.010251382881397443
2024-03-07,5157.36,5165.62,5128.21,5132.38,4137980000,0.010304108322428451,0.010251382881397443,-0.00652853397862474,-0.0065499380656454595
2024-03-08,5123.69,5189.26,5117.5,5164.46,4208870000,-0.00652853397862474,-0.0065499380656454595,-0.001122238074512727,-0.0011228682551799477
2024-03-11,5117.94,5124.66,5091.14,5111.96,3896430000,-0.001122238074512727,-0.0011228682551799477,0.011201772588189884,0.011139497364012345
2024-03-12,5175.27,5179.87,5114.48,5134.3,4080510000,0.011201772588189884,0.011139497364012345,-0.001924537270519222,-0.001926391571868686
2024-03-13,5165.31,5179.14,5151.88,5173.49,4282890000,-0.001924537270519222,-0.001926391571868686,-0.002871076469757039,-0.0028752059156686048
2024-03-14,5150.48,5176.85,5123.3,5175.14,4687970000,-0.002871076469757039,-0.0028752059156686048,-0.006482890915021411,-0.00650399611692649
2024-03-15,5117.09,5136.86,5104.35,5123.31,7753670000,-0.006482890915021411,-0.00650399611692649,0.006318044044564486,0.006298168875158858
2024-03-18,5149.42,5175.6,5145.47,5154.77,4036220000,0.006318044044564486,0.006298168875158858,0.005649179907640134,0.0056332831318901015
2024-03-19,5178.51,5180.31,5131.59,5139.09,4031760000,0.005649179907640134,0.0056332831318901015,0.008904105621114988,0.008864697827341068
2024-03-20,5224.62,5226.19,5171.55,5181.69,4064850000,0.008904105621114988,0.008864697827341068,0.0032365990253835353,0.003231372513137806
2024-03-21,5241.53,5261.1,5240.66,5253.43,4207730000,0.0032365990253835353,0.003231372513137806,-0.0014022623165372838,-0.0014032464064151588
2024-03-22,5234.18,5246.09,5229.87,5242.48,3374700000,-0.0014022623165372838,-0.0014032464064151588,-0.0030549197773100945,-0.0030595955699421543
2024-03-25,5218.19,5229.09,5216.09,5219.52,3331360000,-0.0030549197773100945,-0.0030595955699421543,-0.0027998213940082506,-0.0028037482252575453
2024-03-26,5203.58,5235.16,5203.42,5228.85,3871790000,-0.0027998213940082506,-0.0028037482252575453,0.008630596627706266,0.008593565940707955
2024-03-27,5248.49,5249.26,5213.92,5226.31,3850500000,0.008630596627706266,0.008593565940707955,0.001116511606195525,0.0011158887706710923
2024-03-28,5254.35,5264.85,5245.82,5248.03,3998270000,0.001116511606195525,0.0011158887706710923,-0.0020135697089078697,-0.0020155996658250933
2024-04-01,5243.77,5263.95,5229.2,5257.97,3325930000,-0.0020135697089078697,-0.0020155996658250933,-0.00723906654944817,-0.0072653957344673645
2024-04-02,5205.81,5208.34,5184.05,5204.29,3886590000,-0.00723906654944817,-0.0072653957344673645,0.0010910886106099138,0.0010904938060488179
2024-04-03,5211.49,5228.75,5194.37,5194.37,3703250000,0.0010910886106099138,0.0010904938060488179,-0.012334284436888443,-0.012410983057457463
2024-04-04,5147.21,5256.59,5146.06,5244.05,4075680000,-0.012334284436888443,-0.012410983057457463,0.011099216857287653,0.011038072569656417
2024-04-05,5204.34,5222.18,5157.21,5158.95,3386780000,0.011099216857287653,0.011038072569656417,-0.00037468728023148934,-0.0003747574930495873
2024-04-08,5202.39,5219.57,5197.35,5211.37,3278180000,-0.00037468728023148934,-0.0003747574930495873,0.0014454894769517779,0.0014444457627020377
2024-04-09,5209.91,5224.81,5160.78,5217.03,3400680000,0.0014454894769517779,0.0014444457627020377,-0.009456977183866844,-0.009501978333887355
2024-04-10,5160.64,5178.43,5138.7,5167.88,3845930000,-0.009456977183866844,-0.009501978333887355,0.007444813046443954,0.007417237205872028
2024-04-11,5199.06,5211.78,5138.77,5172.95,3509380000,0.007444813046443954,0.007417237205872028,-0.014550707243232486,-0.01465760702944856
2024-04-12,5123.41,5175.03,5107.94,5171.51,3963220000,-0.014550707243232486,-0.01465760702944856,-0.012021290507689297,-0.012094130563305876
2024-04-15,5061.82,5168.43,5052.47,5149.67,3950210000,-0.012021290507689297,-0.012094130563305876,-0.002056572537150636,-0.002058690186348507
2024-04-16,5051.41,5079.84,5039.83,5064.59,4006200000,-0.002056572537150636,-0.002058690186348507,-0.005780564238499708,-0.005797336366096615
2024-04-17,5022.21,5077.96,5007.25,5068.97,3596130000,-0.005780564238499708,-0.005797336366096615,-0.0022081912146246774,-0.002210632863926085
2024-04-18,5011.12,5056.66,5001.89,5031.52,3619760000,-0.0022081912146246774,-0.002210632863926085,-0.00875852104918673,-0.008797102336546191
2024-04-19,4967.23,5019.02,4953.56,5005.44,3878750000,-0.00875852104918673,-0.008797102336546191,0.008731224445012842,0.008693327734887766
2024-04-22,5010.6,5038.84,4969.4,4987.33,3820250000,0.008731224445012842,0.008693327734887766,0.01196463497385536,0.011893624576650831
2024-04-23,5070.55,5076.12,5027.96,5028.85,3751400000,0.01196463497385536,0.011893624576650831,0.0002129946455513565,0.00021297196541228134
2024-04-24,5071.63,5089.48,5047.02,5084.86,3656740000,0.0002129946455513565,0.00021297196541228134,-0.004576437949929346,-0.004586941901457446
2024-04-25,5048.42,5057.75,4990.58,5019.88,3958050000,-0.004576437949929346,-0.004586941901457446,0.010209134739185721,0.010157373516560254
2024-04-26,5099.96,5114.62,5073.14,5084.65,3604140000,0.010209134739185721,0.010157373516560254,0.003178456301617949,0.003173415687477538
2024-04-29,5116.17,5123.49,5088.65,5114.13,3447450000,0.003178456301617949,0.003173415687477538,-0.015730517164206925,-0.01585555475344571
2024-04-30,5035.69,5110.83,5035.31,5103.78,4082470000,-0.015730517164206925,-0.01585555475344571,-0.003435477561168243,-0.0034413923648739225
2024-05-01,5018.39,5096.12,5013.45,5029.03,4544170000,-0.003435477561168243,-0.0034413923648739225,0.009128425650457572,0.009087013401337432
2024-05-02,5064.2,5073.21,5011.05,5049.32,4381660000,0.009128425650457572,0.009087013401337432,0.012556771059594851,0.01247858860899914
2024-05-03,5127.79,5139.12,5101.22,5122.78,3924990000,0.012556771059594851,0.01247858860899914,0.010326085896653403,0.010273136069376812
2024-05-06,5180.74,5181.0,5142.42,5142.42,3683250000,0.010326085896653403,0.010273136069376812,0.0013434374239973401,0.0013425358193505205
2024-05-07,5187.7,5200.23,5178.96,5187.2,3987890000,0.0013434374239973401,0.0013425358193505205,-5.782909574536532e-06,-5.78292629562257e-06
2024-05-08,5187.67,5191.95,5165.86,5168.98,3842100000,-5.782909574536532e-06,-5.78292629562257e-06,0.005090917502462489,0.005078002595891348
2024-05-09,5214.08,5215.3,5180.41,5189.03,3727370000,0.005090917502462489,0.005078002595891348,0.0016493801399288799,0.0016480214063461682
2024-05-10,5222.68,5239.66,5209.68,5225.49,3617900000,0.0016493801399288799,0.0016480214063461682,-0.00024125544739483917,-0.00024128455417182781
2024-05-13,5221.42,5237.26,5211.16,5233.08,4255710000,-0.00024125544739483917,-0.00024128455417182781,0.004837764439558523,0.004826100061719822
2024-05-14,5246.68,5250.37,5217.98,5221.1,4763580000,0.004837764439558523,0.004826100061719822,0.011715980391409309,0.011647879688045933
2024-05-15,5308.15,5311.76,5263.26,5263.26,4360810000,0.011715980391409309,0.011647879688045933,-0.0020817045486656305,-0.00208387430730016
2024-05-16,5297.1,5325.49,5296.19,5310.07,3817470000,-0.0020817045486656305,-0.00208387430730016,0.0011647882803798026,0.0011641104408194052
2024-05-17,5303.27,5305.45,5283.59,5303.1,3578120000,0.0011647882803798026,0.0011641104408194052,0.0009164157208665369,0.0009159960683443537
2024-05-20,5308.13,5325.32,5302.4,5305.35,3420100000,0.0009164157208665369,0.0009159960683443537,0.0025018226757822504,0.002498698327390512
2024-05-21,5321.41,5324.32,5297.87,5298.69,3662240000,0.0025018226757822504,0.002498698327390512,-0.002706049712388192,-0.0027097176835470336
2024-05-22,5307.01,5323.18,5286.01,5319.28,3847130000,-0.002706049712388192,-0.0027097176835470336,-0.0073808038801509435,-0.00740817678564494
2024-05-23,5267.84,5341.88,5256.93,5340.26,3869520000,-0.0073808038801509435,-0.00740817678564494,0.007000971935366307,0.006976578915071976
2024-05-24,5304.72,5311.65,5278.39,5281.45,3005510000,0.007000971935366307,0.006976578915071976,0.00024883499977379486,0.00024880404548013993
2024-05-28,5306.04,5315.91,5280.89,5315.91,3751540000,0.00024883499977379486,0.00024880404548013993,-0.007367076011488782,-0.007394346936505546
2024-05-29,5266.95,5282.27,5262.7,5278.73,3552750000,-0.007367076011488782,-0.007394346936505546,-0.005974995016091,-0.005992916722542298
2024-05-30,5235.48,5260.21,5222.1,5259.77,3818750000,-0.005974995016091,-0.005992916722542298,0.008027917211029578,0.007995864911522231
2024-05-31,5277.51,5280.33,5191.68,5243.21,5437160000,0.008027917211029578,0.007995864911522231,0.001116056625188655,0.0011154342969859781
2024-06-03,5283.4,5302.11,5234.32,5297.15,4046920000,0.001116056625188655,0.0011154342969859781,0.0015028201536890773,0.0015016920495655548
2024-06-04,5291.34,5298.8,5257.63,5278.24,3707900000,0.0015028201536890773,0.0015016920495655548,0.011847660516995706,0.011778026448059028
2024-06-05,5354.03,5354.16,5297.64,5314.48,3591460000,0.011847660516995706,0.011778026448059028,-0.0001998494591923805,-0.0001998694317565987
2024-06-06,5352.96,5362.35,5335.36,5357.8,3609990000,-0.0001998494591923805,-0.0001998694317565987,-0.0011152708034434244,-0.0011158931807150971
2024-06-07,5346.99,5375.08,5331.33,5343.81,3692760000,-0.0011152708034434244,-0.0011158931807150971,0.0025808913052016713,0.0025775665246065955
2024-06-10,5360.79,5365.79,5331.52,5341.22,3622280000,0.0025808913052016713,0.0025775665246065955,0.0027104214117694703,0.0027067548434573357
2024-06-11,5375.32,5375.95,5327.25,5353.0,3568030000,0.0027104214117694703,0.0027067548434573357,0.008503679780924589,0.008467727171882782
2024-06-12,5421.03,5447.25,5409.13,5409.13,3962840000,0.008503679780924589,0.008467727171882782,0.0023445728948188194,0.002341828672305396
2024-06-13,5433.74,5441.93,5402.51,5441.93,3530380000,0.0023445728948188194,0.002341828672305396,-0.00039383555341243603,-0.0003939131270021622
2024-06-14,5431.6,5432.39,5403.75,5424.08,3438650000,-0.00039383555341243603,-0.0003939131270021622,0.007664408277487045,0.007635185920104081
2024-06-17,5473.23,5488.5,5420.4,5431.11,3447840000,0.007664408277487045,0.007635185920104081,0.002521363070800975,0.0025181897678469146
2024-06-18,5487.03,5490.38,5471.32,5476.15,3544330000,0.002521363070800975,0.0025181897678469146,-0.0025259566650810417,-0.002529152276068834
2024-06-20,5473.17,5505.53,5455.56,5499.99,3847060000,-0.0025259566650810417,-0.002529152276068834,-0.001562165984246855,-0.0015633874377691908
2024-06-21,5464.62,5478.31,5452.03,5466.77,6773800000,-0.001562165984246855,-0.0015633874377691908,-0.0030651719607218686,-0.003069879221800406
2024-06-24,5447.87,5490.66,5447.59,5459.58,3696750000,-0.0030651719607218686,-0.003069879221800406,0.003933647462219136,0.00392593090057643
2024-06-25,5469.3,5472.88,5446.56,5460.73,3591960000,0.003933647462219136,0.00392593090057643,0.0015724132887204867,0.0015711783413408377
2024-06-26,5477.9,5483.14,5451.87,5460.71,3563920000,0.0015724132887204867,0.0015711783413408377,0.0009072819876230209,0.0009068706560974762
2024-06-27,5482.87,5490.81,5467.54,5473.59,3589530000,0.0009072819876230209,0.0009068706560974762,-0.004083627735109618,-0.004091988512145809
2024-06-28,5460.48,5523.64,5451.12,5488.48,7199220000,-0.004083627735109618,-0.004091988512145809,0.0026755889592124937,0.002672015942936098
2024-07-01,5475.09,5479.55,5446.53,5471.08,3488760000,0.0026755889592124937,0.002672015942936098,0.006195331948881222,0.0061762197767835335
2024-07-02,5509.01,5509.69,5458.43,5461.84,3329950000,0.006195331948881222,0.0061762197767835335,0.005084398104196586,0.005071516198197267
2024-07-03,5537.02,5539.27,5507.42,5507.44,2179470000,0.005084398104196586,0.005071516198197267,0.0054487793072806046,0.005433988413197175
2024-07-05,5567.19,5570.33,5531.63,5537.91,3253080000,0.0054487793072806046,0.005433988413197175,0.0010166708878267539,0.0010161544279964853
2024-07-08,5572.85,5583.11,5562.51,5572.75,3185670000,0.0010166708878267539,0.0010161544279964853,0.0007410929775606423,0.0007408185037586474
2024-07-09,5576.98,5590.75,5574.57,5584.24,3232920000,0.0007410929775606423,0.0007408185037586474,0.010208033738690059,0.010156283642139425
2024-07-10,5633.91,5635.39,5586.44,5591.26,3336100000,0.010208033738690059,0.010156283642139425,-0.008763008283767415,-0.00880162923017665
2024-07-11,5584.54,5642.45,5576.53,5635.21,4020950000,-0.008763008283767415,-0.00880162923017665,0.005517016620885551,0.005501853628775982
2024-07-12,5615.35,5655.56,5590.44,5590.76,3700280000,0.005517016620885551,0.005501853628775982,0.002826181805230199,0.002822195662042845
2024-07-15,5631.22,5666.94,5614.75,5638.16,3620470000,0.002826181805230199,0.002822195662042845,0.006389379210899104,0.006369053660041409
2024-07-16,5667.2,5669.67,5639.02,5644.09,4041760000,0.006389379210899104,0.006369053660041409,-0.013927512704686507,-0.014025410555021933
2024-07-17,5588.27,5622.49,5584.81,5610.07,4246450000,-0.013927512704686507,-0.014025410555021933,-0.007816372508844482,-0.00784708046968273
2024-07-18,5544.59,5614.05,5522.81,5608.56,4007510000,-0.007816372508844482,-0.00784708046968273,-0.007140293511332718,-0.007165907407029404
2024-07-19,5505.0,5557.5,5497.04,5543.37,3760570000,-0.007140293511332718,-0.007165907407029404,0.010792007266121617,0.010734189165974961
2024-07-22,5564.41,5570.36,5529.04,5544.54,3375180000,0.010792007266121617,0.010734189165974961,-0.001558116673645582,-0.0015593317997995005
2024-07-23,5555.74,5585.34,5550.9,5565.3,3500210000,-0.001558116673645582,-0.0015593317997995005,-0.023149031452155744,-0.02342117844388951
2024-07-24,5427.13,5508.04,5419.98,5505.84,3945550000,-0.023149031452155744,-0.02342117844388951,-0.005142681306694263,-0.0051559504042484414
2024-07-25,5399.22,5491.59,5390.95,5428.7,4592120000,-0.005142681306694263,-0.0051559504042484414,0.011090490848678192,0.01102944231248889
2024-07-26,5459.1,5488.32,5430.7,5433.67,3638770000,0.011090490848678192,0.01102944231248889,0.000813320877067536,0.0008129903108684501
2024-07-29,5463.54,5487.74,5444.44,5476.55,3379970000,0.000813320877067536,0.0008129903108684501,-0.004960154039322595,-0.004972496433736025
2024-07-30,5436.44,5489.46,5401.7,5478.73,3777740000,-0.004960154039322595,-0.004972496433736025,0.01579342363752767,0.01567000529191805
2024-07-31,5522.3,5551.51,5493.75,5505.59,4546910000,0.01579342363752767,0.01567000529191805,-0.013693569708273734,-0.013788191433053192
2024-08-01,5446.68,5566.16,5410.42,5537.84,4703620000,-0.013693569708273734,-0.013788191433053192,-0.018381839946536194,-0.018552885294602865
2024-08-02,5346.56,5383.89,5302.03,5376.63,5156450000,-0.018381839946536194,-0.018552885294602865,-0.029968802370122227,-0.030427045496882188
2024-08-05,5186.33,5250.89,5119.26,5151.14,5333250000,-0.029968802370122227,-0.030427045496882188,0.01035414252467537,0.010300905557719547
2024-08-06,5240.03,5312.34,5193.56,5206.42,4690190000,0.01035414252467537,0.010300905557719547,-0.007734688541859436,-0.007764756389251183
2024-08-07,5199.5,5330.64,5195.54,5293.13,4558260000,-0.007734688541859436,-0.007764756389251183,0.023042600250024137,0.022781128575607587
2024-08-08,5319.31,5328.03,5233.85,5252.57,4016830000,0.023042600250024137,0.022781128575607587,0.004671658542179324,0.004660780212150723
2024-08-09,5344.16,5358.67,5300.84,5314.66,3516400000,0.004671658542179324,0.004660780212150723,4.303763360380408e-05,4.3036707511422095e-05
2024-08-12,5344.39,5371.2,5324.37,5351.88,3360160000,4.303763360380408e-05,4.3036707511422095e-05,0.01684757287548244,0.016707226654933075
2024-08-13,5434.43,5436.5,5376.98,5376.98,3648980000,0.01684757287548244,0.016707226654933075,0.0038237680860733203,0.003816476067632372
2024-08-14,5455.21,5463.22,5415.91,5442.36,3380050000,0.0038237680860733203,0.003816476067632372,0.01613320110499883,0.01600444401278594
2024-08-15,5543.22,5546.23,5501.13,5501.13,3723310000,0.01613320110499883,0.01600444401278594,0.001989818192314141,0.0019878411263283945
2024-08-16,5554.25,5561.98,5525.17,5530.5,3357690000,0.001989818192314141,0.0019878411263283945,0.009722284736913167,0.009675327436177775
2024-08-19,5608.25,5608.3,5550.74,5557.23,3222050000,0.009722284736913167,0.009675327436177775,-0.0019845762938528466,-0.001986548174716506
2024-08-20,5597.12,5620.51,5585.5,5602.88,2994420000,-0.0019845762938528466,-0.001986548174716506,0.004239680407066571,0.004230718284184624
2024-08-21,5620.85,5632.68,5591.57,5603.09,3119670000,0.004239680407066571,0.004230718284184624,-0.008932812652890587,-0.008972949425464468
2024-08-22,5570.64,5643.22,5560.95,5637.77,2981530000,-0.008932812652890587,-0.008972949425464468,0.011483420217425433,0.011417986208502448
2024-08-23,5634.61,5641.82,5585.16,5602.49,3291940000,0.011483420217425433,0.011417986208502448,-0.0031537231503155905,-0.003158706615574787
2024-08-26,5616.84,5651.62,5602.34,5639.66,2938570000,-0.0031537231503155905,-0.003158706615574787,0.0015952029967027936,0.0015939320118754585
2024-08-27,5625.8,5631.18,5593.48,5602.89,2798990000,0.0015952029967027936,0.0015939320118754585,-0.005976038963347419,-0.005993966945423385
2024-08-28,5592.18,5627.03,5560.95,5624.51,3053450000,-0.005976038963347419,-0.005993966945423385,-3.934065069444159e-05,-3.934142455813639e-05
2024-08-29,5591.96,5646.95,5583.71,5607.3,3065640000,-3.934065069444159e-05,-3.934142455813639e-05,0.010093062182132906,0.010042467382856683
2024-08-30,5648.4,5651.37,5581.79,5612.74,4185850000,0.010093062182132906,0.010042467382856683,-0.021151122441753323,-0.02137801245458143
2024-09-03,5528.93,5623.89,5504.33,5623.89,3866350000,-0.021151122441753323,-0.02137801245458143,-0.0016024800458679378,-0.0016037653903594354
2024-09-04,5520.07,5552.99,5503.66,5506.68,3478140000,-0.0016024800458679378,-0.0016037653903594354,-0.0030180776693048417,-0.0030226412501879545
2024-09-05,5503.41,5546.3,5480.54,5520.08,3521650000,-0.0030180776693048417,-0.0030226412501879545,-0.01726020776209658,-0.017410901670867562
2024-09-06,5408.42,5522.47,5402.62,5507.33,3822800000,-0.01726020776209658,-0.017410901670867562,0.01158009178281283,0.011513555690021488
2024-09-09,5471.05,5484.2,5434.49,5442.07,3825940000,0.01158009178281283,0.011513555690021488,0.004472633223969957,0.004462660724490219
2024-09-10,5495.52,5497.91,5441.72,5490.51,3848180000,0.004472633223969957,0.004462660724490219,0.010665050805019227,0.010608580303038784
2024-09-11,5554.13,5560.41,5406.96,5496.42,3839450000,0.010665050805019227,0.010608580303038784,0.007495323299958834,0.00746737294203047
2024-09-12,5595.76,5600.71,5535.5,5557.48,3655070000,0.007495323299958834,0.00746737294203047,0.0054076658041088965,0.005393096878371416
2024-09-13,5626.02,5636.27,5601.65,5603.34,3500790000,0.0054076658041088965,0.005393096878371416,0.0012566610143582846,0.0012558720767880025
2024-09-16,5633.09,5636.05,5604.53,5615.21,3437070000,0.0012566610143582846,0.0012558720767880025,0.00026450846693371055,0.00026447349073670164
2024-09-17,5634.58,5670.81,5614.05,5655.51,3443600000,0.00026450846693371055,0.00026447349073670164,-0.0028964004415590328,-0.0029006031263851696
2024-09-18,5618.26,5689.75,5615.08,5641.68,3691390000,-0.0028964004415590328,-0.0029006031263851696,0.01697678640717948,0.01683429124758695
2024-09-19,5713.64,5733.57,5686.42,5702.63,4024530000,0.01697678640717948,0.01683429124758695,-0.0019409693295342478,-0.001942855451501775
2024-09-20,5702.55,5715.14,5674.49,5709.64,7867260000,-0.0019409693295342478,-0.001942855451501775,0.002809269537312087,0.0028053309143568263
2024-09-23,5718.57,5725.36,5704.22,5711.9,3529550000,0.002809269537312087,0.0028053309143568263,0.002511117289812015,0.0025079697029956895
2024-09-24,5732.93,5735.32,5698.99,5727.66,3872710000,0.002511117289812015,0.0025079697029956895,-0.0018611774432969463,-0.0018629115860669923
2024-09-25,5722.26,5741.03,5712.06,5733.65,3624910000,-0.0018611774432969463,-0.0018629115860669923,0.004038614114003858,0.004030480802872329
2024-09-26,5745.37,5767.37,5721.01,5762.22,4391180000,0.004038614114003858,0.004030480802872329,-0.0012531829977877607,-0.0012539688882457197
2024-09-27,5738.17,5763.78,5727.34,5755.36,3898530000,-0.0012531829977877607,-0.0012539688882457197,0.0042365423122701085,0.004227593432856073
2024-09-30,5762.48,5765.14,5703.53,5726.52,4425730000,0.0042365423122701085,0.004227593432856073,-0.009324110452443968,-0.009367852083837029
2024-10-01,5708.75,5757.73,5681.28,5757.73,4025180000,-0.009324110452443968,-0.009367852083837029,0.00013838405955768351,0.0001383744853669804
2024-10-02,5709.54,5719.63,5674.0,5698.14,3829050000,0.00013838405955768351,0.0001383744853669804,-0.001681396399709989,-0.0016828115331257495
2024-10-03,5699.94,5718.78,5677.37,5698.19,3597450000,-0.001681396399709989,-0.0016828115331257495,0.008970269862489832,0.008930275984437889
2024-10-04,5751.07,5753.21,5702.83,5737.48,3479400000,0.008970269862489832,0.008930275984437889,-0.009586042249529192,-0.009632284107421169
2024-10-07,5695.94,5739.34,5686.85,5737.8,3637790000,-0.009586042249529192,-0.009632284107421169,0.00968935768284096,0.009642716894192714
2024-10-08,5751.13,5757.6,5714.56,5719.14,3393400000,0.00968935768284096,0.009642716894192714,0.0071133846739683815,0.007088203896394327
2024-10-09,5792.04,5796.8,5745.02,5751.8,3650340000,0.0071133846739683815,0.007088203896394327,-0.0020700823889336917,-0.0020722279710146596
2024-10-10,5780.05,5795.03,5764.76,5778.36,3208790000,-0.0020700823889336917,-0.0020722279710146596,0.00605185076253667,0.0060336118627852325
2024-10-11,5815.03,5822.13,5775.09,5775.09,3208720000,0.00605185076253667,0.0060336118627852325,0.007707612858403268,0.0076780609629941675
2024-10-14,5859.85,5871.41,5829.57,5829.81,3005250000,0.007707612858403268,0.0076780609629941675,-0.0076094097971791674,-0.007638509068754146
2024-10-15,5815.26,5870.36,5804.48,5866.74,3882120000,-0.0076094097971791674,-0.007638509068754146,0.004679068519722218,0.0046681557065759915
2024-10-16,5842.47,5846.52,5808.34,5816.58,3467230000,0.004679068519722218,0.0046681557065759915,-0.00017116048520571248,-0.00017117513483320916
2024-10-17,5841.47,5878.46,5840.25,5875.62,3480010000,-0.00017116048520571248,-0.00017117513483320916,0.003971603038276372,0.003963737043124536
2024-10-18,5864.67,5872.17,5846.11,5859.43,3374490000,0.003971603038276372,0.003963737043124536,-0.0018227794573267841,-0.0018244427413090425
2024-10-21,5853.98,5866.92,5824.79,5857.82,3407010000,-0.0018227794573267841,-0.0018244427413090425,-0.0004748905872585807,-0.00047500338350551163
2024-10-22,5851.2,5863.04,5821.17,5832.7,3342080000,-0.0004748905872585807,-0.00047500338350551163,-0.009191277003007925,-0.009233777411953054
2024-10-23,5797.42,5834.85,5762.41,5834.5,3532650000,-0.009191277003007925,-0.009233777411953054,0.002145782089274073,0.0021434831869283494
2024-10-24,5809.86,5817.8,5784.92,5817.8,3543030000,0.002145782089274073,0.0021434831869283494,-0.0002994908655286066,-0.00029953572187414154
2024-10-25,5808.12,5862.82,5799.98,5826.75,3501280000,-0.0002994908655286066,-0.00029953572187414154,0.002651460369276215,0.0026479514493707988
2024-10-28,5823.52,5842.92,5823.08,5833.93,3691280000,0.002651460369276215,0.0026479514493707988,0.0016141440228589765,0.0016128426925638532
2024-10-29,5832.92,5847.19,5802.17,5819.68,3879100000,0.0016141440228589765,0.0016128426925638532,-0.0033002338451409985,-0.003305691628139004
2024-10-30,5813.67,5850.94,5811.28,5832.65,3851120000,-0.0033002338451409985,-0.003305691628139004,-0.018614747655095742,-0.01879018259951983
2024-10-31,5705.45,5775.34,5702.86,5775.34,4425660000,-0.018614747655095742,-0.01879018259951983,0.004092578148962911,0.004084226330236237
2024-11-01,5728.8,5772.52,5723.22,5723.22,3796450000,0.004092578148962911,0.004084226330236237,-0.002812107247591178,-0.0028160686495115016
2024-11-04,5712.69,5741.43,5696.51,5725.15,3602060000,-0.002812107247591178,-0.0028160686495115016,0.012265675189796932,0.01219106130274809
2024-11-05,5782.76,5783.44,5722.1,5722.43,3768310000,0.012265675189796932,0.01219106130274809,0.025295879476236127,0.02498123383889653
2024-11-06,5929.04,5936.14,5864.89,5864.89,6329530000,0.025295879476236127,0.02498123383889653,0.007431219893945906,0.007403744412989463
2024-11-07,5973.1,5983.84,5947.21,5947.21,4925740000,0.007431219893945906,0.007403744412989463,0.0037568431802581514,0.0037498038697994338
2024-11-08,5995.54,6012.45,5976.76,5976.76,4666740000,0.0037568431802581514,0.0037498038697994338,0.000969053663222974,0.0009685844338363746
2024-11-11,6001.35,6017.31,5986.69,6008.86,4333000000,0.000969053663222974,0.0009685844338363746,-0.002892682479775477,-0.002896874371566189
2024-11-12,5983.99,6009.92,5960.08,6003.6,4243400000,-0.002892682479775477,-0.002896874371566189,0.00023228648443596178,0.0002322595101076364
2024-11-13,5985.38,6008.19,5965.91,5985.75,4220180000,0.00023228648443596178,0.0002322595101076364,-0.0060497412027306074,-0.006068115029117462
2024-11-14,5949.17,5993.88,5942.28,5989.68,4184570000,-0.0060497412027306074,-0.006068115029117462,-0.013203522508181798,-0.013291463960568205
2024-11-15,5870.62,5915.32,5853.01,5912.79,4590960000,-0.013203522508181798,-0.013291463960568205,0.003917814472747416,0.003910159824107666
2024-11-18,5893.62,5908.12,5865.95,5874.17,3983860000,0.003917814472747416,0.003910159824107666,0.003963608105035599,0.0039557737052673715
2024-11-19,5916.98,5923.51,5855.29,5870.05,4036940000,0.003963608105035599,0.0039557737052673715,2.1970667468895755e-05,2.1970426117316337e-05
2024-11-20,5917.11,5920.67,5860.56,5914.34,3772620000,2.1970667468895755e-05,2.1970426117316337e-05,0.005340444913141784,0.005326235305174984
2024-11-21,5948.71,5963.32,5887.26,5940.58,4230120000,0.005340444913141784,0.005326235305174984,0.0034679787718681077,0.0034619792004100735
2024-11-22,5969.34,5972.9,5944.36,5944.36,4141420000,0.0034679787718681077,0.0034619792004100735,0.0030204344198856425,0.003015882072251307
2024-11-25,5987.37,6020.75,5963.91,5992.28,5633150000,0.0030204344198856425,0.003015882072251307,0.005722044904524104,0.005705736188806683
2024-11-26,6021.63,6025.42,5992.27,6000.03,3835170000,0.005722044904524104,0.005705736188806683,-0.0038012963267421984,-0.0038085396153748753
2024-11-27,5998.74,6020.16,5984.87,6014.11,3363340000,-0.0038012963267421984,-0.0038085396153748753,0.005607844313972654,0.005592178893918033
2024-11-29,6032.38,6044.17,6003.98,6003.98,2444420000,0.005607844313972654,0.005592178893918033,0.0024484531809998433,0.0024454606033056034
2024-12-02,6047.15,6053.58,6035.33,6040.11,4412470000,0.0024484531809998433,0.0024454606033056034,0.00045145233705135013,0.00045135046310470323
2024-12-03,6049.88,6052.07,6033.39,6042.97,4095000000,0.00045145233705135013,0.00045135046310470323,0.006051359696390701,0.006033123750502109
2024-12-04,6086.49,6089.84,6061.06,6069.39,4003390000,0.006051359696390701,0.006033123750502109,-0.0018697147288503357,-0.0018714648272306858
2024-12-05,6075.11,6094.55,6072.9,6089.03,4212020000,-0.0018697147288503357,-0.0018714648272306858,0.002495428066323191,0.0024923196558419955
2024-12-06,6090.27,6099.97,6079.98,6081.38,3924830000,0.002495428066323191,0.0024923196558419955,-0.006144226774839168,-0.006163180212196304
2024-12-09,6052.85,6088.51,6048.63,6083.01,4556460000,-0.006144226774839168,-0.006163180212196304,-0.0029638930421207466,-0.0029682940713745675
2024-12-10,6034.91,6065.4,6029.89,6057.59,4048410000,-0.0029638930421207466,-0.0029682940713745675,0.008165821859812183,0.008132661932885083
2024-12-11,6084.19,6092.59,6060.15,6060.15,4269950000,0.008165821859812183,0.008132661932885083,-0.0054140321061636465,-0.0054287410919564485
2024-12-12,6051.25,6079.68,6051.25,6074.29,3678010000,-0.0054140321061636465,-0.0054287410919564485,-2.6440818012729572e-05,-2.6441167577320025e-05
2024-12-13,6051.09,6078.58,6035.77,6068.17,3584960000,-2.6440818012729572e-05,-2.6441167577320025e-05,0.00379931549522472,0.0037921163249597686
2024-12-16,6074.08,6085.19,6059.14,6063.79,4391100000,0.00379931549522472,0.0037921163249597686,-0.0038639596449174807,-0.0038714440227630084
2024-12-17,6050.61,6057.68,6035.19,6052.55,4544500000,-0.0038639596449174807,-0.0038714440227630084,-0.029492894104891865,-0.029936554508987644
2024-12-18,5872.16,6070.67,5867.79,6047.65,5246960000,-0.029492894104891865,-0.029936554508987644,-0.0008650990436227524,-0.0008654734577528358
2024-12-19,5867.08,5935.52,5866.07,5912.71,4896880000,-0.0008650990436227524,-0.0008654734577528358,0.010869120584686254,0.010810476252410672
2024-12-20,5930.85,5982.06,5832.3,5842.0,8223220000,0.010869120584686254,0.010810476252410672,0.007287319692792726,0.00726089547546254
2024-12-23,5974.07,5978.25,5902.57,5940.25,3593280000,0.007287319692792726,0.00726089547546254,0.011042722967758989,0.010982197273831982
2024-12-24,6040.04,6040.1,5981.44,5984.63,1757720000,0.011042722967758989,0.010982197273831982,-0.00040562645280495246,-0.00040570874146761795
2024-12-26,6037.59,6049.75,6007.37,6024.97,2904530000,-0.00040562645280495246,-0.00040570874146761795,-0.011055735815118317,-0.01111730467559637
2024-12-27,5970.84,6006.17,5932.95,6006.17,3159610000,-0.011055735815118317,-0.01111730467559637,-0.010702011777237508,-0.010759690191101295
2024-12-30,5906.94,5940.79,5869.16,5920.67,3433250000,-0.010702011777237508,-0.010759690191101295,-0.004284790432948271,-0.00429399645413445
2024-12-31,5881.63,5929.74,5868.86,5919.74,3128350000,-0.004284790432948271,-0.00429399645413445,-0.002223873314030289,-0.002226349792552953
2025-01-02,5868.55,5935.09,5829.53,5903.26,3621680000,-0.002223873314030289,-0.002226349792552953,0.012595956411720177,0.012517287272659085
2025-01-03,5942.47,5949.34,5888.66,5891.07,3667340000,0.012595956411720177,0.012517287272659085,0.005538101159955344,0.0055228222624888485
2025-01-06,5975.38,6021.04,5960.01,5982.81,4940120000,0.005538101159955344,0.0055228222624888485,-0.011103896321238205,-0.01116600476981219
2025-01-07,5909.03,6000.68,5890.68,5993.26,4517330000,-0.011103896321238205,-0.01116600476981219,0.0015603237756451893,0.001559107735282887
2025-01-08,5918.25,5927.89,5874.78,5910.66,4441740000,0.0015603237756451893,0.001559107735282887,-0.01541165040341319,-0.015531644353894208
2025-01-10,5827.04,5890.35,5807.78,5890.35,4751930000,-0.01541165040341319,-0.015531644353894208,0.0015754139322881056,0.0015741742695762329
2025-01-13,5836.22,5838.61,5773.31,5782.02,4421200000,0.0015754139322881056,0.0015741742695762329,0.001146289893115604,0.0011456334044923633
2025-01-14,5842.91,5871.92,5805.42,5859.27,4142280000,0.001146289893115604,0.0011456334044923633,0.018312792769356268,0.018147132985426716
2025-01-15,5949.91,5960.61,5905.21,5905.21,4544570000,0.018312792769356268,0.018147132985426716,-0.002112636997870454,-0.002114871763466578
2025-01-16,5937.34,5964.69,5930.72,5963.61,4285810000,-0.002112636997870454,-0.002114871763466578,0.009991006073426734,0.00994142593572411
2025-01-17,5996.66,6014.96,5978.44,5995.4,4366830000,0.009991006073426734,0.00994142593572411,0.00876821430596375,0.00872999675223129
2025-01-21,6049.24,6051.51,6006.88,6014.12,4702920000,0.00876821430596375,0.00872999675223129,0.006137961132307579,0.006119200577442709
2025-01-22,6086.37,6100.81,6076.13,6081.39,4323040000,0.006137961132307579,0.006119200577442709,0.00531351199483443,0.005299445097723889
2025-01-23,6118.71,6118.73,6074.67,6076.32,4432250000,0.00531351199483443,0.005299445097723889,-0.0028551769899211044,-0.0028592607828964826
2025-01-24,6101.24,6128.18,6088.74,6121.43,4214250000,-0.0028551769899211044,-0.0028592607828964826,-0.0145806426234667,-0.014687984883634318
2025-01-27,6012.28,6017.17,5962.92,5969.04,5198750000,-0.0145806426234667,-0.014687984883634318,0.009217800900823026,0.009175576254675617
2025-01-28,6067.7,6074.54,5994.63,6026.97,4473640000,0.009217800900823026,0.009175576254675617,-0.004678873378710091,-0.004689853570094891
2025-01-29,6039.31,6062.83,6012.96,6057.7,4115310000,-0.004678873378710091,-0.004689853570094891,0.0052754370946348494,0.005261570722435618
2025-01-30,6071.17,6086.64,6027.46,6050.75,4634620000,0.0052754370946348494,0.005261570722435618,-0.005046803169735048,-0.005059581291425466
2025-01-31,6040.53,6120.91,6030.93,6096.79,4843770000,-0.005046803169735048,-0.005059581291425466,-0.007608603880785325,-0.007637696973119063
2025-02-03,5994.57,6022.13,5923.93,5969.65,4797210000,-0.007608603880785325,-0.007637696973119063,0.007224871842350655,0.007198897488332478
2025-02-04,6037.88,6042.48,5990.87,5998.14,4410160000,0.007224871842350655,0.007198897488332478,0.003908656680821743,0.0039010377290886913
2025-02-05,6061.48,6062.86,6007.06,6020.45,4756250000,0.003908656680821743,0.0039010377290886913,0.00364432448840879,0.003637700027498819
2025-02-06,6083.57,6084.03,6046.83,6072.22,4847120000,0.00364432448840879,0.003637700027498819,-0.009464837258386094,-0.009509913482107744
2025-02-07,6025.99,6101.28,6019.96,6083.13,4766900000,-0.009464837258386094,-0.009509913482107744,0.006712589964470439,0.006690160848149635
2025-02-10,6066.44,6073.38,6044.84,6046.4,4458760000,0.006712589964470439,0.006690160848149635,0.00033957312690802155,0.00033951548500248807
2025-02-11,6068.5,6076.28,6042.34,6049.32,4324880000,0.00033957312690802155,0.00033951548500248807,-0.002723902117491961,-0.0027276186894511618
2025-02-12,6051.97,6063.0,6003.0,6025.08,4627960000,-0.002723902117491961,-0.0027276186894511618,0.010426357037460532,0.010372377459622351
2025-02-13,6115.07,6116.91,6050.95,6060.59,4763800000,0.010426357037460532,0.010372377459622351,-7.195338728738232e-05,-7.19559760565346e-05
2025-02-14,6114.63,6127.47,6107.62,6115.52,4335190000,-7.195338728738232e-05,-7.19559760565346e-05,0.0024449557863681637,0.0024419717448794743
2025-02-18,6129.58,6129.63,6099.51,6121.6,4684980000,0.0024449557863681637,0.0024419717448794743,0.002376998097748828,0.0023741775065794562
2025-02-19,6144.15,6147.43,6111.15,6117.76,4562330000,0.002376998097748828,0.0023741775065794562,-0.004334204080303938,-0.004343623971148685
2025-02-20,6117.52,6134.5,6084.59,6134.5,4813690000,-0.004334204080303938,-0.004343623971148685,-0.0170641044083224,-0.01721137399126208
2025-02-21,6013.13,6114.82,6008.56,6114.1,5434560000,-0.0170641044083224,-0.01721137399126208,-0.0049691258961639395,-0.004981513054855011
2025-02-24,5983.25,6043.65,5977.83,6026.69,4990120000,-0.0049691258961639395,-0.004981513054855011,-0.004679730915472358,-0.004690715138395557
2025-02-25,5955.25,5992.65,5908.49,5982.73,5374690000,-0.004679730915472358,-0.004690715138395557,0.0001360144410393893,0.0001360051919139706
2025-02-26,5956.06,6009.82,5932.69,5970.87,4869580000,0.0001360144410393893,0.0001360051919139706,-0.01586451446090209,-0.015991702852089028
2025-02-27,5861.57,5993.69,5858.78,5981.88,5057680000,-0.01586451446090209,-0.015991702852089028,0.015854114170776867,0.015729750431897126
2025-02-28,5954.5,5959.4,5837.66,5856.74,6441140000,0.015854114170776867,0.015729750431897126,-0.017596775547904953,-0.01775343937549338
2025-03-03,5849.72,5986.09,5810.91,5968.33,5613850000,-0.017596775547904953,-0.01775343937549338,-0.012234773630190987,-0.01231023460336647
2025-03-04,5778.15,5865.08,5732.59,5811.98,6138110000,-0.012234773630190987,-0.01231023460336647,0.011159281084776262,0.011097475685101249
2025-03-05,5842.63,5860.59,5742.35,5781.36,5285970000,0.011159281084776262,0.011097475685101249,-0.017819030128555013,-0.017979700568310077
2025-03-06,5738.52,5812.08,5711.64,5785.87,5165080000,-0.017819030128555013,-0.017979700568310077,0.005520587189728143,0.0055054046005090125
2025-03-07,5770.2,5783.01,5666.29,5726.01,5705140000,0.005520587189728143,0.0055054046005090125,-0.026973068524487775,-0.027343518375984407
2025-03-10,5614.56,5705.37,5564.02,5705.37,6409370000,-0.026973068524487775,-0.027343518375984407,-0.007567823658488071,-0.007596604935651537
2025-03-11,5572.07,5636.3,5528.41,5603.65,6221240000,-0.007567823658488071,-0.007596604935651537,0.004886873280486537,0.004874971275234425
2025-03-12,5599.3,5642.19,5546.09,5624.84,5219830000,0.004886873280486537,0.004874971275234425,-0.013891022092047178,-0.013988405225352909
2025-03-13,5521.52,5597.78,5504.65,5594.45,5018980000,-0.013891022092047178,-0.013988405225352909,0.021265883307494793,0.021042919881408308
2025-03-14,5638.94,5645.27,5563.85,5563.85,4863180000,0.021265883307494793,0.021042919881408308,0.006416099479689574,0.00639560393434752
2025-03-17,5675.12,5703.52,5631.12,5635.6,5031770000,0.006416099479689574,0.00639560393434752,-0.010653519220738983,-0.01071067425391002
2025-03-18,5614.66,5654.53,5597.76,5654.53,4666270000,-0.010653519220738983,-0.01071067425391002,0.010798516740105457,0.010740629118978858
2025-03-19,5675.29,5715.33,5622.2,5632.37,4660090000,0.010798516740105457,0.010740629118978858,-0.002184910374623983,-0.0021873007738032347
2025-03-20,5662.89,5711.15,5632.33,5646.92,4678420000,-0.002184910374623983,-0.0021873007738032347,0.0008246672635350283,0.0008243274123172031
2025-03-21,5667.56,5670.84,5603.1,5630.73,9367460000,0.0008246672635350283,0.0008243274123172031,0.017646041682840563,0.017492157944606672
2025-03-24,5767.57,5775.14,5718.08,5718.08,4517990000,0.017646041682840563,0.017492157944606672,0.0015743198608773046,0.0015730819184730236
2025-03-25,5776.65,5786.95,5760.42,5775.96,4467340000,0.0015743198608773046,0.0015730819184730236,-0.01115698545004451,-0.011219691455108281
2025-03-26,5712.2,5783.62,5694.41,5771.66,4183140000,-0.01115698545004451,-0.011219691455108281,-0.0033069570393192693,-0.0033124371066493626
2025-03-27,5693.31,5732.28,5670.94,5695.64,4403460000,-0.0033069570393192693,-0.0033124371066493626,-0.019737200328104554,-0.019934580336265845
2025-03-28,5580.94,5685.89,5572.42,5679.2,4513330000,-0.019737200328104554,-0.019934580336265845,0.0055384935154294546,0.005523212456950013
2025-03-31,5611.85,5627.56,5488.73,5527.91,5257250000,0.0055384935154294546,0.005523212456950013,0.003781284246727745,0.0037741531622356647
2025-04-01,5633.07,5650.57,5558.52,5597.53,4434500000,0.003781284246727745,0.0037741531622356647,0.006728125160880394,0.006705592339420831
2025-04-02,5670.97,5695.31,5571.48,5580.76,4243830000,0.006728125160880394,0.006705592339420831,-0.04839560075260485,-0.04960587756339505
2025-04-03,5396.52,5499.53,5390.83,5492.74,7210470000,-0.04839560075260485,-0.04960587756339505,-0.05974961641947041,-0.06160907367588022
2025-04-04,5074.08,5292.14,5069.9,5292.14,8853500000,-0.05974961641947041,-0.06160907367588022,-0.0023314571311449095,-0.002334179209083819
2025-04-07,5062.25,5246.57,4835.04,4953.79,8691980000,-0.0023314571311449095,-0.002334179209083819,-0.015700528421156545,-0.0158250871968123
2025-04-08,4982.77,5267.47,4910.42,5193.57,7408140000,-0.015700528421156545,-0.0158250871968123,0.09515390034057347,0.09089490164871482
2025-04-09,5456.9,5481.34,4948.43,4965.28,9489600000,0.09515390034057347,0.09089490164871482,-0.034607561069471604,-0.03522058784511797
2025-04-10,5268.05,5353.15,5115.27,5353.15,6677140000,-0.034607561069471604,-0.03522058784511797,0.018092083408471682,0.017930369252113488
2025-04-11,5363.36,5381.46,5220.77,5255.56,5602550000,0.018092083408471682,0.017930369252113488,0.007944646639420183,0.007913254093151065
2025-04-14,5405.97,5459.46,5358.02,5441.96,5031440000,0.007944646639420183,0.007913254093151065,-0.0017277195396940837,-0.0017292137684181356
2025-04-15,5396.63,5450.41,5386.44,5411.99,4317110000,-0.0017277195396940837,-0.0017292137684181356,-0.022408428964001637,-0.022663312700996363
2025-04-16,5275.7,5367.24,5220.79,5335.75,4607750000,-0.022408428964001637,-0.022663312700996363,0.0013268381447011368,0.0013259586728286152
2025-04-17,5282.7,5328.31,5255.58,5305.45,4714880000,0.0013268381447011368,0.0013259586728286152,-0.023567493895167213,-0.023849649226388613
2025-04-21,5158.2,5232.94,5101.63,5232.94,4226340000,-0.023567493895167213,-0.023849649226388613,0.02511728897677501,0.024807034313980802
2025-04-22,5287.76,5309.61,5207.67,5207.67,4666950000,0.02511728897677501,0.024807034313980802,0.016661119264111734,0.01652384547479458
2025-04-23,5375.86,5469.69,5356.17,5395.92,5371390000,0.016661119264111734,0.01652384547479458,0.02025908412793509,0.02005659908960853
2025-04-24,5484.77,5489.4,5371.96,5381.38,4697710000,0.02025908412793509,0.02005659908960853,0.007373144179245283,0.0073460954265644985
2025-04-25,5525.21,5528.11,5455.86,5489.73,4236580000,0.007373144179245283,0.0073460954265644985,0.0006406996295162948,0.0006404944691347734
2025-04-28,5528.75,5553.66,5468.64,5529.22,4257880000,0.0006406996295162948,0.0006404944691347734,0.0058023965634184105,0.0057856274963946795
2025-04-29,5560.83,5571.95,5505.7,5508.87,4747150000,0.0058023965634184105,0.0057856274963946795,0.0014799948928487794,0.0014789007797954687
2025-04-30,5569.06,5581.84,5433.24,5499.44,5449490000,0.0014799948928487794,0.0014789007797954687,0.006299088176460632,0.006279331841725186
2025-05-01,5604.14,5658.91,5597.35,5625.14,4935270000,0.006299088176460632,0.006279331841725186,0.014726612825518126,0.014619229243407843
2025-05-02,5686.67,5700.7,5642.28,5645.88,4854380000,0.014726612825518126,0.014619229243407843,-0.0063815906321273985,-0.006402040027831334
2025-05-05,5650.38,5683.38,5634.48,5655.32,4358260000,-0.0063815906321273985,-0.006402040027831334,-0.007693287885062627,-0.007723033885546555
2025-05-06,5606.91,5649.58,5586.04,5605.87,4717260000,-0.007693287885062627,-0.007723033885546555,0.004346422539330819,0.0043370041259597454
2025-05-07,5631.28,5654.73,5578.64,5614.18,4987440000,0.004346422539330819,0.0043370041259597454,0.005799747126763233,0.0057829933406661335
2025-05-08,5663.94,5720.1,5635.38,5663.6,5627400000,0.005799747126763233,0.0057829933406661335,-0.0007115188367108338,-0.0007117720863733933
2025-05-09,5659.91,5691.69,5644.15,5679.65,4645090000,-0.0007115188367108338,-0.0007117720863733933,0.03255882160670387,0.03204001430944952
2025-05-12,5844.19,5845.37,5786.08,5807.2,6014580000,0.03255882160670387,0.03204001430944952,0.007248224304822415,0.007222082173714943
2025-05-13,5886.55,5906.64,5845.02,5854.15,5516290000,0.007248224304822415,0.007222082173714943,0.001024369112638146,0.001023844804624757
2025-05-14,5892.58,5906.55,5872.11,5896.74,5233450000,0.001024369112638146,0.001023844804624757,0.004132315556174104,0.004123800988772676
2025-05-15,5916.93,5924.21,5865.16,5869.82,4991290000,0.004132315556174104,0.004123800988772676,0.0070053220166539365,0.006980898743962978
2025-05-16,5958.38,5958.62,5907.36,5929.09,4850850000,0.0070053220166539365,0.006980898743962978,0.000876077054501545,0.0008756935229845948
2025-05-19,5963.6,5968.61,5895.69,5902.88,4144010000,0.000876077054501545,0.0008756935229845948,-0.0038802065866255786,-0.0038877541185178555
2025-05-20,5940.46,5953.06,5909.26,5944.66,4416850000,-0.0038802065866255786,-0.0038877541185178555,-0.016135114115741978,-0.016266702451148567
2025-05-21,5844.61,5938.37,5830.91,5910.18,5254250000,-0.016135114115741978,-0.016266702451148567,-0.0004448543187653975,-0.000444953295802523
2025-05-22,5842.01,5878.08,5825.82,5841.26,5157050000,-0.0004448543187653975,-0.000444953295802523,-0.006708307585916562,-0.006730909417987258
2025-05-23,5802.82,5829.51,5767.41,5781.89,4662820000,-0.006708307585916562,-0.006730909417987258,0.020459018201495205,0.02025254391312099
2025-05-27,5921.54,5924.33,5854.07,5854.07,5366380000,0.020459018201495205,0.02025254391312099,-0.005571185873944895,-0.005586762811582561
2025-05-28,5888.55,5939.92,5881.88,5925.54,4665050000,-0.005571185873944895,-0.005586762811582561,0.004011174227950942,0.004003150916717184
2025-05-29,5912.17,5943.13,5873.8,5939.96,4569750000,0.004011174227950942,0.004003150916717184,-8.118846379590039e-05,-8.119175975762441e-05
2025-05-30,5911.69,5922.14,5843.66,5903.67,6378540000,-8.118846379590039e-05,-8.119175975762441e-05,0.00410204188649943,0.004093651450134648
2025-06-02,5935.94,5937.4,5861.43,5896.68,4832240000,0.00410204188649943,0.004093651450134648,0.005800260784307065,0.005783504036174
2025-06-03,5970.37,5981.35,5929.0,5938.56,5026680000,0.005800260784307065,0.005783504036174,7.369727504324963e-05,7.369455953249158e-05
2025-06-04,5970.81,5990.48,5966.11,5978.94,4767050000,7.369727504324963e-05,7.369455953249158e-05,-0.005277340930292529,-0.00529131528056298
2025-06-05,5939.3,5999.7,5921.2,5985.67,5091850000,-0.005277340930292529,-0.00529131528056298,0.010280672806559643,0.010228186115699976
2025-06-06,6000.36,6016.87,5978.63,5987.06,4355710000,0.010280672806559643,0.010228186115699976,0.0009199448033119229,0.00091952191342838
2025-06-09,6005.88,6021.31,5994.18,6004.63,4642360000,0.0009199448033119229,0.00091952191342838,0.005482960032501483,0.005467983326654945
2025-06-10,6038.81,6043.01,6000.28,6009.91,4882880000,0.005482960032501483,0.005467983326654945,-0.002743918089822439,-0.0027476895336661002
2025-06-11,6022.24,6059.4,6002.32,6049.38,5111550000,-0.002743918089822439,-0.0027476895336661002,0.0038224979409655635,0.003815210759964134
2025-06-12,6045.26,6045.43,6003.88,6009.9,4669500000,0.0038224979409655635,0.003815210759964134,-0.01129645375054178,-0.011360743305409217
2025-06-13,5976.97,6026.16,5963.21,6000.56,5258910000,-0.01129645375054178,-0.011360743305409217,0.009392719053299414,0.009348881754855183
2025-06-16,6033.11,6050.83,6004.0,6004.0,5111710000,0.009392719053299414,0.009348881754855183,-0.008352242873078675,-0.008387318295762367
2025-06-17,5982.72,6023.25,5974.8,6012.15,4955700000,-0.008352242873078675,-0.008387318295762367,-0.00030922389816012696,-0.0003092717177279465
2025-06-18,5980.87,6018.25,5971.89,5987.93,5106470000,-0.00030922389816012696,-0.0003092717177279465,-0.002178612810510794,-0.0021809894398640384
2025-06-20,5967.84,6018.2,5952.56,5999.67,7451500000,-0.002178612810510794,-0.0021809894398640384,0.009606490790637912,0.009560641855696288
2025-06-23,6025.17,6028.77,5943.23,5969.67,5597000000,0.009606490790637912,0.009560641855696288,0.011121677894565751,0.011060286796932295
2025-06-24,6092.18,6101.76,6059.25,6061.21,5443690000,0.011121677894565751,0.011060286796932295,-3.282897091061443e-06,-3.282902479779892e-06
2025-06-25,6092.16,6108.51,6080.09,6104.23,5171110000,-3.282897091061443e-06,-3.282902479779892e-06,0.008020143922681022,0.007988153499777193
2025-06-26,6141.02,6146.52,6107.27,6112.09,5308140000,0.008020143922681022,0.007988153499777193,0.005219002706390752,0.005205430912106668
2025-06-27,6173.07,6187.68,6132.35,6150.7,7889350000,0.005219002706390752,0.005205430912106668,0.0051643671625301035,0.005151077553744316
2025-06-30,6204.95,6215.08,6174.97,6193.36,5782900000,0.0051643671625301035,0.005151077553744316,-0.0011184618731818752,-0.0011190878184368853
2025-07-01,6198.01,6210.78,6177.97,6187.25,6275310000,-0.0011184618731818752,-0.0011190878184368853,0.004745071401949907,0.004733849037257287
2025-07-02,6227.42,6227.6,6188.29,6193.88,5645710000,0.004745071401949907,0.004733849037257287,0.00833892687501403,0.008304350113372305
2025-07-03,6279.35,6284.65,6246.46,6246.46,3378110000,0.00833892687501403,0.008304350113372305,-0.00786227873904155,-0.00789334941723412
2025-07-07,6229.98,6262.07,6201.0,6259.04,5236740000,-0.00786227873904155,-0.00789334941723412,-0.0007158931489344988,-0.000716149522799676
2025-07-08,6225.52,6242.7,6217.75,6234.03,5739030000,-0.0007158931489344988,-0.000716149522799676,0.0060621442064277,0.006043843334676842
2025-07-09,6263.26,6269.16,6231.43,6243.33,4813340000,0.0060621442064277,0.006043843334676842,0.00274617371784025,0.002742409872004345
2025-07-10,6280.46,6290.22,6251.44,6266.8,5367350000,0.00274617371784025,0.002742409872004345,-0.0032975291618766445,-0.0033029779929135954
2025-07-11,6259.75,6269.44,6237.6,6255.68,4656210000,-0.0032975291618766445,-0.0033029779929135954,0.0014074044490595128,0.0014064149836943984
2025-07-14,6268.56,6273.31,6239.22,6255.15,4722250000,0.0014074044490595128,0.0014064149836943984,-0.003956251515499609,-0.0039640981809521275
2025-07-15,6243.76,6302.04,6241.68,6295.29,5133670000,-0.003956251515499609,-0.0039640981809521275,0.003193588478737075,0.0031884998062567844
2025-07-16,6263.7,6268.12,6201.59,6254.5,5177460000,0.003193588478737075,0.0031884998062567844,0.005373820585277134,0.005359433132147322
2025-07-17,6297.36,6304.69,6262.27,6263.4,5512290000,0.005373820585277134,0.005359433132147322,-9.051412020266714e-05,-9.051821685285016e-05
2025-07-18,6296.79,6315.61,6285.27,6312.95,5184700000,-9.051412020266714e-05,-9.051821685285016e-05,0.0013991255862113583,0.0013981477220053166
2025-07-21,6305.6,6336.08,6303.79,6304.74,5010840000,0.0013991255862113583,0.0013981477220053166,0.0006375285460542557,0.0006373254110623907
2025-07-22,6309.62,6316.12,6281.71,6306.6,5662040000,0.0006375285460542557,0.0006373254110623907,0.007811880905664648,0.0077815261467118115
2025-07-23,6358.91,6360.64,6317.49,6326.9,5642510000,0.007811880905664648,0.0077815261467118115,0.000698232873244109,0.000697989222081707
2025-07-24,6363.35,6381.31,6360.57,6368.6,5282720000,0.000698232873244109,0.000697989222081707,0.003974321701619488,0.003966444948063231
2025-07-25,6388.64,6395.82,6368.53,6370.01,4470720000,0.003974321701619488,0.003966444948063231,0.00017687645570885202,0.00017686081491285848
2025-07-28,6389.77,6401.07,6375.79,6397.69,4565620000,0.00017687645570885202,0.00017686081491285848,-0.0029594179446209568,-0.0029638056808081927
2025-07-29,6370.86,6409.26,6363.92,6405.62,5076120000,-0.0029594179446209568,-0.0029638056808081927,-0.001249438851269713,-0.0012502200507663753
2025-07-30,6362.9,6396.54,6336.38,6381.23,5375070000,-0.001249438851269713,-0.0012502200507663753,-0.0036948561190650597,-0.003701698960678981
2025-07-31,6339.39,6427.02,6327.64,6427.02,6077080000,-0.0036948561190650597,-0.003701698960678981,-0.01599207494727417,-0.016121328046944453
2025-08-01,6238.01,6287.28,6212.69,6287.28,5827150000,-0.01599207494727417,-0.016121328046944453,0.01473707159815385,0.014629536175939909
2025-08-04,6329.94,6330.69,6271.71,6271.71,4842580000,0.01473707159815385,0.014629536175939909,-0.004857865951336082,-0.004869703735275253
2025-08-05,6299.19,6346.0,6289.37,6336.63,5517410000,-0.004857865951336082,-0.004869703735275253,0.007281888623775545,0.007255503683515384
2025-08-06,6345.06,6352.83,6301.11,6309.3,5408560000,0.007281888623775545,0.007255503683515384,-0.0007974707882983934,-0.000797788937281747
2025-08-07,6340.0,6389.71,6310.32,6374.32,5306090000,-0.0007974707882983934,-0.000797788937281747,0.007799684542586727,0.007769424248422339
2025-08-08,6389.45,6395.16,6355.22,6355.22,4769910000,0.007799684542586727,0.007769424248422339,-0.002504127898332431,-0.0025072684706233723
2025-08-11,6373.45,6407.25,6364.06,6389.67,4652400000,-0.002504127898332431,-0.0025072684706233723,0.011345503612643082,0.011281626080988628
2025-08-12,6445.76,6446.55,6385.76,6395.17,5135300000,0.011345503612643082,0.011281626080988628,0.0032300302834731287,0.0032248249415864237
2025-08-13,6466.58,6480.28,6445.02,6462.67,5195950000,0.0032300302834731287,0.0032248249415864237,0.00030309684562790373,0.00030305092105848265
2025-08-14,6468.54,6473.92,6441.07,6453.46,4462050000,0.00030309684562790373,0.00030305092105848265,-0.0028970988816641174,-0.0029013035955741404
2025-08-15,6449.8,6481.34,6441.85,6477.38,4575060000,-0.0028970988816641174,-0.0029013035955741404,-0.00010077831870769494,-0.00010078339718365875
2025-08-18,6449.15,6455.35,6437.7,6445.02,4162290000,-0.00010077831870769494,-0.00010078339718365875,-0.005858136343549147,-0.0058753625327812135
2025-08-19,6411.37,6456.48,6400.22,6446.24,4377440000,-0.005858136343549147,-0.0058753625327812135,-0.002431617579394141,-0.002434578762704586
2025-08-20,6395.78,6408.4,6343.86,6406.62,4470390000,-0.002431617579394141,-0.002434578762704586,-0.00400420277120217,-0.0040122410562429415
2025-08-21,6370.17,6393.65,6352.71,6380.83,4013560000,-0.00400420277120217,-0.0040122410562429415,0.01518640789806236,0.015072248733123567
2025-08-22,6466.91,6478.89,6384.59,6384.59,5046860000,0.01518640789806236,0.015072248733123567,-0.0042663343080389105,-0.0042754610800767165
2025-08-25,6439.32,6466.89,6438.06,6457.67,4059070000,-0.0042663343080389105,-0.0042754610800767165,0.004133976879546308,0.0041254554739158684
2025-08-26,6465.94,6468.37,6429.21,6435.49,4867680000,0.004133976879546308,0.0041254554739158684,0.002390990327779008,0.0023881364585491512
2025-08-27,6481.4,6487.06,6457.84,6462.26,4143680000,0.002390990327779008,0.0023881364585491512,0.003156725398833604,0.003151753401949776
2025-08-28,6501.86,6508.23,6466.96,6483.84,4283760000,0.003156725398833604,0.003151753401949776,-0.0063981691392923645,-0.006418725150929158
2025-08-29,6460.26,6491.76,6444.57,6489.28,4234840000,-0.0063981691392923645,-0.006418725150929158,-0.006922322011807647,-0.006946392429262097
2025-09-02,6415.54,6416.54,6360.58,6401.51,4784000000,-0.006922322011807647,-0.006946392429262097,0.005100116280157385,0.005087154738688097
2025-09-03,6448.26,6453.67,6416.17,6445.82,4465360000,0.005100116280157385,0.005087154738688097,0.00834643764364329,0.008311798740472436
2025-09-04,6502.08,6502.54,6445.98,6456.6,4670770000,0.00834643764364329,0.008311798740472436,-0.003165141001033489,-0.003170160654550948
2025-09-05,6481.5,6532.65,6443.98,6529.08,5066120000,-0.003165141001033489,-0.003170160654550948,0.0021059939828742547,0.0021037794861457856
2025-09-08,6495.15,6508.67,6483.29,6498.09,5211500000,0.0021059939828742547,0.0021037794861457856,0.0026881596267984698,0.0026845529877440578
2025-09-09,6512.61,6518.23,6483.08,6503.33,4798350000,0.0026881596267984698,0.0026845529877440578,0.0029834428900241683,0.0029790012563325726
2025-09-10,6532.04,6555.97,6516.34,6550.29,5253010000,0.0029834428900241683,0.0029790012563325726,0.008485863528086224,0.008450060989231583
2025-09-11,6587.47,6592.89,6545.8,6554.41,5426460000,0.008485863528086224,0.008450060989231583,-0.0004827346462299431,-0.00048285120011051867
2025-09-12,6584.29,6600.21,6579.49,6590.66,4641640000,-0.0004827346462299431,-0.00048285120011051867,0.004706657817319604,0.004695616136136634
2025-09-15,6615.28,6619.62,6602.07,6603.49,5045020000,0.004706657817319604,0.004695616136136634,-0.00128792734396721,-0.0012887574351968891
2025-09-16,6606.76,6626.99,6600.11,6624.13,5359510000,-0.00128792734396721,-0.0012887574351968891,-0.0009702183823840915,-0.0009706893488903998
2025-09-17,6600.35,6624.39,6551.15,6604.87,5805340000,-0.0009702183823840915,-0.0009706893488903998,0.004789139969850087,0.0047777085223636995
2025-09-18,6631.96,6656.8,6611.89,6626.85,5292400000,0.004789139969850087,0.0047777085223636995,0.004885433567150432,0.00487353856235327
2025-09-19,6664.36,6671.82,6630.31,6647.11,9125960000,0.004885433567150432,0.00487353856235327,0.004410025868950784,0.004400330199851501
2025-09-22,6693.75,6698.88,6648.07,6654.28,5642620000,0.004410025868950784,0.004400330199851501,-0.005502147525676904,-0.005517340092831724
2025-09-23,6656.92,6699.52,6645.58,6692.44,5633620000,-0.005502147525676904,-0.005517340092831724,-0.002846661819580154,-0.002850721267084144
2025-09-24,6637.97,6672.66,6621.76,6669.79,5459180000,-0.002846661819580154,-0.002850721267084144,-0.005009061505249379,-0.0050216489054652645
2025-09-25,6604.72,6619.0,6569.22,6608.19,5874670000,-0.005009061505249379,-0.0050216489054652645,0.00590183989631643,0.00588449226108198
2025-09-26,6643.7,6648.97,6604.43,6615.38,5103110000,0.00590183989631643,0.00588449226108198,0.0026355795716241914,0.0026321125222386276
2025-09-29,6661.21,6677.31,6644.49,6661.58,5358760000,0.0026355795716241914,0.0026321125222386276,0.0040908483593822265,0.00408250358961618
2025-09-30,6688.46,6691.25,6641.0,6656.19,6057210000,0.0040908483593822265,0.00408250358961618,0.0033998857734067744,0.003394119228470274
2025-10-01,6711.2,6718.48,6656.2,6664.92,6037950000,0.0033998857734067744,0.003394119228470274,0.0006183692931220897,0.000618178181611686
2025-10-02,6715.35,6731.94,6693.23,6731.31,5416130000,0.0006183692931220897,0.000618178181611686,6.552152903416264e-05,6.55193825925374e-05
2025-10-03,6715.79,6750.87,6705.67,6722.14,5713110000,6.552152903416264e-05,6.55193825925374e-05,0.0036466298082578064,0.0036399969738822847
2025-10-06,6740.28,6749.52,6717.78,6733.86,5604460000,0.0036466298082578064,0.0036399969738822847,-0.003811414362608012,-0.003818696311234345
2025-10-07,6714.59,6754.49,6699.96,6746.14,5546150000,-0.003811414362608012,-0.003818696311234345,0.005827608238179849,0.0058106934127934015
2025-10-08,6753.72,6755.64,6718.09,6723.87,5383130000,0.005827608238179849,0.0058106934127934015,-0.002755518440207827,-0.0027593218696984716
2025-10-09,6735.11,6764.58,6716.17,6760.5,5385020000,-0.002755518440207827,-0.0027593218696984716,-0.027111658161485086,-0.02748595997057204
2025-10-10,6552.51,6762.4,6550.78,6740.49,6596610000,-0.027111658161485086,-0.02748595997057204,0.015598602672868944,0.015478194983781826
2025-10-13,6654.72,6668.68,6620.71,6622.53,5303960000,0.015598602672868944,0.015478194983781826,-0.0015643032313906735,-0.001565528031162684
2025-10-14,6644.31,6680.7,6555.07,6602.49,5666920000,-0.0015643032313906735,-0.001565528031162684,0.004026001195007511,0.0040179185387894355
2025-10-15,6671.06,6724.12,6612.11,6688.27,5633060000,0.004026001195007511,0.0040179185387894355,-0.0062943520220175575,-0.0063142449751388335
2025-10-16,6629.07,6709.34,6593.99,6689.02,6048180000,-0.0062943520220175575,-0.0063142449751388335,0.005270724249404557,0.005256882598063332
2025-10-17,6664.01,6678.88,6603.76,6613.27,5358120000,0.005270724249404557,0.005256882598063332,0.010672252892777845,0.010615706365319902
2025-10-20,6735.13,6744.35,6690.05,6690.05,4672170000,0.010672252892777845,0.010615706365319902,3.266455138950519e-05,3.2664017914663565e-05
2025-10-21,6735.35,6752.16,6722.03,6736.75,5245020000,3.266455138950519e-05,3.2664017914663565e-05,-0.005337510300132964,-0.005351805698817079
2025-10-22,6699.4,6741.75,6655.69,6741.34,5710010000,-0.005337510300132964,-0.005351805698817079,0.005827387527241212,0.005810473980595434
2025-10-23,6738.44,6749.53,6700.14,6703.65,5565750000,0.005827387527241212,0.005810473980595434,0.007902422519158847,0.00787136190706858
2025-10-24,6791.69,6807.11,6772.07,6772.07,5058220000,0.007902422519158847,0.00787136190706858,0.012290019126314666,0.01221510997336481
2025-10-27,6875.16,6877.28,6843.94,6845.46,5290650000,0.012290019126314666,0.01221510997336481,0.0022879467532392894,0.002285333388467007
2025-10-28,6890.89,6911.3,6870.73,6897.74,5695930000,0.0022879467532392894,0.002285333388467007,-4.353574066628951e-05,-4.3536688374153406e-05
2025-10-29,6890.59,6920.34,6851.91,6910.95,6280130000,-4.353574066628951e-05,-4.3536688374153406e-05,-0.009904812214919234,-0.00995419119768763
2025-10-30,6822.34,6880.75,6820.69,6860.5,6052700000,-0.009904812214919234,-0.00995419119768763,0.0026178701149457417,0.0026144494615600103
2025-10-31,6840.2,6879.17,6814.26,6879.17,6398280000,0.0026178701149457417,0.0026144494615600103,0.0017207099207625642,0.001719231195508654
2025-11-03,6851.97,6882.32,6820.62,6882.32,6065720000,0.0017207099207625642,0.001719231195508654,-0.011736770592982726,-0.01180619019419214
2025-11-04,6771.55,6820.21,6766.71,6788.52,5739510000,-0.011736770592982726,-0.01180619019419214,0.0036535209811638936,0.0036468630849652776
2025-11-05,6796.29,6829.78,6763.11,6769.77,5939600000,0.0036535209811638936,0.0036468630849652776,-0.011178157494750818,-0.011241102610422679
2025-11-06,6720.32,6796.68,6707.51,6787.59,6051900000,-0.011178157494750818,-0.011241102610422679,0.0012618446740633171,0.0012610492171643028
2025-11-07,6728.8,6730.11,6631.44,6696.18,5926070000,0.0012618446740633171,0.0012610492171643028,0.015400963024610581,0.015283571949665772
2025-11-10,6832.43,6841.32,6770.56,6785.36,5366050000,0.015400963024610581,0.015283571949665772,0.0020753963084874094,0.002073245648702285
2025-11-11,6846.61,6855.13,6806.87,6815.64,4983490000,0.0020753963084874094,0.002073245648702285,0.0006295086181336007,0.0006293105606983312
2025-11-12,6850.92,6869.91,6829.62,6867.77,5293610000,0.0006295086181336007,0.0006293105606983312,-0.016556900387101336,-0.016695497821198804
2025-11-13,6737.49,6828.05,6724.72,6826.47,5473720000,-0.016556900387101336,-0.016695497821198804,-0.0005016705034071034,-0.0005017963821556283
2025-11-14,6734.11,6774.31,6646.87,6672.14,5042660000,-0.0005016705034071034,-0.0005017963821556283,-0.009162309495983845,-0.009204541614054106
2025-11-17,6672.41,6754.5,6638.9,6713.61,5204220000,-0.009162309495983845,-0.009204541614054106,-0.008256387122493991,-0.008290659863030455
2025-11-18,6617.32,6666.63,6574.32,6641.19,5159390000,-0.008256387122493991,-0.008290659863030455,0.0037537855204221593,0.0037467576494783256
2025-11-19,6642.16,6689.75,6603.5,6625.84,5021610000,0.0037537855204221593,0.0037467576494783256,-0.01556722511953934,-0.015689666748388537
2025-11-20,6538.76,6770.35,6534.05,6737.93,5596080000,-0.01556722511953934,-0.015689666748388537,0.00982296337531885,0.009775031702356704
2025-11-21,6602.99,6660.05,6521.92,6555.77,5929930000,0.00982296337531885,0.009775031702356704,0.015467235297948356,0.015348836917048726
2025-11-24,6705.12,6715.75,6630.7,6636.54,6039740000,0.015467235297948356,0.015348836917048726,0.009061731930226413,0.009020920798512149
2025-11-25,6765.88,6776.4,6659.98,6697.03,5003330000,0.009061731930226413,0.009020920798512149,0.006906714278112958,0.0068829721842695365
2025-11-26,6812.61,6831.44,6783.87,6793.55,4485000000,0.006906714278112958,0.0068829721842695365,0.005354775922884247,0.005340490085903758
2025-11-28,6849.09,6850.86,6819.75,6822.52,2558540000,0.005354775922884247,0.005340490085903758,-0.00532333492478565,-0.005337554357799105
2025-12-01,6812.63,6843.65,6799.94,6812.3,4549370000,-0.00532333492478565,-0.005337554357799105,0.002457200816718297,0.0024541868350872
2025-12-02,6829.37,6851.55,6806.71,6830.96,4582290000,0.002457200816718297,0.0024541868350872,0.002979777051177468,0.0029753463150951035
2025-12-03,6849.72,6862.42,6810.43,6815.29,4736780000,0.002979777051177468,0.0029753463150951035,0.0010803361305278258,0.0010797529874062967
2025-12-04,6857.12,6866.47,6827.12,6866.47,4872440000,0.0010803361305278258,0.0010797529874062967,0.0019366731222436595,0.0019348001886360358
2025-12-05,6870.4,6895.78,6858.29,6866.32,4944560000,0.0019366731222436595,0.0019348001886360358,-0.0034772356776897606,-0.003483295312933449
2025-12-08,6846.51,6878.27,6827.19,6875.2,4757130000,-0.0034772356776897606,-0.003483295312933449,-0.0008763589040255981,-0.0008767431309868112
2025-12-09,6840.51,6864.92,6837.43,6840.61,4508050000,-0.0008763589040255981,-0.0008767431309868112,0.006749496748049477,0.0067268208715260186
2025-12-10,6886.68,6900.67,6824.69,6833.49,5526570000,0.006749496748049477,0.0067268208715260186,0.0020793764194066977,0.0020772175085341247
2025-12-11,6901.0,6903.46,6833.45,6861.3,5021060000,0.0020793764194066977,0.0020772175085341247,-0.010663671931604113,-0.010720936344245894
2025-12-12,6827.41,6899.85,6801.79,6886.85,4910160000,-0.010663671931604113,-0.010720936344245894,-0.0015965058492165562,-0.0015977816227138871
2025-12-15,6816.51,6861.59,6801.49,6860.19,4975600000,-0.0015965058492165562,-0.0015977816227138871,-0.0023839178699950336,-0.0023867639262764775
2025-12-16,6800.26,6819.27,6759.74,6800.12,4983180000,-0.0023839178699950336,-0.0023867639262764775,-0.011592203827500702,-0.011659917229324452
2025-12-17,6721.43,6812.26,6720.43,6802.88,5122120000,-0.011592203827500702,-0.011659917229324452,0.007934323499612317,0.007903012268159712
2025-12-18,6774.76,6816.13,6758.5,6778.06,5101190000,0.007934323499612317,0.007903012268159712,0.008818024549947179,0.008779372826506848
2025-12-19,6834.5,6840.02,6792.62,6792.62,8554470000,0.008818024549947179,0.008779372826506848,0.006436462067451965,0.006415836501950419
2025-12-22,6878.49,6882.03,6855.74,6865.21,4465030000,0.006436462067451965,0.006415836501950419,0.004550417315428268,0.004540095467188959
2025-12-23,6909.79,6910.88,6868.81,6872.41,3820560000,0.004550417315428268,0.004540095467188959,0.0032215161386959235,0.003216338173199279
2025-12-24,6932.05,6937.32,6904.91,6904.91,1798270000,0.0032215161386959235,0.003216338173199279,-0.0003043832632483312,-0.0003044295972362362
2025-12-26,6929.94,6945.77,6921.6,6936.02,2586550000,-0.0003043832632483312,-0.0003044295972362362,-0.0034920937266411656,-0.0034982053182543806
2025-12-29,6905.74,6920.21,6888.76,6903.6,3541750000,-0.0034920937266411656,-0.0034982053182543806,-0.0013756671985912794,-0.0013766142974067502
2025-12-30,6896.24,6913.25,6893.47,6900.44,3309930000,-0.0013756671985912794,-0.0013766142974067502,-0.0073576325649918894,-0.007384833448338178
2025-12-31,6845.5,6901.42,6844.55,6898.82,3261830000,-0.0073576325649918894,-0.007384833448338178,0.0018946753341611,0.0018928827007984883
2026-01-02,6858.47,6894.87,6824.31,6878.11,4184120000,0.0018946753341611,0.0018928827007984883,0.0063541868667500445,0.006334084134120899
2026-01-05,6902.05,6920.38,6891.56,6892.19,5771930000,0.0063541868667500445,0.006334084134120899,0.006196709673212952,0.006177589017272698
2026-01-06,6944.82,6948.69,6904.02,6908.03,5509680000,0.006196709673212952,0.006177589017272698,-0.0034399739662078765,-0.0034459042806426455
2026-01-07,6920.93,6965.69,6919.19,6945.07,5214480000,-0.0034399739662078765,-0.0034459042806426455,7.65793036485718e-05,7.657637160338651e-05
2026-01-08,6921.46,6931.28,6899.33,6914.11,5333200000,7.65793036485718e-05,7.657637160338651e-05,0.006475512391894256,0.006454636335169831
